timestamp,open,high,low,close,volume,Close time,Quote asset volume,Number of trades,Taker buy base,Taker buy quote,Ignore,bid_ask_spread,volume_24h,num_trades_24h,symbol
2020-01-01,7195.24000000,7255.00000000,7175.15000000,7200.85000000,16792.38816500,1577923199999,121214452.11606228,194010,8946.95553500,64597785.21233434,0,0.00999999999476131,18046.39814,5271435.0,BTCUSDT
2020-01-02,7200.77000000,7212.50000000,6924.74000000,6965.71000000,31951.48393200,1578009599999,225982341.30114030,302667,15141.61134000,107060829.07806464,0,0.00999999999476131,18046.39814,5271435.0,BTCUSDT
2020-01-03,6965.49000000,7405.00000000,6871.04000000,7344.96000000,68428.50045100,1578095999999,495098582.96203543,519854,35595.49627300,257713113.85172859,0,0.00999999999476131,18046.39814,5271435.0,BTCUSDT
2020-01-04,7345.00000000,7404.00000000,7272.21000000,7354.11000000,29987.97497700,1578182399999,219874240.93994811,279370,16369.38224800,120035111.72407165,0,0.00999999999476131,18046.39814,5271435.0,BTCUSDT
2020-01-05,7354.19000000,7495.00000000,7318.00000000,7358.75000000,38331.08560400,1578268799999,284848683.78917621,329209,19455.36956400,144600094.38965074,0,0.00999999999476131,18046.39814,5271435.0,BTCUSDT
2020-01-06,7357.64000000,7795.34000000,7346.76000000,7758.00000000,54635.69531600,1578355199999,413330481.22604919,449937,28853.76777000,218411610.65942464,0,0.00999999999476131,18046.39814,5271435.0,BTCUSDT
2020-01-07,7758.90000000,8207.68000000,7723.71000000,8145.28000000,91171.68466100,1578441599999,724202791.14296263,685315,46192.11154900,366866967.61393177,0,0.00999999999476131,18046.39814,5271435.0,BTCUSDT
2020-01-08,8145.92000000,8455.00000000,7870.00000000,8055.98000000,112622.64264000,1578527999999,926410232.60450582,830375,55071.10951400,453284250.45453957,0,0.00999999999476131,18046.39814,5271435.0,BTCUSDT
2020-01-09,8054.72000000,8055.96000000,7750.00000000,7817.76000000,64239.51983000,1578614399999,507258250.47487964,478800,31645.75922100,249899679.33440103,0,0.00999999999476131,18046.39814,5271435.0,BTCUSDT
2020-01-10,7817.74000000,8199.00000000,7672.00000000,8197.02000000,82406.77744800,1578700799999,652774220.38843703,606101,42361.75530700,335845385.67483303,0,0.00999999999476131,18046.39814,5271435.0,BTCUSDT
2020-01-11,8198.86000000,8286.34000000,8003.16000000,8020.01000000,54810.03266700,1578787199999,445034349.56470204,469131,27916.12497400,226716001.44288607,0,0.00999999999476131,18046.39814,5271435.0,BTCUSDT
2020-01-12,8020.01000000,8197.00000000,7960.00000000,8184.98000000,38131.49433600,1578873599999,309351920.45885002,350662,19718.54109600,159972663.99291870,0,0.00999999999476131,18046.39814,5271435.0,BTCUSDT
2020-01-13,8184.97000000,8196.00000000,8055.89000000,8110.34000000,31159.75568300,1578959999999,252656965.35815013,289144,15215.22650100,123407351.91807934,0,0.00999999999476131,18046.39814,5271435.0,BTCUSDT
2020-01-14,8110.34000000,8880.00000000,8105.54000000,8810.01000000,120399.12674200,1579046399999,1032735180.86587384,915328,62492.09667600,536081638.05418570,0,0.00999999999476131,18046.39814,5271435.0,BTCUSDT
2020-01-15,8814.64000000,8916.48000000,8564.00000000,8821.41000000,84816.29760600,1579132799999,743712237.27908164,764048,42493.55102600,372770745.17929917,0,0.00999999999476131,18046.39814,5271435.0,BTCUSDT
2020-01-16,8820.01000000,8859.81000000,8586.00000000,8720.01000000,51991.07428400,1579219199999,451752380.28108111,543064,25996.30135000,225914888.37777233,0,0.00999999999476131,18046.39814,5271435.0,BTCUSDT
2020-01-17,8720.15000000,9041.65000000,8672.44000000,8913.28000000,70897.73737700,1579305599999,629568740.70700897,676403,36139.80884500,320997160.95891669,0,0.00999999999476131,18046.39814,5271435.0,BTCUSDT
2020-01-18,8913.27000000,8988.88000000,8806.38000000,8915.96000000,38294.74654500,1579391999999,340852837.91608031,458182,19421.29531300,172895403.23974317,0,0.00999999999476131,18046.39814,5271435.0,BTCUSDT
2020-01-19,8915.09000000,9198.98000000,8466.00000000,8701.70000000,70676.88925900,1579478399999,623950864.27629280,615665,33655.94324100,297282818.09315907,0,0.00999999999476131,18046.39814,5271435.0,BTCUSDT
2020-01-20,8701.72000000,8746.99000000,8521.28000000,8642.35000000,38896.63974600,1579564799999,336447837.00180591,385006,19453.86378200,168293007.48754648,0,0.00999999999476131,18046.39814,5271435.0,BTCUSDT
2020-01-21,8642.35000000,8789.00000000,8488.00000000,8736.03000000,36494.68765900,1579651199999,316056704.98473800,365621,18731.87163700,162303157.94279355,0,0.00999999999476131,18046.39814,5271435.0,BTCUSDT
2020-01-22,8736.04000000,8818.00000000,8590.00000000,8682.36000000,29080.55713800,1579737599999,252638888.21492550,317424,14477.15751200,125794389.99554266,0,0.00999999999476131,18046.39814,5271435.0,BTCUSDT
2020-01-23,8682.77000000,8691.81000000,8306.39000000,8404.52000000,48165.94459700,1579823999999,407428808.67533703,464805,23287.71244400,196965082.04041370,0,0.00999999999476131,18046.39814,5271435.0,BTCUSDT
2020-01-24,8404.52000000,8528.02000000,8238.00000000,8439.00000000,41687.52952900,1579910399999,349874174.79003938,407271,21293.48958600,178752179.11477745,0,0.00999999999476131,18046.39814,5271435.0,BTCUSDT
2020-01-25,8438.99000000,8451.26000000,8254.90000000,8340.58000000,25521.15793200,1579996799999,212869245.63589778,283118,13076.75278600,109098245.22427255,0,0.00999999999476131,18046.39814,5271435.0,BTCUSDT
2020-01-26,8340.01000000,8618.13000000,8293.66000000,8615.00000000,31130.48516400,1580083199999,263941925.27299900,332612,15797.91126700,133936210.14356350,0,0.00999999999476131,18046.39814,5271435.0,BTCUSDT
2020-01-27,8614.39000000,9000.00000000,8535.00000000,8907.57000000,53973.54299600,1580169599999,473194952.80446884,514196,28592.32652100,250794158.80919072,0,0.00999999999476131,18046.39814,5271435.0,BTCUSDT
2020-01-28,8907.57000000,9400.00000000,8862.40000000,9374.21000000,74584.85376500,1580255999999,676593159.48233962,616678,38852.36324600,352558461.21538207,0,0.00999999999476131,18046.39814,5271435.0,BTCUSDT
2020-01-29,9375.34000000,9449.24000000,9216.00000000,9301.53000000,53864.06512200,1580342399999,503188568.83635783,492545,26615.65132900,248688826.41119043,0,0.00999999999476131,18046.39814,5271435.0,BTCUSDT
2020-01-30,9301.57000000,9578.00000000,9204.44000000,9513.21000000,60626.74425900,1580428799999,569652869.81968368,529570,30852.55545000,290043577.43928681,0,0.00999999999476131,18046.39814,5271435.0,BTCUSDT
2020-01-31,9511.52000000,9530.22000000,9210.01000000,9352.89000000,45552.02235200,1580515199999,425779010.40653666,428547,22482.47089900,210150300.22227438,0,0.00999999999476131,18046.39814,5271435.0,BTCUSDT
2020-02-01,9351.71000000,9464.53000000,9281.00000000,9384.61000000,28578.06735400,1580601599999,268137739.99333750,334972,14679.12630500,137764121.89168733,0,0.00999999999476131,18046.63967,5271480.0,BTCUSDT
2020-02-02,9384.41000000,9477.03000000,9120.00000000,9331.51000000,45690.91254000,1580687999999,428064088.69046830,446558,22588.40606000,211808205.79156946,0,0.00999999999476131,18046.63967,5271480.0,BTCUSDT
2020-02-03,9331.59000000,9618.79000000,9234.00000000,9292.24000000,50892.13345100,1580774399999,476379993.49247244,492124,24781.39769600,232065946.53854197,0,0.00999999999476131,18046.63967,5271480.0,BTCUSDT
2020-02-04,9291.35000000,9350.00000000,9093.01000000,9197.02000000,53308.17526600,1580860799999,491136137.21076251,528930,26103.43230700,240571508.24015159,0,0.00999999999476131,18046.63967,5271480.0,BTCUSDT
2020-02-05,9197.02000000,9744.45000000,9177.22000000,9612.04000000,64870.41561500,1580947199999,613540574.78183120,661758,35375.60520200,334620486.13736696,0,0.00999999999476131,18046.63967,5271480.0,BTCUSDT
2020-02-06,9612.03000000,9862.57000000,9526.35000000,9772.00000000,64949.70658800,1581033599999,631245079.82238119,682179,32143.45464700,312506614.38662455,0,0.00999999999476131,18046.63967,5271480.0,BTCUSDT
2020-02-07,9772.00000000,9885.00000000,9730.00000000,9813.73000000,43966.11463200,1581119999999,430744860.18143928,582249,22733.98818600,222761439.95578878,0,0.00999999999476131,18046.63967,5271480.0,BTCUSDT
2020-02-08,9813.87000000,9940.00000000,9667.11000000,9895.05000000,43600.84366600,1581206399999,427781790.20081596,514573,22664.38183700,222438123.84668740,0,0.00999999999476131,18046.63967,5271480.0,BTCUSDT
2020-02-09,9895.04000000,10166.00000000,9880.75000000,10151.75000000,43408.47561600,1581292799999,437441704.90539635,536848,22408.27732700,225799470.00274661,0,0.00999999999476131,18046.63967,5271480.0,BTCUSDT
2020-02-10,10151.72000000,10188.00000000,9756.00000000,9851.83000000,59573.08461900,1581379199999,590091358.44290697,690308,28618.88324500,283509329.43681316,0,0.00999999999476131,18046.63967,5271480.0,BTCUSDT
2020-02-11,9851.74000000,10323.59000000,9700.00000000,10223.08000000,62422.39522400,1581465599999,624970415.40547413,710170,31905.31642000,319373572.87250502,0,0.00999999999476131,18046.63967,5271480.0,BTCUSDT
2020-02-12,10223.08000000,10450.00000000,10223.08000000,10326.46000000,61008.06393000,1581551999999,629756037.51607864,857655,31141.80770000,321525481.54140180,0,0.00999999999476131,18046.63967,5271480.0,BTCUSDT
2020-02-13,10325.33000000,10500.00000000,10080.00000000,10229.63000000,79344.35875900,1581638399999,815507473.73536100,932802,38475.27254800,395629173.03862326,0,0.00999999999476131,18046.63967,5271480.0,BTCUSDT
2020-02-14,10227.78000000,10381.56000000,10111.37000000,10344.36000000,47038.48017300,1581724799999,482455622.00362595,622310,23697.00549300,243079257.30551489,0,0.00999999999476131,18046.63967,5271480.0,BTCUSDT
2020-02-15,10344.36000000,10375.00000000,9801.00000000,9904.72000000,57657.20294700,1581811199999,580845331.17478468,739781,26758.58032300,269731775.50315572,0,0.00999999999476131,18046.63967,5271480.0,BTCUSDT
2020-02-16,9904.46000000,10050.00000000,9638.12000000,9917.27000000,60023.99953700,1581897599999,592584876.90408609,708070,29406.13683900,290482773.25193714,0,0.00999999999476131,18046.63967,5271480.0,BTCUSDT
2020-02-17,9910.70000000,9964.16000000,9452.67000000,9706.00000000,70261.01190100,1581983999999,680009637.61599533,778058,33221.83924100,321724146.09734819,0,0.00999999999476131,18046.63967,5271480.0,BTCUSDT
2020-02-18,9706.00000000,10250.00000000,9576.01000000,10164.71000000,70604.12401900,1582070399999,696870122.81260796,723413,37303.99632600,368380176.64872573,0,0.00999999999476131,18046.63967,5271480.0,BTCUSDT
2020-02-19,10164.78000000,10250.00000000,9350.00000000,9593.79000000,55162.58689500,1582156799999,547679966.92922570,588760,25457.91648000,253188749.12823528,0,0.00999999999476131,18046.63967,5271480.0,BTCUSDT
2020-02-20,9594.65000000,9699.00000000,9400.00000000,9596.42000000,60152.34291400,1582243199999,576020107.46260181,667387,29843.20887500,285816414.87816031,0,0.00999999999476131,18046.63967,5271480.0,BTCUSDT
2020-02-21,9597.21000000,9755.51000000,9550.21000000,9677.05000000,42181.55452400,1582329599999,408286949.80352921,470599,21645.26761400,209532434.57633311,0,0.00999999999476131,18046.63967,5271480.0,BTCUSDT
2020-02-22,9677.05000000,9709.17000000,9560.02000000,9650.86000000,24636.75762300,1582415999999,237544283.22525856,319961,13267.24651100,127929552.99759819,0,0.00999999999476131,18046.63967,5271480.0,BTCUSDT
2020-02-23,9650.85000000,9990.00000000,9645.00000000,9936.40000000,37702.08984300,1582502399999,371815095.46744496,441935,20035.25054900,197592792.86246950,0,0.00999999999476131,18046.63967,5271480.0,BTCUSDT
2020-02-24,9936.40000000,9990.00000000,9473.56000000,9656.13000000,55796.59612000,1582588799999,542081527.64083289,589384,26426.93064400,256859539.02050738,0,0.00999999999476131,18046.63967,5271480.0,BTCUSDT
2020-02-25,9655.52000000,9675.00000000,9250.00000000,9315.84000000,54379.34455200,1582675199999,514946930.56602305,579079,26318.93415800,249358678.88131346,0,0.00999999999476131,18046.63967,5271480.0,BTCUSDT
2020-02-26,9316.48000000,9377.44000000,8633.63000000,8785.25000000,92130.34548200,1582761599999,830717784.37909491,871018,41928.87480900,378197861.58165483,0,0.00999999999476131,18046.63967,5271480.0,BTCUSDT
2020-02-27,8786.00000000,8971.77000000,8531.00000000,8823.21000000,72483.57876200,1582847999999,636955872.76254629,696646,35410.01449200,311229361.68385182,0,0.00999999999476131,18046.63967,5271480.0,BTCUSDT
2020-02-28,8823.25000000,8900.00000000,8445.00000000,8692.91000000,71155.20897700,1582934399999,615664817.01039124,655727,35295.60613500,305533926.98473354,0,0.00999999999476131,18046.63967,5271480.0,BTCUSDT
2020-02-29,8690.80000000,8790.00000000,8523.55000000,8523.61000000,36748.18303500,1583020799999,318585951.98853237,414175,18916.85455900,164044036.86872094,0,0.00999999999476131,18046.63967,5271480.0,BTCUSDT
2020-03-01,8523.61000000,8750.00000000,8411.00000000,8531.88000000,43892.20177900,1583107199999,375729315.25408258,472019,21838.36886600,186962259.70689059,0,0.00999999999476131,18046.63967,5271480.0,BTCUSDT
2020-03-02,8530.30000000,8965.75000000,8498.00000000,8915.24000000,60401.31773000,1583193599999,528906629.56281918,564535,31213.08060200,273395227.94832437,0,0.00999999999476131,18048.05016,5271934.0,BTCUSDT
2020-03-03,8911.18000000,8919.65000000,8651.00000000,8760.07000000,55154.99728200,1583279999999,484181096.32295575,512762,26954.22974500,236655810.14459231,0,0.00999999999476131,18048.05016,5271934.0,BTCUSDT
2020-03-04,8760.07000000,8848.29000000,8660.00000000,8750.87000000,38696.48257800,1583366399999,338849891.95293542,454817,19279.33119000,168832874.50723547,0,0.00999999999476131,18048.05016,5271934.0,BTCUSDT
2020-03-05,8750.99000000,9159.42000000,8746.54000000,9054.68000000,58201.86635500,1583452799999,524102029.20478296,619552,30482.08217100,274387102.91088936,0,0.00999999999476131,18048.05016,5271934.0,BTCUSDT
2020-03-06,9054.64000000,9170.00000000,8985.50000000,9131.88000000,43782.94804400,1583539199999,397598476.42056292,493216,22296.56050600,202484342.22117205,0,0.00999999999476131,18048.05016,5271934.0,BTCUSDT
2020-03-07,9130.89000000,9188.00000000,8835.00000000,8886.66000000,45422.20452500,1583625599999,409983263.78913797,485400,22281.71585500,201161181.30473225,0,0.00999999999476131,18048.05016,5271934.0,BTCUSDT
2020-03-08,8885.25000000,8886.76000000,8000.00000000,8033.31000000,77537.31516600,1583711999999,656931544.78216040,740741,34843.60784900,295351474.43544910,0,0.00999999999476131,18048.05016,5271934.0,BTCUSDT
2020-03-09,8034.76000000,8179.31000000,7632.01000000,7929.87000000,116968.86326800,1583798399999,918787729.08558386,929234,58020.95792700,455866837.30462256,0,0.00999999999476131,18048.05016,5271934.0,BTCUSDT
2020-03-10,7929.87000000,8149.00000000,7728.01000000,7894.56000000,86783.44387500,1583884799999,689700153.44909328,737528,43673.58402400,347117049.36196732,0,0.00999999999476131,18048.05016,5271934.0,BTCUSDT
2020-03-11,7894.57000000,7980.00000000,7590.00000000,7934.52000000,79942.41117200,1583971199999,624465167.36481883,699401,40497.89273800,316442882.75970132,0,0.00999999999476131,18048.05016,5271934.0,BTCUSDT
2020-03-12,7934.58000000,7966.17000000,4410.00000000,4800.00000000,261505.60865300,1584057599999,1628590104.22221324,1770812,119298.00619700,743481672.20376488,0,0.00999999999476131,18048.05016,5271934.0,BTCUSDT
2020-03-13,4800.01000000,5955.00000000,3782.13000000,5578.60000000,402201.67376400,1584143999999,2063819540.63899484,2309830,197511.95427300,1017423855.75574906,0,0.00999999999476131,18048.05016,5271934.0,BTCUSDT
2020-03-14,5576.05000000,5640.52000000,5055.13000000,5172.06000000,136910.13597400,1584230399999,736651880.92107893,1106125,66104.01972900,356020329.85217690,0,0.00999999999476131,18048.05016,5271934.0,BTCUSDT
2020-03-15,5172.48000000,5940.00000000,5093.10000000,5361.30000000,139916.14653400,1584316799999,753755706.42687720,1037714,70540.65095000,380499471.94982265,0,0.00999999999476131,18048.05016,5271934.0,BTCUSDT
2020-03-16,5360.33000000,5365.42000000,4442.12000000,5028.97000000,227276.92276000,1584403199999,1113690309.10158680,1608176,108901.96736600,533857910.81658686,0,0.00999999999476131,18048.05016,5271934.0,BTCUSDT
2020-03-17,5028.86000000,5525.00000000,4921.45000000,5312.64000000,150089.92631800,1584489599999,793147908.26849729,1069217,74698.37425400,394902319.12415861,0,0.00999999999476131,18048.05016,5271934.0,BTCUSDT
2020-03-18,5312.64000000,5436.17000000,5009.37000000,5393.04000000,137127.63489400,1584575999999,719748122.45301997,962843,65106.06777800,341970839.57798240,0,0.00999999999476131,18048.05016,5271934.0,BTCUSDT
2020-03-19,5393.26000000,6400.00000000,5252.53000000,6162.37000000,199020.87343900,1584662399999,1164739707.51423590,1403608,99011.94701100,579536547.75822434,0,0.00999999999476131,18048.05016,5271934.0,BTCUSDT
2020-03-20,6162.05000000,6900.00000000,5670.00000000,6208.36000000,219298.32951400,1584748799999,1401734013.17520213,1580069,104719.63918000,670117999.14814168,0,0.00999999999476131,18048.05016,5271934.0,BTCUSDT
2020-03-21,6204.57000000,6456.98000000,5860.02000000,6186.98000000,128913.66836300,1584835199999,794962136.63841710,990974,63326.09685200,390737241.11380974,0,0.00999999999476131,18048.05016,5271934.0,BTCUSDT
2020-03-22,6187.04000000,6407.87000000,5734.01000000,5816.19000000,119115.99052700,1584921599999,722895653.51006145,952259,57189.89834900,347411876.36095811,0,0.00999999999476131,18048.05016,5271934.0,BTCUSDT
2020-03-23,5816.05000000,6600.00000000,5688.00000000,6467.31000000,164674.21578500,1585007999999,1015525672.07438633,1099406,84136.01172800,519197453.13588756,0,0.00999999999476131,18048.05016,5271934.0,BTCUSDT
2020-03-24,6465.25000000,6833.00000000,6371.33000000,6744.72000000,151138.00987800,1585094399999,1001890515.23998861,1012669,72781.81732800,482659188.55276766,0,0.00999999999476131,18048.05016,5271934.0,BTCUSDT
2020-03-25,6744.69000000,6957.96000000,6450.00000000,6677.43000000,132155.73498900,1585180799999,880250736.90798865,912179,63515.16835000,423439621.64069462,0,0.00999999999476131,18048.05016,5271934.0,BTCUSDT
2020-03-26,6677.42000000,6780.00000000,6510.00000000,6737.36000000,83026.55521100,1585267199999,552537189.47935146,668467,41123.41050600,273834254.46692475,0,0.00999999999476131,18048.05016,5271934.0,BTCUSDT
2020-03-27,6737.27000000,6842.59000000,6261.00000000,6359.11000000,82914.96835400,1585353599999,551326113.85520389,643631,38439.27221600,255910741.81760174,0,0.00999999999476131,18048.05016,5271934.0,BTCUSDT
2020-03-28,6359.11000000,6360.00000000,6024.00000000,6236.65000000,93159.69342900,1585439999999,577986706.12893653,725588,44960.52343800,279053353.63500286,0,0.00999999999476131,18048.05016,5271934.0,BTCUSDT
2020-03-29,6236.65000000,6266.00000000,5866.56000000,5881.42000000,63311.62771400,1585526399999,383707122.50096294,496709,29080.96792200,176336037.90451324,0,0.00999999999476131,18048.05016,5271934.0,BTCUSDT
2020-03-30,5880.50000000,6599.00000000,5857.76000000,6394.38000000,118889.54999200,1585612799999,747569726.45441973,784034,58863.31298300,370039956.00738122,0,0.00999999999476131,18048.05016,5271934.0,BTCUSDT
2020-03-31,6394.45000000,6523.23000000,6321.40000000,6410.44000000,72337.59525900,1585699199999,465780496.62248718,538231,34730.90233400,223650665.24981058,0,0.00999999999476131,18048.05016,5271934.0,BTCUSDT
2020-04-01,6412.14000000,6679.94000000,6150.11000000,6642.92000000,97500.75240000,1585785599999,618527468.83416410,758061,49161.37019500,312180122.98026614,0,0.010000000009313226,18048.18932,5272001.0,BTCUSDT
2020-04-02,6643.36000000,7198.00000000,6551.00000000,6794.09000000,149299.90687100,1585871999999,1014494762.44164222,1101043,74722.16374800,508095825.95867690,0,0.010000000009313226,18048.18932,5272001.0,BTCUSDT
2020-04-03,6793.86000000,7048.00000000,6602.10000000,6734.10000000,104080.27693900,1585958399999,710254017.10027212,840456,51077.93867100,348762338.66686200,0,0.010000000009313226,18048.18932,5272001.0,BTCUSDT
2020-04-04,6732.97000000,6990.41000000,6650.01000000,6856.99000000,72990.86113900,1586044799999,495076283.52090415,659051,36419.05668400,247173793.29146553,0,0.010000000009313226,18048.18932,5272001.0,BTCUSDT
2020-04-05,6857.41000000,6895.54000000,6677.52000000,6772.78000000,49685.35698300,1586131199999,337062083.00202794,506433,23875.57831200,162008820.38877512,0,0.010000000009313226,18048.18932,5272001.0,BTCUSDT
2020-04-06,6772.78000000,7355.14000000,6765.00000000,7329.90000000,118052.00083200,1586217599999,837357664.65192143,956586,59322.20887300,420706756.20827898,0,0.010000000009313226,18048.18932,5272001.0,BTCUSDT
2020-04-07,7329.90000000,7459.69000000,7077.00000000,7197.32000000,103585.16891800,1586303999999,757201786.69766315,924436,48811.26778900,357008427.72553911,0,0.010000000009313226,18048.18932,5272001.0,BTCUSDT
2020-04-08,7197.32000000,7420.00000000,7150.00000000,7361.28000000,76059.14583800,1586390399999,555122600.27502590,750516,39000.55256500,284685809.77746603,0,0.010000000009313226,18048.18932,5272001.0,BTCUSDT
2020-04-09,7360.26000000,7371.92000000,7108.08000000,7283.54000000,61094.87241700,1586476799999,444741085.90375861,686207,28801.89285100,209718590.14289618,0,0.010000000009313226,18048.18932,5272001.0,BTCUSDT
2020-04-10,7283.54000000,7295.75000000,6739.98000000,6858.92000000,104674.62337500,1586563199999,727281590.77193982,949050,47958.96080500,333222230.69815031,0,0.010000000009313226,18048.18932,5272001.0,BTCUSDT
2020-04-11,6858.92000000,6944.30000000,6760.00000000,6876.83000000,45470.29320600,1586649599999,311699573.51667396,484618,21157.12838100,145036158.54711846,0,0.010000000009313226,18048.18932,5272001.0,BTCUSDT
2020-04-12,6876.84000000,7177.00000000,6780.00000000,6903.79000000,73868.66650100,1586735999999,516235035.18651132,648323,35637.95868700,249206873.18271956,0,0.010000000009313226,18048.18932,5272001.0,BTCUSDT
2020-04-13,6903.79000000,6903.79000000,6575.00000000,6837.91000000,96415.47657300,1586822399999,649390681.24850258,804179,44648.49218700,300780988.70993096,0,0.010000000009313226,18048.18932,5272001.0,BTCUSDT
2020-04-14,6838.04000000,6978.00000000,6754.28000000,6868.70000000,69068.62328500,1586908799999,474794776.19211112,608665,32019.32233700,220122993.72657639,0,0.010000000009313226,18048.18932,5272001.0,BTCUSDT
2020-04-15,6868.57000000,6933.00000000,6605.00000000,6621.24000000,61571.38499400,1586995199999,416947490.61569572,581374,29866.89225000,202324176.16003710,0,0.010000000009313226,18048.18932,5272001.0,BTCUSDT
2020-04-16,6621.25000000,7190.00000000,6468.27000000,7101.94000000,125009.85753900,1587081599999,865277543.39469342,971163,63251.20433100,438475139.10829708,0,0.010000000009313226,18048.18932,5272001.0,BTCUSDT
2020-04-17,7101.99000000,7148.12000000,6972.98000000,7027.55000000,54126.50976300,1587167999999,382334236.16947893,537554,25973.97067700,183489537.17453394,0,0.010000000009313226,18048.18932,5272001.0,BTCUSDT
2020-04-18,7026.78000000,7293.08000000,7014.40000000,7248.60000000,49488.54281900,1587254399999,354845083.77618894,494670,23980.64473100,171950110.37011601,0,0.010000000009313226,18048.18932,5272001.0,BTCUSDT
2020-04-19,7248.60000000,7266.15000000,7055.60000000,7120.74000000,45664.86393000,1587340799999,326485586.93173834,483574,21519.03097600,153854417.37068870,0,0.010000000009313226,18048.18932,5272001.0,BTCUSDT
2020-04-20,7121.40000000,7220.00000000,6751.00000000,6826.83000000,90149.49137000,1587427199999,629612368.74768921,785174,40427.51593300,282531224.31281103,0,0.010000000009313226,18048.18932,5272001.0,BTCUSDT
2020-04-21,6828.98000000,6940.00000000,6762.00000000,6841.37000000,60109.71080800,1587513599999,411800606.08159712,555797,27732.16439800,190003705.32072503,0,0.010000000009313226,18048.18932,5272001.0,BTCUSDT
2020-04-22,6841.36000000,7156.38000000,6818.00000000,7125.14000000,61486.37733400,1587599999999,431271646.17559905,508659,28258.85992200,198241315.96185334,0,0.010000000009313226,18048.18932,5272001.0,BTCUSDT
2020-04-23,7125.12000000,7738.00000000,7020.00000000,7482.39000000,102773.56956100,1587686399999,756320213.58585215,881099,52475.59854100,386041564.82445067,0,0.010000000009313226,18048.18932,5272001.0,BTCUSDT
2020-04-24,7483.96000000,7615.96000000,7388.00000000,7505.00000000,60182.11993900,1587772799999,452118137.79400162,601093,29412.50914300,220931579.32065317,0,0.010000000009313226,18048.18932,5272001.0,BTCUSDT
2020-04-25,7505.00000000,7705.00000000,7431.07000000,7538.67000000,43874.42772600,1587859199999,331292050.77197311,521943,21111.14094600,159480178.37989961,0,0.010000000009313226,18048.18932,5272001.0,BTCUSDT
2020-04-26,7539.03000000,7700.00000000,7480.00000000,7693.10000000,50522.61620900,1587945599999,384202783.27470957,554480,24707.49422500,187939788.77144254,0,0.010000000009313226,18048.18932,5272001.0,BTCUSDT
2020-04-27,7693.10000000,7792.02000000,7606.00000000,7774.62000000,65441.33957600,1588031999999,504025811.65125354,637800,31594.10659600,243380424.90896012,0,0.010000000009313226,18048.18932,5272001.0,BTCUSDT
2020-04-28,7773.51000000,7780.00000000,7659.12000000,7738.98000000,46302.75263800,1588118399999,357391780.93076267,499414,21305.50136000,164468534.08844884,0,0.010000000009313226,18048.18932,5272001.0,BTCUSDT
2020-04-29,7738.58000000,8952.89000000,7710.05000000,8778.57000000,183546.88751400,1588204799999,1536390177.04494896,1433128,91462.00561700,765292175.06718837,0,0.010000000009313226,18048.18932,5272001.0,BTCUSDT
2020-04-30,8778.58000000,9460.00000000,8401.00000000,8620.00000000,206277.21412400,1588291199999,1839283907.46251938,1661554,99484.47637700,887675398.17769395,0,0.010000000009313226,18048.18932,5272001.0,BTCUSDT
2020-05-01,8620.00000000,9059.18000000,8613.56000000,8826.96000000,91468.81505900,1588377599999,805640126.63087045,865960,44763.35448100,394216389.90386545,0,0.00999999999476131,18049.19676,5272017.0,BTCUSDT
2020-05-02,8825.67000000,9010.00000000,8753.00000000,8972.05000000,59002.08755000,1588463999999,523838859.54424918,637884,30400.35344900,269917468.34160132,0,0.00999999999476131,18049.19676,5272017.0,BTCUSDT
2020-05-03,8972.58000000,9200.00000000,8712.00000000,8894.16000000,90126.06564300,1588550399999,808427095.93215912,877460,44321.37040000,397824441.80123721,0,0.00999999999476131,18049.19676,5272017.0,BTCUSDT
2020-05-04,8894.15000000,8950.00000000,8522.00000000,8871.96000000,84418.51233100,1588636799999,738343818.69392538,848802,39118.38022200,342180074.58001776,0,0.00999999999476131,18049.19676,5272017.0,BTCUSDT
2020-05-05,8871.92000000,9118.58000000,8760.00000000,9021.83000000,76480.76534200,1588723199999,683083018.87798085,812543,37454.51837900,334700993.43285028,0,0.00999999999476131,18049.19676,5272017.0,BTCUSDT
2020-05-06,9021.36000000,9395.00000000,8906.21000000,9142.92000000,105925.30242000,1588809599999,972793508.46490739,1007661,51189.79089300,470167656.56560318,0,0.00999999999476131,18049.19676,5272017.0,BTCUSDT
2020-05-07,9143.40000000,10067.00000000,9021.00000000,9986.40000000,147154.61137800,1588895999999,1409783462.00636428,1254835,74602.19311200,715407978.19610432,0,0.00999999999476131,18049.19676,5272017.0,BTCUSDT
2020-05-08,9986.30000000,10035.96000000,9705.00000000,9800.01000000,100683.79640000,1588982399999,997005843.74047920,967816,46207.63759400,457701324.85886588,0,0.00999999999476131,18049.19676,5272017.0,BTCUSDT
2020-05-09,9800.02000000,9914.25000000,9520.00000000,9539.40000000,81950.67956700,1589068799999,795001351.67970229,839384,36738.67924400,356475632.65892539,0,0.00999999999476131,18049.19676,5272017.0,BTCUSDT
2020-05-10,9539.10000000,9574.83000000,8117.00000000,8722.77000000,183865.18202800,1589155199999,1594996476.97563696,1565771,84376.58077400,731417660.35199514,0,0.00999999999476131,18049.19676,5272017.0,BTCUSDT
2020-05-11,8722.77000000,9168.00000000,8200.00000000,8561.52000000,168807.25183200,1589241599999,1468392820.76080359,1367382,81474.59506700,708958944.15865879,0,0.00999999999476131,18049.19676,5272017.0,BTCUSDT
2020-05-12,8562.04000000,8978.26000000,8528.78000000,8810.79000000,86522.78006600,1589327999999,760195457.05095863,784859,40570.31740100,356508014.18846761,0,0.00999999999476131,18049.19676,5272017.0,BTCUSDT
2020-05-13,8810.99000000,9398.00000000,8792.99000000,9309.37000000,92466.27401800,1589414399999,839725719.96020766,869216,43648.35465500,396713970.04433138,0,0.00999999999476131,18049.19676,5272017.0,BTCUSDT
2020-05-14,9309.35000000,9939.00000000,9256.76000000,9791.98000000,129565.37747000,1589500799999,1247456797.81366625,1199530,63438.51099300,611313934.39132358,0,0.00999999999476131,18049.19676,5272017.0,BTCUSDT
2020-05-15,9791.97000000,9845.62000000,9150.00000000,9316.42000000,115890.76151600,1589587199999,1099721375.89190578,1055630,55397.12343400,525813199.33664916,0,0.00999999999476131,18049.19676,5272017.0,BTCUSDT
2020-05-16,9315.96000000,9588.00000000,9220.00000000,9381.27000000,59587.62786200,1589673599999,560547005.02590862,692028,28861.36820000,271542836.21380133,0,0.00999999999476131,18049.19676,5272017.0,BTCUSDT
2020-05-17,9380.81000000,9888.00000000,9322.10000000,9680.04000000,68647.76432300,1589759999999,663088800.81527807,722718,34734.03499300,335478915.97643693,0,0.00999999999476131,18049.19676,5272017.0,BTCUSDT
2020-05-18,9681.11000000,9950.00000000,9464.23000000,9733.93000000,82006.60358300,1589846399999,797622297.32616827,794292,40242.84298600,391957586.20057755,0,0.00999999999476131,18049.19676,5272017.0,BTCUSDT
2020-05-19,9733.93000000,9897.21000000,9474.00000000,9775.53000000,78539.76045400,1589932799999,760713946.00854609,773581,37821.71930800,366745428.20816091,0,0.00999999999476131,18049.19676,5272017.0,BTCUSDT
2020-05-20,9775.13000000,9842.00000000,9326.00000000,9511.43000000,74923.73809000,1590019199999,721190802.76340253,731189,33481.79667800,322416331.96245272,0,0.00999999999476131,18049.19676,5272017.0,BTCUSDT
2020-05-21,9511.43000000,9578.47000000,8815.00000000,9068.65000000,108928.78096900,1590105599999,1002046265.94125970,951971,49914.08113800,459089374.16887958,0,0.00999999999476131,18049.19676,5272017.0,BTCUSDT
2020-05-22,9067.51000000,9271.00000000,8933.52000000,9170.00000000,58943.13102400,1590191999999,537847834.49670863,693694,28987.31589600,264538897.25902512,0,0.00999999999476131,18049.19676,5272017.0,BTCUSDT
2020-05-23,9170.00000000,9307.85000000,9070.00000000,9179.15000000,43526.29696600,1590278399999,400407195.62892234,512460,21377.61633200,196682791.17593565,0,0.00999999999476131,18049.19676,5272017.0,BTCUSDT
2020-05-24,9179.01000000,9298.00000000,8700.00000000,8720.34000000,70379.86645000,1590364799999,636787240.37332477,774088,32046.41144400,290362268.47214719,0,0.00999999999476131,18049.19676,5272017.0,BTCUSDT
2020-05-25,8718.14000000,8979.66000000,8642.72000000,8900.35000000,62833.91094900,1590451199999,553545285.91401386,733557,30771.88874400,271166770.94493836,0,0.00999999999476131,18049.19676,5272017.0,BTCUSDT
2020-05-26,8900.35000000,9017.67000000,8700.00000000,8841.18000000,58299.77013800,1590537599999,516455128.89068804,678304,28242.17008300,250278944.16497476,0,0.00999999999476131,18049.19676,5272017.0,BTCUSDT
2020-05-27,8841.00000000,9225.00000000,8811.73000000,9204.07000000,68910.35551400,1590623999999,624660855.78003700,662850,33532.62026500,304057334.99150484,0,0.00999999999476131,18049.19676,5272017.0,BTCUSDT
2020-05-28,9204.07000000,9625.47000000,9110.00000000,9575.89000000,74110.78766200,1590710399999,693930106.18138250,738725,37974.89960900,355720464.86308430,0,0.00999999999476131,18049.19676,5272017.0,BTCUSDT
2020-05-29,9575.87000000,9605.26000000,9330.00000000,9427.07000000,57374.36296100,1590796799999,542758086.60647017,593705,26819.21289400,253696538.73175294,0,0.00999999999476131,18049.19676,5272017.0,BTCUSDT
2020-05-30,9426.60000000,9740.00000000,9331.23000000,9697.72000000,55665.27254000,1590883199999,530598690.07145047,651290,29252.67990400,279016030.13117991,0,0.00999999999476131,18049.19676,5272017.0,BTCUSDT
2020-05-31,9697.72000000,9700.00000000,9381.41000000,9448.27000000,48333.78640300,1590969599999,461272298.85252054,651473,22778.00116900,217450165.01806332,0,0.00999999999476131,18048.99579,5272090.0,BTCUSDT
2020-06-01,9448.27000000,10380.00000000,9421.67000000,10200.77000000,76649.12696000,1591055999999,749707596.65935731,826964,41530.41231700,406777189.28314986,0,0.00999999999476131,18048.99579,5272090.0,BTCUSDT
2020-06-02,10202.71000000,10228.99000000,9266.00000000,9518.04000000,108970.77315100,1591142399999,1070060237.13020932,1004312,49354.90796900,485973112.19351892,0,0.00999999999476131,18048.99579,5272090.0,BTCUSDT
2020-06-03,9518.02000000,9690.00000000,9365.21000000,9666.24000000,46252.64493900,1591228799999,441928818.04301561,562784,22656.30815000,216537558.01685119,0,0.00999999999476131,18048.99579,5272090.0,BTCUSDT
2020-06-04,9666.32000000,9881.63000000,9450.00000000,9789.06000000,57456.10096900,1591315199999,557234945.64673886,665881,28778.23737100,279263924.70782905,0,0.00999999999476131,18048.99579,5272090.0,BTCUSDT
2020-06-05,9788.14000000,9854.75000000,9581.00000000,9621.16000000,47788.05005000,1591401599999,465200788.20363384,566062,22329.10711900,217444468.95052851,0,0.00999999999476131,18048.99579,5272090.0,BTCUSDT
2020-06-06,9621.17000000,9735.00000000,9531.05000000,9666.30000000,32752.95089300,1591487999999,315604867.23614906,435796,15832.69376500,152610794.94554911,0,0.00999999999476131,18049.42566,5272280.0,BTCUSDT
2020-06-07,9666.85000000,9802.00000000,9372.46000000,9746.99000000,57952.84838500,1591574399999,556919603.79154480,637766,28426.59512900,273242856.19134752,0,0.00999999999476131,18048.99579,5272090.0,BTCUSDT
2020-06-08,9746.99000000,9800.00000000,9633.00000000,9782.01000000,40664.66412500,1591660799999,395459395.82133724,485139,19744.03912400,192037951.04548972,0,0.00999999999476131,18049.42566,5272280.0,BTCUSDT
2020-06-09,9782.00000000,9877.00000000,9570.00000000,9772.43000000,46024.00128900,1591747199999,447208895.83869834,551863,21901.19095000,212965408.67782809,0,0.00999999999476131,18049.42566,5272280.0,BTCUSDT
2020-06-10,9772.44000000,9992.72000000,9704.18000000,9885.00000000,47130.76298200,1591833599999,462384305.35119935,560909,23128.16103200,226982635.61915444,0,0.00999999999476131,18049.42566,5272280.0,BTCUSDT
2020-06-11,9885.22000000,9964.00000000,9113.00000000,9280.40000000,94418.98473000,1591919999999,902075648.54538493,966502,40972.06474900,391689549.65796588,0,0.00999999999476131,18049.42566,5272280.0,BTCUSDT
2020-06-12,9278.88000000,9557.12000000,9232.51000000,9465.13000000,50119.06693200,1592006399999,472007894.37567532,553203,24344.81637000,229325970.87113216,0,0.00999999999476131,18048.99579,5272090.0,BTCUSDT
2020-06-13,9464.96000000,9494.73000000,9351.00000000,9473.34000000,27759.78485100,1592092799999,261673162.25847242,392763,13531.00721400,127577168.31734001,0,0.00999999999476131,18049.42566,5272280.0,BTCUSDT
2020-06-14,9473.34000000,9480.99000000,9245.00000000,9342.10000000,30055.50660800,1592179199999,282131272.38006622,415568,14465.41615100,135811554.06421556,0,0.00999999999476131,18049.42566,5272280.0,BTCUSDT
2020-06-15,9342.10000000,9495.00000000,8910.45000000,9426.02000000,86107.92470700,1592265599999,793518842.55098446,839521,41630.74752900,384031123.18172884,0,0.00999999999476131,18049.42566,5272280.0,BTCUSDT
2020-06-16,9426.05000000,9589.00000000,9373.09000000,9525.59000000,52052.44692700,1592351999999,494458269.13979110,543481,25692.83962500,244097412.88280761,0,0.00999999999476131,18049.42566,5272280.0,BTCUSDT
2020-06-17,9526.97000000,9565.00000000,9236.61000000,9465.14000000,48046.41115200,1592438399999,453209812.22578060,536158,22842.83127600,215532725.63392767,0,0.00999999999476131,18048.99579,5272090.0,BTCUSDT
2020-06-18,9465.13000000,9489.00000000,9280.00000000,9386.32000000,37381.95376500,1592524799999,351649555.07253869,475074,17940.40525300,168801558.37933228,0,0.00999999999476131,18049.42566,5272280.0,BTCUSDT
2020-06-19,9386.32000000,9438.30000000,9215.79000000,9310.23000000,45330.98367300,1592611199999,423086965.19273827,503484,22055.96904600,205898368.34014912,0,0.00999999999476131,18049.42566,5272280.0,BTCUSDT
2020-06-20,9310.23000000,9395.00000000,9170.95000000,9358.95000000,30329.06538400,1592697599999,282120360.55675261,382778,15125.08176900,140741525.62068328,0,0.00999999999476131,18049.42566,5272280.0,BTCUSDT
2020-06-21,9358.95000000,9422.00000000,9281.54000000,9294.69000000,24316.92623400,1592783999999,227467940.61021120,321015,11779.79718200,110215504.55537862,0,0.00999999999476131,18049.42566,5272280.0,BTCUSDT
2020-06-22,9294.69000000,9780.00000000,9277.09000000,9685.69000000,57895.46834300,1592870399999,550995799.06947046,588704,30738.20037500,292712778.14347612,0,0.00999999999476131,18049.42566,5272280.0,BTCUSDT
2020-06-23,9685.69000000,9720.00000000,9577.03000000,9624.89000000,41031.02938000,1592956799999,395487616.46087799,474319,19112.60621600,184247416.84941235,0,0.00999999999476131,18049.42566,5272280.0,BTCUSDT
2020-06-24,9624.33000000,9670.00000000,9208.00000000,9296.49000000,61571.56146400,1593043199999,579426702.79668215,572362,26903.54406100,253131387.59992126,0,0.00999999999476131,18049.42566,5272280.0,BTCUSDT
2020-06-25,9298.33000000,9340.00000000,9009.69000000,9249.49000000,55831.61915600,1593129599999,514396747.40478276,536205,26546.39556300,244659133.88502359,0,0.00999999999476131,18049.42566,5272280.0,BTCUSDT
2020-06-26,9249.49000000,9298.00000000,9045.45000000,9162.21000000,50292.29827700,1593215999999,461347064.82950308,510947,23307.90347500,213866832.83863124,0,0.00999999999476131,18049.42566,5272280.0,BTCUSDT
2020-06-27,9162.21000000,9196.24000000,8833.00000000,9012.00000000,46290.93011300,1593302399999,419606802.23720138,499415,21056.87686000,191013780.26087574,0,0.00999999999476131,18049.42566,5272280.0,BTCUSDT
2020-06-28,9012.00000000,9191.00000000,8948.06000000,9116.35000000,30688.17642100,1593388799999,278721674.92211122,374404,14982.80452800,136093615.81906539,0,0.00999999999476131,18049.42566,5272280.0,BTCUSDT
2020-06-29,9116.16000000,9238.00000000,9024.67000000,9192.56000000,42120.29326100,1593475199999,384206326.47068040,434299,20449.09779600,186542867.41056208,0,0.00999999999476131,18049.42566,5272280.0,BTCUSDT
2020-06-30,9192.93000000,9205.00000000,9064.89000000,9138.55000000,31463.16280100,1593561599999,287781334.51701579,328083,15267.74746700,139674651.10276634,0,0.00999999999476131,18049.37415,5272283.0,BTCUSDT
2020-07-01,9138.08000000,9292.00000000,9080.10000000,9232.00000000,38488.52869900,1593647999999,354087627.16966118,374832,19068.83170500,175429466.28921979,0,0.00999999999476131,18049.37415,5272283.0,BTCUSDT
2020-07-02,9231.99000000,9261.96000000,8940.00000000,9086.54000000,45725.16807600,1593734399999,417724468.88735677,470292,21637.63048900,197709875.24815683,0,0.00999999999476131,18049.37415,5272283.0,BTCUSDT
2020-07-03,9086.54000000,9125.00000000,9037.47000000,9058.26000000,28943.42017700,1593820799999,263123750.46717236,343189,13719.52451700,124722413.06761462,0,0.00999999999476131,18049.37415,5272283.0,BTCUSDT
2020-07-04,9057.79000000,9190.00000000,9040.04000000,9135.46000000,26441.96848400,1593907199999,240576054.91572312,335225,13588.81960000,123666216.06517515,0,0.00999999999476131,18049.37415,5272283.0,BTCUSDT
2020-07-05,9135.00000000,9145.24000000,8893.03000000,9069.41000000,34073.65362700,1593993599999,308410443.65921520,384500,16276.23427000,147339875.53843993,0,0.00999999999476131,18049.37415,5272283.0,BTCUSDT
2020-07-06,9069.41000000,9375.00000000,9055.92000000,9344.20000000,54463.13227700,1594079999999,502548376.20946366,533540,28132.94222200,259636973.33594599,0,0.00999999999476131,18049.37415,5272283.0,BTCUSDT
2020-07-07,9342.47000000,9379.42000000,9203.00000000,9257.39000000,34587.33667800,1594166399999,320576525.35534977,433481,16284.84900200,150931441.59977534,0,0.00999999999476131,18049.37415,5272283.0,BTCUSDT
2020-07-08,9257.40000000,9470.00000000,9231.00000000,9436.06000000,56140.51778100,1594252799999,525344876.69992350,652605,28067.68064200,262723969.14964063,0,0.00999999999476131,18049.37415,5272283.0,BTCUSDT
2020-07-09,9436.06000000,9440.79000000,9160.00000000,9232.43000000,48044.45064500,1594339199999,447640493.54432978,575491,22644.91550100,210991009.74510143,0,0.00999999999476131,18049.37415,5272283.0,BTCUSDT
2020-07-10,9232.42000000,9317.48000000,9125.00000000,9288.34000000,38295.49400600,1594425599999,352238898.76948255,525484,18360.61316800,168904319.25502697,0,0.00999999999476131,18049.37415,5272283.0,BTCUSDT
2020-07-11,9288.34000000,9299.28000000,9178.25000000,9234.03000000,22561.36600000,1594511999999,208410250.50959371,413452,10815.47329300,99921646.88340026,0,0.00999999999476131,18049.37415,5272283.0,BTCUSDT
2020-07-12,9234.02000000,9345.00000000,9157.50000000,9302.75000000,30872.70228600,1594598399999,285591381.49153138,484875,14980.18770400,138584259.00133508,0,0.00999999999476131,18049.37415,5272283.0,BTCUSDT
2020-07-13,9303.31000000,9343.82000000,9200.89000000,9242.62000000,42740.06911500,1594684799999,396614086.79626994,642552,19689.44333700,182734051.95071439,0,0.00999999999476131,18049.37415,5272283.0,BTCUSDT
2020-07-14,9242.61000000,9279.54000000,9113.00000000,9255.85000000,45772.55250900,1594771199999,421789086.45494741,613139,21666.53695100,199673293.75001954,0,0.00999999999476131,18049.37415,5272283.0,BTCUSDT
2020-07-15,9255.85000000,9276.49000000,9160.57000000,9197.60000000,39053.57966500,1594857599999,360201683.49480513,554780,17977.67974700,165822998.03166477,0,0.00999999999476131,18049.37415,5272283.0,BTCUSDT
2020-07-16,9197.60000000,9226.15000000,9047.25000000,9133.72000000,43375.57119100,1594943999999,395883667.02480033,681807,20410.13000900,186271268.49276469,0,0.00999999999476131,18049.37415,5272283.0,BTCUSDT
2020-07-17,9133.72000000,9186.83000000,9089.81000000,9154.32000000,28054.35874100,1595030399999,256360345.57676793,470991,13397.53780500,122434361.70789555,0,0.00999999999476131,18049.37415,5272283.0,BTCUSDT
2020-07-18,9154.31000000,9219.30000000,9121.10000000,9170.28000000,22554.54145700,1595116799999,206628105.36278893,430377,11502.70482900,105387979.46391492,0,0.00999999999476131,18049.37415,5272283.0,BTCUSDT
2020-07-19,9170.30000000,9232.27000000,9101.35000000,9208.99000000,26052.01941700,1595203199999,238521988.03132549,440449,12873.37349300,117870221.42492930,0,0.00999999999476131,18049.37415,5272283.0,BTCUSDT
2020-07-20,9208.99000000,9221.52000000,9131.00000000,9160.78000000,35458.76408200,1595289599999,325297289.27265834,557096,16527.69288600,151623269.70394643,0,0.00999999999476131,18049.37415,5272283.0,BTCUSDT
2020-07-21,9160.78000000,9437.73000000,9152.80000000,9390.00000000,60413.58248600,1595375999999,563360524.79942825,782959,29470.51205100,274802209.58012802,0,0.00999999999476131,18049.37415,5272283.0,BTCUSDT
2020-07-22,9390.00000000,9544.00000000,9261.00000000,9518.16000000,48815.00410700,1595462399999,457776105.61557141,663029,23362.19379000,219166005.90788166,0,0.00999999999476131,18049.37415,5272283.0,BTCUSDT
2020-07-23,9518.16000000,9664.00000000,9440.33000000,9603.27000000,51856.23350000,1595548799999,494282948.73368242,735371,24461.26546800,233235064.19448092,0,0.00999999999476131,18049.37415,5272283.0,BTCUSDT
2020-07-24,9603.27000000,9637.00000000,9463.44000000,9537.80000000,43931.13620500,1595635199999,419240263.52182820,677725,20416.29997300,194861143.58552908,0,0.00999999999476131,18049.37415,5272283.0,BTCUSDT
2020-07-25,9538.10000000,9732.90000000,9513.00000000,9700.42000000,40679.54541600,1595721599999,391431695.71682177,675222,19626.60889300,188907762.75214630,0,0.00999999999476131,18049.37415,5272283.0,BTCUSDT
2020-07-26,9700.42000000,10111.00000000,9650.00000000,9931.54000000,65279.26931900,1595807999999,644607634.48177705,945611,33748.33180700,333445554.97564465,0,0.00999999999476131,18049.37415,5272283.0,BTCUSDT
2020-07-27,9931.54000000,11394.86000000,9917.21000000,11029.96000000,150188.93314400,1595894399999,1580355372.09917984,1901088,76650.61005100,806266386.38878950,0,0.00999999999476131,18049.37415,5272283.0,BTCUSDT
2020-07-28,11029.96000000,11242.23000000,10565.00000000,10906.27000000,97267.73418700,1595980799999,1065375500.18918874,1475636,46575.43053400,510271018.98956396,0,0.00999999999476131,18049.37415,5272283.0,BTCUSDT
2020-07-29,10906.27000000,11342.82000000,10812.00000000,11100.53000000,76838.09423300,1596067199999,853242253.61582377,1127302,36218.47706500,402507227.08882376,0,0.00999999999476131,18049.37415,5272283.0,BTCUSDT
2020-07-30,11100.52000000,11170.00000000,10831.00000000,11099.61000000,60794.82645600,1596153599999,669779541.88728343,879960,28272.69876500,311567992.00352517,0,0.00999999999476131,18049.76254,5272428.0,BTCUSDT
2020-07-31,11099.79000000,11444.00000000,10960.00000000,11335.46000000,70063.66097400,1596239999999,786344325.85523136,971584,34068.14336500,382632611.44135526,0,0.00999999999476131,18049.76254,5272428.0,BTCUSDT
2020-08-01,11335.46000000,11861.00000000,11220.00000000,11801.17000000,85087.48512600,1596326399999,987817017.31863258,1174252,40523.73352400,470714480.01113470,0,0.00999999999476131,18049.76254,5272428.0,BTCUSDT
2020-08-02,11801.17000000,12123.46000000,10518.50000000,11071.35000000,97553.07760400,1596412799999,1105757335.52816180,1459900,45974.78641500,521934340.83176615,0,0.00999999999476131,18049.76254,5272428.0,BTCUSDT
2020-08-03,11071.36000000,11473.00000000,10936.00000000,11219.81000000,56931.84147500,1596499199999,641127593.26145174,919185,27133.03513600,305554713.93730703,0,0.00999999999476131,18049.76254,5272428.0,BTCUSDT
2020-08-04,11219.68000000,11414.98000000,11000.00000000,11191.97000000,58629.11370900,1596585599999,658084242.67972216,863692,27861.61566100,312734273.79301878,0,0.00999999999476131,18049.76254,5272428.0,BTCUSDT
2020-08-05,11191.99000000,11780.93000000,11093.00000000,11744.91000000,74970.25685200,1596671999999,861433645.42443967,964637,36130.38455100,415113460.07729001,0,0.00999999999476131,18049.76254,5272428.0,BTCUSDT
2020-08-06,11744.91000000,11900.00000000,11562.50000000,11762.46000000,63529.08502000,1596758399999,746479211.71559485,919918,30044.20329700,353083043.84203576,0,0.00999999999476131,18049.76254,5272428.0,BTCUSDT
2020-08-07,11762.47000000,11909.94000000,11322.00000000,11594.23000000,65755.92602200,1596844799999,767005529.28212083,940045,29993.01871000,349862123.74910678,0,0.00999999999476131,18049.76254,5272428.0,BTCUSDT
2020-08-08,11594.36000000,11808.27000000,11512.00000000,11761.41000000,41858.16104000,1596931199999,489087264.36028091,779318,20448.35261800,238996465.92770352,0,0.00999999999476131,18049.76254,5272428.0,BTCUSDT
2020-08-09,11761.02000000,11797.11000000,11521.97000000,11681.68000000,41493.06734200,1597017599999,483708602.89638040,853386,19031.22331400,221877538.80726916,0,0.00999999999476131,18049.76254,5272428.0,BTCUSDT
2020-08-10,11681.69000000,12067.35000000,11450.00000000,11892.92000000,84952.33788700,1597103999999,1009169063.38321293,1340835,42058.72245500,499909664.32169164,0,0.00999999999476131,18049.76254,5272428.0,BTCUSDT
2020-08-11,11892.90000000,11935.00000000,11125.00000000,11392.08000000,90748.28463400,1597190399999,1049615697.13794155,1343979,41221.96100900,476990926.57705579,0,0.00999999999476131,18049.76254,5272428.0,BTCUSDT
2020-08-12,11392.09000000,11617.52000000,11150.00000000,11564.33000000,64909.61364400,1597276799999,743303608.09998264,1104096,30943.67211400,354308405.99191444,0,0.00999999999476131,18049.76254,5272428.0,BTCUSDT
2020-08-13,11564.34000000,11792.96000000,11270.36000000,11780.00000000,70132.49150200,1597363199999,809611114.21324839,1243382,34841.79060200,402381474.75042979,0,0.00999999999476131,18049.76254,5272428.0,BTCUSDT
2020-08-14,11779.77000000,11850.00000000,11634.03000000,11760.54000000,59818.85269700,1597449599999,702273220.69641574,1011746,28464.66955300,334192256.65110328,0,0.00999999999476131,18049.76254,5272428.0,BTCUSDT
2020-08-15,11760.55000000,11980.00000000,11680.00000000,11852.40000000,56237.90505000,1597535999999,667446824.06412957,1018956,27303.96632100,324138943.41775912,0,0.00999999999476131,18049.76254,5272428.0,BTCUSDT
2020-08-16,11852.40000000,11931.72000000,11686.00000000,11911.00000000,41368.23690600,1597622399999,489731524.63694357,790240,19342.04531200,229032803.39445427,0,0.00999999999476131,18049.76254,5272428.0,BTCUSDT
2020-08-17,11910.99000000,12468.00000000,11769.78000000,12281.13000000,84734.21154000,1597708799999,1026883452.89477197,1210228,42291.08619900,512410754.09037578,0,0.00999999999476131,18049.76254,5272428.0,BTCUSDT
2020-08-18,12281.15000000,12387.77000000,11817.93000000,11945.01000000,75923.83552700,1597795199999,920402307.17681052,1189390,35954.34997500,436020475.31834663,0,0.00999999999476131,18049.76254,5272428.0,BTCUSDT
2020-08-19,11945.10000000,12020.08000000,11561.00000000,11754.59000000,73940.16960600,1597881599999,870612801.52956932,1258060,34861.13596900,410547222.25978079,0,0.00999999999476131,18049.76254,5272428.0,BTCUSDT
2020-08-20,11754.38000000,11888.00000000,11668.00000000,11853.55000000,46085.25435100,1597967999999,543576025.04851070,798027,21992.90754100,259381062.46462872,0,0.00999999999476131,18049.76254,5272428.0,BTCUSDT
2020-08-21,11853.54000000,11878.00000000,11485.81000000,11531.34000000,64448.30614200,1598054399999,755451999.65409131,1189668,30531.73286600,357993659.71852440,0,0.00999999999476131,18049.76254,5272428.0,BTCUSDT
2020-08-22,11531.23000000,11686.00000000,11376.81000000,11662.96000000,43678.70164600,1598140799999,504305451.41086398,809328,21605.07092200,249466430.90999061,0,0.00999999999476131,18049.76254,5272428.0,BTCUSDT
2020-08-23,11663.51000000,11718.07000000,11514.13000000,11648.13000000,37900.00469000,1598227199999,440406018.65187866,627352,18514.62752500,215154211.01204568,0,0.00999999999476131,18049.76254,5272428.0,BTCUSDT
2020-08-24,11648.12000000,11824.90000000,11585.09000000,11748.20000000,46212.39186700,1598313599999,542298951.53829801,656584,22780.41948800,267322530.43232628,0,0.00999999999476131,18049.76254,5272428.0,BTCUSDT
2020-08-25,11748.19000000,11767.85000000,11117.64000000,11318.42000000,69590.92327200,1598399999999,797034671.64528012,996668,33126.45198000,379562265.55902560,0,0.00999999999476131,18049.76254,5272428.0,BTCUSDT
2020-08-26,11318.42000000,11539.32000000,11244.00000000,11461.43000000,53998.23123100,1598486399999,615452789.96733745,862654,25622.53674000,291999409.36174106,0,0.00999999999476131,18049.76254,5272428.0,BTCUSDT
2020-08-27,11461.42000000,11592.20000000,11125.00000000,11330.38000000,63246.03638300,1598572799999,717474981.66401255,959270,30793.18066800,349359723.85775900,0,0.00999999999476131,18049.76254,5272428.0,BTCUSDT
2020-08-28,11330.38000000,11542.65000000,11276.89000000,11526.91000000,45953.90836500,1598659199999,525606229.65425099,719985,21714.20285900,248344753.12808140,0,0.00999999999476131,18049.76254,5272428.0,BTCUSDT
2020-08-29,11526.90000000,11580.02000000,11417.04000000,11465.84000000,32973.79920000,1598745599999,379228275.27072239,611834,15709.30998500,180675288.37511048,0,0.00999999999476131,18052.73222,5272317.0,BTCUSDT
2020-08-30,11465.84000000,11719.00000000,11458.00000000,11711.16000000,43177.87905400,1598831999999,501375342.93503890,756541,22258.11590200,258461346.45546267,0,0.00999999999476131,18052.73222,5272317.0,BTCUSDT
2020-08-31,11711.17000000,11800.77000000,11570.00000000,11649.51000000,55353.61774400,1598918399999,646723855.57145354,822062,26579.94028400,310534861.61639537,0,0.00999999999476131,18052.73222,5272317.0,BTCUSDT
2020-09-01,11649.51000000,12050.85000000,11515.00000000,11921.97000000,78148.19366800,1599004799999,928047313.48896665,1321492,37476.01938200,444996773.66832210,0,0.00999999999476131,18052.73222,5272317.0,BTCUSDT
2020-09-02,11921.97000000,11954.57000000,11160.10000000,11388.54000000,87221.84560200,1599091199999,1005391012.13387515,1373524,39972.30988700,460939443.22481512,0,0.00999999999476131,18052.73222,5272317.0,BTCUSDT
2020-09-03,11388.54000000,11462.60000000,9960.80000000,10140.85000000,121950.10601500,1599177599999,1325106403.31586748,1611610,54266.83286000,590230451.11230783,0,0.00999999999476131,18052.73222,5272317.0,BTCUSDT
2020-09-04,10138.29000000,10627.05000000,9875.50000000,10446.25000000,92733.59911300,1599263999999,959925718.35127546,1434860,42707.83466600,442163704.19721961,0,0.00999999999476131,18052.73222,5272317.0,BTCUSDT
2020-09-05,10446.25000000,10565.68000000,9825.00000000,10166.69000000,90001.60556800,1599350399999,917578408.87611822,1476782,43478.13232300,443342852.18707489,0,0.00999999999476131,18052.73222,5272317.0,BTCUSDT
2020-09-06,10166.69000000,10347.14000000,9994.86000000,10256.20000000,56368.78881500,1599436799999,574903000.23517457,1053192,28033.43882700,285904912.75096270,0,0.00999999999476131,18052.73222,5272317.0,BTCUSDT
2020-09-07,10255.89000000,10410.75000000,9875.00000000,10373.44000000,62620.23067600,1599523199999,634278537.81510948,927363,30576.70067300,309796338.54525116,0,0.00999999999476131,18052.73222,5272317.0,BTCUSDT
2020-09-08,10373.45000000,10438.00000000,9850.00000000,10126.65000000,73491.87841800,1599609599999,742947901.97123937,1048125,34410.81447000,348048428.88372554,0,0.00999999999476131,18052.73222,5272317.0,BTCUSDT
2020-09-09,10126.66000000,10343.00000000,9981.01000000,10219.20000000,49347.11377600,1599695999999,503082625.21479094,755560,23815.41242700,242759702.91500349,0,0.00999999999476131,18052.73222,5272317.0,BTCUSDT
2020-09-10,10219.29000000,10483.35000000,10070.83000000,10336.87000000,58253.75375000,1599782399999,602390078.49228073,851877,27690.11249800,286362452.83931564,0,0.00999999999476131,18052.73222,5272317.0,BTCUSDT
2020-09-11,10336.86000000,10397.60000000,10200.00000000,10387.89000000,43830.25446700,1599868799999,451241002.66033623,637869,21231.61072700,218592078.02890880,0,0.00999999999476131,18052.73222,5272317.0,BTCUSDT
2020-09-12,10387.89000000,10477.97000000,10269.25000000,10440.92000000,35379.15309600,1599955199999,366912671.44372690,577724,17560.76888500,182148657.45690611,0,0.00999999999476131,18052.73222,5272317.0,BTCUSDT
2020-09-13,10440.67000000,10580.11000000,10200.00000000,10332.83000000,43837.60986500,1600041599999,455338605.32914889,692439,20785.51732800,215965189.31612750,0,0.00999999999476131,18052.73222,5272317.0,BTCUSDT
2020-09-14,10332.84000000,10750.00000000,10212.34000000,10671.77000000,67059.29136100,1600127999999,706175591.38661278,828957,31880.36315700,335719021.03890433,0,0.00999999999476131,18052.73222,5272317.0,BTCUSDT
2020-09-15,10671.77000000,10930.04000000,10606.48000000,10785.31000000,61822.45278600,1600214399999,666457161.14913774,893852,29744.08727700,320640236.40587628,0,0.00999999999476131,18052.73222,5272317.0,BTCUSDT
2020-09-16,10785.23000000,11093.00000000,10661.22000000,10954.01000000,64991.51244000,1600300799999,708644989.48306988,884153,31740.51169100,346117690.57309232,0,0.00999999999476131,18052.73222,5272317.0,BTCUSDT
2020-09-17,10954.01000000,11045.46000000,10745.83000000,10939.99000000,55601.61452900,1600387199999,605010288.77992461,829137,27029.92703500,294147097.61187047,0,0.00999999999476131,18052.73222,5272317.0,BTCUSDT
2020-09-18,10940.00000000,11038.03000000,10812.84000000,10933.39000000,47266.72827500,1600473599999,516147935.66922837,717371,23044.91988600,251654627.23674528,0,0.00999999999476131,18052.73222,5272317.0,BTCUSDT
2020-09-19,10933.40000000,11179.79000000,10887.37000000,11080.65000000,38440.03685800,1600559999999,423651901.15773042,620127,19923.05926700,219623766.31297809,0,0.00999999999476131,18052.73222,5272317.0,BTCUSDT
2020-09-20,11080.64000000,11080.64000000,10723.00000000,10920.28000000,39157.92256500,1600646399999,426815210.75551225,646329,19437.69436300,211845335.51564800,0,0.00999999999476131,18052.73222,5272317.0,BTCUSDT
2020-09-21,10920.28000000,10988.86000000,10296.35000000,10417.22000000,70683.43117900,1600732799999,751020795.23588369,1028531,33628.93058900,357346575.16901842,0,0.00999999999476131,18052.73222,5272317.0,BTCUSDT
2020-09-22,10417.22000000,10572.71000000,10353.00000000,10529.61000000,43991.23547600,1600819199999,460362500.72840808,738576,21497.46158900,224981251.32868055,0,0.00999999999476131,18052.73222,5272317.0,BTCUSDT
2020-09-23,10529.61000000,10537.15000000,10136.82000000,10241.46000000,51876.56807900,1600905599999,539362015.15746196,774391,25012.70681900,260045385.65157037,0,0.00999999999476131,18052.73222,5272317.0,BTCUSDT
2020-09-24,10241.46000000,10795.24000000,10190.93000000,10736.32000000,57676.61942700,1600991999999,604520870.05563795,789282,27946.80432500,292936072.98704616,0,0.00999999999476131,18052.73222,5272317.0,BTCUSDT
2020-09-25,10736.33000000,10760.53000000,10556.24000000,10686.67000000,48101.11700800,1601078399999,512647249.14932008,733430,23566.33033700,251168863.92711731,0,0.00999999999476131,18052.73222,5272317.0,BTCUSDT
2020-09-26,10686.57000000,10820.94000000,10644.68000000,10728.60000000,28420.83665900,1601164799999,304511477.68085537,502670,14314.53134500,153391173.49799378,0,0.00999999999476131,18052.73222,5272317.0,BTCUSDT
2020-09-27,10728.59000000,10799.00000000,10594.82000000,10774.25000000,30549.48325300,1601251199999,327169249.45499568,516004,15101.03977000,161737536.90897186,0,0.00999999999476131,18052.73222,5272317.0,BTCUSDT
2020-09-28,10774.26000000,10950.00000000,10626.00000000,10696.12000000,50095.25173400,1601337599999,544463219.59780924,686664,25219.07331500,274111924.66132492,0,0.00999999999476131,18053.15531,5272515.0,BTCUSDT
2020-09-29,10696.11000000,10867.54000000,10635.87000000,10840.48000000,41874.89839900,1601423999999,449345822.46022889,587576,19896.07620900,213544159.85659414,0,0.00999999999476131,18053.15531,5272515.0,BTCUSDT
2020-09-30,10840.58000000,10849.34000000,10665.13000000,10776.59000000,39596.02732200,1601510399999,425279696.28526338,595383,18712.05971100,200976719.44085080,0,0.00999999999476131,18053.15531,5272515.0,BTCUSDT
2020-10-01,10776.59000000,10920.00000000,10437.00000000,10619.13000000,60866.33289300,1601596799999,652168989.46173484,794855,28449.97510300,304779535.38197477,0,0.00999999999476131,18053.15531,5272515.0,BTCUSDT
2020-10-02,10619.13000000,10664.64000000,10374.00000000,10570.40000000,50130.39370500,1601683199999,526864379.30936534,777193,24123.90254500,253507685.50358702,0,0.00999999999476131,18053.15531,5272515.0,BTCUSDT
2020-10-03,10570.40000000,10603.56000000,10496.46000000,10542.06000000,22298.22134100,1601769599999,235160884.60853616,381329,10752.46288200,113392722.76217199,0,0.00999999999476131,18053.15531,5272515.0,BTCUSDT
2020-10-04,10542.07000000,10696.87000000,10517.87000000,10666.63000000,23212.00159500,1601855999999,246252050.90681072,377553,12123.27565000,128619845.13152086,0,0.00999999999476131,18053.15531,5272515.0,BTCUSDT
2020-10-05,10666.62000000,10798.00000000,10615.64000000,10792.21000000,34025.76165300,1601942399999,364158510.23798056,483340,15551.58438700,166457546.86846151,0,0.00999999999476131,18053.15531,5272515.0,BTCUSDT
2020-10-06,10792.20000000,10800.00000000,10525.00000000,10599.66000000,48674.74047100,1602028799999,520051256.08219917,734526,23189.68990000,247740447.63670599,0,0.00999999999476131,18053.15531,5272515.0,BTCUSDT
2020-10-07,10599.65000000,10681.87000000,10546.17000000,10666.39000000,32811.99027900,1602115199999,348298562.85686264,503440,15783.35568400,167548410.82933536,0,0.00999999999476131,18053.15531,5272515.0,BTCUSDT
2020-10-08,10666.40000000,10950.00000000,10530.41000000,10925.57000000,51959.69157200,1602201599999,559311760.44148029,659291,26482.59952900,285240420.95776404,0,0.00999999999476131,18053.15531,5272515.0,BTCUSDT
2020-10-09,10925.44000000,11104.64000000,10829.00000000,11050.64000000,48240.07323700,1602287999999,530822321.51623468,635681,25658.63139600,282409996.00931151,0,0.00999999999476131,18053.15531,5272515.0,BTCUSDT
2020-10-10,11050.64000000,11491.00000000,11050.51000000,11293.22000000,43648.03694300,1602374399999,494785212.23087354,698561,22807.20465100,258432465.79040960,0,0.00999999999476131,18053.15531,5272515.0,BTCUSDT
2020-10-11,11293.22000000,11445.00000000,11221.00000000,11369.02000000,29043.85133900,1602460799999,329927755.03808506,509714,14470.44426900,164384653.13411286,0,0.00999999999476131,18053.15531,5272515.0,BTCUSDT
2020-10-12,11369.02000000,11720.01000000,11172.00000000,11528.25000000,52825.28371000,1602547199999,604779845.79201771,740823,26865.92932100,307665447.33923441,0,0.00999999999476131,18053.15531,5272515.0,BTCUSDT
2020-10-13,11528.24000000,11557.00000000,11300.00000000,11420.56000000,42205.28370900,1602633599999,482663390.72403579,618262,19346.15860500,221257357.56527471,0,0.00999999999476131,18053.15531,5272515.0,BTCUSDT
2020-10-14,11420.57000000,11547.98000000,11280.00000000,11417.89000000,41415.10601500,1602719999999,472007015.72093425,590025,19070.05730700,217375960.31094741,0,0.00999999999476131,18053.15531,5272515.0,BTCUSDT
2020-10-15,11417.89000000,11617.34000000,11250.83000000,11505.12000000,48760.71767900,1602806399999,556436445.55762819,662386,24019.23766900,274171016.90668138,0,0.00999999999476131,18053.15531,5272515.0,BTCUSDT
2020-10-16,11505.13000000,11541.15000000,11200.00000000,11319.32000000,48797.74950200,1602892799999,553211001.61225689,693210,22821.59348400,258752919.33224074,0,0.00999999999476131,18053.15531,5272515.0,BTCUSDT
2020-10-17,11319.24000000,11402.42000000,11255.00000000,11360.20000000,22368.91524100,1602979199999,253582775.96265448,365973,10318.02461400,116996094.14462668,0,0.00999999999476131,18053.15531,5272515.0,BTCUSDT
2020-10-18,11360.31000000,11505.00000000,11346.22000000,11503.14000000,23284.04119100,1603065599999,266150824.34809863,346946,12396.12709900,141743879.12841902,0,0.00999999999476131,18053.15531,5272515.0,BTCUSDT
2020-10-19,11503.14000000,11823.99000000,11407.96000000,11751.47000000,47414.53469200,1603151999999,550728683.79927939,650960,24716.39513600,287236347.54906069,0,0.00999999999476131,18053.15531,5272515.0,BTCUSDT
2020-10-20,11751.46000000,12038.38000000,11677.59000000,11909.99000000,62134.75066300,1603238399999,737425592.08197176,906111,31911.70883200,378905888.96006281,0,0.00999999999476131,18053.15531,5272515.0,BTCUSDT
2020-10-21,11910.00000000,13217.68000000,11886.95000000,12780.96000000,114584.45676700,1603324799999,1437122186.63399548,1453620,59033.67175600,740274649.28079579,0,0.00999999999476131,18053.15531,5272515.0,BTCUSDT
2020-10-22,12780.75000000,13185.00000000,12678.08000000,12968.52000000,70038.82414400,1603411199999,905778888.87029065,1035811,33259.49504400,430203750.01892518,0,0.00999999999476131,18053.15531,5272515.0,BTCUSDT
2020-10-23,12968.84000000,13027.69000000,12720.08000000,12923.07000000,50386.99984100,1603497599999,650680239.11014686,699313,24685.92549500,318827712.19820076,0,0.00999999999476131,18053.15531,5272515.0,BTCUSDT
2020-10-24,12923.06000000,13166.73000000,12870.00000000,13111.73000000,35952.20907000,1603583999999,468299521.76966531,536821,18382.74457900,239455378.09125662,0,0.00999999999476131,18053.15531,5272515.0,BTCUSDT
2020-10-25,13111.73000000,13350.00000000,12888.00000000,13028.83000000,38481.57950400,1603670399999,502672049.22905163,610498,17988.76710000,235115943.82713218,0,0.00999999999476131,18053.15531,5272515.0,BTCUSDT
2020-10-26,13029.64000000,13238.81000000,12765.00000000,13052.19000000,60951.67298600,1603756799999,794395722.45334551,818144,29609.99469800,385986654.65788211,0,0.00999999999476131,18053.15531,5272515.0,BTCUSDT
2020-10-27,13052.15000000,13789.29000000,13019.87000000,13636.17000000,80811.01945000,1603843199999,1085403903.12596636,1003615,39833.89054100,534896062.83588014,0,0.00999999999476131,18053.15531,5272515.0,BTCUSDT
2020-10-28,13636.16000000,13859.48000000,12888.00000000,13266.40000000,94440.56122600,1603929599999,1263487952.99515693,1234511,43387.69227500,580505216.87260939,0,0.00999999999476131,18053.31401,5272501.0,BTCUSDT
2020-10-29,13266.40000000,13642.91000000,12920.77000000,13455.70000000,74872.60213200,1604015999999,997867948.86097431,1008433,37203.24565800,495772429.35476798,0,0.00999999999476131,18053.31401,5272501.0,BTCUSDT
2020-10-30,13455.69000000,13669.98000000,13115.00000000,13560.10000000,70657.77888100,1604102399999,946818817.55750918,1060387,34438.58889000,461667557.39357111,0,0.00999999999476131,18053.31401,5272501.0,BTCUSDT
2020-10-31,13560.10000000,14100.00000000,13411.50000000,13791.00000000,67339.23851500,1604188799999,927048458.54236180,1022202,35823.22565000,493309455.83898129,0,0.00999999999476131,18053.31401,5272501.0,BTCUSDT
2020-11-01,13791.00000000,13895.00000000,13603.00000000,13761.50000000,36285.64852600,1604275199999,499124369.07532642,606248,17839.54476000,245432626.61531792,0,0.00999999999476131,18053.31401,5272501.0,BTCUSDT
2020-11-02,13761.49000000,13830.00000000,13195.05000000,13549.37000000,64566.42190800,1604361599999,873629993.83139279,869850,29243.23366400,395698601.61694086,0,0.00999999999476131,18053.31401,5272501.0,BTCUSDT
2020-11-03,13549.63000000,14066.11000000,13284.99000000,14023.53000000,74115.63078700,1604447999999,1009402087.71046155,1052569,38332.71333000,522431362.88788262,0,0.00999999999476131,18053.31401,5272501.0,BTCUSDT
2020-11-04,14023.53000000,14259.00000000,13525.00000000,14144.01000000,93016.98826200,1604534399999,1293872665.41796188,1212959,45333.66159600,630831907.07329258,0,0.00999999999476131,18053.31401,5272501.0,BTCUSDT
2020-11-05,14144.01000000,15750.00000000,14093.56000000,15590.02000000,143741.52267300,1604620799999,2131865609.29089107,1736055,72196.12711800,1071067716.59486903,0,0.00999999999476131,18053.31401,5272501.0,BTCUSDT
2020-11-06,15590.02000000,15960.00000000,15166.00000000,15579.92000000,122618.19769500,1604707199999,1909660728.82292043,1654968,58528.76053300,911733812.27929558,0,0.00999999999476131,18053.31401,5272501.0,BTCUSDT
2020-11-07,15579.93000000,15753.52000000,14344.22000000,14818.30000000,101431.20655300,1604793599999,1536510177.09147370,1557021,46204.87062100,700220031.30034720,0,0.00999999999476131,18053.31401,5272501.0,BTCUSDT
2020-11-08,14818.30000000,15650.00000000,14703.88000000,15475.10000000,65547.17857400,1604879999999,998031373.83978030,998773,31175.66089200,474978556.38937917,0,0.00999999999476131,18053.31401,5272501.0,BTCUSDT
2020-11-09,15475.10000000,15840.00000000,14805.54000000,15328.41000000,108976.33413400,1604966399999,1670447935.51417895,1505441,51350.44664100,787324390.76709841,0,0.00999999999476131,18053.31401,5272501.0,BTCUSDT
2020-11-10,15328.41000000,15460.00000000,15072.46000000,15297.21000000,61681.91960600,1605052799999,943615126.08915049,1093466,28945.76656700,442891690.01260021,0,0.00999999999476131,18053.31401,5272501.0,BTCUSDT
2020-11-11,15297.21000000,15965.00000000,15272.68000000,15684.24000000,78469.74645800,1605139199999,1226425496.36185528,1247167,40030.00217300,625865373.37834106,0,0.00999999999476131,18053.31401,5272501.0,BTCUSDT
2020-11-12,15684.25000000,16340.70000000,15440.64000000,16291.86000000,102196.35659200,1605225599999,1628755508.67419840,1472049,50444.97887400,804204066.43862830,0,0.00999999999476131,18053.31401,5272501.0,BTCUSDT
2020-11-13,16291.85000000,16480.00000000,15952.35000000,16320.70000000,75691.88101400,1605311999999,1230358611.12488923,1208773,35301.73094000,574048021.73652388,0,0.00999999999476131,18053.31401,5272501.0,BTCUSDT
2020-11-14,16320.04000000,16326.99000000,15670.00000000,16070.45000000,59116.34717900,1605398399999,944765868.60941899,931424,27724.76780100,443001467.22337944,0,0.00999999999476131,18053.31401,5272501.0,BTCUSDT
2020-11-15,16069.56000000,16180.00000000,15774.72000000,15957.00000000,43596.84151300,1605484799999,696651729.74525343,854441,20853.27084600,333239080.64181383,0,0.00999999999476131,18053.31401,5272501.0,BTCUSDT
2020-11-16,15957.00000000,16880.00000000,15864.00000000,16713.57000000,81300.67592400,1605571199999,1335728013.90576045,1202386,41370.21365900,679593360.64957386,0,0.00999999999476131,18053.31401,5272501.0,BTCUSDT
2020-11-17,16713.08000000,17858.82000000,16538.00000000,17659.38000000,115221.40310200,1605657599999,1982752071.45051193,1646652,58262.06259700,1003081009.61604291,0,0.00999999999476131,18053.31401,5272501.0,BTCUSDT
2020-11-18,17659.38000000,18476.93000000,17214.45000000,17776.12000000,149019.78813400,1605743999999,2663337935.50029849,2091832,73412.73627800,1312369471.65248184,0,0.00999999999476131,18053.31401,5272501.0,BTCUSDT
2020-11-19,17777.75000000,18179.80000000,17335.65000000,17802.82000000,93009.56100800,1605830399999,1656794228.85376354,1513304,45376.57785100,808306886.97419079,0,0.00999999999476131,18053.31401,5272501.0,BTCUSDT
2020-11-20,17802.81000000,18815.22000000,17740.04000000,18655.67000000,88423.01848900,1605916799999,1623135138.59107146,1444692,43549.51207000,799574963.80587161,0,0.00999999999476131,18053.31401,5272501.0,BTCUSDT
2020-11-21,18655.66000000,18965.90000000,18308.58000000,18703.80000000,75577.45839400,1606003199999,1413641591.28417115,1451352,36788.09469300,688352207.11315332,0,0.00999999999476131,18053.31401,5272501.0,BTCUSDT
2020-11-22,18703.80000000,18750.00000000,17610.86000000,18414.43000000,81645.73777800,1606089599999,1497662550.05404281,1528524,39164.42638000,718709271.13717676,0,0.00999999999476131,18053.31401,5272501.0,BTCUSDT
2020-11-23,18413.88000000,18766.00000000,18000.00000000,18368.00000000,82961.50609300,1606175999999,1529064319.66944352,1629379,39611.36061700,730350629.71705125,0,0.00999999999476131,18053.31401,5272501.0,BTCUSDT
2020-11-24,18368.01000000,19418.97000000,18018.00000000,19160.01000000,113581.50924100,1606262399999,2145301450.45794128,2179862,58179.20088200,1098976481.12570495,0,0.00999999999476131,18053.31401,5272501.0,BTCUSDT
2020-11-25,19160.00000000,19484.21000000,18500.27000000,18719.11000000,93266.57688700,1606348799999,1774870796.28823277,1785408,44575.07675800,848724583.33005267,0,0.00999999999476131,18053.31401,5272501.0,BTCUSDT
2020-11-26,18718.83000000,18915.03000000,16188.00000000,17149.47000000,181005.24669300,1606435199999,3127314143.10457491,2770483,84478.80913100,1459155975.95315027,0,0.00999999999476131,18053.31401,5272501.0,BTCUSDT
2020-11-27,17149.47000000,17457.62000000,16438.08000000,17139.52000000,85297.02478700,1606521599999,1446670351.43508800,1572299,42507.35843300,720985570.34073767,0,0.00999999999476131,18053.13888,5272515.0,BTCUSDT
2020-11-28,17139.53000000,17880.49000000,16865.56000000,17719.85000000,64910.69997000,1606607999999,1128061605.10722507,1209385,31785.70689800,552044705.36061018,0,0.00999999999476131,18053.13888,5272515.0,BTCUSDT
2020-11-29,17719.84000000,18360.05000000,17517.00000000,18184.99000000,55329.01630300,1606694399999,996743798.86492166,1141289,27883.98529600,502287686.11938401,0,0.00999999999476131,18053.13888,5272515.0,BTCUSDT
2020-11-30,18185.00000000,19863.16000000,18184.99000000,19695.87000000,115463.46688800,1606780799999,2205929119.50533619,1744149,61033.41490300,1166943549.18424454,0,0.00999999999476131,18053.13888,5272515.0,BTCUSDT
2020-12-01,19695.87000000,19888.00000000,18001.12000000,18764.96000000,127698.76265200,1606867199999,2446070334.82879867,2023802,63805.39289800,1223282816.31921670,0,0.00999999999476131,18053.13888,5272515.0,BTCUSDT
2020-12-02,18764.96000000,19342.00000000,18330.00000000,19204.09000000,75911.01347800,1606953599999,1436895344.82594950,1566635,36421.69039800,689901298.57006888,0,0.00999999999476131,18053.13888,5272515.0,BTCUSDT
2020-12-03,19204.08000000,19598.00000000,18867.20000000,19421.90000000,66689.39127900,1607039999999,1286548310.82670579,1242229,33868.34169800,653783366.90459527,0,0.00999999999476131,18053.13888,5272515.0,BTCUSDT
2020-12-04,19422.34000000,19527.00000000,18565.31000000,18650.52000000,71283.66820000,1607126399999,1358079975.02549805,1286657,32363.45371500,616745259.31451114,0,0.00999999999476131,18053.13888,5272515.0,BTCUSDT
2020-12-05,18650.51000000,19177.00000000,18500.00000000,19147.66000000,42922.74857300,1607212799999,813445434.13081420,932124,21360.26028100,405002656.06997130,0,0.00999999999476131,18053.13888,5272515.0,BTCUSDT
2020-12-06,19147.66000000,19420.00000000,18857.00000000,19359.40000000,37043.09186100,1607299199999,709558933.58290580,820382,19009.40766300,364303500.95709817,0,0.00999999999476131,18053.13888,5272515.0,BTCUSDT
2020-12-07,19358.67000000,19420.91000000,18902.88000000,19166.90000000,41372.29629300,1607385599999,793517668.68394607,840954,18881.80601400,362249650.05341632,0,0.00999999999476131,18053.13888,5272515.0,BTCUSDT
2020-12-08,19166.90000000,19294.84000000,18200.00000000,18324.11000000,61626.94761400,1607471999999,1160658077.40465900,1143181,27811.37851000,524064471.55038376,0,0.00999999999476131,18053.13888,5272515.0,BTCUSDT
2020-12-09,18324.11000000,18639.57000000,17650.00000000,18541.28000000,79585.55380100,1607558399999,1450130664.06458426,1302476,36809.00928700,671042442.47453077,0,0.00999999999476131,18053.13888,5272515.0,BTCUSDT
2020-12-10,18541.29000000,18557.32000000,17911.12000000,18254.63000000,52890.67509400,1607644799999,966149529.00060708,891151,25604.60806900,467840780.52674688,0,0.00999999999476131,18053.13888,5272515.0,BTCUSDT
2020-12-11,18254.81000000,18292.73000000,17572.33000000,18036.53000000,72610.72425900,1607731199999,1301081647.30790015,1117810,34194.98847100,612882050.91672730,0,0.00999999999476131,18053.13888,5272515.0,BTCUSDT
2020-12-12,18036.53000000,18948.66000000,18020.70000000,18808.69000000,49519.97843200,1607817599999,915552835.90618337,891810,26056.33264800,481756117.71600103,0,0.00999999999476131,18053.13888,5272515.0,BTCUSDT
2020-12-13,18808.69000000,19411.00000000,18711.12000000,19174.99000000,56560.82174400,1607903999999,1083520569.09485384,938022,29593.46510000,566907850.62331193,0,0.00999999999476131,18053.13888,5272515.0,BTCUSDT
2020-12-14,19174.99000000,19349.00000000,19000.00000000,19273.14000000,47257.20129400,1607990399999,906101687.73959502,842382,22657.46340100,434506325.32761055,0,0.00999999999476131,18053.13888,5272515.0,BTCUSDT
2020-12-15,19273.69000000,19570.00000000,19050.00000000,19426.43000000,61834.36601100,1608076799999,1196361527.92580183,1046423,31194.16084900,603826364.41392185,0,0.00999999999476131,18053.13888,5272515.0,BTCUSDT
2020-12-16,19426.43000000,21560.00000000,19278.60000000,21335.52000000,114306.33557000,1608163199999,2325135958.64184128,1659135,61245.26237500,1245917122.17202102,0,0.00999999999476131,18053.13888,5272515.0,BTCUSDT
2020-12-17,21335.52000000,23800.00000000,21230.00000000,22797.16000000,184882.47674800,1608249599999,4196645567.42587731,2795084,92409.40507900,2097021808.62956590,0,0.00999999999476131,18053.13888,5272515.0,BTCUSDT
2020-12-18,22797.15000000,23285.18000000,22350.00000000,23107.39000000,79646.13431500,1608335999999,1820875361.29459761,1613775,38359.30215800,877296889.51146859,0,0.00999999999476131,18053.13888,5272515.0,BTCUSDT
2020-12-19,23107.39000000,24171.47000000,22750.00000000,23821.61000000,86045.06467700,1608422399999,2018969878.88686757,1678611,42709.11149800,1002105538.85929248,0,0.00999999999476131,18053.13888,5272515.0,BTCUSDT
2020-12-20,23821.60000000,24295.00000000,23060.00000000,23455.52000000,76690.14568500,1608508799999,1810862074.73030801,1743225,37124.11535800,877166936.60573439,0,0.00999999999476131,18053.13888,5272515.0,BTCUSDT
2020-12-21,23455.54000000,24102.77000000,21815.00000000,22719.71000000,88030.29724300,1608595199999,2035446293.92897096,1593949,41983.04610300,971417184.68964446,0,0.00999999999476131,18053.13888,5272515.0,BTCUSDT
2020-12-22,22719.88000000,23837.10000000,22353.40000000,23810.79000000,87033.12616000,1608681599999,2010758620.24352682,1496277,42681.32670800,986428672.73760714,0,0.00999999999476131,18053.13888,5272515.0,BTCUSDT
2020-12-23,23810.79000000,24100.00000000,22600.00000000,23232.76000000,119047.25973300,1608767999999,2797688007.07187929,2194611,56660.20196100,1332358610.26840513,0,0.00999999999476131,18053.13888,5272515.0,BTCUSDT
2020-12-24,23232.39000000,23794.43000000,22703.42000000,23729.20000000,69013.83425200,1608854399999,1602394244.07677159,1421257,35789.11131900,831484211.69867196,0,0.00999999999476131,18053.13888,5272515.0,BTCUSDT
2020-12-25,23728.99000000,24789.86000000,23433.60000000,24712.47000000,79519.94356900,1608940799999,1919766316.66773676,1504426,41219.08816400,995215944.57256813,0,0.00999999999476131,18053.13888,5272515.0,BTCUSDT
2020-12-26,24712.47000000,26867.03000000,24500.00000000,26493.39000000,97806.51338600,1609027199999,2496533065.17558060,1735574,49839.03407200,1272279529.88706064,0,0.00999999999476131,18053.13888,5272515.0,BTCUSDT
2020-12-27,26493.40000000,28422.00000000,25700.00000000,26281.66000000,148455.58621400,1609113599999,4028928683.88202470,2438493,72649.34048400,1972635486.18350649,0,0.00999999999476131,18053.07365,5272025.0,BTCUSDT
2020-12-28,26281.54000000,27500.00000000,26101.00000000,27079.41000000,79721.74249600,1609199999999,2151806808.57435257,1508204,37895.34562100,1023061029.36558971,0,0.00999999999476131,18053.07365,5272025.0,BTCUSDT
2020-12-29,27079.42000000,27410.00000000,25880.00000000,27385.00000000,69411.59260600,1609286399999,1851617219.76823461,1605166,34276.92260100,914954320.83476055,0,0.00999999999476131,18053.07365,5272025.0,BTCUSDT
2020-12-30,27385.00000000,28996.00000000,27320.00000000,28875.54000000,95356.05782600,1609372799999,2683953237.46027089,1916095,48057.90636600,1352877359.65147360,0,0.00999999999476131,18053.07365,5272025.0,BTCUSDT
2020-12-31,28875.55000000,29300.00000000,27850.00000000,28923.63000000,75508.50515200,1609459199999,2173600125.42007393,1552793,36431.62208000,1049389143.55620635,0,0.00999999999476131,18053.07365,5272025.0,BTCUSDT
2021-01-01,28923.63000000,29600.00000000,28624.57000000,29331.69000000,54182.92501100,1609545599999,1582526989.16187265,1314910,27455.80172500,802247744.54510409,0,0.00999999999476131,18053.07365,5272025.0,BTCUSDT
2021-01-02,29331.70000000,33300.00000000,28946.53000000,32178.33000000,129993.87336200,1609631999999,4073842163.67154117,2245922,67446.30524600,2110334723.88714587,0,0.00999999999476131,18053.07365,5272025.0,BTCUSDT
2021-01-03,32176.45000000,34778.11000000,31962.99000000,33000.05000000,120957.56675000,1609718399999,4057598425.49201649,2369698,59750.33287100,2004428433.93184622,0,0.00999999999476131,18053.07365,5272025.0,BTCUSDT
2021-01-04,33000.05000000,33600.00000000,28130.00000000,31988.71000000,140899.88569000,1609804799999,4429010349.69534487,2642408,69088.46923000,2173435409.01698791,0,0.00999999999476131,18053.07365,5272025.0,BTCUSDT
2021-01-05,31989.75000000,34360.00000000,29900.00000000,33949.53000000,116049.99703800,1609891199999,3743617144.64691529,2526851,59691.75475500,1927195093.64154965,0,0.00999999999476131,18053.07365,5272025.0,BTCUSDT
2021-01-06,33949.53000000,36939.21000000,33288.00000000,36769.36000000,127139.20131000,1609977599999,4431954248.51961439,2591783,63052.91465200,2199632470.22154891,0,0.00999999999476131,18053.07365,5272025.0,BTCUSDT
2021-01-07,36769.36000000,40365.00000000,36300.00000000,39432.28000000,132825.70043700,1610063999999,5062569943.38337156,2814686,65055.10713600,2482583239.85649706,0,0.00999999999476131,18053.07365,5272025.0,BTCUSDT
2021-01-08,39432.48000000,41950.00000000,36500.00000000,40582.81000000,139789.95749900,1610150399999,5568443208.73136537,2925632,67300.15521600,2684975445.97890497,0,0.00999999999476131,18053.07365,5272025.0,BTCUSDT
2021-01-09,40586.96000000,41380.00000000,38720.00000000,40088.22000000,75785.97967500,1610236799999,3054779029.16177669,1998156,37007.32190900,1491990705.55169908,0,0.00999999999476131,18053.07365,5272025.0,BTCUSDT
2021-01-10,40088.22000000,41350.00000000,35111.11000000,38150.02000000,118209.54450300,1610323199999,4604034729.50707020,2628050,55451.34467300,2160976896.82802737,0,0.00999999999476131,18053.07365,5272025.0,BTCUSDT
2021-01-11,38150.02000000,38264.74000000,30420.00000000,35404.47000000,251156.13828700,1610409599999,8497730017.89850578,4472957,123241.58878200,4171891522.05678609,0,0.00999999999476131,18053.07365,5272025.0,BTCUSDT
2021-01-12,35410.37000000,36628.00000000,32531.00000000,34051.24000000,133948.15199600,1610495999999,4651302423.48411635,2674145,65098.31019600,2261732478.83005161,0,0.00999999999476131,18053.07365,5272025.0,BTCUSDT
2021-01-13,34049.15000000,37850.00000000,32380.00000000,37371.38000000,124477.91493800,1610582399999,4322876606.41962586,2514289,63981.03830600,2222872691.37191206,0,0.00999999999476131,18053.07365,5272025.0,BTCUSDT
2021-01-14,37371.38000000,40100.00000000,36701.23000000,39144.50000000,102950.38942100,1610668799999,3974826638.14508874,2297466,51264.46709200,1979442593.04999946,0,0.00999999999476131,18053.07365,5272025.0,BTCUSDT
2021-01-15,39145.21000000,39747.76000000,34408.00000000,36742.22000000,118300.92091600,1610755199999,4371588898.68163653,2560801,57738.03422000,2133723812.75986223,0,0.00999999999476131,18053.07365,5272025.0,BTCUSDT
2021-01-16,36737.43000000,37950.00000000,35357.80000000,35994.98000000,86348.43150800,1610841599999,3178840336.14928450,2066363,42420.42373600,1563160122.01133437,0,0.00999999999476131,18053.07365,5272025.0,BTCUSDT
2021-01-17,35994.98000000,36852.50000000,33850.00000000,35828.61000000,80157.72738400,1610927999999,2843103040.24066405,1860642,39513.63856100,1402648632.85122460,0,0.00999999999476131,18053.07365,5272025.0,BTCUSDT
2021-01-18,35824.99000000,37469.83000000,34800.00000000,36631.27000000,70698.11875000,1611014399999,2554843260.52439897,1707766,35621.50604800,1289347187.16652892,0,0.00999999999476131,18053.07365,5272025.0,BTCUSDT
2021-01-19,36622.46000000,37850.00000000,35844.06000000,35891.49000000,79611.30776900,1611100799999,2935348499.34421406,1939371,38704.68162000,1428235709.85196932,0,0.00999999999476131,18053.07365,5272025.0,BTCUSDT
2021-01-20,35901.94000000,36415.31000000,33400.00000000,35468.23000000,89368.42291800,1611187199999,3126721093.52077622,2234539,42546.63407700,1489289968.43647013,0,0.00999999999476131,18053.07365,5272025.0,BTCUSDT
2021-01-21,35468.23000000,35600.00000000,30071.00000000,30850.13000000,135004.07665800,1611273599999,4386783586.50422555,2881505,63256.21044800,2057240516.61919266,0,0.00999999999476131,18053.07365,5272025.0,BTCUSDT
2021-01-22,30851.99000000,33826.53000000,28850.00000000,32945.17000000,142971.68404900,1611359999999,4483295872.02227268,2707810,70150.18845500,2201161570.49867076,0,0.00999999999476131,18053.07365,5272025.0,BTCUSDT
2021-01-23,32950.00000000,33456.00000000,31390.16000000,32078.00000000,64595.28767500,1611446399999,2089098295.75843661,1700056,32680.77612800,1057114174.55222724,0,0.00999999999476131,18053.07365,5272025.0,BTCUSDT
2021-01-24,32078.00000000,33071.00000000,30900.00000000,32259.90000000,57978.03796600,1611532799999,1864609665.36570168,1528287,27826.11919700,895721122.01695440,0,0.00999999999476131,18053.07365,5272025.0,BTCUSDT
2021-01-25,32259.45000000,34875.00000000,31910.00000000,32254.20000000,88499.22692100,1611619199999,2958759288.56356839,2106548,44489.52413200,1488432034.49242141,0,0.00999999999476131,18053.07365,5272025.0,BTCUSDT
2021-01-26,32254.19000000,32921.88000000,30837.37000000,32467.77000000,84972.20691000,1611705599999,2708545364.49464120,2010392,42402.31291700,1352678098.86632097,0,0.010000000009313226,18053.16514,5272419.0,BTCUSDT
2021-01-27,32464.01000000,32557.29000000,29241.72000000,30366.15000000,95911.96171100,1611791999999,2958081421.64155914,2065953,46664.38163800,1440079785.12051182,0,0.010000000009313226,18053.16514,5272419.0,BTCUSDT
2021-01-28,30362.19000000,33783.98000000,29842.10000000,33364.86000000,92621.14561700,1611878399999,2953553214.06568187,2060660,46067.78232600,1468956156.48507130,0,0.010000000009313226,18053.16514,5272419.0,BTCUSDT
2021-01-29,33368.18000000,38531.90000000,31915.40000000,34252.20000000,231827.00562600,1611964799999,8195593336.22846664,4403349,116537.24784700,4121941033.63732514,0,0.010000000009313226,18053.16514,5272419.0,BTCUSDT
2021-01-30,34246.28000000,34933.00000000,32825.00000000,34262.88000000,84889.68134000,1612051199999,2884500062.93807842,2201040,42418.46709900,1441981400.65363825,0,0.010000000009313226,18053.16514,5272419.0,BTCUSDT
2021-01-31,34262.89000000,34342.69000000,32171.67000000,33092.98000000,68742.28038400,1612137599999,2289641045.75801233,1707064,32480.44735800,1082502551.52057114,0,0.010000000009313226,18053.16514,5272419.0,BTCUSDT
2021-02-01,33092.97000000,34717.27000000,32296.16000000,33526.37000000,82718.27688200,1612223999999,2791776658.00560560,1810492,41855.84148600,1413158966.72809792,0,0.010000000009313226,18053.16514,5272419.0,BTCUSDT
2021-02-02,33517.09000000,35984.33000000,33418.00000000,35466.24000000,78056.65988000,1612310399999,2716321896.31760851,1789672,39216.56310600,1364790964.63689959,0,0.010000000009313226,18053.16514,5272419.0,BTCUSDT
2021-02-03,35472.71000000,37662.63000000,35362.38000000,37618.87000000,80784.33366300,1612396799999,2951232788.18430528,1881740,39863.07506000,1456248046.14191715,0,0.010000000009313226,18053.16514,5272419.0,BTCUSDT
2021-02-04,37620.26000000,38708.27000000,36161.95000000,36936.66000000,92080.73589800,1612483199999,3452669022.15329251,2211866,45516.21369000,1707710013.88953844,0,0.010000000009313226,18053.16514,5272419.0,BTCUSDT
2021-02-05,36936.65000000,38310.12000000,36570.00000000,38290.24000000,66681.33427500,1612569599999,2509278291.75158661,1853253,32756.38503100,1232713879.83813833,0,0.010000000009313226,18053.16514,5272419.0,BTCUSDT
2021-02-06,38289.32000000,40955.51000000,38215.94000000,39186.94000000,98757.31118300,1612655999999,3922095148.92815047,2291646,52015.51336200,2065180747.34722405,0,0.010000000009313226,18053.16514,5272419.0,BTCUSDT
2021-02-07,39181.01000000,39700.00000000,37351.00000000,38795.69000000,84363.67976300,1612742399999,3256521384.24061093,1976357,40764.38895900,1574482907.56390225,0,0.010000000009313226,18053.16514,5272419.0,BTCUSDT
2021-02-08,38795.69000000,46794.45000000,37988.89000000,46374.87000000,138597.53691400,1612828799999,5881536976.63569947,3230961,72345.89156800,3069313839.44113577,0,0.010000000009313226,18053.16514,5272419.0,BTCUSDT
2021-02-09,46374.86000000,48142.19000000,44961.09000000,46420.42000000,115499.86171200,1612915199999,5386255398.01718726,3119034,57429.56434700,2679451036.49180349,0,0.010000000009313226,18053.16514,5272419.0,BTCUSDT
2021-02-10,46420.42000000,47310.00000000,43727.00000000,44807.58000000,97154.18220000,1613001599999,4431650130.25110525,2891592,47971.98573100,2190231238.81758670,0,0.010000000009313226,18053.16514,5272419.0,BTCUSDT
2021-02-11,44807.58000000,48678.90000000,43994.02000000,47969.51000000,89561.08145400,1613087999999,4185630934.41089499,2570949,46138.33674000,2158335922.69232338,0,0.010000000009313226,18053.16514,5272419.0,BTCUSDT
2021-02-12,47968.66000000,48985.80000000,46125.00000000,47287.60000000,85870.03569700,1613174399999,4080571908.96766153,2418841,41841.03913500,1990472918.92858487,0,0.010000000009313226,18053.16514,5272419.0,BTCUSDT
2021-02-13,47298.15000000,48150.00000000,46202.53000000,47153.69000000,63768.09739900,1613260799999,3007710147.41815964,2058823,30996.30985900,1462495399.99281157,0,0.010000000009313226,18053.16514,5272419.0,BTCUSDT
2021-02-14,47156.78000000,49707.43000000,47014.17000000,48577.79000000,73735.47553300,1613347199999,3584808348.83473272,2090070,38752.15668100,1884009921.06286063,0,0.00999999999476131,18053.16514,5272419.0,BTCUSDT
2021-02-15,48580.47000000,49010.92000000,45570.79000000,47911.10000000,79398.15678400,1613433599999,3782219060.66472205,2313155,38176.36466100,1819251655.78142706,0,0.010000000009313226,18053.16514,5272419.0,BTCUSDT
2021-02-16,47911.10000000,50689.18000000,47003.62000000,49133.45000000,88813.26629800,1613519999999,4349983777.69236727,2199849,45608.60383800,2236524604.98835597,0,0.010000000009313226,18053.16514,5272419.0,BTCUSDT
2021-02-17,49133.45000000,52618.74000000,48947.00000000,52119.71000000,85743.63781800,1613606399999,4365831514.81529820,2514374,45055.44624100,2294099235.28002256,0,0.010000000009313226,18053.16514,5272419.0,BTCUSDT
2021-02-18,52117.67000000,52530.00000000,50901.90000000,51552.60000000,60758.04695400,1613692799999,3149973077.48746591,1891592,28893.35862300,1498231635.84390890,0,0.010000000009313226,18053.16514,5272419.0,BTCUSDT
2021-02-19,51552.61000000,56368.00000000,50710.20000000,55906.00000000,79659.77802000,1613779199999,4251167827.68424644,2339215,40556.02024600,2164871310.22394144,0,0.010000000009313226,18053.16514,5272419.0,BTCUSDT
2021-02-20,55906.00000000,57700.46000000,53863.93000000,55841.19000000,80948.20531400,1613865599999,4551890859.85127464,2642846,38636.06627400,2172833878.44096487,0,0.010000000009313226,18053.16514,5272419.0,BTCUSDT
2021-02-21,55841.19000000,58352.80000000,55477.59000000,57408.57000000,58166.70851100,1613951999999,3317998263.34788921,1950533,29506.08908500,1683107088.15736952,0,0.010000000009313226,18053.16514,5272419.0,BTCUSDT
2021-02-22,57412.35000000,57508.47000000,47622.00000000,54087.67000000,134019.43494400,1614038399999,7213386720.43679782,3313083,63677.66197900,3427217154.52097287,0,0.010000000009313226,18053.16514,5272419.0,BTCUSDT
2021-02-23,54087.67000000,54183.59000000,44892.56000000,48891.00000000,169375.02505100,1614124799999,8215839131.24338574,3825196,82464.14299200,4002195292.09735604,0,0.010000000009313226,18053.16514,5272419.0,BTCUSDT
2021-02-24,48891.00000000,51374.99000000,46988.69000000,49676.20000000,91881.20925200,1614211199999,4574033001.37953613,2194532,45750.71483100,2278566606.13834688,0,0.010000000009313226,18053.16514,5272419.0,BTCUSDT
2021-02-25,49676.21000000,52041.73000000,46674.34000000,47073.73000000,83310.67312100,1614297599999,4152188728.14161469,2305679,40610.66475900,2026068517.64636189,0,0.010000000009313226,18053.3125,5272575.0,BTCUSDT
2021-02-26,47073.73000000,48424.11000000,44106.78000000,46276.87000000,109423.20066300,1614383999999,5086374532.73461493,2371766,53626.90462200,2494190193.25228294,0,0.010000000009313226,18053.3125,5272575.0,BTCUSDT
2021-02-27,46276.88000000,48394.00000000,45000.00000000,46106.43000000,66060.83429200,1614470399999,3105897438.55097179,1757720,31987.01964700,1505012110.94959802,0,0.010000000009313226,18053.3125,5272575.0,BTCUSDT
2021-02-28,46103.67000000,46638.46000000,43000.00000000,45135.66000000,83055.36904200,1614556799999,3708359965.45458128,1838345,40688.17185000,1817797446.60238093,0,0.010000000009313226,18053.3125,5272575.0,BTCUSDT
2021-03-01,45134.11000000,49790.00000000,44950.53000000,49587.03000000,85086.11164800,1614643199999,4057515794.86572823,2147223,42616.99436100,2032566685.61430702,0,,,,BTCUSDT
2021-03-02,49595.76000000,50200.00000000,47047.60000000,48440.65000000,64221.06214000,1614729599999,3120472069.90945280,1855583,31377.03807700,1525145370.14352052,0,,,,BTCUSDT
2021-03-03,48436.61000000,52640.00000000,48100.71000000,50349.37000000,81035.91370500,1614815999999,4109521257.54070026,2242131,40955.36839900,2077586898.67821050,0,,,,BTCUSDT
2021-03-04,50349.37000000,51773.88000000,47500.00000000,48374.09000000,82649.71682900,1614902399999,4079837240.85676201,2291936,40269.97788800,1987955554.80481454,0,,,,BTCUSDT
2021-03-05,48374.09000000,49448.93000000,46300.00000000,48751.71000000,78192.49637200,1614988799999,3727133104.83731038,2054216,38318.31037700,1827025012.21754943,0,,,,BTCUSDT
2021-03-06,48746.81000000,49200.00000000,47070.00000000,48882.20000000,44399.23424200,1615075199999,2143910705.29150321,1476474,21500.61561700,1038365872.97995482,0,0.010000000009313226,18053.3125,5272575.0,BTCUSDT
2021-03-07,48882.20000000,51450.03000000,48882.20000000,50971.75000000,55235.02803200,1615161599999,2778875909.44912621,1758101,27885.59696400,1402782879.72115338,0,,,,BTCUSDT
2021-03-08,50959.11000000,52402.78000000,49274.67000000,52375.17000000,66987.35966400,1615247999999,3400847931.03607402,1999401,33595.42957000,1706117798.10549939,0,,,,BTCUSDT
2021-03-09,52375.18000000,54895.00000000,51789.41000000,54884.50000000,71656.73707600,1615334399999,3861450964.65490351,2194398,35011.54108600,1886844773.68462989,0,,,,BTCUSDT
2021-03-10,54874.67000000,57387.69000000,53005.00000000,55851.59000000,84749.23894300,1615420799999,4700197563.35921245,2647284,42651.88740500,2366856292.86677151,0,,,,BTCUSDT
2021-03-11,55851.59000000,58150.00000000,54272.82000000,57773.16000000,81914.81285900,1615507199999,4612366201.00222005,2509970,40603.44966800,2288704819.09510673,0,,,,BTCUSDT
2021-03-12,57773.15000000,58081.51000000,54962.84000000,57221.72000000,73405.40604700,1615593599999,4162054726.37883880,2489931,35802.94146200,2030616300.47343136,0,,,,BTCUSDT
2021-03-13,57221.72000000,61844.00000000,56078.23000000,61188.39000000,83245.09134600,1615679999999,4933383453.24597802,2559002,44387.23191800,2631390814.77279265,0,,,,BTCUSDT
2021-03-14,61188.38000000,61724.79000000,58966.78000000,58968.31000000,52601.05275000,1615766399999,3176397573.88464251,1829769,25325.26705000,1530051005.39804023,0,,,,BTCUSDT
2021-03-15,58976.08000000,60633.43000000,54600.00000000,55605.20000000,102771.42729800,1615852799999,5874241052.09337221,2683815,49825.43834700,2848907086.63436949,0,,,,BTCUSDT
2021-03-16,55605.20000000,56938.29000000,53271.34000000,56900.75000000,77986.69435500,1615939199999,4304259207.64509981,2241208,37825.50149300,2088111362.55123841,0,,,,BTCUSDT
2021-03-17,56900.74000000,58974.73000000,54123.69000000,58912.97000000,70421.62084100,1616025599999,3960992972.15429223,2204296,34778.74577500,1957825522.68032863,0,,,,BTCUSDT
2021-03-18,58912.97000000,60129.97000000,57023.00000000,57648.16000000,66580.40667500,1616111999999,3900885761.21280599,2040947,32287.37991100,1892327691.36669634,0,,,,BTCUSDT
2021-03-19,57641.00000000,59468.00000000,56270.74000000,58030.01000000,52392.65296100,1616198399999,3052711147.93492521,1885830,25552.51122300,1489274083.26434220,0,,,,BTCUSDT
2021-03-20,58030.01000000,59880.00000000,57820.17000000,58102.28000000,44476.94177600,1616284799999,2616535093.05158531,1724131,22212.44672300,1307023993.12344343,0,,,,BTCUSDT
2021-03-21,58100.02000000,58589.10000000,55450.11000000,57351.56000000,48564.47027400,1616371199999,2774223129.62380987,1773546,23648.94167600,1350989191.27683849,0,,,,BTCUSDT
2021-03-22,57351.56000000,58430.73000000,53650.00000000,54083.25000000,62581.62616900,1616457599999,3527479514.32565286,1927345,30749.05902800,1733579080.56900055,0,,,,BTCUSDT
2021-03-23,54083.25000000,55830.90000000,53000.00000000,54340.89000000,59789.36542700,1616543999999,3264650774.81746144,1740349,29563.40974000,1614722150.81925661,0,,,,BTCUSDT
2021-03-24,54342.80000000,57200.00000000,51700.00000000,52303.65000000,83537.46502100,1616630399999,4583159614.04646126,2401988,39323.13006700,2161386678.80682066,0,,,,BTCUSDT
2021-03-25,52303.66000000,53287.00000000,50427.56000000,51293.78000000,87400.53453800,1616716799999,4536327184.95786042,2099425,42947.39773300,2229351569.58702623,0,,,,BTCUSDT
2021-03-26,51293.78000000,55073.46000000,51214.60000000,55025.59000000,63813.77469200,1616803199999,3397036140.75163746,1773150,31822.54523800,1694326043.33711574,0,,,,BTCUSDT
2020-01-01,129.16000000,133.05000000,128.68000000,130.77000000,144770.52197000,1577923199999,18952318.53206430,75888,71847.93883000,9407940.16106830,0,0.010000000000218279,483905.4812,5958590.0,ETHUSDT
2020-01-02,130.72000000,130.78000000,126.38000000,127.19000000,213757.05806000,1578009599999,27486853.39482150,96193,105830.56192000,13615064.56872850,0,0.010000000000218279,483905.4812,5958590.0,ETHUSDT
2020-01-03,127.19000000,135.14000000,125.88000000,134.35000000,413055.18895000,1578095999999,54139288.21657680,162310,227899.25531000,29863547.62120130,0,0.010000000000218279,483905.4812,5958590.0,ETHUSDT
2020-01-04,134.37000000,135.85000000,132.50000000,134.20000000,184276.17102000,1578182399999,24641135.56895300,95488,85809.67556000,11476955.59469460,0,0.010000000000218279,483905.4812,5958590.0,ETHUSDT
2020-01-05,134.20000000,138.19000000,134.19000000,135.37000000,254120.45343000,1578268799999,34593687.60327480,115106,126786.52057000,17260443.97042190,0,0.010000000000218279,483905.4812,5958590.0,ETHUSDT
2020-01-06,135.37000000,144.41000000,134.86000000,144.15000000,408020.27375000,1578355199999,57400544.48725700,159866,199544.89847000,28085835.71855720,0,0.010000000000218279,483905.4812,5958590.0,ETHUSDT
2020-01-07,144.14000000,145.31000000,138.76000000,142.80000000,447762.17281000,1578441599999,63861666.40475940,188444,224063.89164000,31981440.09214260,0,0.010000000000218279,483905.4812,5958590.0,ETHUSDT
2020-01-08,142.80000000,147.77000000,137.03000000,140.72000000,570465.57764000,1578527999999,81184999.73195760,229912,282151.20995000,40157986.56999530,0,0.010000000000218279,483905.4812,5958590.0,ETHUSDT
2020-01-09,140.76000000,141.50000000,135.30000000,137.74000000,366076.06569000,1578614399999,50611452.58464480,152241,185916.38689000,25716637.96851200,0,0.010000000000218279,483905.4812,5958590.0,ETHUSDT
2020-01-10,137.73000000,145.17000000,135.32000000,144.84000000,409403.59507000,1578700799999,57377525.56268220,167313,212395.40493000,29753335.79090260,0,0.010000000000218279,483905.4812,5958590.0,ETHUSDT
2020-01-11,144.83000000,148.05000000,142.09000000,142.38000000,368350.57939000,1578787199999,53149360.56174780,156488,189781.12128000,27384707.92905200,0,0.010000000000218279,483905.4812,5958590.0,ETHUSDT
2020-01-12,142.40000000,146.60000000,141.76000000,146.54000000,229541.86137000,1578873599999,33112850.82223460,110842,112369.46853000,16214587.12917720,0,0.010000000000218279,483905.4812,5958590.0,ETHUSDT
2020-01-13,146.56000000,147.00000000,142.27000000,143.58000000,207996.61865000,1578959999999,29888095.36705080,102544,99446.20096000,14292973.19704950,0,0.010000000000218279,483905.4812,5958590.0,ETHUSDT
2020-01-14,143.58000000,171.70000000,143.51000000,165.64000000,1108476.31186000,1579046399999,173492006.24820750,321408,569410.84447000,89171070.39954080,0,0.010000000000218279,483905.4812,5958590.0,ETHUSDT
2020-01-15,165.60000000,171.98000000,159.20000000,166.40000000,721687.80381000,1579132799999,119239937.92994240,251183,350727.96393000,57992191.98119160,0,0.010000000000218279,483905.4812,5958590.0,ETHUSDT
2020-01-16,166.40000000,167.40000000,157.80000000,164.21000000,456170.86719000,1579219199999,74038650.82913100,179108,221669.39628000,35985561.13104170,0,0.010000000000218279,483905.4812,5958590.0,ETHUSDT
2020-01-17,164.24000000,174.81000000,162.14000000,169.85000000,767180.67853000,1579305599999,129909265.25615680,273867,375143.01514000,63553850.73453580,0,0.010000000000218279,483905.4812,5958590.0,ETHUSDT
2020-01-18,169.92000000,179.50000000,164.92000000,174.14000000,688783.17982000,1579391999999,119388338.75249420,240660,350447.01511000,60783310.66908490,0,0.010000000000218279,483905.4812,5958590.0,ETHUSDT
2020-01-19,174.10000000,178.05000000,161.66000000,166.79000000,624681.28604000,1579478399999,105691368.81966230,203953,307350.63954000,51957534.85309240,0,0.010000000000218279,483905.4812,5958590.0,ETHUSDT
2020-01-20,166.79000000,169.33000000,161.24000000,166.87000000,358092.88410000,1579564799999,59292534.71746490,130615,181828.19520000,30119285.65625970,0,0.010000000000218279,483905.4812,5958590.0,ETHUSDT
2020-01-21,166.86000000,170.32000000,164.80000000,169.49000000,308007.63530000,1579651199999,51615232.56698970,125609,154669.56313000,25916761.62117410,0,0.009999999999763531,483905.4812,5958590.0,ETHUSDT
2020-01-22,169.48000000,171.47000000,166.03000000,168.07000000,272240.90286000,1579737599999,45903134.16291320,111017,131183.80623000,22137225.77374620,0,0.009999999999763531,483905.4812,5958590.0,ETHUSDT
2020-01-23,168.07000000,168.20000000,159.21000000,162.81000000,373414.34985000,1579823999999,60971659.77458240,150875,179121.31926000,29244864.76378710,0,0.009999999999763531,483905.4812,5958590.0,ETHUSDT
2020-01-24,162.85000000,164.45000000,155.55000000,162.54000000,430013.19902000,1579910399999,68980724.06049470,145668,201937.83641000,32428806.00500690,0,0.009999999999763531,483905.4812,5958590.0,ETHUSDT
2020-01-25,162.51000000,162.79000000,157.61000000,160.35000000,219921.65197000,1579996799999,35196608.30633680,95448,114622.44585000,18335347.16165160,0,0.009999999999763531,483905.4812,5958590.0,ETHUSDT
2020-01-26,160.36000000,168.08000000,159.41000000,167.86000000,251582.55758000,1580083199999,41239031.33790620,116628,135644.62680000,22253874.87122680,0,0.009999999999763531,483905.4812,5958590.0,ETHUSDT
2020-01-27,167.91000000,172.56000000,165.22000000,170.08000000,365894.81917000,1580169599999,61846624.61453890,157072,183012.19780000,30945679.51868380,0,0.009999999999763531,483905.4812,5958590.0,ETHUSDT
2020-01-28,170.04000000,176.20000000,170.03000000,175.64000000,473433.89609000,1580255999999,81649497.49294890,178990,249252.61532000,42996095.55943560,0,0.009999999999763531,483905.4812,5958590.0,ETHUSDT
2020-01-29,175.58000000,178.45000000,173.33000000,173.72000000,317382.90161000,1580342399999,55988230.27435140,145062,151440.50706000,26718161.10623690,0,0.009999999999763531,483905.4812,5958590.0,ETHUSDT
2020-01-30,173.68000000,187.00000000,170.93000000,184.69000000,477721.66090000,1580428799999,85164074.08231600,189458,241401.15381000,43057387.75118880,0,0.009999999999763531,483905.4812,5958590.0,ETHUSDT
2020-01-31,184.71000000,185.82000000,175.22000000,179.99000000,385596.53365000,1580515199999,69633052.28263920,157597,182789.87905000,33021337.95611110,0,0.009999999999763531,483905.4812,5958590.0,ETHUSDT
2020-02-01,179.94000000,184.28000000,179.23000000,183.60000000,259370.12902000,1580601599999,47263178.06678230,124149,125544.78709000,22884938.04605620,0,0.010000000000218279,483913.7374,5958954.0,ETHUSDT
2020-02-02,183.63000000,193.43000000,179.10000000,188.44000000,552621.13619000,1580687999999,104105613.55878510,222425,280248.03436000,52807627.80381550,0,0.010000000000218279,483913.7374,5958954.0,ETHUSDT
2020-02-03,188.48000000,195.19000000,186.62000000,189.69000000,417175.95781000,1580774399999,79336312.52469230,181726,213868.71408000,40681548.24643290,0,0.010000000000218279,483913.7374,5958954.0,ETHUSDT
2020-02-04,189.74000000,191.60000000,184.69000000,188.91000000,366389.69686000,1580860799999,68720832.61529370,173353,174776.24193000,32795529.65348510,0,0.010000000000218279,483913.7374,5958954.0,ETHUSDT
2020-02-05,188.91000000,207.61000000,188.19000000,203.78000000,550942.11417000,1580947199999,108659358.53591860,241415,291264.24776000,57410798.32462930,0,0.010000000000218279,483913.7374,5958954.0,ETHUSDT
2020-02-06,203.78000000,216.33000000,201.02000000,213.19000000,608240.22330000,1581033599999,127874220.81468680,276196,302771.02677000,63669109.12426110,0,0.010000000000218279,483913.7374,5958954.0,ETHUSDT
2020-02-07,213.16000000,225.00000000,213.14000000,223.33000000,629361.15466000,1581119999999,138524804.21757590,268274,313125.90630000,68898379.27826870,0,0.010000000000218279,483913.7374,5958954.0,ETHUSDT
2020-02-08,223.36000000,227.75000000,213.22000000,223.05000000,548551.87465000,1581206399999,122069507.65511160,257281,277426.26209000,61749990.22004080,0,0.010000000000218279,483913.7374,5958954.0,ETHUSDT
2020-02-09,223.01000000,230.65000000,222.86000000,228.49000000,350336.24399000,1581292799999,79674647.00019990,183735,172523.02255000,39249445.39954730,0,0.010000000000218279,483913.7374,5958954.0,ETHUSDT
2020-02-10,228.53000000,229.40000000,216.37000000,222.89000000,510415.49949000,1581379199999,113385288.95030170,232617,255575.45007000,56800747.20515700,0,0.010000000000218279,483913.7374,5958954.0,ETHUSDT
2020-02-11,222.89000000,239.15000000,218.17000000,236.69000000,595576.90276000,1581465599999,135863928.62430580,250241,309901.30870000,70710866.22847840,0,0.010000000000218279,483913.7374,5958954.0,ETHUSDT
2020-02-12,236.69000000,275.34000000,236.69000000,265.74000000,1038073.74782000,1581551999999,266734296.55029730,415316,521382.12082000,133916108.01620910,0,0.010000000000218279,483913.7374,5958954.0,ETHUSDT
2020-02-13,265.74000000,277.69000000,256.08000000,268.32000000,1089679.15370000,1581638399999,291533156.09169540,422008,539389.59743000,144330540.73887080,0,0.010000000000218279,483913.7374,5958954.0,ETHUSDT
2020-02-14,268.34000000,287.15000000,260.28000000,285.15000000,734944.32266000,1581724799999,201120424.58322010,309022,380703.78554000,104184138.43923920,0,0.010000000000218279,483913.7374,5958954.0,ETHUSDT
2020-02-15,285.11000000,288.41000000,261.86000000,264.88000000,860813.14274000,1581811199999,236287101.09867710,348934,419793.21130000,115254803.51058330,0,0.010000000000218279,483913.7374,5958954.0,ETHUSDT
2020-02-16,264.91000000,274.00000000,237.41000000,258.85000000,1110118.46395000,1581897599999,286269166.28143690,416082,526993.06165000,135974874.77418050,0,0.010000000000218279,483913.7374,5958954.0,ETHUSDT
2020-02-17,258.89000000,268.77000000,242.00000000,267.85000000,1110371.39094000,1581983999999,280371301.75499170,417529,542125.21208000,136867563.53063770,0,0.010000000000218279,483913.7374,5958954.0,ETHUSDT
2020-02-18,267.90000000,285.88000000,258.00000000,282.61000000,1115523.43992000,1582070399999,304162263.30613900,431799,550241.02070000,150109585.65248150,0,0.010000000000218279,483913.7374,5958954.0,ETHUSDT
2020-02-19,282.64000000,285.00000000,251.56000000,258.45000000,705973.72988000,1582156799999,191887955.75834830,298048,343303.10692000,93329064.50806450,0,0.010000000000218279,483913.7374,5958954.0,ETHUSDT
2020-02-20,258.44000000,264.33000000,245.34000000,256.96000000,972969.71691000,1582243199999,249383114.01101130,373551,494884.31858000,126895480.43393930,0,0.010000000000218279,483913.7374,5958954.0,ETHUSDT
2020-02-21,256.97000000,268.24000000,253.61000000,265.27000000,525827.87340000,1582329599999,137848242.42793050,214306,269791.13743000,70748990.19707250,0,0.010000000000218279,483913.7374,5958954.0,ETHUSDT
2020-02-22,265.32000000,266.81000000,256.00000000,261.57000000,313062.52133000,1582415999999,81781388.31935340,136810,156822.35067000,40974857.93911700,0,0.010000000000218279,483913.7374,5958954.0,ETHUSDT
2020-02-23,261.55000000,275.68000000,261.02000000,274.48000000,444740.82883000,1582502399999,120024058.97196630,178464,225478.68725000,60845374.19844940,0,0.010000000000218279,483913.7374,5958954.0,ETHUSDT
2020-02-24,274.50000000,277.20000000,257.09000000,265.52000000,696591.72983000,1582588799999,185949182.70858070,263161,330793.92829000,88287487.18652770,0,0.010000000000218279,483913.7374,5958954.0,ETHUSDT
2020-02-25,265.47000000,266.22000000,244.44000000,246.67000000,774791.01027000,1582675199999,197442911.54473170,277457,381947.38852000,97346482.22595150,0,0.010000000000218279,483913.7374,5958954.0,ETHUSDT
2020-02-26,246.67000000,250.32000000,215.66000000,223.93000000,1395879.41507000,1582761599999,324229460.62116020,454355,656347.55839000,152612432.44475370,0,0.010000000000218279,483913.7374,5958954.0,ETHUSDT
2020-02-27,223.98000000,238.30000000,210.00000000,227.79000000,1273793.11658000,1582847999999,287322727.29672570,415969,627806.95842000,141632481.67214530,0,0.010000000000218279,483913.7374,5958954.0,ETHUSDT
2020-02-28,227.73000000,234.67000000,214.01000000,226.76000000,1054994.92397000,1582934399999,236064804.33459430,347125,510185.33752000,114271376.01220230,0,0.010000000000218279,483913.7374,5958954.0,ETHUSDT
2020-02-29,226.76000000,233.00000000,217.00000000,217.21000000,546866.68510000,1583020799999,123635801.01782530,211771,276266.12871000,62479741.17673970,0,0.010000000000218279,483913.7374,5958954.0,ETHUSDT
2020-03-01,217.29000000,227.89000000,212.36000000,217.81000000,715016.01941000,1583107199999,157064953.84227790,265577,360047.11333000,79085739.01183300,0,0.010000000000218279,483913.7374,5958954.0,ETHUSDT
2020-03-02,217.81000000,234.40000000,216.07000000,231.97000000,810051.48330000,1583193599999,182948651.67645310,258680,402597.52232000,90992396.71547610,0,0.009999999999763531,483921.3346,5959028.0,ETHUSDT
2020-03-03,232.10000000,232.46000000,219.57000000,223.91000000,741498.54825000,1583279999999,168090325.53879240,253103,370933.36958000,84105282.69583100,0,0.009999999999763531,483921.3346,5959028.0,ETHUSDT
2020-03-04,223.84000000,228.85000000,220.23000000,224.26000000,443780.33772000,1583366399999,99650220.54162080,167247,218963.33645000,49186332.76661420,0,0.009999999999763531,483921.3346,5959028.0,ETHUSDT
2020-03-05,224.26000000,234.09000000,224.23000000,228.38000000,601479.87587000,1583452799999,138081898.28666810,227242,297495.35318000,68301116.79467770,0,0.009999999999763531,483921.3346,5959028.0,ETHUSDT
2020-03-06,228.38000000,245.16000000,227.33000000,244.88000000,628147.32570000,1583539199999,148563741.83299240,234091,328731.56561000,77799831.59926970,0,0.009999999999763531,483921.3346,5959028.0,ETHUSDT
2020-03-07,244.93000000,251.93000000,236.00000000,237.23000000,633748.89662000,1583625599999,154037325.61130680,238113,311459.94084000,75736818.09643840,0,0.009999999999763531,483921.3346,5959028.0,ETHUSDT
2020-03-08,237.23000000,237.23000000,195.50000000,199.43000000,1278973.53741000,1583711999999,277970187.86826010,412787,591086.61596000,128602756.90604900,0,0.009999999999763531,483921.3346,5959028.0,ETHUSDT
2020-03-09,199.43000000,208.62000000,190.00000000,202.81000000,1661331.83553000,1583798399999,332570408.53515290,473504,822023.18618000,164639631.82315350,0,0.009999999999763531,483921.3346,5959028.0,ETHUSDT
2020-03-10,202.79000000,206.20000000,195.54000000,200.70000000,1020260.10700000,1583884799999,205536190.19393920,332398,501745.90774000,101099251.53024810,0,0.009999999999763531,483921.3346,5959028.0,ETHUSDT
2020-03-11,200.74000000,203.18000000,181.73000000,194.61000000,1079824.90167000,1583971199999,208232375.18620150,344156,539239.29222000,104024026.91909340,0,0.009999999999763531,483921.3346,5959028.0,ETHUSDT
2020-03-12,194.61000000,195.55000000,101.20000000,107.82000000,3814533.14046000,1584057599999,548668262.23472350,937284,1810764.23167000,260692153.17482450,0,0.009999999999763531,483921.3346,5959028.0,ETHUSDT
2020-03-13,107.67000000,139.68000000,86.00000000,134.06000000,4663239.92861000,1584143999999,560710331.84217540,1199923,2314458.37004000,278488985.95526650,0,0.009999999999763531,483921.3346,5959028.0,ETHUSDT
2020-03-14,134.06000000,134.68000000,120.00000000,122.54000000,1237674.88642000,1584230399999,159192895.55261970,398146,628481.86635000,80877487.98928390,0,0.009999999999763531,483921.3346,5959028.0,ETHUSDT
2020-03-15,122.54000000,133.50000000,120.16000000,123.78000000,1312950.90137000,1584316799999,163436235.26909020,346579,669525.68240000,83359166.35016240,0,0.009999999999763531,483921.3346,5959028.0,ETHUSDT
2020-03-16,123.82000000,124.33000000,101.10000000,111.02000000,2442064.14448000,1584403199999,270353891.80500360,663277,1191735.45431000,131882551.29453890,0,0.009999999999763531,483921.3346,5959028.0,ETHUSDT
2020-03-17,111.02000000,120.80000000,109.38000000,115.67000000,1295108.48480000,1584489599999,150800664.07195460,378258,654284.35784000,76179202.04303240,0,0.009999999999763531,483921.3346,5959028.0,ETHUSDT
2020-03-18,115.67000000,118.50000000,109.86000000,118.11000000,1201850.31275000,1584575999999,137550912.08551710,346312,604214.46019000,69185743.99493410,0,0.009999999999763531,483921.3346,5959028.0,ETHUSDT
2020-03-19,118.11000000,143.13000000,115.46000000,136.30000000,1801071.18816000,1584662399999,231626928.16070490,489147,904222.90527000,116437845.40569180,0,0.009999999999763531,483921.3346,5959028.0,ETHUSDT
2020-03-20,136.30000000,152.55000000,116.74000000,133.48000000,2504057.63799000,1584748799999,345856006.74779890,707216,1240999.35166000,171579646.80308030,0,0.009999999999763531,483921.3346,5959028.0,ETHUSDT
2020-03-21,133.49000000,137.49000000,125.69000000,132.66000000,1231842.11121000,1584835199999,162468451.77231490,401288,607735.22807000,80144362.79303360,0,0.009999999999763531,483921.3346,5959028.0,ETHUSDT
2020-03-22,132.63000000,137.13000000,121.10000000,122.32000000,1055699.86532000,1584921599999,135927941.07951970,337273,533153.20327000,68650481.21682690,0,0.009999999999763531,483921.3346,5959028.0,ETHUSDT
2020-03-23,122.31000000,137.50000000,119.50000000,135.92000000,1436796.12449000,1585007999999,184851609.12426900,416820,738648.10253000,95088118.66894010,0,0.009999999999763531,483921.3346,5959028.0,ETHUSDT
2020-03-24,135.89000000,143.36000000,132.20000000,138.42000000,1244377.16334000,1585094399999,171156363.69230240,381573,627879.32436000,86383070.30653970,0,0.009999999999763531,483921.3346,5959028.0,ETHUSDT
2020-03-25,138.42000000,142.33000000,132.54000000,136.10000000,1034248.74369000,1585180799999,141795323.02687100,317580,512056.56415000,70208229.99513950,0,0.009999999999763531,483921.3346,5959028.0,ETHUSDT
2020-03-26,136.11000000,139.74000000,133.26000000,138.40000000,751060.63102000,1585267199999,101918769.67229330,248508,380709.15691000,51679665.33863590,0,0.009999999999763531,483921.3346,5959028.0,ETHUSDT
2020-03-27,138.40000000,141.27000000,129.68000000,131.33000000,706948.54559000,1585353599999,96581886.87894690,224835,340830.61973000,46615645.76174940,0,0.009999999999763531,483921.3346,5959028.0,ETHUSDT
2020-03-28,131.33000000,132.97000000,124.88000000,130.98000000,896032.10594000,1585439999999,115166651.97007420,274768,441256.50002000,56744425.26570820,0,0.009999999999763531,483922.0671,5959049.0,ETHUSDT
2020-03-29,130.94000000,131.84000000,123.81000000,124.50000000,543997.00000000,1585526399999,69434202.20547170,182914,248597.98141000,31762471.02345850,0,0.009999999999763531,483921.3346,5959028.0,ETHUSDT
2020-03-30,124.47000000,135.42000000,124.06000000,132.06000000,764831.92747000,1585612799999,100271145.86256300,241576,392536.46962000,51471681.57962200,0,0.009999999999763531,483921.3346,5959028.0,ETHUSDT
2020-03-31,132.09000000,135.00000000,130.38000000,132.72000000,547669.27789000,1585699199999,72618183.48059540,172692,270347.28434000,35849972.62833730,0,0.009999999999763531,483921.3346,5959028.0,ETHUSDT
2020-04-01,132.72000000,136.99000000,128.62000000,135.69000000,680922.24747000,1585785599999,90063924.23039740,199637,324454.19164000,42946394.47652280,0,0.009999999999763531,484022.2464,5959192.0,ETHUSDT
2020-04-02,135.65000000,149.76000000,135.01000000,141.28000000,1138977.66114000,1585871999999,159989506.60494540,314519,578693.19522000,81265956.91314490,0,0.009999999999763531,484022.2464,5959192.0,ETHUSDT
2020-04-03,141.27000000,146.72000000,137.26000000,141.31000000,797546.11446000,1585958399999,113731706.71499980,239800,377394.13095000,53851773.63059670,0,0.009999999999763531,484022.2464,5959192.0,ETHUSDT
2020-04-04,141.30000000,146.28000000,138.88000000,144.10000000,573508.14086000,1586044799999,81640622.82843230,178768,292547.08055000,41667692.34584250,0,0.009999999999763531,484022.2464,5959192.0,ETHUSDT
2020-04-05,144.10000000,145.58000000,140.68000000,142.68000000,414987.45246000,1586131199999,59383946.12744140,134223,205853.93595000,29454884.73752670,0,0.009999999999763531,484022.2464,5959192.0,ETHUSDT
2020-04-06,142.69000000,172.00000000,142.60000000,171.32000000,1636338.73110000,1586217599999,257097597.78387530,432858,839620.34479000,131930482.84646460,0,0.009999999999763531,484022.2464,5959192.0,ETHUSDT
2020-04-07,171.32000000,176.22000000,162.22000000,164.63000000,1717962.82538000,1586303999999,292710722.58224840,446557,854069.17522000,145531653.92763160,0,0.009999999999763531,484022.2464,5959192.0,ETHUSDT
2020-04-08,164.62000000,174.48000000,163.59000000,173.11000000,1023575.92076000,1586390399999,173916484.78615510,287799,511443.62149000,86963287.60141520,0,0.009999999999763531,484022.2464,5959192.0,ETHUSDT
2020-04-09,173.15000000,173.38000000,165.19000000,169.52000000,719837.24423000,1586476799999,122531131.95595830,212541,356967.49573000,60787119.84138850,0,0.009999999999763531,484022.2464,5959192.0,ETHUSDT
2020-04-10,169.56000000,170.10000000,152.11000000,157.81000000,1314841.36200000,1586563199999,209535613.32367140,323430,623128.08335000,99285405.30938550,0,0.009999999999763531,484022.2464,5959192.0,ETHUSDT
2020-04-11,157.81000000,161.37000000,153.91000000,158.33000000,621599.61289000,1586649599999,98275533.06263670,168046,313112.58332000,49512383.08581670,0,0.009999999999763531,484022.2464,5959192.0,ETHUSDT
2020-04-12,158.33000000,164.78000000,155.00000000,158.59000000,809100.24594000,1586735999999,129919934.44376530,223429,396232.44593000,63624893.23050370,0,0.009999999999763531,484022.2464,5959192.0,ETHUSDT
2020-04-13,158.56000000,158.97000000,150.00000000,156.29000000,1042091.03622000,1586822399999,160423270.30371500,255965,519763.88357000,80051376.52875040,0,0.009999999999763531,484022.2464,5959192.0,ETHUSDT
2020-04-14,156.28000000,161.85000000,155.23000000,158.45000000,698030.65089000,1586908799999,110710086.10400900,178490,343955.51426000,54564372.10918630,0,0.009999999999763531,484022.2464,5959192.0,ETHUSDT
2020-04-15,158.46000000,161.29000000,152.00000000,152.73000000,729119.66505000,1586995199999,114640840.11551650,186226,347034.48291000,54594699.03576640,0,0.009999999999763531,484022.2464,5959192.0,ETHUSDT
2020-04-16,152.74000000,174.79000000,148.33000000,172.29000000,1647207.59991000,1587081599999,273639160.06938750,389854,830355.78324000,137897793.15056740,0,0.009999999999763531,484022.2464,5959192.0,ETHUSDT
2020-04-17,172.31000000,174.96000000,168.31000000,170.69000000,723537.75591000,1587167999999,123553456.31967860,191289,352005.34180000,60121889.86467380,0,0.009999999999763531,484022.2464,5959192.0,ETHUSDT
2020-04-18,170.61000000,189.54000000,170.48000000,187.40000000,1127296.36979000,1587254399999,203132211.95640910,286172,569708.87703000,102696714.57128610,0,0.009999999999763531,484022.2464,5959192.0,ETHUSDT
2020-04-19,187.40000000,188.35000000,175.75000000,180.03000000,995759.57750000,1587340799999,181415813.50269480,270668,478833.69271000,87227250.30026600,0,0.009999999999763531,484022.2464,5959192.0,ETHUSDT
2020-04-20,180.02000000,186.46000000,166.70000000,170.20000000,1547821.52737000,1587427199999,273854539.80380100,365589,745586.67414000,131918687.66076710,0,0.009999999999763531,484022.2464,5959192.0,ETHUSDT
2020-04-21,170.21000000,174.70000000,168.00000000,170.74000000,906381.65398000,1587513599999,155292048.43579020,228262,454400.78888000,77856857.48694720,0,0.009999999999763531,484022.2464,5959192.0,ETHUSDT
2020-04-22,170.73000000,184.00000000,169.78000000,182.70000000,988698.39076000,1587599999999,176079076.92749950,246896,488185.26353000,86960811.93958360,0,0.009999999999763531,484022.2464,5959192.0,ETHUSDT
2020-04-23,182.70000000,193.63000000,178.16000000,185.51000000,1457867.08713000,1587686399999,270862911.36856540,363772,719694.31692000,133791885.01731330,0,0.009999999999763531,484022.2464,5959192.0,ETHUSDT
2020-04-24,185.57000000,189.80000000,184.72000000,187.59000000,780904.21257000,1587772799999,146419748.08164820,222074,368634.10604000,69133236.24006010,0,0.009999999999763531,484022.2464,5959192.0,ETHUSDT
2020-04-25,187.60000000,198.36000000,185.76000000,194.21000000,866478.04928000,1587859199999,167703202.42505130,244755,438541.85997000,84884022.53154650,0,0.009999999999763531,484022.2464,5959192.0,ETHUSDT
2020-04-26,194.21000000,200.00000000,192.30000000,197.38000000,758525.81533000,1587945599999,148433709.77718670,228826,383155.46184000,74997367.32236560,0,0.009999999999763531,484022.2464,5959192.0,ETHUSDT
2020-04-27,197.39000000,199.05000000,189.29000000,196.34000000,896627.37271000,1588031999999,174775637.92727570,238341,426083.00347000,83095117.55550340,0,0.009999999999763531,484022.2464,5959192.0,ETHUSDT
2020-04-28,196.33000000,198.50000000,192.36000000,196.24000000,636829.89397000,1588118399999,124476041.88938340,183819,324710.24289000,63499045.65033740,0,0.009999999999763531,484022.2464,5959192.0,ETHUSDT
2020-04-29,196.24000000,218.77000000,196.22000000,215.36000000,1620422.72431000,1588204799999,338324593.63729170,445147,817195.35504000,170664754.30895850,0,0.009999999999763531,484022.2464,5959192.0,ETHUSDT
2020-04-30,215.40000000,227.30000000,202.00000000,206.08000000,1749691.00151000,1588291199999,374893029.77430840,557268,840566.78901000,180276410.99706310,0,0.009999999999763531,484022.2464,5959192.0,ETHUSDT
2020-05-01,206.07000000,217.14000000,205.91000000,212.02000000,794913.95828000,1588377599999,168339123.35791390,291365,389989.76909000,82585993.16044210,0,0.010000000000218279,484036.0967,5959556.0,ETHUSDT
2020-05-02,212.01000000,215.37000000,210.36000000,213.90000000,443494.67248000,1588463999999,94389501.51781640,185802,225155.58197000,47928012.23135540,0,0.010000000000218279,484036.0967,5959556.0,ETHUSDT
2020-05-03,213.89000000,219.30000000,203.92000000,209.86000000,748383.91311000,1588550399999,158874887.07834110,268841,354161.96792000,75207830.89534740,0,0.010000000000218279,484036.0967,5959556.0,ETHUSDT
2020-05-04,209.86000000,210.65000000,194.88000000,206.48000000,1114249.32658000,1588636799999,225451167.65536830,349701,553422.13712000,111948053.08533100,0,0.010000000000218279,484036.0967,5959556.0,ETHUSDT
2020-05-05,206.47000000,211.68000000,201.00000000,205.29000000,640644.66268000,1588723199999,131906204.90781300,246124,310794.78031000,64025329.18628990,0,0.010000000000218279,484036.0967,5959556.0,ETHUSDT
2020-05-06,205.30000000,210.77000000,197.71000000,198.97000000,862700.67849000,1588809599999,178157452.60084120,271299,411115.12204000,84998478.60793140,0,0.010000000000218279,484036.0967,5959556.0,ETHUSDT
2020-05-07,198.92000000,215.10000000,196.43000000,212.00000000,1305778.73764000,1588895999999,271197927.66502780,380313,660789.67892000,137272634.80833200,0,0.010000000000218279,484036.0967,5959556.0,ETHUSDT
2020-05-08,212.01000000,216.61000000,206.90000000,211.31000000,917908.19440000,1588982399999,194579529.42776330,262122,445600.39696000,94465691.13477140,0,0.010000000000218279,484036.0967,5959556.0,ETHUSDT
2020-05-09,211.32000000,214.60000000,208.40000000,210.07000000,587871.98073000,1589068799999,124626471.42703530,194059,292187.26718000,61966403.94492970,0,0.010000000000218279,484036.0967,5959556.0,ETHUSDT
2020-05-10,210.09000000,210.18000000,179.59000000,187.54000000,1473226.05475000,1589155199999,278394290.75973460,426358,694788.42914000,131143494.26749300,0,0.010000000000218279,484036.0967,5959556.0,ETHUSDT
2020-05-11,187.62000000,193.50000000,176.00000000,185.73000000,1093299.81927000,1589241599999,203391530.20617390,303669,529158.74668000,98465728.22507510,0,0.010000000000218279,484036.0967,5959556.0,ETHUSDT
2020-05-12,185.80000000,192.24000000,185.48000000,189.76000000,669755.79567000,1589327999999,126810812.16817080,193978,336075.30552000,63647040.81413890,0,0.010000000000218279,484036.0967,5959556.0,ETHUSDT
2020-05-13,189.77000000,201.00000000,188.35000000,199.58000000,806143.00704000,1589414399999,156637596.36492460,212710,410843.35618000,79791107.72434880,0,0.010000000000218279,484036.0967,5959556.0,ETHUSDT
2020-05-14,199.61000000,206.02000000,195.67000000,203.29000000,1114700.24937000,1589500799999,224233786.12670990,285245,557166.15035000,112099049.73738440,0,0.010000000000218279,484036.0967,5959556.0,ETHUSDT
2020-05-15,203.29000000,204.08000000,191.66000000,194.86000000,904749.63570000,1589587199999,179634085.62276920,230721,437768.77270000,86944450.76006710,0,0.010000000000218279,484036.0967,5959556.0,ETHUSDT
2020-05-16,194.87000000,203.50000000,193.21000000,200.45000000,669900.03754000,1589673599999,134060788.49418390,174447,343539.34568000,68751336.84186420,0,0.010000000000218279,484036.0967,5959556.0,ETHUSDT
2020-05-17,200.44000000,209.85000000,199.68000000,207.00000000,708711.89315000,1589759999999,145341278.68135490,180088,369150.31059000,75677871.47041410,0,0.010000000000218279,484036.0967,5959556.0,ETHUSDT
2020-05-18,207.02000000,217.07000000,207.00000000,214.91000000,1064139.24850000,1589846399999,226789027.15008040,249528,538438.67639000,114784967.15147500,0,0.010000000000218279,484036.0967,5959556.0,ETHUSDT
2020-05-19,214.92000000,215.95000000,209.45000000,214.58000000,643702.98849000,1589932799999,136846948.55680560,186027,319009.59630000,67835348.16258670,0,0.010000000000218279,484036.0967,5959556.0,ETHUSDT
2020-05-20,214.60000000,215.75000000,204.27000000,209.98000000,679532.61037000,1590019199999,143704806.17524080,195172,330890.78825000,70009379.65600590,0,0.010000000000218279,484036.0967,5959556.0,ETHUSDT
2020-05-21,209.99000000,211.64000000,191.71000000,198.74000000,1003923.43420000,1590105599999,203445710.96284490,258415,479372.00860000,97136468.80798330,0,0.010000000000218279,484036.0967,5959556.0,ETHUSDT
2020-05-22,198.72000000,209.19000000,196.24000000,207.36000000,787672.36081000,1590191999999,159972608.53416610,217659,399523.04157000,81120762.57728450,0,0.010000000000218279,484036.0967,5959556.0,ETHUSDT
2020-05-23,207.36000000,211.20000000,204.55000000,206.60000000,478559.92006000,1590278399999,99461068.10466470,150729,237372.30187000,49341950.41533750,0,0.010000000000218279,484036.0967,5959556.0,ETHUSDT
2020-05-24,206.60000000,210.55000000,199.50000000,199.90000000,673535.05784000,1590364799999,138917619.23362070,204534,324023.32350000,66890503.37754660,0,0.010000000000218279,484036.0967,5959556.0,ETHUSDT
2020-05-25,199.90000000,205.67000000,198.01000000,204.15000000,469931.62492000,1590451199999,95411610.79763470,171792,243595.47559000,49464529.60504250,0,0.010000000000218279,484036.0967,5959556.0,ETHUSDT
2020-05-26,204.22000000,205.00000000,196.90000000,200.89000000,477176.73530000,1590537599999,96116808.85809130,167702,233833.77929000,47132325.29336320,0,0.010000000000218279,484036.0967,5959556.0,ETHUSDT
2020-05-27,200.92000000,208.44000000,200.76000000,208.29000000,494816.72727000,1590623999999,101445351.02566320,167619,252824.22653000,51832733.59846020,0,0.010000000000218279,484036.0967,5959556.0,ETHUSDT
2020-05-28,208.29000000,220.50000000,204.67000000,220.21000000,643945.97769000,1590710399999,136361627.34641550,219160,352366.88360000,74663823.75714590,0,0.010000000000218279,484036.0967,5959556.0,ETHUSDT
2020-05-29,220.24000000,224.79000000,217.57000000,220.67000000,603058.07590000,1590796799999,133220045.49547060,217959,301826.51829000,66680504.40036720,0,0.010000000000218279,484036.0967,5959556.0,ETHUSDT
2020-05-30,220.63000000,247.00000000,218.80000000,243.66000000,1019550.75146000,1590883199999,238678839.80930440,341862,511425.44765000,119730479.77167950,0,0.010000000000218279,484036.0967,5959556.0,ETHUSDT
2020-05-31,243.71000000,245.39000000,229.58000000,231.57000000,821608.68884000,1590969599999,194867426.29418620,320066,381831.06077000,90551397.67858910,0,0.009999999999763531,484037.6049,5959665.0,ETHUSDT
2020-06-01,231.56000000,250.68000000,230.66000000,248.23000000,823816.69936000,1591055999999,198791911.84704420,318497,426075.31776000,102865011.74578850,0,0.009999999999763531,484037.6049,5959665.0,ETHUSDT
2020-06-02,248.23000000,253.80000000,225.00000000,237.71000000,955520.91863000,1591142399999,230680327.30929150,355417,462682.15945000,111744961.57192750,0,0.009999999999763531,484037.6049,5959665.0,ETHUSDT
2020-06-03,237.71000000,245.00000000,232.71000000,244.52000000,502928.13371000,1591228799999,120179301.17898640,213792,259904.04578000,62129185.47385130,0,0.009999999999763531,484037.6049,5959665.0,ETHUSDT
2020-06-04,244.54000000,246.60000000,236.00000000,243.21000000,669369.33920000,1591315199999,162460397.62767410,253226,332175.55769000,80659519.34918510,0,0.009999999999763531,484037.6049,5959665.0,ETHUSDT
2020-06-05,243.22000000,247.87000000,239.14000000,240.03000000,502547.41103000,1591401599999,122084004.51697550,205337,242309.99059000,58916816.25847680,0,0.009999999999763531,484037.6049,5959665.0,ETHUSDT
2020-06-06,240.04000000,244.70000000,237.83000000,241.94000000,389423.07798000,1591487999999,93979350.81263390,161709,198723.53956000,47973780.54283710,0,0.009999999999763531,484037.6049,5959665.0,ETHUSDT
2020-06-07,241.94000000,245.37000000,234.60000000,244.56000000,571102.55515000,1591574399999,137165732.64761660,226478,285159.65388000,68517428.42271850,0,0.009999999999763531,484037.6049,5959665.0,ETHUSDT
2020-06-08,244.57000000,247.70000000,240.59000000,246.40000000,383116.54719000,1591660799999,93355224.96830870,159981,193451.07601000,47159340.96864370,0,0.009999999999763531,484037.6049,5959665.0,ETHUSDT
2020-06-09,246.37000000,249.82000000,238.00000000,243.80000000,420327.17133000,1591747199999,102374504.57389720,185974,202641.07177000,49369436.33086970,0,0.009999999999763531,484037.6049,5959665.0,ETHUSDT
2020-06-10,243.79000000,250.28000000,242.00000000,247.78000000,431285.61715000,1591833599999,105797248.24742570,185330,221305.11120000,54322143.50039510,0,0.009999999999763531,484037.6049,5959665.0,ETHUSDT
2020-06-11,247.78000000,250.09000000,226.20000000,230.51000000,816456.89161000,1591919999999,195063781.27644910,312655,373492.34304000,89279896.48515260,0,0.009999999999763531,484037.6049,5959665.0,ETHUSDT
2020-06-12,230.46000000,239.38000000,228.19000000,237.55000000,446515.34124000,1592006399999,105069425.09010670,181977,224589.29616000,52877894.61382670,0,0.009999999999763531,484037.6049,5959665.0,ETHUSDT
2020-06-13,237.55000000,238.73000000,234.66000000,238.11000000,253797.78090000,1592092799999,60087772.65246530,134555,126898.09775000,30052109.58823630,0,0.009999999999763531,484037.6049,5959665.0,ETHUSDT
2020-06-14,238.13000000,238.59000000,229.83000000,231.77000000,304943.21188000,1592179199999,71575514.08027260,158093,150190.06138000,35264141.20722390,0,0.009999999999763531,484037.6049,5959665.0,ETHUSDT
2020-06-15,231.74000000,233.55000000,218.27000000,230.86000000,875026.92057000,1592265599999,197907504.77877360,308126,410989.99093000,92965284.36529640,0,0.009999999999763531,484037.6049,5959665.0,ETHUSDT
2020-06-16,230.86000000,236.00000000,228.70000000,235.30000000,499194.66758000,1592351999999,116456364.23126830,188136,252188.71079000,58831595.30783300,0,0.009999999999763531,484037.6049,5959665.0,ETHUSDT
2020-06-17,235.31000000,237.30000000,227.65000000,233.82000000,478187.29170000,1592438399999,111415059.05626230,189653,232960.69025000,54288236.15848750,0,0.009999999999763531,484037.6049,5959665.0,ETHUSDT
2020-06-18,233.82000000,234.65000000,227.93000000,231.27000000,334347.79917000,1592524799999,77542070.33327090,145815,157912.89857000,36639257.02317530,0,0.009999999999763531,484037.6049,5959665.0,ETHUSDT
2020-06-19,231.26000000,231.95000000,226.74000000,229.00000000,397284.59808000,1592611199999,91117706.15513940,160682,196717.52384000,45127258.00693490,0,0.009999999999763531,484037.6049,5959665.0,ETHUSDT
2020-06-20,229.00000000,230.85000000,225.62000000,228.89000000,303704.98826000,1592697599999,69343699.90954830,129778,146807.30372000,33536648.02595340,0,0.009999999999763531,484037.6049,5959665.0,ETHUSDT
2020-06-21,228.88000000,231.49000000,227.11000000,228.04000000,256305.23734000,1592783999999,58868166.50610440,109238,133367.32601000,30640576.93127720,0,0.009999999999763531,484037.6049,5959665.0,ETHUSDT
2020-06-22,228.03000000,246.89000000,227.51000000,243.13000000,749030.11114000,1592870399999,178707156.18931390,256688,381685.54634000,91072958.54464900,0,0.009999999999763531,484037.6049,5959665.0,ETHUSDT
2020-06-23,243.11000000,244.87000000,240.75000000,243.14000000,442296.31477000,1592956799999,107457002.52462460,172649,224811.21947000,54630829.05815690,0,0.009999999999763531,484037.6049,5959665.0,ETHUSDT
2020-06-24,243.15000000,249.24000000,231.07000000,234.58000000,921634.05340000,1593043199999,220763040.43374940,289888,447817.33625000,107284767.04106830,0,0.009999999999763531,484037.6049,5959665.0,ETHUSDT
2020-06-25,234.57000000,235.39000000,227.56000000,232.50000000,613748.59348000,1593129599999,142697463.38010440,192323,312667.90698000,72711629.98470680,0,0.009999999999763531,484037.6049,5959665.0,ETHUSDT
2020-06-26,232.49000000,233.61000000,227.75000000,229.64000000,628340.07007000,1593215999999,144805505.19158240,192182,313069.39625000,72145517.98801950,0,0.009999999999763531,484037.6049,5959665.0,ETHUSDT
2020-06-27,229.66000000,231.42000000,216.00000000,220.94000000,645950.61438000,1593302399999,145264632.26381920,207051,299265.01724000,67274910.29012350,0,0.009999999999763531,484037.6049,5959665.0,ETHUSDT
2020-06-28,220.94000000,227.96000000,218.32000000,224.93000000,444766.56881000,1593388799999,99423540.13931940,144728,236280.14760000,52806921.84877780,0,0.009999999999763531,484037.6049,5959665.0,ETHUSDT
2020-06-29,224.89000000,229.96000000,221.26000000,227.93000000,597915.52242000,1593475199999,134510531.19766730,183558,305421.87340000,68753130.26515030,0,0.009999999999763531,484037.6049,5959665.0,ETHUSDT
2020-06-30,227.98000000,228.70000000,222.91000000,225.60000000,415036.02977000,1593561599999,93802207.27357360,143612,202532.74647000,45764408.12825810,0,0.010000000000218279,484115.4757,5959683.0,ETHUSDT
2020-07-01,225.59000000,232.71000000,224.16000000,230.99000000,517351.58865000,1593647999999,118322932.85495730,176455,265707.94626000,60770218.92015320,0,0.010000000000218279,484115.4757,5959683.0,ETHUSDT
2020-07-02,230.99000000,232.01000000,222.87000000,226.46000000,592485.91115000,1593734399999,134976975.12319700,210294,282313.90134000,64320519.48114850,0,0.010000000000218279,484115.4757,5959683.0,ETHUSDT
2020-07-03,226.46000000,228.13000000,223.97000000,224.87000000,314578.50040000,1593820799999,71286978.50356750,139167,153734.92210000,34844388.69190400,0,0.010000000000218279,484115.4757,5959683.0,ETHUSDT
2020-07-04,224.86000000,230.71000000,224.43000000,229.17000000,307726.46593000,1593907199999,69899468.27991880,134338,156161.48084000,35487540.26136240,0,0.010000000000218279,484115.4757,5959683.0,ETHUSDT
2020-07-05,229.24000000,229.85000000,223.05000000,227.56000000,355747.12006000,1593993599999,80528660.61919430,152077,173480.66716000,39276422.84701000,0,0.010000000000218279,484115.4757,5959683.0,ETHUSDT
2020-07-06,227.54000000,242.00000000,226.93000000,241.60000000,864817.50700000,1594079999999,203334727.85013950,268187,443659.99767000,104363380.05687420,0,0.010000000000218279,484115.4757,5959683.0,ETHUSDT
2020-07-07,241.60000000,243.77000000,234.40000000,239.39000000,600424.97209000,1594166399999,143122828.37511880,213589,293523.48727000,69992123.93622460,0,0.010000000000218279,484115.4757,5959683.0,ETHUSDT
2020-07-08,239.39000000,248.88000000,237.78000000,246.95000000,958185.83708000,1594252799999,233460700.75518140,309582,472779.31973000,115197139.73159900,0,0.010000000000218279,484115.4757,5959683.0,ETHUSDT
2020-07-09,246.94000000,247.90000000,237.88000000,241.98000000,647641.58291000,1594339199999,157541370.00481820,243580,313999.27569000,76404395.94395800,0,0.010000000000218279,484115.4757,5959683.0,ETHUSDT
2020-07-10,241.97000000,242.16000000,235.72000000,241.26000000,455025.12385000,1594425599999,108806462.46509650,181124,234086.96963000,55969388.91838720,0,0.010000000000218279,484115.4757,5959683.0,ETHUSDT
2020-07-11,241.27000000,241.67000000,237.54000000,239.19000000,294476.00626000,1594511999999,70548557.67783910,140265,144264.75794000,34563855.77462440,0,0.010000000000218279,484115.4757,5959683.0,ETHUSDT
2020-07-12,239.19000000,244.00000000,236.52000000,242.79000000,469315.11720000,1594598399999,112487552.43401240,201729,238720.16445000,57233192.42448630,0,0.010000000000218279,484115.4757,5959683.0,ETHUSDT
2020-07-13,242.76000000,245.33000000,237.33000000,239.50000000,604093.04245000,1594684799999,146193291.91067610,240032,304677.24908000,73761164.95613980,0,0.010000000000218279,484115.4757,5959683.0,ETHUSDT
2020-07-14,239.50000000,242.09000000,237.00000000,240.44000000,426320.89188000,1594771199999,102105027.13193080,172704,212486.68184000,50895173.69127610,0,0.010000000000218279,484115.4757,5959683.0,ETHUSDT
2020-07-15,240.45000000,241.45000000,236.83000000,238.61000000,368350.66518000,1594857599999,88059682.48343640,154984,178198.01400000,42606335.48394350,0,0.010000000000218279,484115.4757,5959683.0,ETHUSDT
2020-07-16,238.59000000,239.39000000,230.02000000,233.57000000,587161.73894000,1594943999999,137208323.20157330,222138,284514.03969000,66475192.08183000,0,0.010000000000218279,484115.4757,5959683.0,ETHUSDT
2020-07-17,233.58000000,234.84000000,231.65000000,232.67000000,325600.21444000,1595030399999,75931058.42265300,149088,159858.08306000,37286020.32295110,0,0.010000000000218279,484115.4757,5959683.0,ETHUSDT
2020-07-18,232.66000000,236.80000000,232.32000000,235.67000000,341356.61820000,1595116799999,80046747.83223330,136494,168653.68252000,39557475.70548810,0,0.010000000000218279,484115.4757,5959683.0,ETHUSDT
2020-07-19,235.67000000,239.92000000,233.28000000,239.11000000,348803.52073000,1595203199999,82120072.99362800,144896,177800.65726000,41857576.44971610,0,0.010000000000218279,484115.4757,5959683.0,ETHUSDT
2020-07-20,239.12000000,239.72000000,234.05000000,236.01000000,396657.91938000,1595289599999,94314378.93819910,164435,193222.00995000,45941871.96180980,0,0.010000000000218279,484115.4757,5959683.0,ETHUSDT
2020-07-21,236.00000000,246.66000000,235.57000000,245.59000000,637462.08074000,1595375999999,154502240.94119890,240019,335588.62905000,81336675.10271110,0,0.010000000000218279,484115.4757,5959683.0,ETHUSDT
2020-07-22,245.53000000,269.61000000,241.51000000,263.74000000,718417.68296000,1595462399999,180692677.21395630,273546,382255.45060000,96136746.64578400,0,0.010000000000218279,484115.4757,5959683.0,ETHUSDT
2020-07-23,263.75000000,279.98000000,259.70000000,275.30000000,1068774.57879000,1595548799999,287217202.72012160,378573,548027.77647000,147366131.52617590,0,0.010000000000218279,484115.4757,5959683.0,ETHUSDT
2020-07-24,275.31000000,287.34000000,266.00000000,279.15000000,926033.06692000,1595635199999,256347245.54814900,362608,467152.58946000,129363215.30193840,0,0.010000000000218279,484115.4757,5959683.0,ETHUSDT
2020-07-25,279.15000000,308.94000000,279.09000000,305.26000000,1058927.30554000,1595721599999,308799629.36114330,424683,546337.36919000,159353784.49878770,0,0.010000000000218279,484115.4757,5959683.0,ETHUSDT
2020-07-26,305.31000000,318.75000000,299.00000000,311.00000000,1270368.75300000,1595807999999,392346895.32267080,486058,629296.22696000,194398665.55302020,0,0.010000000000218279,484115.4757,5959683.0,ETHUSDT
2020-07-27,311.02000000,333.31000000,310.78000000,321.93000000,1636122.34727000,1595894399999,527292799.28791380,645395,818454.59042000,263886380.58021330,0,0.010000000000218279,484115.4757,5959683.0,ETHUSDT
2020-07-28,321.95000000,326.80000000,305.86000000,316.77000000,1093231.55578000,1595980799999,346187853.27592900,458451,526272.91372000,166776146.18773630,0,0.010000000000218279,484115.4757,5959683.0,ETHUSDT
2020-07-29,316.77000000,325.00000000,312.38000000,317.71000000,792802.32148000,1596067199999,254201662.13340940,347597,403407.16614000,129383921.49019800,0,0.010000000000218279,484115.4757,5959683.0,ETHUSDT
2020-07-30,317.76000000,342.00000000,314.05000000,334.87000000,1008827.56698000,1596153599999,328286452.51829110,410721,548703.63674000,178728061.85059630,0,0.010000000000218279,484118.2061,5959749.0,ETHUSDT
2020-07-31,334.82000000,349.45000000,328.40000000,346.33000000,948088.44982000,1596239999999,323282981.01591960,461788,479449.06541000,163562313.74991860,0,0.010000000000218279,484118.2061,5959749.0,ETHUSDT
2020-08-01,346.32000000,392.67000000,343.07000000,387.00000000,1440843.34203000,1596326399999,527543444.86288410,598900,763925.60566000,279585883.39700170,0,0.010000000000218279,484118.2061,5959749.0,ETHUSDT
2020-08-02,387.01000000,415.85000000,325.00000000,372.42000000,2324909.09616000,1596412799999,878397036.29751910,960835,1147802.64923000,434515635.48955820,0,0.010000000000218279,484118.2061,5959749.0,ETHUSDT
2020-08-03,372.45000000,398.00000000,366.50000000,385.94000000,1191565.09389000,1596499199999,462170587.47850270,534803,594188.68302000,230529343.39225330,0,0.010000000000218279,484118.2061,5959749.0,ETHUSDT
2020-08-04,385.91000000,402.98000000,380.77000000,389.61000000,1180792.42379000,1596585599999,461794422.20486850,503335,580630.09812000,227199384.22215280,0,0.010000000000218279,484118.2061,5959749.0,ETHUSDT
2020-08-05,389.59000000,407.00000000,384.11000000,400.72000000,1124119.06720000,1596671999999,444335097.14939300,459722,569086.53448000,225101645.73652520,0,0.010000000000218279,484118.2061,5959749.0,ETHUSDT
2020-08-06,400.72000000,403.66000000,390.51000000,394.77000000,821379.08397000,1596758399999,325718417.71600690,388529,403029.86304000,159852195.14677980,0,0.010000000000218279,484118.2061,5959749.0,ETHUSDT
2020-08-07,394.77000000,398.26000000,362.85000000,379.34000000,1041207.35946000,1596844799999,398625567.06391200,466548,499790.82669000,191569557.52234410,0,0.010000000000218279,484118.2061,5959749.0,ETHUSDT
2020-08-08,379.34000000,397.05000000,375.79000000,397.03000000,623029.78053000,1596931199999,240999198.02428520,300577,325760.87681000,126105849.09518240,0,0.010000000000218279,484118.2061,5959749.0,ETHUSDT
2020-08-09,397.05000000,400.00000000,383.36000000,390.14000000,594900.58133000,1597017599999,233057462.92739680,319111,294055.13111000,115294493.99738120,0,0.010000000000218279,484118.2061,5959749.0,ETHUSDT
2020-08-10,390.14000000,399.18000000,385.13000000,395.44000000,826969.90633000,1597103999999,326372434.89705910,395123,409673.34569000,161732201.70573280,0,0.010000000000218279,484118.2061,5959749.0,ETHUSDT
2020-08-11,395.43000000,398.21000000,367.00000000,379.00000000,992412.60230000,1597190399999,381981614.62167230,459623,465088.67076000,179106068.40754950,0,0.010000000000218279,484118.2061,5959749.0,ETHUSDT
2020-08-12,378.99000000,389.23000000,365.85000000,387.18000000,751848.79830000,1597276799999,285872467.64409370,349082,378876.83493000,144127095.73059770,0,0.010000000000218279,484118.2061,5959749.0,ETHUSDT
2020-08-13,387.18000000,431.49000000,376.59000000,424.54000000,1511330.77320000,1597363199999,604810975.13185700,634978,786249.64387000,314657280.99639270,0,0.010000000000218279,484118.2061,5959749.0,ETHUSDT
2020-08-14,424.54000000,444.71000000,417.05000000,438.11000000,1109670.94324000,1597449599999,477180580.06183250,502635,551666.89650000,237162820.57687100,0,0.010000000000218279,484118.2061,5959749.0,ETHUSDT
2020-08-15,438.12000000,442.94000000,427.02000000,432.32000000,681698.59710000,1597535999999,296652970.48231940,351377,332354.72985000,144668622.34551780,0,0.010000000000218279,484118.2061,5959749.0,ETHUSDT
2020-08-16,432.30000000,436.99000000,412.47000000,433.62000000,716666.25258000,1597622399999,305445885.81667000,371807,345142.26171000,147116639.26333250,0,0.010000000000218279,484118.2061,5959749.0,ETHUSDT
2020-08-17,433.61000000,446.00000000,420.37000000,430.89000000,868870.64996000,1597708799999,375038999.50751650,443560,434882.89599000,187814884.66580410,0,0.010000000000218279,484118.2061,5959749.0,ETHUSDT
2020-08-18,430.89000000,433.81000000,415.00000000,421.95000000,743254.57018000,1597795199999,316635286.99292170,374074,356765.97549000,152053040.63348380,0,0.010000000000218279,484118.2061,5959749.0,ETHUSDT
2020-08-19,421.92000000,426.75000000,393.25000000,407.46000000,978339.69221000,1597881599999,400208683.34672710,455992,457547.57265000,187156985.82537450,0,0.010000000000218279,484118.2061,5959749.0,ETHUSDT
2020-08-20,407.46000000,418.98000000,402.07000000,415.94000000,663555.73445000,1597967999999,273292342.19034480,322537,336116.41655000,138426936.64111550,0,0.009999999999763531,484118.2061,5959749.0,ETHUSDT
2020-08-21,415.94000000,418.68000000,385.10000000,387.97000000,860998.72560000,1598054399999,347455883.45330630,414222,395087.31195000,159527686.50068960,0,0.010000000000218279,484118.2061,5959749.0,ETHUSDT
2020-08-22,387.93000000,397.04000000,379.92000000,395.24000000,643235.76543000,1598140799999,250069873.39723140,305450,315092.64001000,122564498.42421190,0,0.010000000000218279,484118.2061,5959749.0,ETHUSDT
2020-08-23,395.23000000,396.95000000,383.15000000,390.71000000,445317.81989000,1598227199999,173799978.03511140,222729,218347.50764000,85211118.00730040,0,0.010000000000218279,484118.2061,5959749.0,ETHUSDT
2020-08-24,390.72000000,410.42000000,387.44000000,407.68000000,717403.81877000,1598313599999,287991794.22058410,307676,374389.16218000,150318604.20706690,0,0.010000000000218279,484118.2061,5959749.0,ETHUSDT
2020-08-25,407.68000000,409.06000000,370.00000000,382.93000000,970445.38395000,1598399999999,375681480.18694300,411636,463076.75010000,179300083.72858850,0,0.010000000000218279,484118.2061,5959749.0,ETHUSDT
2020-08-26,382.91000000,392.91000000,377.37000000,385.81000000,738690.77940000,1598486399999,284504413.09361920,351141,372284.31302000,143413331.40317950,0,0.010000000000218279,484118.2061,5959749.0,ETHUSDT
2020-08-27,385.81000000,397.10000000,371.48000000,383.27000000,877763.73658000,1598572799999,336647752.29422450,392116,441967.74994000,169506712.89737500,0,0.010000000000218279,484118.2061,5959749.0,ETHUSDT
2020-08-28,383.31000000,398.00000000,379.75000000,395.11000000,732601.46905000,1598659199999,286555001.99418380,311832,376745.79555000,147371987.07353450,0,0.010000000000218279,484118.2061,5959749.0,ETHUSDT
2020-08-29,395.10000000,405.69000000,391.88000000,398.65000000,659802.63344000,1598745599999,263787683.02808370,300090,335970.72742000,134324057.77429140,0,0.010000000000218279,484140.2999,5960278.0,ETHUSDT
2020-08-30,398.65000000,429.89000000,398.30000000,428.94000000,894979.71788000,1598831999999,370467271.09903470,395838,454113.30749000,188019162.80121010,0,0.010000000000218279,484140.2999,5960278.0,ETHUSDT
2020-08-31,428.94000000,439.00000000,418.04000000,433.79000000,1040748.68881000,1598918399999,447866996.18511480,456201,521857.12047000,224568024.60673360,0,0.010000000000218279,484140.2999,5960278.0,ETHUSDT
2020-09-01,433.80000000,488.84000000,429.03000000,475.40000000,1751354.57719000,1599004799999,813662129.65048800,763508,869375.35063000,403711776.22557970,0,0.010000000000218279,484140.2999,5960278.0,ETHUSDT
2020-09-02,475.40000000,481.39000000,420.00000000,439.50000000,1880642.46853000,1599091199999,844475154.71608050,825133,930825.55373000,418025683.68122710,0,0.010000000000218279,484140.2999,5960278.0,ETHUSDT
2020-09-03,439.50000000,450.70000000,372.00000000,381.40000000,2408569.34151000,1599177599999,995567239.00840270,903066,1163309.47153000,481135153.40023240,0,0.010000000000218279,484140.2999,5960278.0,ETHUSDT
2020-09-04,381.35000000,400.21000000,357.00000000,385.26000000,1806488.22474000,1599263999999,696658932.11542750,744610,898001.98862000,346399148.75434910,0,0.010000000000218279,484140.2999,5960278.0,ETHUSDT
2020-09-05,385.30000000,395.00000000,308.42000000,335.01000000,2777166.51389000,1599350399999,967730464.90551640,1074986,1359142.30847000,474118503.45672320,0,0.010000000000218279,484140.2999,5960278.0,ETHUSDT
2020-09-06,335.04000000,360.00000000,316.10000000,352.80000000,2017811.14721000,1599436799999,691925087.39681090,852597,1001126.65908000,343097243.97381230,0,0.010000000000218279,484140.2999,5960278.0,ETHUSDT
2020-09-07,352.85000000,358.51000000,323.00000000,353.59000000,1740618.42462000,1599523199999,596754172.70084040,708066,875520.99803000,300098826.31230790,0,0.010000000000218279,484140.2999,5960278.0,ETHUSDT
2020-09-08,353.59000000,356.58000000,325.38000000,337.39000000,1400246.82962000,1599609599999,476444912.54463500,554846,683844.91475000,232727441.34534670,0,0.010000000000218279,484140.2999,5960278.0,ETHUSDT
2020-09-09,337.41000000,359.00000000,330.51000000,350.85000000,879760.56255000,1599695999999,304910633.80088960,381038,450864.78551000,156362634.92576610,0,0.010000000000218279,484140.2999,5960278.0,ETHUSDT
2020-09-10,350.85000000,377.25000000,349.91000000,367.93000000,1134287.61137000,1599782399999,416598205.66604800,512819,564874.99855000,207485762.51111200,0,0.010000000000218279,484140.2999,5960278.0,ETHUSDT
2020-09-11,367.93000000,375.27000000,355.49000000,373.63000000,844017.59966000,1599868799999,308822715.13365630,367615,423159.48329000,154876994.89740980,0,0.010000000000218279,484140.2999,5960278.0,ETHUSDT
2020-09-12,373.62000000,388.57000000,364.73000000,387.78000000,766542.31635000,1599955199999,287133871.24729080,318774,391980.78732000,146905887.14703520,0,0.010000000000218279,484140.2999,5960278.0,ETHUSDT
2020-09-13,387.78000000,390.43000000,350.00000000,366.42000000,989195.69047000,1600041599999,367969518.51348870,430236,471379.94130000,175392358.37933570,0,0.010000000000218279,484140.2999,5960278.0,ETHUSDT
2020-09-14,366.43000000,384.64000000,355.73000000,377.12000000,1042059.62265000,1600127999999,387238794.68097150,476828,520997.62714000,193631762.56564660,0,0.010000000000218279,484140.2999,5960278.0,ETHUSDT
2020-09-15,377.12000000,382.47000000,362.34000000,364.06000000,883856.33005000,1600214399999,328317009.56834610,405048,425660.93557000,158082601.83653550,0,0.010000000000218279,484140.2999,5960278.0,ETHUSDT
2020-09-16,364.05000000,373.45000000,355.00000000,365.11000000,841709.98939000,1600300799999,306622238.07155210,371665,401737.07122000,146390592.33280320,0,0.010000000000218279,484140.2999,5960278.0,ETHUSDT
2020-09-17,365.04000000,394.14000000,363.30000000,389.36000000,1256300.41100000,1600387199999,479026710.89661470,505247,649410.54624000,247663754.94968120,0,0.010000000000218279,484140.2999,5960278.0,ETHUSDT
2020-09-18,389.35000000,392.58000000,375.33000000,384.39000000,804194.47219000,1600473599999,308748579.81603240,323159,390631.14787000,150003338.33482060,0,0.010000000000218279,484140.2999,5960278.0,ETHUSDT
2020-09-19,384.40000000,388.72000000,377.00000000,385.25000000,570908.33553000,1600559999999,218785730.14017850,230924,275383.50997000,105557594.25420930,0,0.010000000000218279,484140.2999,5960278.0,ETHUSDT
2020-09-20,385.25000000,385.45000000,365.00000000,371.04000000,693164.40144000,1600646399999,259700927.47821030,275295,339273.53425000,127111732.99106700,0,0.010000000000218279,484140.2999,5960278.0,ETHUSDT
2020-09-21,371.04000000,376.80000000,331.00000000,340.36000000,1283946.03098000,1600732799999,452134893.63405810,472560,614255.13337000,216255854.30576970,0,0.010000000000218279,484140.2999,5960278.0,ETHUSDT
2020-09-22,340.31000000,346.91000000,335.34000000,344.21000000,842731.12878000,1600819199999,288166815.51503700,286593,406238.87933000,138901899.75129510,0,0.010000000000218279,484140.2999,5960278.0,ETHUSDT
2020-09-23,344.18000000,344.65000000,313.29000000,320.72000000,940904.49756000,1600905599999,313808761.09043880,323226,451952.70895000,150859607.76494990,0,0.010000000000218279,484140.2999,5960278.0,ETHUSDT
2020-09-24,320.72000000,353.10000000,316.67000000,348.97000000,1071705.09721000,1600991999999,360708689.40437970,371450,541195.93188000,182260574.83696910,0,0.010000000000218279,484140.2999,5960278.0,ETHUSDT
2020-09-25,348.97000000,358.00000000,337.58000000,351.92000000,860643.77924000,1601078399999,298266918.80064850,310536,428498.41778000,148520979.71553270,0,0.010000000000218279,484140.2999,5960278.0,ETHUSDT
2020-09-26,351.93000000,356.40000000,345.88000000,353.92000000,530879.20755000,1601164799999,186812160.37543690,217834,265973.62355000,93597365.18627900,0,0.010000000000218279,484140.2999,5960278.0,ETHUSDT
2020-09-27,353.95000000,362.14000000,347.24000000,357.49000000,569568.55041000,1601251199999,202411362.68323290,230526,278104.49527000,98851342.51735050,0,0.010000000000218279,484140.2999,5960278.0,ETHUSDT
2020-09-28,357.58000000,368.20000000,351.70000000,353.96000000,757758.43040000,1601337599999,273063157.78999110,261317,365322.52821000,131705221.49365880,0,0.010000000000218279,484151.8752,5960186.0,ETHUSDT
2020-09-29,353.91000000,360.63000000,350.45000000,359.79000000,585143.16892000,1601423999999,208028826.48711650,214988,296028.84893000,105268925.80294570,0,0.010000000000218279,484151.8752,5960186.0,ETHUSDT
2020-09-30,359.78000000,361.50000000,351.56000000,359.83000000,498943.23226000,1601510399999,177784824.51781920,173910,258138.87585000,92021033.11709650,0,0.010000000000218279,484151.8752,5960186.0,ETHUSDT
2020-10-01,359.83000000,370.45000000,345.51000000,352.85000000,758349.31959000,1601596799999,271468849.79851160,288354,361455.09687000,129606992.62340270,0,0.010000000000218279,484151.8752,5960186.0,ETHUSDT
2020-10-02,352.83000000,354.55000000,334.24000000,345.60000000,733571.84211000,1601683199999,251829017.51948020,286023,359044.99342000,123230178.01440740,0,0.010000000000218279,484151.8752,5960186.0,ETHUSDT
2020-10-03,345.60000000,351.00000000,343.70000000,345.95000000,303595.71901000,1601769599999,105401893.35734360,136755,157899.99434000,54819449.94469700,0,0.010000000000218279,484151.8752,5960186.0,ETHUSDT
2020-10-04,345.94000000,354.45000000,343.81000000,352.37000000,343932.91712000,1601855999999,119961274.70065720,138736,168705.23259000,58850037.60413940,0,0.010000000000218279,484151.8752,5960186.0,ETHUSDT
2020-10-05,352.34000000,356.10000000,348.54000000,353.62000000,376740.30692000,1601942399999,132656713.04409390,145787,185554.40142000,65347144.97328110,0,0.010000000000218279,484151.8752,5960186.0,ETHUSDT
2020-10-06,353.63000000,355.10000000,336.80000000,340.75000000,640063.26951000,1602028799999,221765553.58680910,240812,311147.69014000,107797282.75783230,0,0.010000000000218279,484151.8752,5960186.0,ETHUSDT
2020-10-07,340.80000000,342.85000000,332.18000000,341.58000000,541928.86376000,1602115199999,183873686.39043150,195112,267972.41424000,90930067.04391160,0,0.010000000000218279,484151.8752,5960186.0,ETHUSDT
2020-10-08,341.58000000,353.32000000,334.21000000,350.95000000,631794.87560000,1602201599999,217322066.97802380,220053,332296.23857000,114406629.96863650,0,0.010000000000218279,484151.8752,5960186.0,ETHUSDT
2020-10-09,350.94000000,368.33000000,347.32000000,365.02000000,650478.19338000,1602287999999,232878561.88521360,241168,347090.04670000,124302113.23120810,0,0.010000000000218279,484151.8752,5960186.0,ETHUSDT
2020-10-10,365.01000000,378.40000000,364.71000000,370.52000000,591005.32129000,1602374399999,220607973.01227310,253825,299965.65391000,111977478.87854210,0,0.010000000000218279,484151.8752,5960186.0,ETHUSDT
2020-10-11,370.51000000,377.60000000,368.87000000,374.16000000,373318.23779000,1602460799999,139329772.54031670,164475,187969.33051000,70162446.92701300,0,0.010000000000218279,484151.8752,5960186.0,ETHUSDT
2020-10-12,374.17000000,394.80000000,365.58000000,386.51000000,844422.65444000,1602547199999,320587055.52979570,309500,427311.17538000,162322201.34325680,0,0.010000000000218279,484151.8752,5960186.0,ETHUSDT
2020-10-13,386.51000000,387.75000000,374.51000000,381.04000000,645141.91394000,1602633599999,246276552.00902270,239460,315226.91813000,120349073.75065890,0,0.010000000000218279,484151.8752,5960186.0,ETHUSDT
2020-10-14,381.05000000,387.41000000,373.13000000,378.69000000,569557.82936000,1602719999999,216288026.95920860,214375,278390.33609000,105736024.77958970,0,0.010000000000218279,484151.8752,5960186.0,ETHUSDT
2020-10-15,378.69000000,381.79000000,369.85000000,377.64000000,634038.09453000,1602806399999,238396852.78392820,228454,308053.83962000,115864353.66265170,0,0.010000000000218279,484151.8752,5960186.0,ETHUSDT
2020-10-16,377.63000000,379.83000000,361.18000000,365.50000000,654029.36404000,1602892799999,241127894.70245080,255775,308695.25396000,113825303.52954540,0,0.010000000000218279,484151.8752,5960186.0,ETHUSDT
2020-10-17,365.50000000,370.46000000,363.36000000,368.32000000,285578.24537000,1602979199999,104838880.45610340,126045,139908.84552000,51365997.42640250,0,0.010000000000218279,484151.8752,5960186.0,ETHUSDT
2020-10-18,368.31000000,378.64000000,367.10000000,378.11000000,323468.47095000,1603065599999,120818450.62118030,133043,166936.80184000,62359187.49284320,0,0.010000000000218279,484151.8752,5960186.0,ETHUSDT
2020-10-19,378.12000000,384.32000000,372.50000000,379.30000000,577252.90265000,1603151999999,218372639.95702320,224887,281217.97666000,106363380.19858650,0,0.010000000000218279,484151.8752,5960186.0,ETHUSDT
2020-10-20,379.30000000,380.73000000,365.27000000,368.52000000,617309.81677000,1603238399999,229928443.79691000,251051,288156.13039000,107315894.51408450,0,0.010000000000218279,484151.8752,5960186.0,ETHUSDT
2020-10-21,368.53000000,401.49000000,367.74000000,390.38000000,1221663.63784000,1603324799999,472488832.71627450,450963,632070.29962000,244519977.28209820,0,0.010000000000218279,484151.8752,5960186.0,ETHUSDT
2020-10-22,390.31000000,420.73000000,390.21000000,413.98000000,1095897.20667000,1603411199999,447211002.50125880,412013,560444.09814000,228790705.50160170,0,0.010000000000218279,484151.8752,5960186.0,ETHUSDT
2020-10-23,413.94000000,419.33000000,401.30000000,409.11000000,727832.32240000,1603497599999,299943190.93063720,293671,353573.61208000,145754753.83309310,0,0.010000000000218279,484151.8752,5960186.0,ETHUSDT
2020-10-24,409.19000000,416.66000000,407.00000000,412.14000000,419236.87106000,1603583999999,172799824.64868200,182680,207090.61075000,85377261.16253270,0,0.010000000000218279,484151.8752,5960186.0,ETHUSDT
2020-10-25,412.14000000,417.40000000,402.50000000,405.86000000,415586.97610000,1603670399999,170054743.31874520,177854,192487.98412000,78807422.93383440,0,0.010000000000218279,484151.8752,5960186.0,ETHUSDT
2020-10-26,405.85000000,411.11000000,382.30000000,392.52000000,895142.67266000,1603756799999,356208480.58571190,329493,408392.37075000,162532499.76636610,0,0.010000000000218279,484151.8752,5960186.0,ETHUSDT
2020-10-27,392.52000000,410.25000000,389.90000000,403.45000000,754261.74114000,1603843199999,302529716.87604170,286241,373015.83846000,149646030.09525350,0,0.010000000000218279,484151.8752,5960186.0,ETHUSDT
2020-10-28,403.41000000,409.20000000,380.52000000,388.23000000,855275.46882000,1603929599999,335751199.30374730,348661,407244.62775000,159935755.11819610,0,0.010000000000218279,484160.3487,5960341.0,ETHUSDT
2020-10-29,388.22000000,393.72000000,380.52000000,387.13000000,573096.01416000,1604015999999,222669504.87531700,248649,283010.62488000,109967352.10618020,0,0.010000000000218279,484160.3487,5960341.0,ETHUSDT
2020-10-30,387.12000000,391.97000000,373.29000000,382.49000000,771750.74746000,1604102399999,294342545.98087450,289735,384404.74738000,146595612.99159130,0,0.010000000000218279,484160.3487,5960341.0,ETHUSDT
2020-10-31,382.59000000,394.88000000,379.90000000,386.46000000,467453.81050000,1604188799999,181136851.45374130,218528,238043.31120000,92253593.43786280,0,0.010000000000218279,484160.3487,5960341.0,ETHUSDT
2020-11-01,386.44000000,398.29000000,384.61000000,396.67000000,438952.95565000,1604275199999,171238317.70032390,181369,228285.69860000,89100829.28533770,0,0.010000000000218279,484160.3487,5960341.0,ETHUSDT
2020-11-02,396.68000000,404.50000000,377.92000000,383.02000000,779968.57957000,1604361599999,304223545.89203440,290370,382924.26079000,149479791.08400600,0,0.010000000000218279,484160.3487,5960341.0,ETHUSDT
2020-11-03,383.01000000,390.00000000,370.23000000,387.88000000,752954.37114000,1604447999999,286291773.96848450,280412,366506.41600000,139475874.91715260,0,0.010000000000218279,484160.3487,5960341.0,ETHUSDT
2020-11-04,387.88000000,408.39000000,376.47000000,402.49000000,1157064.35076000,1604534399999,454481208.40200980,392310,600951.59602000,236190448.28833480,0,0.010000000000218279,484160.3487,5960341.0,ETHUSDT
2020-11-05,402.50000000,420.40000000,396.14000000,416.69000000,1475139.77342000,1604620799999,601591250.40124900,513574,733696.12776000,299466668.01144860,0,0.010000000000218279,484160.3487,5960341.0,ETHUSDT
2020-11-06,416.73000000,458.27000000,414.76000000,455.91000000,1682440.96026000,1604707199999,736015135.62721030,666505,883105.68936000,386541087.43089730,0,0.010000000000218279,484160.3487,5960341.0,ETHUSDT
2020-11-07,455.91000000,468.28000000,424.14000000,435.21000000,1653416.59610000,1604793599999,743871175.78212340,674858,831369.37192000,374507765.44837650,0,0.010000000000218279,484160.3487,5960341.0,ETHUSDT
2020-11-08,435.20000000,460.10000000,431.99000000,454.30000000,840908.46841000,1604879999999,375679148.23503960,354341,424300.36519000,189644075.40081470,0,0.010000000000218279,484160.3487,5960341.0,ETHUSDT
2020-11-09,454.29000000,459.10000000,433.09000000,444.32000000,1099213.24641000,1604966399999,491928164.98124340,469947,523180.45111000,234223108.98942740,0,0.010000000000218279,484160.3487,5960341.0,ETHUSDT
2020-11-10,444.32000000,455.00000000,438.70000000,450.34000000,866872.41108000,1605052799999,388190148.20789510,384228,437244.02871000,195856348.18969540,0,0.010000000000218279,484160.3487,5960341.0,ETHUSDT
2020-11-11,450.34000000,476.25000000,449.28000000,463.09000000,1205782.84262000,1605139199999,559228791.89035090,560360,626267.49881000,290487786.95615110,0,0.010000000000218279,484160.3487,5960341.0,ETHUSDT
2020-11-12,463.09000000,470.00000000,451.20000000,462.39000000,990776.62912000,1605225599999,455971309.21685460,411840,471577.98126000,217115755.31874190,0,0.010000000000218279,484160.3487,5960341.0,ETHUSDT
2020-11-13,462.48000000,478.01000000,457.12000000,476.43000000,976665.09752000,1605311999999,456232937.20613030,427363,509344.22798000,238031863.05169850,0,0.010000000000218279,484160.3487,5960341.0,ETHUSDT
2020-11-14,476.42000000,477.47000000,452.00000000,460.89000000,735252.78540000,1605398399999,340142257.19369760,350772,347000.03929000,160634962.00481430,0,0.010000000000218279,484160.3487,5960341.0,ETHUSDT
2020-11-15,460.90000000,462.89000000,440.19000000,448.08000000,665217.56671000,1605484799999,301406126.45931180,311451,307609.56539000,139442342.07826170,0,0.010000000000218279,484160.3487,5960341.0,ETHUSDT
2020-11-16,448.07000000,466.00000000,445.45000000,460.55000000,812060.44638000,1605571199999,370889706.69923280,328762,407294.36897000,186016422.42729190,0,0.010000000000218279,484160.3487,5960341.0,ETHUSDT
2020-11-17,460.51000000,484.88000000,459.80000000,482.15000000,1151573.37456000,1605657599999,544239665.38175160,464336,591305.56754000,279583957.90483940,0,0.010000000000218279,484160.3487,5960341.0,ETHUSDT
2020-11-18,482.11000000,495.31000000,456.60000000,478.41000000,1477696.29116000,1605743999999,706704397.41086890,637641,741745.06753000,355029605.61622610,0,0.010000000000218279,484160.3487,5960341.0,ETHUSDT
2020-11-19,478.43000000,480.75000000,464.86000000,471.25000000,817418.52685000,1605830399999,387199111.37944740,404737,389266.26994000,184475868.34601870,0,0.010000000000218279,484160.3487,5960341.0,ETHUSDT
2020-11-20,471.26000000,514.40000000,470.65000000,510.12000000,1516361.90736000,1605916799999,756660192.86075660,607663,781483.37009000,389816150.40627550,0,0.010000000000218279,484160.3487,5960341.0,ETHUSDT
2020-11-21,510.12000000,553.32000000,502.82000000,552.35000000,1548851.29067000,1606003199999,815402228.52281210,649077,789354.14815000,415699828.62327800,0,0.010000000000218279,484160.3487,5960341.0,ETHUSDT
2020-11-22,552.42000000,580.88000000,511.28000000,560.03000000,1850317.93581000,1606089599999,1014064539.08814930,768900,910655.85789000,499466614.36578590,0,0.010000000000218279,484160.3487,5960341.0,ETHUSDT
2020-11-23,560.03000000,610.85000000,550.12000000,608.58000000,2076008.84846000,1606175999999,1218150934.31147740,896026,1056711.75846000,620234259.82056650,0,0.010000000000218279,484160.3487,5960341.0,ETHUSDT
2020-11-24,608.58000000,623.00000000,585.00000000,604.97000000,1606450.49193000,1606262399999,976376501.31147490,838352,801041.86277000,487114657.46570510,0,0.010000000000218279,484160.3487,5960341.0,ETHUSDT
2020-11-25,604.98000000,606.00000000,553.83000000,569.50000000,1219440.02727000,1606348799999,716972340.67452020,657386,576127.36549000,339032707.42864070,0,0.010000000000218279,484160.3487,5960341.0,ETHUSDT
2020-11-26,569.38000000,577.14000000,481.00000000,519.83000000,2683460.74171000,1606435199999,1386030255.16807190,1259051,1291907.71331000,667402458.34550710,0,0.010000000000218279,484160.3487,5960341.0,ETHUSDT
2020-11-27,519.83000000,530.62000000,493.72000000,518.68000000,1088064.28114000,1606521599999,558985308.90236460,578800,546528.97953000,280820318.04883820,0,0.009999999999763531,484180.2457,5960550.0,ETHUSDT
2020-11-28,518.59000000,547.94000000,506.59000000,537.52000000,900508.61431000,1606607999999,475169074.69038870,456028,466164.69930000,245997234.13831860,0,0.009999999999763531,484180.2457,5960550.0,ETHUSDT
2020-11-29,537.50000000,576.90000000,530.32000000,576.30000000,855276.46664000,1606694399999,471629262.24329860,454026,440702.88199000,243151356.51696760,0,0.009999999999763531,484180.2457,5960550.0,ETHUSDT
2020-11-30,576.32000000,616.85000000,570.07000000,616.66000000,1501989.45408000,1606780799999,895373784.83004420,717837,762000.09958000,454509095.97326810,0,0.009999999999763531,484180.2457,5960550.0,ETHUSDT
2020-12-01,616.65000000,635.70000000,560.00000000,585.26000000,2163875.81376000,1606867199999,1300668283.31968030,1018862,1053325.00335000,633883748.89797740,0,0.009999999999763531,484180.2457,5960550.0,ETHUSDT
2020-12-02,585.26000000,604.93000000,575.00000000,596.89000000,1069538.65619000,1606953599999,632858653.20502320,604591,532480.45583000,315241714.26318180,0,0.009999999999763531,484180.2457,5960550.0,ETHUSDT
2020-12-03,596.88000000,623.44000000,585.82000000,615.85000000,935687.91723000,1607039999999,568024618.94103900,513555,481922.57902000,292623478.63136890,0,0.009999999999763531,484180.2457,5960550.0,ETHUSDT
2020-12-04,615.84000000,620.00000000,565.82000000,567.24000000,1052452.78666000,1607126399999,624543865.90086520,556641,488225.14672000,289993182.86860670,0,0.009999999999763531,484180.2457,5960550.0,ETHUSDT
2020-12-05,567.24000000,597.11000000,560.88000000,596.80000000,701567.95564000,1607212799999,410382624.74253480,389600,362873.30755000,212540315.03846360,0,0.009999999999763531,484180.2457,5960550.0,ETHUSDT
2020-12-06,596.82000000,607.50000000,583.00000000,601.54000000,602496.96339000,1607299199999,359236400.29499330,363661,311000.01314000,185485506.35937250,0,0.009999999999763531,484180.2457,5960550.0,ETHUSDT
2020-12-07,601.59000000,603.15000000,584.22000000,591.28000000,498329.37589000,1607385599999,295598087.02799800,347036,236796.14093000,140496350.95128050,0,0.009999999999763531,484180.2457,5960550.0,ETHUSDT
2020-12-08,591.27000000,595.00000000,549.22000000,554.94000000,804443.00717000,1607471999999,461781203.16172090,422868,371889.68919000,213672984.76221560,0,0.009999999999763531,484180.2457,5960550.0,ETHUSDT
2020-12-09,554.92000000,578.08000000,530.43000000,573.09000000,997192.16738000,1607558399999,555142155.88265270,535975,503291.69076000,280447024.92060910,0,0.009999999999763531,484180.2457,5960550.0,ETHUSDT
2020-12-10,573.20000000,575.70000000,548.11000000,558.99000000,608414.51466000,1607644799999,341352126.26706100,376548,301401.59013000,169125585.10276520,0,0.009999999999763531,484180.2457,5960550.0,ETHUSDT
2020-12-11,558.99000000,560.80000000,535.50000000,544.43000000,768921.78317000,1607731199999,419607430.44734580,400545,369206.67071000,201527071.67009370,0,0.009999999999763531,484180.2457,5960550.0,ETHUSDT
2020-12-12,544.46000000,574.00000000,543.10000000,568.04000000,573913.95311000,1607817599999,320867352.46155610,321104,303037.86143000,169441251.72908650,0,0.009999999999763531,484180.2457,5960550.0,ETHUSDT
2020-12-13,568.09000000,595.00000000,563.22000000,590.70000000,657794.46158000,1607903999999,383072560.34673000,359525,326199.32502000,189873757.16352030,0,0.009999999999763531,484180.2457,5960550.0,ETHUSDT
2020-12-14,590.81000000,591.48000000,575.60000000,586.29000000,493012.02706000,1607990399999,288110223.95248790,272746,245044.70577000,143226160.02563270,0,0.009999999999763531,484180.2457,5960550.0,ETHUSDT
2020-12-15,586.29000000,597.20000000,578.58000000,588.64000000,569270.52011000,1608076799999,334543178.36939210,329161,290602.59003000,170832376.24944630,0,0.009999999999763531,484180.2457,5960550.0,ETHUSDT
2020-12-16,588.78000000,640.00000000,580.71000000,637.18000000,1185588.05078000,1608163199999,725009244.40773530,589563,615898.25662000,376680848.04210240,0,0.009999999999763531,484180.2457,5960550.0,ETHUSDT
2020-12-17,637.18000000,676.25000000,625.76000000,642.70000000,2006130.01975000,1608249599999,1307445033.12182490,974504,975946.21679000,636041218.08299910,0,0.009999999999763531,484180.2457,5960550.0,ETHUSDT
2020-12-18,642.71000000,664.61000000,629.40000000,653.85000000,1000012.98018000,1608335999999,646217791.22968610,554335,496068.24065000,320579472.24291110,0,0.009999999999763531,484180.2457,5960550.0,ETHUSDT
2020-12-19,653.76000000,669.95000000,645.42000000,658.03000000,858803.88459000,1608422399999,564029933.25885230,562281,421384.66554000,276780293.91863170,0,0.009999999999763531,484180.2457,5960550.0,ETHUSDT
2020-12-20,658.05000000,661.39000000,621.01000000,638.18000000,823958.22843000,1608508799999,533109285.65194770,505181,394908.57533000,255626307.21206790,0,0.009999999999763531,484180.2457,5960550.0,ETHUSDT
2020-12-21,638.10000000,648.00000000,595.90000000,607.58000000,843251.16565000,1608595199999,524208673.90862380,521589,408550.63200000,254158056.05938060,0,0.009999999999763531,484180.2457,5960550.0,ETHUSDT
2020-12-22,607.68000000,637.73000000,588.00000000,636.45000000,918851.25654000,1608681599999,563872004.63349170,522945,466287.90424000,286284535.10764970,0,0.009999999999763531,484180.2457,5960550.0,ETHUSDT
2020-12-23,636.41000000,638.44000000,551.28000000,585.56000000,1208807.36518000,1608767999999,733443630.36561180,733896,564050.80567000,342705478.21036510,0,0.009999999999763531,484180.2457,5960550.0,ETHUSDT
2020-12-24,585.48000000,615.02000000,565.43000000,612.31000000,886335.86333000,1608854399999,519843556.98166310,571510,452224.32838000,265331357.89847340,0,0.009999999999763531,484180.2457,5960550.0,ETHUSDT
2020-12-25,612.31000000,634.24000000,604.28000000,626.82000000,798009.62915000,1608940799999,494089140.85723270,468979,410025.85332000,253924482.47283610,0,0.009999999999763531,484180.2457,5960550.0,ETHUSDT
2020-12-26,626.78000000,652.91000000,615.26000000,637.44000000,958585.50647000,1609027199999,607664782.01089470,541191,484016.30919000,307006622.69878590,0,0.009999999999763531,484180.2457,5960550.0,ETHUSDT
2020-12-27,637.44000000,717.13000000,625.00000000,685.11000000,1859968.15029000,1609113599999,1247547956.82394360,1047001,934904.83600000,627557199.45998840,0,0.009999999999763531,484180.3566,5960552.0,ETHUSDT
2020-12-28,685.10000000,748.09000000,681.04000000,730.41000000,1627154.39266000,1609199999999,1180438285.48840650,961277,832490.11082000,603982596.85125660,0,0.009999999999763531,484180.3566,5960552.0,ETHUSDT
2020-12-29,730.40000000,740.78000000,689.20000000,732.00000000,1106876.35855000,1609286399999,794643540.49012380,820504,543799.46855000,390697226.37305640,0,0.009999999999763531,484180.3566,5960552.0,ETHUSDT
2020-12-30,732.00000000,758.74000000,716.62000000,752.17000000,1008574.09906000,1609372799999,743546676.75446260,692405,514590.35901000,379464185.39099070,0,0.009999999999763531,484180.3566,5960552.0,ETHUSDT
2020-12-31,752.17000000,755.74000000,722.00000000,736.42000000,863375.57981000,1609459199999,638503822.39406460,623216,431442.91885000,319087759.04187390,0,0.009999999999763531,484180.3566,5960552.0,ETHUSDT
2021-01-01,736.42000000,749.00000000,714.29000000,728.91000000,675114.09329000,1609545599999,496072043.77740740,483671,338988.53158000,249240373.93868390,0,0.009999999999763531,484180.3566,5960552.0,ETHUSDT
2021-01-02,728.91000000,787.69000000,714.91000000,774.56000000,1352618.57668000,1609631999999,1024472182.61208700,824134,686674.73342000,519915827.01148550,0,0.009999999999763531,484180.3566,5960552.0,ETHUSDT
2021-01-03,774.44000000,1011.07000000,768.71000000,978.28000000,2813603.88615000,1609718399999,2522411859.73160970,1636501,1439027.79886000,1290266275.59314880,0,0.009999999999763531,484180.3566,5960552.0,ETHUSDT
2021-01-04,978.33000000,1162.97000000,890.00000000,1041.43000000,4245010.94004000,1609804799999,4303634203.21959870,2477862,2126337.67210000,2157639019.32919130,0,0.009999999999763531,484180.3566,5960552.0,ETHUSDT
2021-01-05,1041.45000000,1134.60000000,974.45000000,1099.56000000,2706995.67525000,1609891199999,2857050280.00814230,1960503,1337641.02794000,1412551452.85355810,0,0.009999999999763531,484180.3566,5960552.0,ETHUSDT
2021-01-06,1100.16000000,1213.00000000,1057.26000000,1208.42000000,2390136.59334000,1609977599999,2725262121.28851310,1600888,1227955.88850000,1401239480.53057930,0,0.009999999999763531,484180.3566,5960552.0,ETHUSDT
2021-01-07,1208.75000000,1289.00000000,1131.00000000,1224.87000000,1972922.82059000,1610063999999,2406219891.36853430,1402699,974726.97516000,1189746026.15138440,0,0.009999999999763531,484180.3566,5960552.0,ETHUSDT
2021-01-08,1224.86000000,1273.75000000,1065.00000000,1216.93000000,2131172.92341000,1610150399999,2543427452.58012550,1718817,1042889.10509000,1246619297.41983940,0,0.009999999999763531,484180.3566,5960552.0,ETHUSDT
2021-01-09,1216.72000000,1304.37000000,1171.36000000,1276.00000000,1448871.11514000,1610236799999,1780137376.41646950,1131871,746369.69680000,918333130.76833010,0,0.009999999999763531,484180.3566,5960552.0,ETHUSDT
2021-01-10,1276.00000000,1348.33000000,1170.00000000,1254.25000000,1951179.35003000,1610323199999,2517791852.40776210,1437486,979792.30536000,1266203575.09528690,0,0.009999999999763531,484180.3566,5960552.0,ETHUSDT
2021-01-11,1254.24000000,1260.00000000,915.00000000,1087.01000000,4099450.90046000,1610409599999,4323564508.69963730,2577496,1981122.01834000,2089606728.71270800,0,0.009999999999763531,484180.3566,5960552.0,ETHUSDT
2021-01-12,1087.00000000,1150.02000000,1006.33000000,1050.16000000,2302645.34052000,1610495999999,2491067092.51012720,1516625,1149858.00491000,1244662146.28528080,0,0.009999999999763531,484180.3566,5960552.0,ETHUSDT
2021-01-13,1050.36000000,1137.65000000,987.48000000,1129.89000000,1564202.39081000,1610582399999,1664178969.07380440,1123983,792814.80569000,844656818.22553690,0,0.009999999999763531,484180.3566,5960552.0,ETHUSDT
2021-01-14,1129.79000000,1247.55000000,1086.70000000,1231.62000000,1555737.38556000,1610668799999,1825860914.17379550,1255769,794405.96443000,932454704.10136900,0,0.009999999999763531,484180.3566,5960552.0,ETHUSDT
2021-01-15,1231.89000000,1256.98000000,1069.42000000,1168.53000000,1944038.83738000,1610755199999,2302781118.95873940,1519266,966118.73281000,1145518024.49123220,0,0.010000000000218279,484180.3566,5960552.0,ETHUSDT
2021-01-16,1168.48000000,1298.00000000,1151.77000000,1227.83000000,1575384.43797000,1610841599999,1927453174.61179310,1252473,804431.16803000,984555467.09145990,0,0.009999999999763531,484180.3566,5960552.0,ETHUSDT
2021-01-17,1227.83000000,1269.02000000,1165.00000000,1232.45000000,1317285.00579000,1610927999999,1606424364.49704180,1121278,665250.50449000,811881943.45552540,0,0.009999999999763531,484180.3566,5960552.0,ETHUSDT
2021-01-18,1232.50000000,1260.75000000,1182.58000000,1258.45000000,998050.11073000,1611014399999,1223628040.73726070,940604,499759.24002000,613148505.56560630,0,0.009999999999763531,484180.3566,5960552.0,ETHUSDT
2021-01-19,1258.52000000,1438.30000000,1251.49000000,1365.36000000,2278852.55758000,1611100799999,3120980923.93030880,1840481,1158029.40293000,1585793803.66076070,0,0.009999999999763531,484180.3566,5960552.0,ETHUSDT
2021-01-20,1365.36000000,1407.93000000,1235.42000000,1376.99000000,2219137.62144000,1611187199999,2931656296.46700050,1852253,1103381.08760000,1459031149.78985600,0,0.009999999999763531,484180.3566,5960552.0,ETHUSDT
2021-01-21,1376.72000000,1390.00000000,1086.00000000,1110.96000000,2310208.57298000,1611273599999,2857288905.57713290,1864620,1114608.89147000,1379815497.02161520,0,0.009999999999763531,484180.3566,5960552.0,ETHUSDT
2021-01-22,1111.98000000,1273.79000000,1042.31000000,1232.62000000,2020593.21673000,1611359999999,2360267831.31755460,1652010,1036188.85921000,1212076603.47097220,0,0.009999999999763531,484180.3566,5960552.0,ETHUSDT
2021-01-23,1232.61000000,1272.44000000,1195.90000000,1233.60000000,1009545.08258000,1611446399999,1250575691.76273060,932871,505750.89704000,626781286.58099590,0,0.009999999999763531,484180.3566,5960552.0,ETHUSDT
2021-01-24,1233.46000000,1398.83000000,1220.00000000,1392.51000000,1510879.53817000,1611532799999,1996765627.54051920,1313986,790374.50924000,1045052388.63841560,0,0.009999999999763531,484180.3566,5960552.0,ETHUSDT
2021-01-25,1392.19000000,1475.00000000,1293.69000000,1317.88000000,1885441.31289000,1611619199999,2644267236.89718770,1661512,943347.25829000,1324815913.98590850,0,0.009999999999763531,484180.3566,5960552.0,ETHUSDT
2021-01-26,1317.60000000,1378.49000000,1244.56000000,1365.97000000,1682923.65799000,1611705599999,2216751668.39271260,1423178,856659.30135000,1128968367.85389060,0,0.009999999999763531,484193.8898,5960925.0,ETHUSDT
2021-01-27,1366.54000000,1373.90000000,1207.00000000,1239.03000000,2009772.08358000,1611791999999,2554649901.07484460,1737296,997748.24567000,1268777717.49710370,0,0.009999999999763531,484193.8898,5960925.0,ETHUSDT
2021-01-28,1238.93000000,1360.00000000,1217.23000000,1329.69000000,1365269.71962000,1611878399999,1790490878.19379420,1275024,702526.23919000,922191761.36835110,0,0.009999999999763531,484193.8898,5960925.0,ETHUSDT
2021-01-29,1329.44000000,1436.90000000,1285.35000000,1379.50000000,2253963.18682000,1611964799999,3077996801.23176560,1714076,1126572.38403000,1539947796.20749350,0,0.009999999999763531,484193.8898,5960925.0,ETHUSDT
2021-01-30,1379.56000000,1406.00000000,1326.41000000,1378.05000000,1040042.23630000,1612051199999,1414231402.54388340,1013174,508185.46266000,691043000.99942650,0,0.009999999999763531,484193.8898,5960925.0,ETHUSDT
2021-01-31,1378.04000000,1380.74000000,1281.12000000,1312.55000000,958704.85571000,1612137599999,1276842259.97134880,828176,448756.56134000,597602925.78056310,0,0.009999999999763531,484193.8898,5960925.0,ETHUSDT
2021-02-01,1312.45000000,1377.99000000,1269.99000000,1374.17000000,1096397.91862000,1612223999999,1449463766.72379510,915584,550007.37258000,727808340.67551960,0,0.009999999999763531,484193.8898,5960925.0,ETHUSDT
2021-02-02,1374.09000000,1547.90000000,1360.28000000,1511.87000000,1944227.99878000,1612310399999,2821617332.39978510,1614541,986022.09176000,1431300798.43024110,0,0.009999999999763531,484193.8898,5960925.0,ETHUSDT
2021-02-03,1511.93000000,1669.35000000,1508.39000000,1664.49000000,1535869.88801000,1612396799999,2418887041.58756150,1384979,793334.97198000,1249029451.14196070,0,0.009999999999763531,484193.8898,5960925.0,ETHUSDT
2021-02-04,1664.67000000,1695.20000000,1554.44000000,1595.67000000,1646502.32962000,1612483199999,2693099602.27560810,1507993,825236.64834000,1350478681.24540390,0,0.009999999999763531,484193.8898,5960925.0,ETHUSDT
2021-02-05,1595.53000000,1760.49000000,1591.00000000,1719.19000000,1194123.29946000,1612569599999,2011685911.16688670,1326415,600948.63761000,1012301493.08615330,0,0.009999999999763531,484193.8898,5960925.0,ETHUSDT
2021-02-06,1718.95000000,1743.67000000,1642.94000000,1676.35000000,1149808.33101000,1612655999999,1940057857.94389820,1152167,565703.52545000,954941828.40177990,0,0.009999999999763531,484193.8898,5960925.0,ETHUSDT
2021-02-07,1676.35000000,1693.00000000,1490.46000000,1611.62000000,1281734.86814000,1612742399999,2044371589.02327640,1263737,618789.69751000,987284129.73539090,0,0.009999999999763531,484193.8898,5960925.0,ETHUSDT
2021-02-08,1611.46000000,1775.57000000,1563.89000000,1750.15000000,1339777.09536000,1612828799999,2255426926.01997780,1372788,677614.29512000,1141288384.54742980,0,0.009999999999763531,484193.8898,5960925.0,ETHUSDT
2021-02-09,1749.68000000,1821.88000000,1708.49000000,1769.13000000,1185071.89593000,1612915199999,2080818891.69890500,1173421,593423.36868000,1042666171.18075090,0,0.009999999999763531,484193.8898,5960925.0,ETHUSDT
2021-02-10,1769.14000000,1837.86000000,1680.00000000,1740.78000000,1219932.25474000,1613001599999,2149076144.40765770,1279140,605462.91818000,1067949000.52371340,0,0.009999999999763531,484193.8898,5960925.0,ETHUSDT
2021-02-11,1740.76000000,1819.00000000,1703.44000000,1785.62000000,735079.82699000,1613087999999,1301681871.56326880,935602,367056.14118000,650153645.44318730,0,0.009999999999763531,484193.8898,5960925.0,ETHUSDT
2021-02-12,1785.83000000,1864.88000000,1739.88000000,1840.26000000,909600.20653000,1613174399999,1635426867.77409270,996495,460779.83709000,829217927.34420890,0,0.009999999999763531,484193.8898,5960925.0,ETHUSDT
2021-02-13,1840.24000000,1871.72000000,1765.00000000,1814.96000000,767589.07285000,1613260799999,1395594093.28399760,853189,372008.25141000,676531918.54325300,0,0.009999999999763531,484193.8898,5960925.0,ETHUSDT
2021-02-14,1815.25000000,1850.00000000,1784.11000000,1800.42000000,675261.77873000,1613347199999,1230043295.03428380,714827,334005.33344000,608556979.10253330,0,0.009999999999763531,484193.8898,5960925.0,ETHUSDT
2021-02-15,1800.03000000,1835.72000000,1655.67000000,1779.25000000,1053474.57879000,1613433599999,1860338371.89740780,1086589,511771.37271000,904087834.75423730,0,0.009999999999763531,484193.8898,5960925.0,ETHUSDT
2021-02-16,1779.33000000,1827.28000000,1724.00000000,1781.99000000,817493.47513000,1613519999999,1455884891.92438010,826125,389395.78700000,693804838.74920430,0,0.009999999999763531,484193.8898,5960925.0,ETHUSDT
2021-02-17,1781.99000000,1855.00000000,1733.01000000,1849.88000000,795711.63311000,1613606399999,1437546812.97183170,862461,412387.45021000,745568293.76172300,0,0.009999999999763531,484193.8898,5960925.0,ETHUSDT
2021-02-18,1849.70000000,1950.50000000,1849.69000000,1939.61000000,937227.10191000,1613692799999,1787383532.10237610,1053661,493607.02549000,941541216.78113600,0,0.009999999999763531,484193.8898,5960925.0,ETHUSDT
2021-02-19,1938.91000000,1972.82000000,1891.00000000,1955.00000000,793404.41150000,1613779199999,1533991632.12954610,988320,388954.85277000,752267904.16996680,0,0.009999999999763531,484193.8898,5960925.0,ETHUSDT
2021-02-20,1955.46000000,2042.34000000,1803.14000000,1913.00000000,1261315.81279000,1613865599999,2493836246.48714560,1329067,624716.42408000,1236782122.34460490,0,0.009999999999763531,484193.8898,5960925.0,ETHUSDT
2021-02-21,1912.90000000,1976.31000000,1883.01000000,1933.53000000,756568.19743000,1613951999999,1467970937.28507250,895138,386132.26661000,749271580.57468510,0,0.009999999999763531,484193.8898,5960925.0,ETHUSDT
2021-02-22,1933.54000000,1936.29000000,1551.00000000,1777.58000000,1807244.98099000,1614038399999,3200483176.97958480,1799926,854014.62953000,1513747907.80303880,0,0.009999999999763531,484193.8898,5960925.0,ETHUSDT
2021-02-23,1777.42000000,1782.39000000,1355.00000000,1577.89000000,2547837.82068000,1614124799999,3931407907.53427650,2396626,1231889.46331000,1903489088.14390600,0,0.009999999999763531,484193.8898,5960925.0,ETHUSDT
2021-02-24,1577.79000000,1712.70000000,1500.20000000,1623.39000000,1384388.81727000,1614211199999,2261264845.46507440,1319936,705887.81504000,1153792817.18654230,0,0.009999999999763531,484193.8898,5960925.0,ETHUSDT
2021-02-25,1623.16000000,1671.59000000,1459.16000000,1481.75000000,1032670.79409000,1614297599999,1650582276.87186390,1110019,501173.65129000,802212265.45357460,0,,,,ETHUSDT
2021-02-26,1482.08000000,1562.25000000,1400.00000000,1444.59000000,1355973.29378000,1614383999999,2004016547.11119290,1298739,662906.93964000,979857228.42828460,0,,,,ETHUSDT
2021-02-27,1444.56000000,1529.00000000,1425.00000000,1458.13000000,927423.04750000,1614470399999,1375946816.33254320,954919,452205.99129000,671100313.80011610,0,,,,ETHUSDT
2021-02-28,1458.27000000,1468.75000000,1293.18000000,1419.18000000,1410207.56284000,1614556799999,1929140046.64625870,1190546,704060.34406000,963537938.07734470,0,,,,ETHUSDT
2021-03-01,1418.67000000,1572.00000000,1409.91000000,1569.86000000,1094695.17839000,1614643199999,1642627276.31055880,989006,568597.04493000,853434777.37504840,0,,,,ETHUSDT
2021-03-02,1570.00000000,1602.90000000,1455.52000000,1486.78000000,1061142.38743000,1614729599999,1627312282.62352900,966176,508683.55658000,781051077.73856460,0,,,,ETHUSDT
2021-03-03,1486.79000000,1656.94000000,1475.47000000,1567.69000000,1054846.31471000,1614815999999,1676300215.04583230,1237215,534919.19161000,850213871.68664110,0,,,,ETHUSDT
2021-03-04,1567.68000000,1624.87000000,1506.36000000,1539.23000000,946365.67088000,1614902399999,1476463517.98648710,1125118,468540.00465000,731257773.71699530,0,,,,ETHUSDT
2021-03-05,1539.22000000,1548.96000000,1441.66000000,1528.31000000,910786.28976000,1614988799999,1355798089.27269910,1000913,451258.01245000,672042056.24061980,0,,,,ETHUSDT
2021-03-06,1528.08000000,1671.58000000,1513.03000000,1650.35000000,1013300.93928000,1615075199999,1611851701.82401670,1188531,536167.18087000,853820036.09284670,0,,,,ETHUSDT
2021-03-07,1650.68000000,1734.16000000,1630.35000000,1726.16000000,848470.78136000,1615161599999,1414988218.19354000,1166072,432388.65922000,721395027.18272030,0,,,,ETHUSDT
2021-03-08,1726.46000000,1843.59000000,1664.96000000,1833.18000000,1149711.39987000,1615247999999,1995142128.64813450,1407402,602217.91071000,1046045706.90183630,0,,,,ETHUSDT
2021-03-09,1833.22000000,1870.77000000,1798.20000000,1870.51000000,857229.47855000,1615334399999,1570286249.45090050,1196670,414078.09328000,758575748.35696330,0,,,,ETHUSDT
2021-03-10,1870.50000000,1877.69000000,1757.00000000,1795.12000000,937230.62831000,1615420799999,1706230875.26766380,1098051,451348.33020000,821707575.72727200,0,,,,ETHUSDT
2021-03-11,1795.28000000,1846.70000000,1725.00000000,1825.78000000,909011.49610000,1615507199999,1627027458.08879630,1023958,443744.99114000,794476087.91730540,0,,,,ETHUSDT
2021-03-12,1825.78000000,1841.88000000,1719.72000000,1766.10000000,869564.63610000,1615593599999,1542873062.42010170,1126153,426161.77880000,756268155.25952690,0,,,,ETHUSDT
2021-03-13,1766.13000000,1944.30000000,1727.75000000,1922.35000000,926283.22642000,1615679999999,1718553131.96147330,1265904,471925.04818000,875441534.03515230,0,,,,ETHUSDT
2021-03-14,1922.35000000,1933.10000000,1836.00000000,1848.10000000,637963.63627000,1615766399999,1200354205.60335700,963564,301776.22952000,567878404.18293170,0,,,,ETHUSDT
2021-03-15,1848.10000000,1891.76000000,1730.00000000,1793.48000000,1025326.79658000,1615852799999,1842608872.76306020,1496415,511041.33812000,918123974.55408360,0,,,,ETHUSDT
2021-03-16,1793.99000000,1819.50000000,1711.68000000,1805.12000000,764993.40147000,1615939199999,1360127229.78991600,987906,388327.71998000,690760061.47753980,0,,,,ETHUSDT
2021-03-17,1805.01000000,1838.88000000,1741.18000000,1823.58000000,658349.44843000,1616025599999,1177718486.96461370,872416,337373.92544000,603533782.44800500,0,,,,ETHUSDT
2021-03-18,1823.58000000,1850.00000000,1759.04000000,1776.08000000,603721.61056000,1616111999999,1092346826.55369030,783517,284617.82364000,514992961.42729320,0,,,,ETHUSDT
2021-03-19,1775.92000000,1840.61000000,1733.47000000,1809.10000000,500258.42875000,1616198399999,901801564.20232610,703977,250974.49054000,452606834.75388390,0,,,,ETHUSDT
2021-03-20,1809.01000000,1868.83000000,1800.86000000,1806.10000000,451556.10639000,1616284799999,828404987.65277420,743672,230001.04734000,421947140.57311450,0,,,,ETHUSDT
2021-03-21,1806.57000000,1817.16000000,1747.00000000,1782.98000000,465953.98749000,1616371199999,830951276.51307660,748800,227170.16353000,405242308.74646660,0,,,,ETHUSDT
2021-03-22,1783.23000000,1807.51000000,1655.15000000,1680.97000000,582727.49081000,1616457599999,1019780398.78218940,879976,284682.99701000,498556293.27248210,0,,,,ETHUSDT
2021-03-23,1681.17000000,1721.17000000,1650.00000000,1668.08000000,577213.99589000,1616543999999,975522491.06404260,654415,286791.61839000,484836342.00614680,0,,,,ETHUSDT
2021-03-24,1668.20000000,1740.86000000,1536.92000000,1581.84000000,753834.52393000,1616630399999,1251031751.15638120,994542,360806.99166000,599730061.13798270,0,,,,ETHUSDT
2021-03-25,1581.88000000,1622.00000000,1549.40000000,1585.74000000,701697.00258000,1616716799999,1115502879.62915160,778215,357916.02537000,569176818.69337150,0,,,,ETHUSDT
2021-03-26,1585.83000000,1699.93000000,1585.79000000,1698.84000000,515470.92907000,1616803199999,844707873.91477140,650812,265021.09760000,434412049.54683700,0,,,,ETHUSDT
