symbol,timestamp,open,high,low,close,volume
BTCUSDT,2021-01-01,28923.63000000,29600.00000000,28624.57000000,29331.69000000,54182.92501100
BTCUSDT,2021-01-02,29331.70000000,33300.00000000,28946.53000000,32178.33000000,129993.87336200
BTCUSDT,2021-01-03,32176.45000000,34778.11000000,31962.99000000,33000.05000000,120957.56675000
BTCUSDT,2021-01-04,33000.05000000,33600.00000000,28130.00000000,31988.71000000,140899.88569000
BTCUSDT,2021-01-05,31989.75000000,34360.00000000,29900.00000000,33949.53000000,116049.99703800
BTCUSDT,2021-01-06,33949.53000000,36939.21000000,33288.00000000,36769.36000000,127139.20131000
BTCUSDT,2021-01-07,36769.36000000,40365.00000000,36300.00000000,39432.28000000,132825.70043700
BTCUSDT,2021-01-08,39432.48000000,41950.00000000,36500.00000000,40582.81000000,139789.95749900
BTCUSDT,2021-01-09,40586.96000000,41380.00000000,38720.00000000,40088.22000000,75785.97967500
BTCUSDT,2021-01-10,40088.22000000,41350.00000000,35111.11000000,38150.02000000,118209.54450300
BTCUSDT,2021-01-11,38150.02000000,38264.74000000,30420.00000000,35404.47000000,251156.13828700
BTCUSDT,2021-01-12,35410.37000000,36628.00000000,32531.00000000,34051.24000000,133948.15199600
BTCUSDT,2021-01-13,34049.15000000,37850.00000000,32380.00000000,37371.38000000,124477.91493800
BTCUSDT,2021-01-14,37371.38000000,40100.00000000,36701.23000000,39144.50000000,102950.38942100
BTCUSDT,2021-01-15,39145.21000000,39747.76000000,34408.00000000,36742.22000000,118300.92091600
BTCUSDT,2021-01-16,36737.43000000,37950.00000000,35357.80000000,35994.98000000,86348.43150800
BTCUSDT,2021-01-17,35994.98000000,36852.50000000,33850.00000000,35828.61000000,80157.72738400
BTCUSDT,2021-01-18,35824.99000000,37469.83000000,34800.00000000,36631.27000000,70698.11875000
BTCUSDT,2021-01-19,36622.46000000,37850.00000000,35844.06000000,35891.49000000,79611.30776900
BTCUSDT,2021-01-20,35901.94000000,36415.31000000,33400.00000000,35468.23000000,89368.42291800
BTCUSDT,2021-01-21,35468.23000000,35600.00000000,30071.00000000,30850.13000000,135004.07665800
BTCUSDT,2021-01-22,30851.99000000,33826.53000000,28850.00000000,32945.17000000,142971.68404900
BTCUSDT,2021-01-23,32950.00000000,33456.00000000,31390.16000000,32078.00000000,64595.28767500
BTCUSDT,2021-01-24,32078.00000000,33071.00000000,30900.00000000,32259.90000000,57978.03796600
BTCUSDT,2021-01-25,32259.45000000,34875.00000000,31910.00000000,32254.20000000,88499.22692100
BTCUSDT,2021-01-26,32254.19000000,32921.88000000,30837.37000000,32467.77000000,84972.20691000
BTCUSDT,2021-01-27,32464.01000000,32557.29000000,29241.72000000,30366.15000000,95911.96171100
BTCUSDT,2021-01-28,30362.19000000,33783.98000000,29842.10000000,33364.86000000,92621.14561700
BTCUSDT,2021-01-29,33368.18000000,38531.90000000,31915.40000000,34252.20000000,231827.00562600
BTCUSDT,2021-01-30,34246.28000000,34933.00000000,32825.00000000,34262.88000000,84889.68134000
BTCUSDT,2021-01-31,34262.89000000,34342.69000000,32171.67000000,33092.98000000,68742.28038400
BTCUSDT,2021-02-01,33092.97000000,34717.27000000,32296.16000000,33526.37000000,82718.27688200
BTCUSDT,2021-02-02,33517.09000000,35984.33000000,33418.00000000,35466.24000000,78056.65988000
BTCUSDT,2021-02-03,35472.71000000,37662.63000000,35362.38000000,37618.87000000,80784.33366300
BTCUSDT,2021-02-04,37620.26000000,38708.27000000,36161.95000000,36936.66000000,92080.73589800
BTCUSDT,2021-02-05,36936.65000000,38310.12000000,36570.00000000,38290.24000000,66681.33427500
BTCUSDT,2021-02-06,38289.32000000,40955.51000000,38215.94000000,39186.94000000,98757.31118300
BTCUSDT,2021-02-07,39181.01000000,39700.00000000,37351.00000000,38795.69000000,84363.67976300
BTCUSDT,2021-02-08,38795.69000000,46794.45000000,37988.89000000,46374.87000000,138597.53691400
BTCUSDT,2021-02-09,46374.86000000,48142.19000000,44961.09000000,46420.42000000,115499.86171200
BTCUSDT,2021-02-10,46420.42000000,47310.00000000,43727.00000000,44807.58000000,97154.18220000
BTCUSDT,2021-02-11,44807.58000000,48678.90000000,43994.02000000,47969.51000000,89561.08145400
BTCUSDT,2021-02-12,47968.66000000,48985.80000000,46125.00000000,47287.60000000,85870.03569700
BTCUSDT,2021-02-13,47298.15000000,48150.00000000,46202.53000000,47153.69000000,63768.09739900
BTCUSDT,2021-02-14,47156.78000000,49707.43000000,47014.17000000,48577.79000000,73735.47553300
BTCUSDT,2021-02-15,48580.47000000,49010.92000000,45570.79000000,47911.10000000,79398.15678400
BTCUSDT,2021-02-16,47911.10000000,50689.18000000,47003.62000000,49133.45000000,88813.26629800
BTCUSDT,2021-02-17,49133.45000000,52618.74000000,48947.00000000,52119.71000000,85743.63781800
BTCUSDT,2021-02-18,52117.67000000,52530.00000000,50901.90000000,51552.60000000,60758.04695400
BTCUSDT,2021-02-19,51552.61000000,56368.00000000,50710.20000000,55906.00000000,79659.77802000
BTCUSDT,2021-02-20,55906.00000000,57700.46000000,53863.93000000,55841.19000000,80948.20531400
BTCUSDT,2021-02-21,55841.19000000,58352.80000000,55477.59000000,57408.57000000,58166.70851100
BTCUSDT,2021-02-22,57412.35000000,57508.47000000,47622.00000000,54087.67000000,134019.43494400
BTCUSDT,2021-02-23,54087.67000000,54183.59000000,44892.56000000,48891.00000000,169375.02505100
BTCUSDT,2021-02-24,48891.00000000,51374.99000000,46988.69000000,49676.20000000,91881.20925200
BTCUSDT,2021-02-25,49676.21000000,52041.73000000,46674.34000000,47073.73000000,83310.67312100
BTCUSDT,2021-02-26,47073.73000000,48424.11000000,44106.78000000,46276.87000000,109423.20066300
BTCUSDT,2021-02-27,46276.88000000,48394.00000000,45000.00000000,46106.43000000,66060.83429200
BTCUSDT,2021-02-28,46103.67000000,46638.46000000,43000.00000000,45135.66000000,83055.36904200
BTCUSDT,2021-03-01,45134.11000000,49790.00000000,44950.53000000,49587.03000000,85086.11164800
BTCUSDT,2021-03-02,49595.76000000,50200.00000000,47047.60000000,48440.65000000,64221.06214000
BTCUSDT,2021-03-03,48436.61000000,52640.00000000,48100.71000000,50349.37000000,81035.91370500
BTCUSDT,2021-03-04,50349.37000000,51773.88000000,47500.00000000,48374.09000000,82649.71682900
BTCUSDT,2021-03-05,48374.09000000,49448.93000000,46300.00000000,48751.71000000,78192.49637200
BTCUSDT,2021-03-06,48746.81000000,49200.00000000,47070.00000000,48882.20000000,44399.23424200
BTCUSDT,2021-03-07,48882.20000000,51450.03000000,48882.20000000,50971.75000000,55235.02803200
BTCUSDT,2021-03-08,50959.11000000,52402.78000000,49274.67000000,52375.17000000,66987.35966400
BTCUSDT,2021-03-09,52375.18000000,54895.00000000,51789.41000000,54884.50000000,71656.73707600
BTCUSDT,2021-03-10,54874.67000000,57387.69000000,53005.00000000,55851.59000000,84749.23894300
BTCUSDT,2021-03-11,55851.59000000,58150.00000000,54272.82000000,57773.16000000,81914.81285900
BTCUSDT,2021-03-12,57773.15000000,58081.51000000,54962.84000000,57221.72000000,73405.40604700
BTCUSDT,2021-03-13,57221.72000000,61844.00000000,56078.23000000,61188.39000000,83245.09134600
BTCUSDT,2021-03-14,61188.38000000,61724.79000000,58966.78000000,58968.31000000,52601.05275000
BTCUSDT,2021-03-15,58976.08000000,60633.43000000,54600.00000000,55605.20000000,102771.42729800
BTCUSDT,2021-03-16,55605.20000000,56938.29000000,53271.34000000,56900.75000000,77986.69435500
BTCUSDT,2021-03-17,56900.74000000,58974.73000000,54123.69000000,58912.97000000,70421.62084100
BTCUSDT,2021-03-18,58912.97000000,60129.97000000,57023.00000000,57648.16000000,66580.40667500
BTCUSDT,2021-03-19,57641.00000000,59468.00000000,56270.74000000,58030.01000000,52392.65296100
BTCUSDT,2021-03-20,58030.01000000,59880.00000000,57820.17000000,58102.28000000,44476.94177600
BTCUSDT,2021-03-21,58100.02000000,58589.10000000,55450.11000000,57351.56000000,48564.47027400
BTCUSDT,2021-03-22,57351.56000000,58430.73000000,53650.00000000,54083.25000000,62581.62616900
BTCUSDT,2021-03-23,54083.25000000,55830.90000000,53000.00000000,54340.89000000,59789.36542700
BTCUSDT,2021-03-24,54342.80000000,57200.00000000,51700.00000000,52303.65000000,83537.46502100
BTCUSDT,2021-03-25,52303.66000000,53287.00000000,50427.56000000,51293.78000000,87400.53453800
BTCUSDT,2021-03-26,51293.78000000,55073.46000000,51214.60000000,55025.59000000,63813.77469200
BTCUSDT,2021-03-27,55025.59000000,56700.36000000,53950.00000000,55817.14000000,50105.47505500
BTCUSDT,2021-03-28,55817.14000000,56559.75000000,54691.84000000,55777.63000000,39050.38751100
BTCUSDT,2021-03-29,55777.65000000,58405.82000000,54800.01000000,57635.47000000,67857.93739800
BTCUSDT,2021-03-30,57635.46000000,59368.00000000,57071.35000000,58746.57000000,55122.44312200
BTCUSDT,2021-03-31,58746.57000000,59800.00000000,56769.00000000,58740.55000000,60975.54266600
BTCUSDT,2021-04-01,58739.46000000,59490.00000000,57935.45000000,58720.44000000,47415.61722000
BTCUSDT,2021-04-02,58720.45000000,60200.00000000,58428.57000000,58950.01000000,47382.41878100
BTCUSDT,2021-04-03,58950.01000000,59791.72000000,56880.00000000,57051.94000000,47409.85211300
BTCUSDT,2021-04-04,57051.95000000,58492.85000000,56388.00000000,58202.01000000,41314.08197300
BTCUSDT,2021-04-05,58202.01000000,59272.00000000,56777.77000000,59129.99000000,54258.01579000
BTCUSDT,2021-04-06,59129.99000000,59495.24000000,57413.02000000,57991.15000000,54201.00072700
BTCUSDT,2021-04-07,57990.03000000,58655.00000000,55473.00000000,55953.45000000,71228.40565900
BTCUSDT,2021-04-08,55953.44000000,58153.31000000,55700.00000000,58077.52000000,44283.14701900
BTCUSDT,2021-04-09,58077.52000000,58894.90000000,57654.00000000,58142.54000000,40831.88491100
BTCUSDT,2021-04-10,58142.55000000,61500.00000000,57900.01000000,59769.13000000,69906.42411700
BTCUSDT,2021-04-11,59769.13000000,60699.00000000,59232.52000000,60002.43000000,41156.71539100
BTCUSDT,2021-04-12,59998.80000000,61300.00000000,59350.59000000,59860.00000000,56375.03711700
BTCUSDT,2021-04-13,59860.01000000,63777.77000000,59805.15000000,63575.00000000,82848.68874600
BTCUSDT,2021-04-14,63575.01000000,64854.00000000,61301.00000000,62959.53000000,82616.34399300
BTCUSDT,2021-04-15,62959.53000000,63800.00000000,62020.00000000,63159.98000000,51649.70034000
BTCUSDT,2021-04-16,63158.74000000,63520.61000000,60000.00000000,61334.80000000,91764.13988400
BTCUSDT,2021-04-17,61334.81000000,62506.05000000,59580.91000000,60006.66000000,58912.25612800
BTCUSDT,2021-04-18,60006.67000000,60499.00000000,50931.30000000,56150.01000000,124882.13182400
BTCUSDT,2021-04-19,56150.01000000,57526.81000000,54221.58000000,55633.14000000,78229.04226700
BTCUSDT,2021-04-20,55633.14000000,57076.24000000,53329.96000000,56425.00000000,72744.48215100
BTCUSDT,2021-04-21,56425.00000000,56757.91000000,53536.02000000,53787.63000000,66984.75690900
BTCUSDT,2021-04-22,53787.62000000,55521.48000000,50500.00000000,51690.96000000,104656.63133700
BTCUSDT,2021-04-23,51690.95000000,52131.85000000,47500.00000000,51125.14000000,132230.78071900
BTCUSDT,2021-04-24,51110.56000000,51166.22000000,48657.14000000,50047.84000000,55361.51257300
BTCUSDT,2021-04-25,50047.84000000,50567.91000000,46930.00000000,49066.77000000,58255.64500400
BTCUSDT,2021-04-26,49066.76000000,54356.62000000,48753.44000000,54001.39000000,86310.80212400
BTCUSDT,2021-04-27,54001.38000000,55460.00000000,53222.00000000,55011.97000000,54064.03467500
BTCUSDT,2021-04-28,55011.97000000,56428.00000000,53813.16000000,54846.22000000,55130.45901500
BTCUSDT,2021-04-29,54846.23000000,55195.84000000,52330.94000000,53555.00000000,52486.01945500
BTCUSDT,2021-04-30,53555.00000000,57963.00000000,53013.01000000,57694.27000000,68578.91004500
BTCUSDT,2021-05-01,57697.25000000,58458.07000000,56956.14000000,57800.37000000,42600.35183600
BTCUSDT,2021-05-02,57797.35000000,57911.02000000,56035.25000000,56578.21000000,36812.87886300
BTCUSDT,2021-05-03,56578.21000000,58981.44000000,56435.00000000,57169.39000000,57649.93128600
BTCUSDT,2021-05-04,57169.39000000,57200.00000000,53046.69000000,53200.01000000,85324.62590300
BTCUSDT,2021-05-05,53205.05000000,58069.82000000,52900.00000000,57436.11000000,77263.92343900
BTCUSDT,2021-05-06,57436.11000000,58360.00000000,55200.00000000,56393.68000000,70181.67190800
BTCUSDT,2021-05-07,56393.68000000,58650.00000000,55241.63000000,57314.75000000,74542.74782900
BTCUSDT,2021-05-08,57315.49000000,59500.00000000,56900.00000000,58862.05000000,69709.90602800
BTCUSDT,2021-05-09,58866.53000000,59300.00000000,56235.66000000,58240.84000000,69806.11991000
BTCUSDT,2021-05-10,58240.83000000,59500.00000000,53400.00000000,55816.14000000,89586.34925000
BTCUSDT,2021-05-11,55816.14000000,56862.43000000,54370.00000000,56670.02000000,64329.54055000
BTCUSDT,2021-05-12,56670.02000000,58000.01000000,48600.00000000,49631.32000000,99842.78983600
BTCUSDT,2021-05-13,49537.15000000,51367.19000000,46000.00000000,49670.97000000,147332.00212100
BTCUSDT,2021-05-14,49671.92000000,51483.00000000,48799.75000000,49841.45000000,80082.20430600
BTCUSDT,2021-05-15,49844.16000000,50700.00000000,46555.00000000,46762.99000000,89437.44935900
BTCUSDT,2021-05-16,46762.99000000,49795.89000000,43825.39000000,46431.50000000,114269.81277500
BTCUSDT,2021-05-17,46426.83000000,46686.00000000,42001.00000000,43538.04000000,166657.17273600
BTCUSDT,2021-05-18,43538.02000000,45799.29000000,42250.02000000,42849.78000000,116979.86078400
BTCUSDT,2021-05-19,42849.78000000,43584.90000000,30000.00000000,36690.09000000,354347.24316100
BTCUSDT,2021-05-20,36671.23000000,42451.67000000,34850.00000000,40526.64000000,203017.59692300
BTCUSDT,2021-05-21,40525.39000000,42200.00000000,33488.00000000,37252.01000000,202100.88825800
BTCUSDT,2021-05-22,37263.35000000,38829.00000000,35200.62000000,37449.73000000,126542.24368900
BTCUSDT,2021-05-23,37458.51000000,38270.64000000,31111.01000000,34655.25000000,217136.04659300
BTCUSDT,2021-05-24,34681.44000000,39920.00000000,34031.00000000,38796.29000000,161630.89397100
BTCUSDT,2021-05-25,38810.99000000,39791.77000000,36419.62000000,38324.72000000,111996.22840400
BTCUSDT,2021-05-26,38324.72000000,40841.00000000,37800.44000000,39241.91000000,104780.77339600
BTCUSDT,2021-05-27,39241.92000000,40411.14000000,37134.27000000,38529.98000000,86547.15879400
BTCUSDT,2021-05-28,38529.99000000,38877.83000000,34684.00000000,35663.49000000,135377.62972000
BTCUSDT,2021-05-29,35661.79000000,37338.58000000,33632.76000000,34605.15000000,112663.09268900
BTCUSDT,2021-05-30,34605.15000000,36488.00000000,33379.00000000,35641.27000000,73535.38696700
BTCUSDT,2021-05-31,35641.26000000,37499.00000000,34153.84000000,37253.81000000,94160.73528900
BTCUSDT,2021-06-01,37253.82000000,37894.81000000,35666.00000000,36693.09000000,81234.66377000
BTCUSDT,2021-06-02,36694.85000000,38225.00000000,35920.00000000,37568.68000000,67587.37249500
BTCUSDT,2021-06-03,37568.68000000,39476.00000000,37170.00000000,39246.79000000,75889.10601100
BTCUSDT,2021-06-04,39246.78000000,39289.07000000,35555.15000000,36829.00000000,91317.79924500
BTCUSDT,2021-06-05,36829.15000000,37925.00000000,34800.00000000,35513.20000000,70459.62149000
BTCUSDT,2021-06-06,35516.07000000,36480.00000000,35222.00000000,35796.31000000,47650.20663700
BTCUSDT,2021-06-07,35796.31000000,36900.00000000,33300.00000000,33552.79000000,77574.95257300
BTCUSDT,2021-06-08,33556.96000000,34068.01000000,31000.00000000,33380.81000000,123251.18903700
BTCUSDT,2021-06-09,33380.80000000,37534.79000000,32396.82000000,37388.05000000,136607.59751700
BTCUSDT,2021-06-10,37388.05000000,38491.00000000,35782.00000000,36675.72000000,109527.28494300
BTCUSDT,2021-06-11,36677.83000000,37680.40000000,35936.77000000,37331.98000000,78466.00530000
BTCUSDT,2021-06-12,37331.98000000,37463.63000000,34600.36000000,35546.11000000,87717.54999000
BTCUSDT,2021-06-13,35546.12000000,39380.00000000,34757.00000000,39020.57000000,86921.02555500
BTCUSDT,2021-06-14,39020.56000000,41064.05000000,38730.00000000,40516.29000000,108522.39194900
BTCUSDT,2021-06-15,40516.28000000,41330.00000000,39506.40000000,40144.04000000,80679.62283800
BTCUSDT,2021-06-16,40143.80000000,40527.14000000,38116.01000000,38349.01000000,87771.97693700
BTCUSDT,2021-06-17,38349.00000000,39559.88000000,37365.00000000,38092.97000000,79541.30711900
BTCUSDT,2021-06-18,38092.97000000,38202.84000000,35129.29000000,35819.84000000,95228.04293500
BTCUSDT,2021-06-19,35820.48000000,36457.00000000,34803.52000000,35483.72000000,68712.44946100
BTCUSDT,2021-06-20,35483.72000000,36137.72000000,33336.00000000,35600.16000000,89878.17085000
BTCUSDT,2021-06-21,35600.17000000,35750.00000000,31251.23000000,31608.93000000,168778.87315900
BTCUSDT,2021-06-22,31614.12000000,33298.78000000,28805.00000000,32509.56000000,204208.17976200
BTCUSDT,2021-06-23,32509.56000000,34881.00000000,31683.00000000,33678.07000000,126966.10056300
BTCUSDT,2021-06-24,33675.07000000,35298.00000000,32286.57000000,34663.09000000,86625.80426000
BTCUSDT,2021-06-25,34663.08000000,35500.00000000,31275.00000000,31584.45000000,116061.13035600
BTCUSDT,2021-06-26,31576.09000000,32730.00000000,30151.00000000,32283.65000000,107820.37528700
BTCUSDT,2021-06-27,32283.65000000,34749.00000000,31973.45000000,34700.34000000,96613.24421100
BTCUSDT,2021-06-28,34702.49000000,35297.71000000,33862.72000000,34494.89000000,82222.26781900
BTCUSDT,2021-06-29,34494.89000000,36600.00000000,34225.43000000,35911.73000000,90788.79622000
BTCUSDT,2021-06-30,35911.72000000,36100.00000000,34017.55000000,35045.00000000,77152.19763400
BTCUSDT,2021-07-01,35045.00000000,35057.57000000,32711.00000000,33504.69000000,71708.26611200
BTCUSDT,2021-07-02,33502.33000000,33977.04000000,32699.00000000,33786.55000000,56172.18137800
BTCUSDT,2021-07-03,33786.54000000,34945.61000000,33316.73000000,34669.13000000,43044.57864100
BTCUSDT,2021-07-04,34669.12000000,35967.85000000,34357.15000000,35286.51000000,43703.47578900
BTCUSDT,2021-07-05,35288.13000000,35293.78000000,33125.55000000,33690.14000000,64123.87424500
BTCUSDT,2021-07-06,33690.15000000,35118.88000000,33532.00000000,34220.01000000,58210.59634900
BTCUSDT,2021-07-07,34220.02000000,35059.09000000,33777.77000000,33862.12000000,53807.52167500
BTCUSDT,2021-07-08,33862.11000000,33929.64000000,32077.00000000,32875.71000000,70136.48032000
BTCUSDT,2021-07-09,32875.71000000,34100.00000000,32261.07000000,33815.81000000,47153.93989900
BTCUSDT,2021-07-10,33815.81000000,34262.00000000,33004.78000000,33502.87000000,34761.17546800
BTCUSDT,2021-07-11,33502.87000000,34666.00000000,33306.47000000,34258.99000000,31572.64744800
BTCUSDT,2021-07-12,34259.00000000,34678.43000000,32658.34000000,33086.63000000,48181.40376200
BTCUSDT,2021-07-13,33086.94000000,33340.00000000,32202.25000000,32729.77000000,41126.36100800
BTCUSDT,2021-07-14,32729.12000000,33114.03000000,31550.00000000,32820.02000000,46777.82348400
BTCUSDT,2021-07-15,32820.03000000,33185.25000000,31133.00000000,31880.00000000,51639.57635300
BTCUSDT,2021-07-16,31874.49000000,32249.18000000,31020.00000000,31383.87000000,48499.86415400
BTCUSDT,2021-07-17,31383.86000000,31955.92000000,31164.31000000,31520.07000000,34012.24213200
BTCUSDT,2021-07-18,31520.07000000,32435.00000000,31108.97000000,31778.56000000,35923.71618600
BTCUSDT,2021-07-19,31778.57000000,31899.00000000,30407.44000000,30839.65000000,47340.46849900
BTCUSDT,2021-07-20,30839.65000000,31063.07000000,29278.00000000,29790.35000000,61034.04901700
BTCUSDT,2021-07-21,29790.34000000,32858.00000000,29482.61000000,32144.51000000,82796.26512800
BTCUSDT,2021-07-22,32144.51000000,32591.35000000,31708.00000000,32287.83000000,46148.09243300
BTCUSDT,2021-07-23,32287.58000000,33650.00000000,31924.32000000,33634.09000000,50112.86362600
BTCUSDT,2021-07-24,33634.10000000,34500.00000000,33401.14000000,34258.14000000,47977.55013800
BTCUSDT,2021-07-25,34261.51000000,35398.00000000,33851.12000000,35381.02000000,47852.92831300
BTCUSDT,2021-07-26,35381.02000000,40550.00000000,35205.78000000,37237.60000000,152452.51272400
BTCUSDT,2021-07-27,37241.33000000,39542.61000000,36383.00000000,39457.87000000,88397.26701500
BTCUSDT,2021-07-28,39456.61000000,40900.00000000,38772.00000000,40019.56000000,101344.52844100
BTCUSDT,2021-07-29,40019.57000000,40640.00000000,39200.00000000,40016.48000000,53998.43928300
BTCUSDT,2021-07-30,40018.49000000,42316.71000000,38313.23000000,42206.37000000,73602.78480500
BTCUSDT,2021-07-31,42206.36000000,42448.00000000,41000.15000000,41461.83000000,44849.79101200
BTCUSDT,2021-08-01,41461.84000000,42599.00000000,39422.01000000,39845.44000000,53953.18632600
BTCUSDT,2021-08-02,39850.27000000,40480.01000000,38690.00000000,39147.82000000,50837.35195400
BTCUSDT,2021-08-03,39146.86000000,39780.00000000,37642.03000000,38207.05000000,57117.43585300
BTCUSDT,2021-08-04,38207.04000000,39969.66000000,37508.56000000,39723.18000000,52329.35243000
BTCUSDT,2021-08-05,39723.17000000,41350.00000000,37332.70000000,40862.46000000,84343.75562100
BTCUSDT,2021-08-06,40862.46000000,43392.43000000,39853.86000000,42836.87000000,75753.94134700
BTCUSDT,2021-08-07,42836.87000000,44700.00000000,42446.41000000,44572.54000000,73396.74080800
BTCUSDT,2021-08-08,44572.54000000,45310.00000000,43261.00000000,43794.37000000,69329.09269800
BTCUSDT,2021-08-09,43794.36000000,46454.15000000,42779.00000000,46253.40000000,74587.88484500
BTCUSDT,2021-08-10,46248.87000000,46700.00000000,44589.46000000,45584.99000000,53814.64342100
BTCUSDT,2021-08-11,45585.00000000,46743.47000000,45341.14000000,45511.00000000,52734.90197700
BTCUSDT,2021-08-12,45510.67000000,46218.12000000,43770.00000000,44399.00000000,55266.10878100
BTCUSDT,2021-08-13,44400.06000000,47886.00000000,44217.39000000,47800.00000000,48239.37043100
BTCUSDT,2021-08-14,47799.99000000,48144.00000000,45971.03000000,47068.51000000,46114.35902200
BTCUSDT,2021-08-15,47068.50000000,47372.27000000,45500.00000000,46973.82000000,42110.71133400
BTCUSDT,2021-08-16,46973.82000000,48053.83000000,45660.00000000,45901.29000000,52480.57401400
BTCUSDT,2021-08-17,45901.30000000,47160.00000000,44376.00000000,44695.95000000,57039.34162900
BTCUSDT,2021-08-18,44695.95000000,46000.00000000,44203.28000000,44705.29000000,54099.41598500
BTCUSDT,2021-08-19,44699.37000000,47033.00000000,43927.70000000,46760.62000000,53411.75392000
BTCUSDT,2021-08-20,46760.62000000,49382.99000000,46622.99000000,49322.47000000,56850.35222800
BTCUSDT,2021-08-21,49322.47000000,49757.04000000,48222.00000000,48821.87000000,46745.13658400
BTCUSDT,2021-08-22,48821.88000000,49500.00000000,48050.00000000,49239.22000000,37007.88779500
BTCUSDT,2021-08-23,49239.22000000,50500.00000000,49029.00000000,49488.85000000,52462.54195400
BTCUSDT,2021-08-24,49488.85000000,49860.00000000,47600.00000000,47674.01000000,51014.59474800
BTCUSDT,2021-08-25,47674.01000000,49264.30000000,47126.28000000,48973.32000000,44655.83034200
BTCUSDT,2021-08-26,48973.32000000,49352.84000000,46250.00000000,46843.87000000,49371.27777400
BTCUSDT,2021-08-27,46843.86000000,49149.93000000,46348.00000000,49069.90000000,42068.10496500
BTCUSDT,2021-08-28,49069.90000000,49299.00000000,48346.88000000,48895.35000000,26681.06378600
BTCUSDT,2021-08-29,48895.35000000,49632.27000000,47762.54000000,48767.83000000,32652.28347300
BTCUSDT,2021-08-30,48767.84000000,48888.61000000,46853.00000000,46982.91000000,40288.35083000
BTCUSDT,2021-08-31,46982.91000000,48246.11000000,46700.00000000,47100.89000000,48645.52737000
BTCUSDT,2021-09-01,47100.89000000,49156.00000000,46512.00000000,48810.52000000,49904.65528000
BTCUSDT,2021-09-02,48810.51000000,50450.13000000,48584.06000000,49246.64000000,54410.77053800
BTCUSDT,2021-09-03,49246.63000000,51000.00000000,48316.84000000,49999.14000000,59025.64415700
BTCUSDT,2021-09-04,49998.00000000,50535.69000000,49370.00000000,49915.64000000,34664.65959000
BTCUSDT,2021-09-05,49917.54000000,51900.00000000,49450.00000000,51756.88000000,40544.83587300
BTCUSDT,2021-09-06,51756.88000000,52780.00000000,50969.33000000,52663.90000000,49249.66708100
BTCUSDT,2021-09-07,52666.20000000,52920.00000000,42843.05000000,46863.73000000,123048.80271900
BTCUSDT,2021-09-08,46868.57000000,47340.99000000,44412.02000000,46048.31000000,65069.31520000
BTCUSDT,2021-09-09,46048.31000000,47399.97000000,45513.08000000,46395.14000000,50651.66002000
BTCUSDT,2021-09-10,46395.14000000,47033.00000000,44132.29000000,44850.91000000,49048.26618000
BTCUSDT,2021-09-11,44842.20000000,45987.93000000,44722.22000000,45173.69000000,30440.40810000
BTCUSDT,2021-09-12,45173.68000000,46460.00000000,44742.06000000,46025.24000000,32094.28052000
BTCUSDT,2021-09-13,46025.23000000,46880.00000000,43370.00000000,44940.73000000,65429.15056000
BTCUSDT,2021-09-14,44940.72000000,47250.00000000,44594.44000000,47111.52000000,44855.85099000
BTCUSDT,2021-09-15,47103.28000000,48500.00000000,46682.32000000,48121.41000000,43204.71174000
BTCUSDT,2021-09-16,48121.40000000,48557.00000000,47021.10000000,47737.82000000,40725.08895000
BTCUSDT,2021-09-17,47737.81000000,48150.00000000,46699.56000000,47299.98000000,34461.92776000
BTCUSDT,2021-09-18,47299.98000000,48843.20000000,47035.56000000,48292.74000000,30906.47038000
BTCUSDT,2021-09-19,48292.75000000,48372.83000000,46829.18000000,47241.75000000,29847.24349000
BTCUSDT,2021-09-20,47241.75000000,47347.25000000,42500.00000000,43015.62000000,78003.52444300
BTCUSDT,2021-09-21,43016.64000000,43639.00000000,39600.00000000,40734.38000000,84534.08048500
BTCUSDT,2021-09-22,40734.09000000,44000.55000000,40565.39000000,43543.61000000,58349.05542000
BTCUSDT,2021-09-23,43546.37000000,44978.00000000,43069.09000000,44865.26000000,48699.57655000
BTCUSDT,2021-09-24,44865.26000000,45200.00000000,40675.00000000,42810.57000000,84113.42629200
BTCUSDT,2021-09-25,42810.58000000,42966.84000000,41646.28000000,42670.64000000,33594.57189000
BTCUSDT,2021-09-26,42670.63000000,43950.00000000,40750.00000000,43160.90000000,49879.99765000
BTCUSDT,2021-09-27,43160.90000000,44350.00000000,42098.00000000,42147.35000000,39776.84383000
BTCUSDT,2021-09-28,42147.35000000,42787.38000000,40888.00000000,41026.54000000,43372.26240000
BTCUSDT,2021-09-29,41025.01000000,42590.00000000,40753.88000000,41524.28000000,33511.53487000
BTCUSDT,2021-09-30,41524.29000000,44141.37000000,41410.17000000,43824.10000000,46381.22781000
BTCUSDT,2021-10-01,43820.01000000,48495.00000000,43283.03000000,48141.61000000,66244.87492000
BTCUSDT,2021-10-02,48141.60000000,48336.59000000,47430.18000000,47634.90000000,30508.98131000
BTCUSDT,2021-10-03,47634.89000000,49228.08000000,47088.00000000,48200.01000000,30825.05601000
BTCUSDT,2021-10-04,48200.01000000,49536.12000000,46891.00000000,49224.94000000,46796.49372000
BTCUSDT,2021-10-05,49224.93000000,51886.30000000,49022.40000000,51471.99000000,52125.66793000
BTCUSDT,2021-10-06,51471.99000000,55750.00000000,50382.41000000,55315.00000000,79877.54518100
BTCUSDT,2021-10-07,55315.00000000,55332.31000000,53357.00000000,53785.22000000,54917.37766000
BTCUSDT,2021-10-08,53785.22000000,56100.00000000,53617.61000000,53951.43000000,46160.25785000
BTCUSDT,2021-10-09,53955.67000000,55489.00000000,53661.67000000,54949.72000000,55177.08013000
BTCUSDT,2021-10-10,54949.72000000,56561.31000000,54080.00000000,54659.00000000,89237.83612800
BTCUSDT,2021-10-11,54659.01000000,57839.04000000,54415.06000000,57471.35000000,52933.16575100
BTCUSDT,2021-10-12,57471.35000000,57680.00000000,53879.00000000,55996.93000000,53471.28550000
BTCUSDT,2021-10-13,55996.91000000,57777.00000000,54167.19000000,57367.00000000,55808.44492000
BTCUSDT,2021-10-14,57370.83000000,58532.54000000,56818.05000000,57347.94000000,43053.33678100
BTCUSDT,2021-10-15,57347.94000000,62933.00000000,56850.00000000,61672.42000000,82512.90802200
BTCUSDT,2021-10-16,61672.42000000,62378.42000000,60150.00000000,60875.57000000,35467.88096000
BTCUSDT,2021-10-17,60875.57000000,61718.39000000,58963.00000000,61528.33000000,39099.24124000
BTCUSDT,2021-10-18,61528.32000000,62695.78000000,59844.45000000,62009.84000000,51798.44844000
BTCUSDT,2021-10-19,62005.60000000,64486.00000000,61322.22000000,64280.59000000,53628.10774400
BTCUSDT,2021-10-20,64280.59000000,67000.00000000,63481.40000000,66001.41000000,51428.93485600
BTCUSDT,2021-10-21,66001.40000000,66639.74000000,62000.00000000,62193.15000000,68538.64537000
BTCUSDT,2021-10-22,62193.15000000,63732.39000000,60000.00000000,60688.22000000,52119.35886000
BTCUSDT,2021-10-23,60688.23000000,61747.64000000,59562.15000000,61286.75000000,27626.93678000
BTCUSDT,2021-10-24,61286.75000000,61500.00000000,59510.63000000,60852.22000000,31226.57676000
BTCUSDT,2021-10-25,60852.22000000,63710.63000000,60650.00000000,63078.78000000,36853.83806000
BTCUSDT,2021-10-26,63078.78000000,63293.48000000,59817.55000000,60328.81000000,40217.50083000
BTCUSDT,2021-10-27,60328.81000000,61496.00000000,58000.00000000,58413.44000000,62124.49016000
BTCUSDT,2021-10-28,58413.44000000,62499.00000000,57820.00000000,60575.89000000,61056.35301000
BTCUSDT,2021-10-29,60575.90000000,62980.00000000,60174.81000000,62253.71000000,43973.90414000
BTCUSDT,2021-10-30,62253.70000000,62359.25000000,60673.00000000,61859.19000000,31478.12566000
BTCUSDT,2021-10-31,61859.19000000,62405.30000000,59945.36000000,61299.80000000,39267.63794000
BTCUSDT,2021-11-01,61299.81000000,62437.74000000,59405.00000000,60911.11000000,44687.66672000
BTCUSDT,2021-11-02,60911.12000000,64270.00000000,60624.68000000,63219.99000000,46368.28410000
BTCUSDT,2021-11-03,63220.57000000,63500.00000000,60382.76000000,62896.48000000,43336.09049000
BTCUSDT,2021-11-04,62896.49000000,63086.31000000,60677.01000000,61395.01000000,35930.93314000
BTCUSDT,2021-11-05,61395.01000000,62595.72000000,60721.00000000,60937.12000000,31604.48749000
BTCUSDT,2021-11-06,60940.18000000,61560.49000000,60050.00000000,61470.61000000,25590.57408000
BTCUSDT,2021-11-07,61470.62000000,63286.35000000,61322.78000000,63273.59000000,25515.68830000
BTCUSDT,2021-11-08,63273.58000000,67789.00000000,63273.58000000,67525.83000000,54442.09455400
BTCUSDT,2021-11-09,67525.82000000,68524.25000000,66222.40000000,66947.66000000,44661.37806800
BTCUSDT,2021-11-10,66947.67000000,69000.00000000,62822.90000000,64882.43000000,65171.50404600
BTCUSDT,2021-11-11,64882.42000000,65600.07000000,64100.00000000,64774.26000000,37237.98058000
BTCUSDT,2021-11-12,64774.25000000,65450.70000000,62278.00000000,64122.23000000,44490.10816000
BTCUSDT,2021-11-13,64122.22000000,65000.00000000,63360.22000000,64380.00000000,22504.97383000
BTCUSDT,2021-11-14,64380.01000000,65550.51000000,63576.27000000,65519.10000000,25705.07347000
BTCUSDT,2021-11-15,65519.11000000,66401.82000000,63400.00000000,63606.74000000,37829.37124000
BTCUSDT,2021-11-16,63606.73000000,63617.31000000,58574.07000000,60058.87000000,77455.15609000
BTCUSDT,2021-11-17,60058.87000000,60840.23000000,58373.00000000,60344.87000000,46289.38491000
BTCUSDT,2021-11-18,60344.86000000,60976.00000000,56474.26000000,56891.62000000,62146.99931000
BTCUSDT,2021-11-19,56891.62000000,58320.00000000,55600.00000000,58052.24000000,50715.88726000
BTCUSDT,2021-11-20,58057.10000000,59845.00000000,57353.00000000,59707.51000000,33811.59010000
BTCUSDT,2021-11-21,59707.52000000,60029.76000000,58486.65000000,58622.02000000,31902.22785000
BTCUSDT,2021-11-22,58617.70000000,59444.00000000,55610.00000000,56247.18000000,51724.32047000
BTCUSDT,2021-11-23,56243.83000000,58009.99000000,55317.00000000,57541.27000000,49917.85017000
BTCUSDT,2021-11-24,57541.26000000,57735.00000000,55837.00000000,57138.29000000,39612.04964000
BTCUSDT,2021-11-25,57138.29000000,59398.90000000,57000.00000000,58960.36000000,42153.51522000
BTCUSDT,2021-11-26,58960.37000000,59150.00000000,53500.00000000,53726.53000000,65927.87066000
BTCUSDT,2021-11-27,53723.72000000,55280.00000000,53610.00000000,54721.03000000,29716.99957000
BTCUSDT,2021-11-28,54716.47000000,57445.05000000,53256.64000000,57274.88000000,36163.71370000
BTCUSDT,2021-11-29,57274.89000000,58865.97000000,56666.67000000,57776.25000000,40125.28009000
BTCUSDT,2021-11-30,57776.25000000,59176.99000000,55875.55000000,56950.56000000,49161.05194000
BTCUSDT,2021-12-01,56950.56000000,59053.55000000,56458.01000000,57184.07000000,44956.63656000
BTCUSDT,2021-12-02,57184.07000000,57375.47000000,55777.77000000,56480.34000000,37574.05976000
BTCUSDT,2021-12-03,56484.26000000,57600.00000000,51680.00000000,53601.05000000,58927.69027000
BTCUSDT,2021-12-04,53601.05000000,53859.10000000,42000.30000000,49152.47000000,114203.37374800
BTCUSDT,2021-12-05,49152.46000000,49699.05000000,47727.21000000,49396.33000000,45580.82012000
BTCUSDT,2021-12-06,49396.32000000,50891.11000000,47100.00000000,50441.92000000,58571.21575000
BTCUSDT,2021-12-07,50441.91000000,51936.33000000,50039.74000000,50588.95000000,38253.46877000
BTCUSDT,2021-12-08,50588.95000000,51200.00000000,48600.00000000,50471.19000000,38425.92466000
BTCUSDT,2021-12-09,50471.19000000,50797.76000000,47320.00000000,47545.59000000,37692.68665000
BTCUSDT,2021-12-10,47535.90000000,50125.00000000,46852.00000000,47140.54000000,44233.57391000
BTCUSDT,2021-12-11,47140.54000000,49485.71000000,46751.00000000,49389.99000000,28889.19358000
BTCUSDT,2021-12-12,49389.99000000,50777.00000000,48638.00000000,50053.90000000,26017.93421000
BTCUSDT,2021-12-13,50053.90000000,50189.97000000,45672.75000000,46702.75000000,50869.52093000
BTCUSDT,2021-12-14,46702.76000000,48700.41000000,46290.00000000,48343.28000000,39955.98445000
BTCUSDT,2021-12-15,48336.95000000,49500.00000000,46547.00000000,48864.98000000,51629.18100000
BTCUSDT,2021-12-16,48864.98000000,49436.43000000,47511.00000000,47632.38000000,31949.86739000
BTCUSDT,2021-12-17,47632.38000000,47995.96000000,45456.00000000,46131.20000000,43104.48870000
BTCUSDT,2021-12-18,46133.83000000,47392.37000000,45500.00000000,46834.48000000,25020.05271000
BTCUSDT,2021-12-19,46834.47000000,48300.01000000,46406.91000000,46681.23000000,29305.70665000
BTCUSDT,2021-12-20,46681.24000000,47537.57000000,45558.85000000,46914.16000000,35848.50609000
BTCUSDT,2021-12-21,46914.17000000,49328.96000000,46630.00000000,48889.88000000,37713.92924000
BTCUSDT,2021-12-22,48887.59000000,49576.13000000,48421.87000000,48588.16000000,27004.20220000
BTCUSDT,2021-12-23,48588.17000000,51375.00000000,47920.42000000,50838.81000000,35192.54046000
BTCUSDT,2021-12-24,50838.82000000,51810.00000000,50384.43000000,50820.00000000,31684.84269000
BTCUSDT,2021-12-25,50819.99000000,51156.23000000,50142.32000000,50399.66000000,19135.51613000
BTCUSDT,2021-12-26,50399.67000000,51280.00000000,49412.00000000,50775.49000000,22569.88914000
BTCUSDT,2021-12-27,50775.48000000,52088.00000000,50449.00000000,50701.44000000,28792.21566000
BTCUSDT,2021-12-28,50701.44000000,50704.05000000,47313.01000000,47543.74000000,45853.33924000
BTCUSDT,2021-12-29,47543.74000000,48139.08000000,46096.99000000,46464.66000000,39498.87000000
BTCUSDT,2021-12-30,46464.66000000,47900.00000000,45900.00000000,47120.87000000,30352.29569000
BTCUSDT,2021-12-31,47120.88000000,48548.26000000,45678.00000000,46216.93000000,34937.99796000
BTCUSDT,2022-01-01,46216.93000000,47954.63000000,46208.37000000,47722.65000000,19604.46325000
BTCUSDT,2022-01-02,47722.66000000,47990.00000000,46654.00000000,47286.18000000,18340.46040000
BTCUSDT,2022-01-03,47286.18000000,47570.00000000,45696.00000000,46446.10000000,27662.07710000
BTCUSDT,2022-01-04,46446.10000000,47557.54000000,45500.00000000,45832.01000000,35491.41360000
BTCUSDT,2022-01-05,45832.01000000,47070.00000000,42500.00000000,43451.13000000,51784.11857000
BTCUSDT,2022-01-06,43451.14000000,43816.00000000,42430.58000000,43082.31000000,38880.37305000
BTCUSDT,2022-01-07,43082.30000000,43145.83000000,40610.00000000,41566.48000000,54836.50818000
BTCUSDT,2022-01-08,41566.48000000,42300.00000000,40501.00000000,41679.74000000,32952.73111000
BTCUSDT,2022-01-09,41679.74000000,42786.70000000,41200.02000000,41864.62000000,22724.39426000
BTCUSDT,2022-01-10,41864.62000000,42248.50000000,39650.00000000,41822.49000000,50729.17019000
BTCUSDT,2022-01-11,41822.49000000,43100.00000000,41268.93000000,42729.29000000,37296.43729000
BTCUSDT,2022-01-12,42729.29000000,44322.00000000,42450.00000000,43902.66000000,33943.29280000
BTCUSDT,2022-01-13,43902.65000000,44500.00000000,42311.22000000,42560.11000000,34910.87762000
BTCUSDT,2022-01-14,42558.35000000,43448.78000000,41725.95000000,43059.96000000,32640.88292000
BTCUSDT,2022-01-15,43059.96000000,43800.00000000,42555.00000000,43084.29000000,21936.05616000
BTCUSDT,2022-01-16,43084.29000000,43475.00000000,42581.79000000,43071.66000000,20602.35271000
BTCUSDT,2022-01-17,43071.66000000,43176.18000000,41540.42000000,42201.62000000,27562.08613000
BTCUSDT,2022-01-18,42201.63000000,42691.00000000,41250.00000000,42352.12000000,29324.08257000
BTCUSDT,2022-01-19,42352.12000000,42559.13000000,41138.56000000,41660.01000000,31685.72159000
BTCUSDT,2022-01-20,41660.00000000,43505.00000000,40553.31000000,40680.91000000,42330.33953000
BTCUSDT,2022-01-21,40680.92000000,41100.00000000,35440.45000000,36445.31000000,88860.89199900
BTCUSDT,2022-01-22,36445.31000000,36835.22000000,34008.00000000,35071.42000000,90471.33896100
BTCUSDT,2022-01-23,35071.42000000,36499.00000000,34601.01000000,36244.55000000,44279.52354000
BTCUSDT,2022-01-24,36244.55000000,37550.00000000,32917.17000000,36660.35000000,91904.75321100
BTCUSDT,2022-01-25,36660.35000000,37545.14000000,35701.00000000,36958.32000000,49232.40183000
BTCUSDT,2022-01-26,36958.32000000,38919.98000000,36234.63000000,36809.34000000,69830.16036000
BTCUSDT,2022-01-27,36807.24000000,37234.47000000,35507.01000000,37160.10000000,53020.87934000
BTCUSDT,2022-01-28,37160.11000000,38000.00000000,36155.01000000,37716.56000000,42154.26956000
BTCUSDT,2022-01-29,37716.57000000,38720.74000000,37268.44000000,38166.84000000,26129.49682000
BTCUSDT,2022-01-30,38166.83000000,38359.26000000,37351.63000000,37881.76000000,21430.66527000
BTCUSDT,2022-01-31,37881.75000000,38744.00000000,36632.61000000,38466.90000000,36855.24580000
BTCUSDT,2022-02-01,38466.90000000,39265.20000000,38000.00000000,38694.59000000,34574.44663000
BTCUSDT,2022-02-02,38694.59000000,38855.92000000,36586.95000000,36896.36000000,35794.68130000
BTCUSDT,2022-02-03,36896.37000000,37387.00000000,36250.00000000,37311.61000000,32081.10999000
BTCUSDT,2022-02-04,37311.98000000,41772.33000000,37026.73000000,41574.25000000,64703.95874000
BTCUSDT,2022-02-05,41571.70000000,41913.69000000,40843.01000000,41382.59000000,32532.34372000
BTCUSDT,2022-02-06,41382.60000000,42656.00000000,41116.56000000,42380.87000000,22405.16704000
BTCUSDT,2022-02-07,42380.87000000,44500.50000000,41645.85000000,43839.99000000,51060.62006000
BTCUSDT,2022-02-08,43839.99000000,45492.00000000,42666.00000000,44042.99000000,64880.29387000
BTCUSDT,2022-02-09,44043.00000000,44799.00000000,43117.92000000,44372.72000000,34428.16729000
BTCUSDT,2022-02-10,44372.71000000,45821.00000000,43174.01000000,43495.44000000,62357.29091000
BTCUSDT,2022-02-11,43495.44000000,43920.00000000,41938.51000000,42373.73000000,44975.16870000
BTCUSDT,2022-02-12,42373.73000000,43079.49000000,41688.88000000,42217.87000000,26556.85681000
BTCUSDT,2022-02-13,42217.87000000,42760.00000000,41870.00000000,42053.66000000,17732.08113000
BTCUSDT,2022-02-14,42053.65000000,42842.40000000,41550.56000000,42535.94000000,34010.13060000
BTCUSDT,2022-02-15,42535.94000000,44751.40000000,42427.03000000,44544.86000000,38095.19576000
BTCUSDT,2022-02-16,44544.85000000,44549.97000000,43307.00000000,43873.56000000,28471.87270000
BTCUSDT,2022-02-17,43873.56000000,44164.71000000,40073.21000000,40515.70000000,47245.99494000
BTCUSDT,2022-02-18,40515.71000000,40959.88000000,39450.00000000,39974.44000000,43845.92241000
BTCUSDT,2022-02-19,39974.45000000,40444.32000000,39639.03000000,40079.17000000,18042.05510000
BTCUSDT,2022-02-20,40079.17000000,40125.44000000,38000.00000000,38386.89000000,33439.29011000
BTCUSDT,2022-02-21,38386.89000000,39494.35000000,36800.00000000,37008.16000000,62347.68496000
BTCUSDT,2022-02-22,37008.16000000,38429.00000000,36350.00000000,38230.33000000,53785.94589000
BTCUSDT,2022-02-23,38230.33000000,39249.93000000,37036.79000000,37250.01000000,43560.73200000
BTCUSDT,2022-02-24,37250.02000000,39843.00000000,34322.28000000,38327.21000000,120476.29458000
BTCUSDT,2022-02-25,38328.68000000,39683.53000000,38014.37000000,39219.17000000,56574.57125000
BTCUSDT,2022-02-26,39219.16000000,40348.45000000,38573.18000000,39116.72000000,29361.25680000
BTCUSDT,2022-02-27,39116.73000000,39855.70000000,37000.00000000,37699.07000000,46229.44719000
BTCUSDT,2022-02-28,37699.08000000,44225.84000000,37450.17000000,43160.00000000,73945.63858000
BTCUSDT,2022-03-01,43160.00000000,44949.00000000,42809.98000000,44421.20000000,61743.09873000
BTCUSDT,2022-03-02,44421.20000000,45400.00000000,43334.09000000,43892.98000000,57782.65081000
BTCUSDT,2022-03-03,43892.99000000,44101.12000000,41832.28000000,42454.00000000,50940.61021000
BTCUSDT,2022-03-04,42454.00000000,42527.30000000,38550.00000000,39148.66000000,61964.68498000
BTCUSDT,2022-03-05,39148.65000000,39613.24000000,38407.59000000,39397.96000000,30363.13341000
BTCUSDT,2022-03-06,39397.97000000,39693.87000000,38088.57000000,38420.81000000,39677.26158000
BTCUSDT,2022-03-07,38420.80000000,39547.57000000,37155.00000000,37988.00000000,63994.11559000
BTCUSDT,2022-03-08,37988.01000000,39362.08000000,37867.65000000,38730.63000000,55583.06638000
BTCUSDT,2022-03-09,38730.63000000,42594.06000000,38656.45000000,41941.71000000,67392.58799000
BTCUSDT,2022-03-10,41941.70000000,42039.63000000,38539.73000000,39422.00000000,71962.93154000
BTCUSDT,2022-03-11,39422.01000000,40236.26000000,38223.60000000,38729.57000000,59018.76420000
BTCUSDT,2022-03-12,38729.57000000,39486.71000000,38660.52000000,38807.36000000,24034.36432000
BTCUSDT,2022-03-13,38807.35000000,39310.00000000,37578.51000000,37777.34000000,32791.82359000
BTCUSDT,2022-03-14,37777.35000000,39947.12000000,37555.00000000,39671.37000000,46945.45375000
BTCUSDT,2022-03-15,39671.37000000,39887.61000000,38098.33000000,39280.33000000,46015.54926000
BTCUSDT,2022-03-16,39280.33000000,41718.00000000,38828.48000000,41114.00000000,88120.76167000
BTCUSDT,2022-03-17,41114.01000000,41478.82000000,40500.00000000,40917.90000000,37189.38087000
BTCUSDT,2022-03-18,40917.89000000,42325.02000000,40135.04000000,41757.51000000,45408.00969000
BTCUSDT,2022-03-19,41757.51000000,42400.00000000,41499.29000000,42201.13000000,29067.18108000
BTCUSDT,2022-03-20,42201.13000000,42296.26000000,40911.00000000,41262.11000000,30653.33468000
BTCUSDT,2022-03-21,41262.11000000,41544.22000000,40467.94000000,41002.25000000,39426.24877000
BTCUSDT,2022-03-22,41002.26000000,43361.00000000,40875.51000000,42364.13000000,59454.94294000
BTCUSDT,2022-03-23,42364.13000000,43025.96000000,41751.47000000,42882.76000000,40828.87039000
BTCUSDT,2022-03-24,42882.76000000,44220.89000000,42560.46000000,43991.46000000,56195.12374000
BTCUSDT,2022-03-25,43991.46000000,45094.14000000,43579.00000000,44313.16000000,54614.43648000
BTCUSDT,2022-03-26,44313.16000000,44792.99000000,44071.97000000,44511.27000000,23041.61741000
BTCUSDT,2022-03-27,44511.27000000,46999.00000000,44421.46000000,46827.76000000,41874.91071000
BTCUSDT,2022-03-28,46827.76000000,48189.84000000,46663.56000000,47122.21000000,58949.26140000
BTCUSDT,2022-03-29,47122.21000000,48096.47000000,46950.85000000,47434.80000000,36772.28457000
BTCUSDT,2022-03-30,47434.79000000,47700.22000000,46445.42000000,47067.99000000,40947.20850000
BTCUSDT,2022-03-31,47067.99000000,47600.00000000,45200.00000000,45510.34000000,48645.12667000
BTCUSDT,2022-04-01,45510.35000000,46720.09000000,44200.00000000,46283.49000000,56271.06474000
BTCUSDT,2022-04-02,46283.49000000,47213.00000000,45620.00000000,45811.00000000,37073.53582000
BTCUSDT,2022-04-03,45810.99000000,47444.11000000,45530.92000000,46407.35000000,33394.67794000
BTCUSDT,2022-04-04,46407.36000000,46890.71000000,45118.00000000,46580.51000000,44641.87514000
BTCUSDT,2022-04-05,46580.50000000,47200.00000000,45353.81000000,45497.55000000,42192.74852000
BTCUSDT,2022-04-06,45497.54000000,45507.14000000,43121.00000000,43170.47000000,60849.32936000
BTCUSDT,2022-04-07,43170.47000000,43900.99000000,42727.35000000,43444.19000000,37396.54156000
BTCUSDT,2022-04-08,43444.20000000,43970.62000000,42107.14000000,42252.01000000,42375.04203000
BTCUSDT,2022-04-09,42252.02000000,42800.00000000,42125.48000000,42753.97000000,17891.66047000
BTCUSDT,2022-04-10,42753.96000000,43410.30000000,41868.00000000,42158.85000000,22771.09403000
BTCUSDT,2022-04-11,42158.85000000,42414.71000000,39200.00000000,39530.45000000,63560.44721000
BTCUSDT,2022-04-12,39530.45000000,40699.00000000,39254.63000000,40074.94000000,57751.01778000
BTCUSDT,2022-04-13,40074.95000000,41561.31000000,39588.54000000,41147.79000000,41342.27254000
BTCUSDT,2022-04-14,41147.78000000,41500.00000000,39551.94000000,39942.38000000,36807.01401000
BTCUSDT,2022-04-15,39942.37000000,40870.36000000,39766.40000000,40551.90000000,24026.35739000
BTCUSDT,2022-04-16,40551.90000000,40709.35000000,39991.55000000,40378.71000000,15805.44718000
BTCUSDT,2022-04-17,40378.70000000,40595.67000000,39546.17000000,39678.12000000,19988.49259000
BTCUSDT,2022-04-18,39678.11000000,41116.73000000,38536.51000000,40801.13000000,54243.49575000
BTCUSDT,2022-04-19,40801.13000000,41760.00000000,40571.00000000,41493.18000000,35788.85843000
BTCUSDT,2022-04-20,41493.19000000,42199.00000000,40820.00000000,41358.19000000,40877.35041000
BTCUSDT,2022-04-21,41358.19000000,42976.00000000,39751.00000000,40480.01000000,59316.27657000
BTCUSDT,2022-04-22,40480.01000000,40795.06000000,39177.00000000,39709.18000000,46664.01960000
BTCUSDT,2022-04-23,39709.19000000,39980.00000000,39285.00000000,39441.60000000,20291.42375000
BTCUSDT,2022-04-24,39441.61000000,39940.00000000,38929.62000000,39450.13000000,26703.61186000
BTCUSDT,2022-04-25,39450.12000000,40616.00000000,38200.00000000,40426.08000000,63037.12784000
BTCUSDT,2022-04-26,40426.08000000,40797.31000000,37702.26000000,38112.65000000,66650.25800000
BTCUSDT,2022-04-27,38112.64000000,39474.72000000,37881.31000000,39235.72000000,57083.12272000
BTCUSDT,2022-04-28,39235.72000000,40372.63000000,38881.43000000,39742.07000000,56086.67150000
BTCUSDT,2022-04-29,39742.06000000,39925.25000000,38175.00000000,38596.11000000,51453.65715000
BTCUSDT,2022-04-30,38596.11000000,38795.38000000,37578.20000000,37630.80000000,35321.18989000
BTCUSDT,2022-05-01,37630.80000000,38675.00000000,37386.38000000,38468.35000000,38812.24104000
BTCUSDT,2022-05-02,38468.35000000,39167.34000000,38052.00000000,38525.16000000,53200.92628000
BTCUSDT,2022-05-03,38525.16000000,38651.51000000,37517.80000000,37728.95000000,40316.45358000
BTCUSDT,2022-05-04,37728.95000000,40023.77000000,37670.00000000,39690.00000000,62574.61736000
BTCUSDT,2022-05-05,39690.00000000,39845.51000000,35571.90000000,36552.97000000,88722.43355000
BTCUSDT,2022-05-06,36552.97000000,36675.63000000,35258.00000000,36013.77000000,68437.80187000
BTCUSDT,2022-05-07,36013.77000000,36146.30000000,34785.00000000,35472.39000000,34281.70682000
BTCUSDT,2022-05-08,35472.40000000,35514.22000000,33713.95000000,34038.40000000,72445.64344000
BTCUSDT,2022-05-09,34038.39000000,34243.15000000,30033.33000000,30076.31000000,191876.92642800
BTCUSDT,2022-05-10,30074.23000000,32658.99000000,29730.40000000,31017.10000000,165532.00311000
BTCUSDT,2022-05-11,31017.11000000,32162.59000000,27785.00000000,29103.94000000,207063.73927800
BTCUSDT,2022-05-12,29103.94000000,30243.00000000,26700.00000000,29029.75000000,204507.26313800
BTCUSDT,2022-05-13,29029.74000000,31083.37000000,28751.67000000,29287.05000000,97872.36957000
BTCUSDT,2022-05-14,29287.05000000,30343.27000000,28630.00000000,30086.74000000,51095.87863000
BTCUSDT,2022-05-15,30086.74000000,31460.00000000,29480.00000000,31328.89000000,46275.66912000
BTCUSDT,2022-05-16,31328.89000000,31328.90000000,29087.04000000,29874.01000000,73082.19658000
BTCUSDT,2022-05-17,29874.01000000,30788.37000000,29450.38000000,30444.93000000,56724.13307000
BTCUSDT,2022-05-18,30444.93000000,30709.99000000,28654.47000000,28715.32000000,59749.15799000
BTCUSDT,2022-05-19,28715.33000000,30545.18000000,28691.38000000,30319.23000000,67877.36415000
BTCUSDT,2022-05-20,30319.22000000,30777.33000000,28730.00000000,29201.01000000,60517.25325000
BTCUSDT,2022-05-21,29201.01000000,29656.18000000,28947.28000000,29445.06000000,20987.13124000
BTCUSDT,2022-05-22,29445.07000000,30487.99000000,29255.11000000,30293.94000000,36158.98748000
BTCUSDT,2022-05-23,30293.93000000,30670.51000000,28866.35000000,29109.15000000,63901.49932000
BTCUSDT,2022-05-24,29109.14000000,29845.86000000,28669.00000000,29654.58000000,59442.96036000
BTCUSDT,2022-05-25,29654.58000000,30223.74000000,29294.21000000,29542.15000000,59537.38659000
BTCUSDT,2022-05-26,29542.14000000,29886.64000000,28019.56000000,29201.35000000,94581.65463000
BTCUSDT,2022-05-27,29201.35000000,29397.66000000,28282.90000000,28629.80000000,90998.52010000
BTCUSDT,2022-05-28,28629.81000000,29266.00000000,28450.00000000,29031.33000000,34479.35127000
BTCUSDT,2022-05-29,29031.33000000,29587.78000000,28839.21000000,29468.10000000,27567.34764000
BTCUSDT,2022-05-30,29468.10000000,32222.00000000,29299.62000000,31734.22000000,96785.94760000
BTCUSDT,2022-05-31,31734.23000000,32399.00000000,31200.01000000,31801.04000000,62433.11632000
BTCUSDT,2022-06-01,31801.05000000,31982.97000000,29301.00000000,29805.83000000,103395.63382000
BTCUSDT,2022-06-02,29805.84000000,30689.00000000,29594.55000000,30452.62000000,56961.42928000
BTCUSDT,2022-06-03,30452.63000000,30699.00000000,29282.36000000,29700.21000000,54067.44727000
BTCUSDT,2022-06-04,29700.21000000,29988.88000000,29485.00000000,29864.04000000,25617.90113000
BTCUSDT,2022-06-05,29864.03000000,30189.00000000,29531.42000000,29919.21000000,23139.92810000
BTCUSDT,2022-06-06,29919.20000000,31765.64000000,29890.23000000,31373.10000000,68836.92456000
BTCUSDT,2022-06-07,31373.10000000,31589.60000000,29218.96000000,31125.33000000,110674.51658000
BTCUSDT,2022-06-08,31125.32000000,31327.22000000,29843.88000000,30204.77000000,68542.61276000
BTCUSDT,2022-06-09,30204.77000000,30700.00000000,29944.10000000,30109.93000000,46291.18650000
BTCUSDT,2022-06-10,30109.93000000,30382.80000000,28850.00000000,29091.88000000,76204.24980000
BTCUSDT,2022-06-11,29091.87000000,29440.41000000,28099.99000000,28424.70000000,65901.39895000
BTCUSDT,2022-06-12,28424.71000000,28544.96000000,26560.00000000,26574.53000000,92474.59880900
BTCUSDT,2022-06-13,26574.53000000,26895.84000000,21925.77000000,22487.41000000,254611.03496600
BTCUSDT,2022-06-14,22485.27000000,23362.88000000,20846.00000000,22136.41000000,187201.64671000
BTCUSDT,2022-06-15,22136.42000000,22800.00000000,20111.62000000,22583.72000000,200774.49346700
BTCUSDT,2022-06-16,22583.72000000,22995.73000000,20232.00000000,20401.31000000,99673.59429000
BTCUSDT,2022-06-17,20400.60000000,21365.43000000,20246.66000000,20468.81000000,86694.33663000
BTCUSDT,2022-06-18,20468.81000000,20792.06000000,17622.00000000,18970.79000000,196441.65552400
BTCUSDT,2022-06-19,18970.79000000,20815.95000000,17960.41000000,20574.00000000,128320.87595000
BTCUSDT,2022-06-20,20574.00000000,21090.00000000,19637.03000000,20573.89000000,109028.94154000
BTCUSDT,2022-06-21,20573.90000000,21723.00000000,20348.40000000,20723.52000000,104371.07490000
BTCUSDT,2022-06-22,20723.51000000,20900.00000000,19770.51000000,19987.99000000,92133.97938000
BTCUSDT,2022-06-23,19988.00000000,21233.00000000,19890.07000000,21110.13000000,83127.08716000
BTCUSDT,2022-06-24,21110.12000000,21558.41000000,20736.72000000,21237.69000000,77430.36622000
BTCUSDT,2022-06-25,21237.68000000,21614.50000000,20906.62000000,21491.19000000,51431.67794000
BTCUSDT,2022-06-26,21491.18000000,21888.00000000,20964.73000000,21038.07000000,53278.10464000
BTCUSDT,2022-06-27,21038.08000000,21539.85000000,20510.00000000,20742.56000000,64475.00130000
BTCUSDT,2022-06-28,20742.57000000,21212.10000000,20202.01000000,20281.29000000,63801.08320000
BTCUSDT,2022-06-29,20281.28000000,20432.31000000,19854.92000000,20123.01000000,77309.04379000
BTCUSDT,2022-06-30,20123.00000000,20179.08000000,18626.00000000,19942.21000000,93846.64806000
BTCUSDT,2022-07-01,19942.21000000,20918.35000000,18975.00000000,19279.80000000,111844.59494000
BTCUSDT,2022-07-02,19279.80000000,19467.39000000,18977.01000000,19252.81000000,46180.30210000
BTCUSDT,2022-07-03,19252.82000000,19647.63000000,18781.00000000,19315.83000000,51087.46631000
BTCUSDT,2022-07-04,19315.83000000,20354.01000000,19055.31000000,20236.71000000,74814.04601000
BTCUSDT,2022-07-05,20236.71000000,20750.00000000,19304.40000000,20175.83000000,96041.13756000
BTCUSDT,2022-07-06,20175.84000000,20675.22000000,19761.25000000,20564.51000000,82439.58080000
BTCUSDT,2022-07-07,20564.51000000,21838.10000000,20251.68000000,21624.98000000,85014.58261000
BTCUSDT,2022-07-08,21624.99000000,22527.37000000,21189.26000000,21594.75000000,403081.57349000
BTCUSDT,2022-07-09,21594.75000000,21980.00000000,21322.12000000,21591.83000000,178417.84468000
BTCUSDT,2022-07-10,21592.15000000,21607.65000000,20655.00000000,20862.47000000,192188.21556000
BTCUSDT,2022-07-11,20861.11000000,20868.48000000,19875.23000000,19963.61000000,137535.40724000
BTCUSDT,2022-07-12,19963.61000000,20059.42000000,19240.00000000,19328.75000000,139506.45862000
BTCUSDT,2022-07-13,19331.28000000,20366.61000000,18910.94000000,20234.87000000,209250.24888000
BTCUSDT,2022-07-14,20234.87000000,20900.00000000,19616.07000000,20588.84000000,174809.21696000
BTCUSDT,2022-07-15,20588.84000000,21200.00000000,20382.29000000,20830.04000000,143343.30490000
BTCUSDT,2022-07-16,20830.04000000,21588.94000000,20478.61000000,21195.60000000,121011.67393000
BTCUSDT,2022-07-17,21195.60000000,21684.54000000,20750.01000000,20798.16000000,118229.45250000
BTCUSDT,2022-07-18,20799.58000000,22777.63000000,20762.45000000,22432.58000000,239942.73132000
BTCUSDT,2022-07-19,22432.58000000,23800.00000000,21579.54000000,23396.62000000,263770.76574000
BTCUSDT,2022-07-20,23398.48000000,24276.74000000,22906.19000000,23223.30000000,238762.17094000
BTCUSDT,2022-07-21,23223.30000000,23442.77000000,22341.46000000,23152.19000000,184817.68191000
BTCUSDT,2022-07-22,23152.19000000,23756.49000000,22500.00000000,22684.83000000,171598.43966000
BTCUSDT,2022-07-23,22684.83000000,23000.77000000,21934.57000000,22451.07000000,122137.77375000
BTCUSDT,2022-07-24,22448.58000000,23014.64000000,22257.15000000,22579.68000000,115189.67277000
BTCUSDT,2022-07-25,22577.13000000,22666.00000000,21250.00000000,21310.90000000,180344.76643000
BTCUSDT,2022-07-26,21310.90000000,21347.82000000,20706.50000000,21254.67000000,177817.24326000
BTCUSDT,2022-07-27,21254.67000000,23112.63000000,21042.53000000,22952.45000000,210971.19796000
BTCUSDT,2022-07-28,22954.31000000,24199.72000000,22582.13000000,23842.93000000,236029.07410000
BTCUSDT,2022-07-29,23845.25000000,24442.66000000,23414.03000000,23773.75000000,198298.50623000
BTCUSDT,2022-07-30,23777.28000000,24668.00000000,23502.25000000,23643.51000000,151060.13211000
BTCUSDT,2022-07-31,23644.64000000,24194.82000000,23227.31000000,23293.32000000,127743.32483000
BTCUSDT,2022-08-01,23296.36000000,23509.68000000,22850.00000000,23268.01000000,144210.16219000
BTCUSDT,2022-08-02,23266.90000000,23459.89000000,22654.37000000,22987.79000000,158073.28225000
BTCUSDT,2022-08-03,22985.93000000,23647.68000000,22681.22000000,22818.37000000,145948.80995000
BTCUSDT,2022-08-04,22816.91000000,23223.32000000,22400.00000000,22622.98000000,154854.67016000
BTCUSDT,2022-08-05,22622.41000000,23472.86000000,22586.95000000,23312.42000000,175251.69749000
BTCUSDT,2022-08-06,23313.56000000,23354.36000000,22909.52000000,22954.21000000,83911.80307000
BTCUSDT,2022-08-07,22954.21000000,23402.00000000,22844.62000000,23174.39000000,88890.00877000
BTCUSDT,2022-08-08,23174.39000000,24245.00000000,23154.25000000,23810.00000000,170958.44152000
BTCUSDT,2022-08-09,23810.98000000,23933.25000000,22865.00000000,23149.95000000,143182.50858000
BTCUSDT,2022-08-10,23151.32000000,24226.00000000,22664.69000000,23954.05000000,208916.54953000
BTCUSDT,2022-08-11,23954.05000000,24918.54000000,23852.13000000,23934.39000000,249759.79557000
BTCUSDT,2022-08-12,23933.09000000,24456.50000000,23583.00000000,24403.68000000,174207.57040000
BTCUSDT,2022-08-13,24401.70000000,24888.00000000,24291.22000000,24441.38000000,152852.25435000
BTCUSDT,2022-08-14,24443.06000000,25047.56000000,24144.00000000,24305.24000000,151206.14473000
BTCUSDT,2022-08-15,24305.25000000,25211.32000000,23773.22000000,24094.82000000,242539.54758000
BTCUSDT,2022-08-16,24093.04000000,24247.49000000,23671.22000000,23854.74000000,179324.94821000
BTCUSDT,2022-08-17,23856.15000000,24446.71000000,23180.40000000,23342.66000000,210668.68766000
BTCUSDT,2022-08-18,23342.66000000,23600.00000000,23111.04000000,23191.20000000,144185.97011000
BTCUSDT,2022-08-19,23191.45000000,23208.67000000,20783.57000000,20834.39000000,283995.87747000
BTCUSDT,2022-08-20,20834.39000000,21382.85000000,20761.90000000,21140.07000000,183041.68363000
BTCUSDT,2022-08-21,21140.07000000,21800.00000000,21069.11000000,21515.61000000,159200.68410000
BTCUSDT,2022-08-22,21516.70000000,21548.71000000,20890.18000000,21399.83000000,222222.04526000
BTCUSDT,2022-08-23,21400.75000000,21684.87000000,20890.14000000,21529.12000000,200967.77164000
BTCUSDT,2022-08-24,21529.11000000,21900.00000000,21145.00000000,21368.08000000,174383.22046000
BTCUSDT,2022-08-25,21368.05000000,21819.88000000,21310.15000000,21559.04000000,169915.78301000
BTCUSDT,2022-08-26,21559.04000000,21886.77000000,20107.90000000,20241.05000000,273811.61955000
BTCUSDT,2022-08-27,20239.14000000,20402.93000000,19800.00000000,20037.60000000,162582.46032000
BTCUSDT,2022-08-28,20037.60000000,20171.18000000,19520.00000000,19555.61000000,139307.95976000
BTCUSDT,2022-08-29,19555.61000000,20433.62000000,19550.79000000,20285.73000000,210509.49545000
BTCUSDT,2022-08-30,20287.20000000,20576.25000000,19540.00000000,19811.66000000,256634.35529000
BTCUSDT,2022-08-31,19813.03000000,20490.00000000,19797.94000000,20050.02000000,276946.60765000
BTCUSDT,2022-09-01,20048.44000000,20208.37000000,19565.66000000,20131.46000000,245289.97263000
BTCUSDT,2022-09-02,20132.64000000,20441.26000000,19755.29000000,19951.86000000,245986.60330000
BTCUSDT,2022-09-03,19950.98000000,20055.93000000,19652.72000000,19831.90000000,146639.03204000
BTCUSDT,2022-09-04,19832.45000000,20029.23000000,19583.10000000,20000.30000000,145588.77893000
BTCUSDT,2022-09-05,20000.30000000,20057.27000000,19633.83000000,19796.84000000,222543.01057000
BTCUSDT,2022-09-06,19795.34000000,20180.00000000,18649.51000000,18790.61000000,356315.05718000
BTCUSDT,2022-09-07,18790.61000000,19464.06000000,18510.77000000,19292.84000000,287394.77880000
BTCUSDT,2022-09-08,19292.85000000,19458.25000000,19012.00000000,19319.77000000,262813.28273000
BTCUSDT,2022-09-09,19320.54000000,21597.22000000,19291.75000000,21360.11000000,428919.74652000
BTCUSDT,2022-09-10,21361.62000000,21810.80000000,21111.13000000,21648.34000000,307997.33504000
BTCUSDT,2022-09-11,21647.21000000,21860.00000000,21350.00000000,21826.87000000,280702.55149000
BTCUSDT,2022-09-12,21826.87000000,22488.00000000,21538.51000000,22395.74000000,395395.61828000
BTCUSDT,2022-09-13,22395.44000000,22799.00000000,19860.00000000,20173.57000000,431915.03333000
BTCUSDT,2022-09-14,20173.62000000,20541.48000000,19617.62000000,20226.71000000,340826.40151000
BTCUSDT,2022-09-15,20227.17000000,20330.24000000,19497.00000000,19701.88000000,333069.76076000
BTCUSDT,2022-09-16,19701.88000000,19890.00000000,19320.01000000,19803.30000000,283791.07064000
BTCUSDT,2022-09-17,19803.30000000,20189.00000000,19748.08000000,20113.62000000,179350.24338000
BTCUSDT,2022-09-18,20112.61000000,20117.26000000,19335.62000000,19416.18000000,254217.46904000
BTCUSDT,2022-09-19,19417.45000000,19686.20000000,18232.56000000,19537.02000000,380512.40306000
BTCUSDT,2022-09-20,19537.02000000,19634.62000000,18711.87000000,18875.00000000,324098.32860000
BTCUSDT,2022-09-21,18874.31000000,19956.00000000,18125.98000000,18461.36000000,385034.10021000
BTCUSDT,2022-09-22,18461.36000000,19550.17000000,18356.39000000,19401.63000000,379321.72111000
BTCUSDT,2022-09-23,19401.63000000,19500.00000000,18531.42000000,19289.91000000,385886.91829000
BTCUSDT,2022-09-24,19288.57000000,19316.14000000,18805.34000000,18920.50000000,239496.56746000
BTCUSDT,2022-09-25,18921.99000000,19180.21000000,18629.20000000,18807.38000000,191191.44920000
BTCUSDT,2022-09-26,18809.13000000,19318.96000000,18680.72000000,19227.82000000,439239.21943000
BTCUSDT,2022-09-27,19226.68000000,20385.86000000,18816.32000000,19079.13000000,593260.74161000
BTCUSDT,2022-09-28,19078.10000000,19790.00000000,18471.28000000,19412.82000000,521385.45547000
BTCUSDT,2022-09-29,19412.82000000,19645.52000000,18843.01000000,19591.51000000,406424.93256000
BTCUSDT,2022-09-30,19590.54000000,20185.00000000,19155.36000000,19422.61000000,444322.95340000
BTCUSDT,2022-10-01,19422.61000000,19484.00000000,19159.42000000,19310.95000000,165625.13959000
BTCUSDT,2022-10-02,19312.24000000,19395.91000000,18920.35000000,19056.80000000,206812.47032000
BTCUSDT,2022-10-03,19057.74000000,19719.10000000,18959.68000000,19629.08000000,293585.75212000
BTCUSDT,2022-10-04,19629.08000000,20475.00000000,19490.60000000,20337.82000000,327012.00127000
BTCUSDT,2022-10-05,20337.82000000,20365.60000000,19730.00000000,20158.26000000,312239.75224000
BTCUSDT,2022-10-06,20158.26000000,20456.60000000,19853.00000000,19960.67000000,320122.17020000
BTCUSDT,2022-10-07,19960.67000000,20068.82000000,19320.00000000,19530.09000000,220874.83913000
BTCUSDT,2022-10-08,19530.09000000,19627.38000000,19237.14000000,19417.96000000,102480.09842000
BTCUSDT,2022-10-09,19416.52000000,19558.00000000,19316.04000000,19439.02000000,113900.82681000
BTCUSDT,2022-10-10,19439.96000000,19525.00000000,19020.25000000,19131.87000000,212509.09849000
BTCUSDT,2022-10-11,19131.87000000,19268.09000000,18860.00000000,19060.00000000,243473.84286000
BTCUSDT,2022-10-12,19060.00000000,19238.31000000,18965.88000000,19155.53000000,213826.26731000
BTCUSDT,2022-10-13,19155.10000000,19513.79000000,18190.00000000,19375.13000000,399756.68337000
BTCUSDT,2022-10-14,19375.58000000,19951.87000000,19070.37000000,19176.93000000,351634.32601000
BTCUSDT,2022-10-15,19176.93000000,19227.68000000,18975.18000000,19069.39000000,113847.64232000
BTCUSDT,2022-10-16,19068.40000000,19425.84000000,19063.74000000,19262.98000000,131894.61885000
BTCUSDT,2022-10-17,19262.98000000,19676.96000000,19152.03000000,19549.86000000,222813.87634000
BTCUSDT,2022-10-18,19548.48000000,19706.66000000,19091.00000000,19327.44000000,260313.07848000
BTCUSDT,2022-10-19,19327.44000000,19360.16000000,19065.97000000,19123.97000000,186137.29538000
BTCUSDT,2022-10-20,19123.35000000,19347.82000000,18900.00000000,19041.92000000,223530.13068000
BTCUSDT,2022-10-21,19041.92000000,19250.00000000,18650.00000000,19164.37000000,269310.75769000
BTCUSDT,2022-10-22,19164.37000000,19257.00000000,19112.72000000,19204.35000000,110403.90837000
BTCUSDT,2022-10-23,19204.29000000,19695.00000000,19070.11000000,19570.40000000,167057.20184000
BTCUSDT,2022-10-24,19570.40000000,19601.15000000,19157.00000000,19329.72000000,256168.14467000
BTCUSDT,2022-10-25,19330.60000000,20415.87000000,19237.00000000,20080.07000000,326370.67061000
BTCUSDT,2022-10-26,20079.02000000,21020.00000000,20050.41000000,20771.59000000,380492.69576000
BTCUSDT,2022-10-27,20771.61000000,20872.21000000,20200.00000000,20295.11000000,328643.57791000
BTCUSDT,2022-10-28,20295.11000000,20750.00000000,20000.09000000,20591.84000000,287039.94569000
BTCUSDT,2022-10-29,20591.84000000,21085.00000000,20554.01000000,20809.67000000,254881.77755000
BTCUSDT,2022-10-30,20809.68000000,20931.21000000,20515.00000000,20627.48000000,192795.60886000
BTCUSDT,2022-10-31,20627.48000000,20845.92000000,20237.95000000,20490.74000000,303567.61628000
BTCUSDT,2022-11-01,20490.74000000,20700.00000000,20330.74000000,20483.62000000,279932.43771000
BTCUSDT,2022-11-02,20482.81000000,20800.00000000,20048.04000000,20151.84000000,373716.27299000
BTCUSDT,2022-11-03,20151.84000000,20393.32000000,20031.24000000,20207.82000000,319185.15440000
BTCUSDT,2022-11-04,20207.12000000,21302.05000000,20180.96000000,21148.52000000,453694.39165000
BTCUSDT,2022-11-05,21148.52000000,21480.65000000,21080.65000000,21299.37000000,245621.98525000
BTCUSDT,2022-11-06,21299.37000000,21365.27000000,20886.13000000,20905.58000000,230036.97217000
BTCUSDT,2022-11-07,20905.58000000,21069.77000000,20384.89000000,20591.13000000,386977.60337000
BTCUSDT,2022-11-08,20590.67000000,20700.88000000,17166.83000000,18547.23000000,760705.36278300
BTCUSDT,2022-11-09,18545.38000000,18587.76000000,15588.00000000,15922.81000000,731926.92972900
BTCUSDT,2022-11-10,15922.68000000,18199.00000000,15754.26000000,17601.15000000,608448.36432000
BTCUSDT,2022-11-11,17602.45000000,17695.00000000,16361.60000000,17070.31000000,393552.86492000
BTCUSDT,2022-11-12,17069.98000000,17119.10000000,16631.39000000,16812.08000000,167819.96035000
BTCUSDT,2022-11-13,16813.16000000,16954.28000000,16229.00000000,16329.85000000,184960.78846000
BTCUSDT,2022-11-14,16331.78000000,17190.00000000,15815.21000000,16619.46000000,380210.77750000
BTCUSDT,2022-11-15,16617.72000000,17134.69000000,16527.72000000,16900.57000000,282461.84391000
BTCUSDT,2022-11-16,16900.57000000,17015.92000000,16378.61000000,16662.76000000,261493.40809000
BTCUSDT,2022-11-17,16661.61000000,16751.00000000,16410.74000000,16692.56000000,228038.97873000
BTCUSDT,2022-11-18,16692.56000000,17011.00000000,16546.04000000,16700.45000000,214224.18184000
BTCUSDT,2022-11-19,16699.43000000,16822.41000000,16553.53000000,16700.68000000,104963.15558000
BTCUSDT,2022-11-20,16700.68000000,16753.33000000,16180.00000000,16280.23000000,154842.13478000
BTCUSDT,2022-11-21,16279.50000000,16319.00000000,15476.00000000,15781.29000000,324096.99775300
BTCUSDT,2022-11-22,15781.29000000,16315.00000000,15616.63000000,16226.94000000,239548.06623000
BTCUSDT,2022-11-23,16227.96000000,16706.00000000,16160.20000000,16603.11000000,264927.70408000
BTCUSDT,2022-11-24,16603.11000000,16812.63000000,16458.05000000,16598.95000000,206565.92346000
BTCUSDT,2022-11-25,16599.55000000,16666.00000000,16342.81000000,16522.14000000,182089.49533000
BTCUSDT,2022-11-26,16521.35000000,16701.99000000,16385.00000000,16458.57000000,181804.81666000
BTCUSDT,2022-11-27,16457.61000000,16600.00000000,16401.00000000,16428.78000000,162025.47607000
BTCUSDT,2022-11-28,16428.77000000,16487.04000000,15995.27000000,16212.91000000,252695.40367000
BTCUSDT,2022-11-29,16212.18000000,16548.71000000,16100.00000000,16442.53000000,248106.25009000
BTCUSDT,2022-11-30,16442.91000000,17249.00000000,16428.30000000,17163.64000000,303019.80719000
BTCUSDT,2022-12-01,17165.53000000,17324.00000000,16855.01000000,16977.37000000,232818.18218000
BTCUSDT,2022-12-02,16978.00000000,17105.73000000,16787.85000000,17092.74000000,202372.20620000
BTCUSDT,2022-12-03,17092.13000000,17188.98000000,16858.74000000,16885.20000000,154542.57306000
BTCUSDT,2022-12-04,16885.20000000,17202.84000000,16878.25000000,17105.70000000,178619.13387000
BTCUSDT,2022-12-05,17106.65000000,17424.25000000,16867.00000000,16966.35000000,233703.29225000
BTCUSDT,2022-12-06,16966.35000000,17107.01000000,16906.37000000,17088.96000000,218730.76883000
BTCUSDT,2022-12-07,17088.96000000,17142.21000000,16678.83000000,16836.64000000,220657.41334000
BTCUSDT,2022-12-08,16836.64000000,17299.00000000,16733.49000000,17224.10000000,236417.97804000
BTCUSDT,2022-12-09,17224.10000000,17360.00000000,17058.21000000,17128.56000000,238422.06465000
BTCUSDT,2022-12-10,17128.56000000,17227.72000000,17092.00000000,17127.49000000,140573.97937000
BTCUSDT,2022-12-11,17127.49000000,17270.99000000,17071.00000000,17085.05000000,155286.47871000
BTCUSDT,2022-12-12,17085.05000000,17241.89000000,16871.85000000,17209.83000000,226227.49694000
BTCUSDT,2022-12-13,17208.93000000,18000.00000000,17080.14000000,17774.70000000,284462.91390000
BTCUSDT,2022-12-14,17775.82000000,18387.95000000,17660.94000000,17803.15000000,266681.22209000
BTCUSDT,2022-12-15,17804.01000000,17854.82000000,17275.51000000,17356.34000000,223701.96882000
BTCUSDT,2022-12-16,17356.96000000,17531.73000000,16527.32000000,16632.12000000,253379.04116000
BTCUSDT,2022-12-17,16631.50000000,16796.82000000,16579.85000000,16776.52000000,144825.66684000
BTCUSDT,2022-12-18,16777.54000000,16863.26000000,16663.07000000,16738.21000000,112619.31646000
BTCUSDT,2022-12-19,16739.00000000,16815.99000000,16256.30000000,16438.88000000,179094.28305000
BTCUSDT,2022-12-20,16438.88000000,17061.27000000,16397.20000000,16895.56000000,248808.92324000
BTCUSDT,2022-12-21,16896.15000000,16925.00000000,16723.00000000,16824.67000000,156810.96362000
BTCUSDT,2022-12-22,16824.68000000,16868.52000000,16559.85000000,16821.43000000,176044.27235000
BTCUSDT,2022-12-23,16821.90000000,16955.14000000,16731.13000000,16778.50000000,161612.00947000
BTCUSDT,2022-12-24,16778.52000000,16869.99000000,16776.62000000,16836.12000000,100224.29096000
BTCUSDT,2022-12-25,16835.73000000,16857.96000000,16721.00000000,16832.11000000,125441.07202000
BTCUSDT,2022-12-26,16832.11000000,16944.52000000,16791.00000000,16919.39000000,124564.00656000
BTCUSDT,2022-12-27,16919.39000000,16972.83000000,16592.37000000,16706.36000000,173749.58616000
BTCUSDT,2022-12-28,16706.06000000,16785.19000000,16465.33000000,16547.31000000,193037.56577000
BTCUSDT,2022-12-29,16547.32000000,16664.41000000,16488.91000000,16633.47000000,160998.47158000
BTCUSDT,2022-12-30,16633.47000000,16677.35000000,16333.00000000,16607.48000000,164916.31174000
BTCUSDT,2022-12-31,16607.48000000,16644.09000000,16470.00000000,16542.40000000,114490.42864000
BTCUSDT,2023-01-01,16541.77000000,16628.00000000,16499.01000000,16616.75000000,96925.41374000
BTCUSDT,2023-01-02,16617.17000000,16799.23000000,16548.70000000,16672.87000000,121888.57191000
BTCUSDT,2023-01-03,16672.78000000,16778.40000000,16605.28000000,16675.18000000,159541.53733000
BTCUSDT,2023-01-04,16675.65000000,16991.87000000,16652.66000000,16850.36000000,220362.18862000
BTCUSDT,2023-01-05,16850.36000000,16879.82000000,16753.00000000,16831.85000000,163473.56641000
BTCUSDT,2023-01-06,16831.85000000,17041.00000000,16679.00000000,16950.65000000,207401.28415000
BTCUSDT,2023-01-07,16950.31000000,16981.91000000,16908.00000000,16943.57000000,104526.56880000
BTCUSDT,2023-01-08,16943.83000000,17176.99000000,16911.00000000,17127.83000000,135155.89695000
BTCUSDT,2023-01-09,17127.83000000,17398.80000000,17104.66000000,17178.26000000,266211.52723000
BTCUSDT,2023-01-10,17179.04000000,17499.00000000,17146.34000000,17440.66000000,221382.42581000
BTCUSDT,2023-01-11,17440.64000000,18000.00000000,17315.60000000,17943.26000000,262221.60653000
BTCUSDT,2023-01-12,17943.26000000,19117.04000000,17892.05000000,18846.62000000,454568.32178000
BTCUSDT,2023-01-13,18846.62000000,20000.00000000,18714.12000000,19930.01000000,368615.87823000
BTCUSDT,2023-01-14,19930.01000000,21258.00000000,19888.05000000,20954.92000000,393913.74951000
BTCUSDT,2023-01-15,20952.76000000,21050.74000000,20551.01000000,20871.50000000,178542.22549000
BTCUSDT,2023-01-16,20872.99000000,21474.05000000,20611.48000000,21185.65000000,293078.08262000
BTCUSDT,2023-01-17,21185.65000000,21647.45000000,20841.31000000,21134.81000000,275407.74409000
BTCUSDT,2023-01-18,21132.29000000,21650.00000000,20407.15000000,20677.47000000,350916.01949000
BTCUSDT,2023-01-19,20677.47000000,21192.00000000,20659.19000000,21071.59000000,251385.84925000
BTCUSDT,2023-01-20,21071.59000000,22755.93000000,20861.28000000,22667.21000000,338079.13659000
BTCUSDT,2023-01-21,22666.00000000,23371.80000000,22422.00000000,22783.55000000,346445.48432000
BTCUSDT,2023-01-22,22783.35000000,23078.71000000,22292.37000000,22707.88000000,253577.75286000
BTCUSDT,2023-01-23,22706.02000000,23180.00000000,22500.00000000,22916.45000000,293588.37938000
BTCUSDT,2023-01-24,22917.81000000,23162.20000000,22462.93000000,22632.89000000,293158.78254000
BTCUSDT,2023-01-25,22631.94000000,23816.73000000,22300.00000000,23060.94000000,346042.83223000
BTCUSDT,2023-01-26,23060.42000000,23282.47000000,22850.01000000,23009.65000000,288924.43581000
BTCUSDT,2023-01-27,23009.65000000,23500.00000000,22534.88000000,23074.16000000,280833.86315000
BTCUSDT,2023-01-28,23074.16000000,23189.00000000,22878.46000000,23022.60000000,148115.71085000
BTCUSDT,2023-01-29,23021.40000000,23960.54000000,22967.76000000,23742.30000000,295688.79204000
BTCUSDT,2023-01-30,23743.37000000,23800.51000000,22500.00000000,22826.15000000,302405.90121000
BTCUSDT,2023-01-31,22827.38000000,23320.00000000,22714.77000000,23125.13000000,264649.34909000
BTCUSDT,2023-02-01,23125.13000000,23812.66000000,22760.23000000,23732.66000000,310790.42271000
BTCUSDT,2023-02-02,23731.41000000,24255.00000000,23363.27000000,23488.94000000,364177.20751000
BTCUSDT,2023-02-03,23489.33000000,23715.70000000,23204.62000000,23431.90000000,332571.02904000
BTCUSDT,2023-02-04,23431.90000000,23587.78000000,23253.96000000,23326.84000000,166126.47295000
BTCUSDT,2023-02-05,23327.66000000,23433.33000000,22743.00000000,22932.91000000,209251.33917000
BTCUSDT,2023-02-06,22932.91000000,23158.25000000,22628.13000000,22762.52000000,265371.60690000
BTCUSDT,2023-02-07,22762.52000000,23350.25000000,22745.78000000,23240.46000000,308006.72482000
BTCUSDT,2023-02-08,23242.42000000,23452.00000000,22665.85000000,22963.00000000,280056.30717000
BTCUSDT,2023-02-09,22961.85000000,23011.39000000,21688.00000000,21796.35000000,402894.69550000
BTCUSDT,2023-02-10,21797.83000000,21938.16000000,21451.00000000,21625.19000000,338591.94247000
BTCUSDT,2023-02-11,21625.19000000,21906.32000000,21599.78000000,21862.55000000,177021.58433000
BTCUSDT,2023-02-12,21862.02000000,22090.00000000,21630.00000000,21783.54000000,204435.65163000
BTCUSDT,2023-02-13,21782.37000000,21894.99000000,21351.07000000,21773.97000000,295730.76791000
BTCUSDT,2023-02-14,21774.63000000,22319.08000000,21532.77000000,22199.84000000,361958.40109000
BTCUSDT,2023-02-15,22199.84000000,24380.00000000,22047.28000000,24324.05000000,375669.16111000
BTCUSDT,2023-02-16,24322.87000000,25250.00000000,23505.25000000,23517.72000000,450080.68366000
BTCUSDT,2023-02-17,23517.72000000,25021.11000000,23339.37000000,24569.97000000,496813.21376000
BTCUSDT,2023-02-18,24568.24000000,24877.00000000,24430.00000000,24631.95000000,216917.25213000
BTCUSDT,2023-02-19,24632.05000000,25192.00000000,24192.57000000,24271.76000000,300395.99542000
BTCUSDT,2023-02-20,24272.51000000,25121.23000000,23840.83000000,24842.20000000,346938.56997000
BTCUSDT,2023-02-21,24843.89000000,25250.00000000,24148.34000000,24452.16000000,376000.82868000
BTCUSDT,2023-02-22,24450.67000000,24476.05000000,23574.69000000,24182.21000000,379425.75365000
BTCUSDT,2023-02-23,24182.21000000,24599.59000000,23608.00000000,23940.20000000,398400.45437000
BTCUSDT,2023-02-24,23940.20000000,24132.35000000,22841.19000000,23185.29000000,343582.57453000
BTCUSDT,2023-02-25,23184.04000000,23219.13000000,22722.00000000,23157.07000000,191311.81010000
BTCUSDT,2023-02-26,23157.07000000,23689.99000000,23059.18000000,23554.85000000,202323.73623000
BTCUSDT,2023-02-27,23554.85000000,23897.99000000,23106.77000000,23492.09000000,283706.08590000
BTCUSDT,2023-02-28,23492.09000000,23600.00000000,23020.97000000,23141.57000000,264140.99894000
BTCUSDT,2023-03-01,23141.57000000,24000.00000000,23020.03000000,23628.97000000,315287.41737000
BTCUSDT,2023-03-02,23629.76000000,23796.93000000,23195.90000000,23465.32000000,239315.45219000
BTCUSDT,2023-03-03,23465.32000000,23476.95000000,21971.13000000,22354.34000000,319954.19785000
BTCUSDT,2023-03-04,22354.34000000,22410.00000000,22157.08000000,22346.57000000,121257.38132000
BTCUSDT,2023-03-05,22346.57000000,22662.09000000,22189.22000000,22430.24000000,154841.75786000
BTCUSDT,2023-03-06,22430.24000000,22602.19000000,22258.00000000,22410.00000000,203751.82957000
BTCUSDT,2023-03-07,22409.41000000,22557.91000000,21927.00000000,22197.96000000,292519.80912000
BTCUSDT,2023-03-08,22198.56000000,22287.00000000,21580.00000000,21705.44000000,301460.57272000
BTCUSDT,2023-03-09,21704.37000000,21834.99000000,20042.72000000,20362.22000000,443658.28584000
BTCUSDT,2023-03-10,20362.21000000,20367.78000000,19549.09000000,20150.69000000,618456.46710000
BTCUSDT,2023-03-11,20150.69000000,20686.51000000,19765.03000000,20455.73000000,427831.82133000
BTCUSDT,2023-03-12,20455.73000000,22150.00000000,20270.60000000,21997.11000000,430944.94288000
BTCUSDT,2023-03-13,21998.05000000,24500.00000000,21813.88000000,24113.48000000,687889.31259000
BTCUSDT,2023-03-14,24112.27000000,26386.87000000,23976.42000000,24670.41000000,699360.93423000
BTCUSDT,2023-03-15,24670.41000000,25196.97000000,23896.95000000,24285.66000000,581450.72984000
BTCUSDT,2023-03-16,24285.66000000,25167.40000000,24123.00000000,24998.78000000,439421.32998000
BTCUSDT,2023-03-17,24998.78000000,27756.84000000,24890.00000000,27395.13000000,624460.68091000
BTCUSDT,2023-03-18,27395.13000000,27724.85000000,26578.00000000,26907.49000000,371238.97174000
BTCUSDT,2023-03-19,26907.49000000,28390.10000000,26827.22000000,27972.87000000,372066.99054000
BTCUSDT,2023-03-20,27972.87000000,28472.00000000,27124.47000000,27717.01000000,477378.23373000
BTCUSDT,2023-03-21,27717.01000000,28438.55000000,27303.10000000,28105.47000000,420929.74220000
BTCUSDT,2023-03-22,28107.81000000,28868.05000000,26601.80000000,27250.97000000,224113.41296000
BTCUSDT,2023-03-23,27250.97000000,28750.00000000,27105.00000000,28295.41000000,128649.60818000
BTCUSDT,2023-03-24,28295.42000000,28374.30000000,27000.00000000,27454.47000000,86242.06544000
BTCUSDT,2023-03-25,27454.46000000,27787.33000000,27156.09000000,27462.95000000,50844.08102000
BTCUSDT,2023-03-26,27462.96000000,28194.40000000,27417.76000000,27968.05000000,49671.70353000
BTCUSDT,2023-03-27,27968.05000000,28023.86000000,26508.14000000,27124.91000000,88039.46898000
BTCUSDT,2023-03-28,27124.90000000,27520.00000000,26631.78000000,27261.07000000,78602.44341000
BTCUSDT,2023-03-29,27261.06000000,28650.00000000,27240.10000000,28348.60000000,89486.16008000
BTCUSDT,2023-03-30,28348.60000000,29184.68000000,27686.00000000,28028.53000000,98865.43256000
BTCUSDT,2023-03-31,28028.53000000,28656.69000000,27511.71000000,28465.36000000,78198.12139000
BTCUSDT,2023-04-01,28465.36000000,28819.71000000,28220.27000000,28452.73000000,30238.44753000
BTCUSDT,2023-04-02,28452.74000000,28530.00000000,27856.43000000,28171.87000000,37365.65692000
BTCUSDT,2023-04-03,28171.87000000,28500.99000000,27200.24000000,27800.00000000,79180.01405000
BTCUSDT,2023-04-04,27800.00000000,28444.44000000,27662.79000000,28165.47000000,49722.55691000
BTCUSDT,2023-04-05,28165.47000000,28775.00000000,27805.10000000,28170.01000000,60737.64732000
BTCUSDT,2023-04-06,28170.01000000,28182.05000000,27711.00000000,28033.82000000,40118.94963000
BTCUSDT,2023-04-07,28033.83000000,28100.00000000,27766.94000000,27906.33000000,24762.09387000
BTCUSDT,2023-04-08,27906.34000000,28154.99000000,27859.02000000,27938.38000000,19479.96735000
BTCUSDT,2023-04-09,27938.38000000,28530.00000000,27800.00000000,28323.76000000,32531.16101000
BTCUSDT,2023-04-10,28323.76000000,29770.00000000,28170.00000000,29637.34000000,67754.06220000
BTCUSDT,2023-04-11,29637.35000000,30550.00000000,29590.00000000,30200.42000000,67990.07621000
BTCUSDT,2023-04-12,30200.43000000,30486.00000000,29637.40000000,29888.07000000,62049.48451000
BTCUSDT,2023-04-13,29888.07000000,30595.00000000,29854.59000000,30373.84000000,51934.11731000
BTCUSDT,2023-04-14,30373.84000000,31000.00000000,29966.00000000,30466.93000000,75984.19452000
BTCUSDT,2023-04-15,30466.93000000,30595.60000000,30202.00000000,30295.09000000,25429.81247000
BTCUSDT,2023-04-16,30295.10000000,30549.99000000,30120.00000000,30304.65000000,26431.99322000
BTCUSDT,2023-04-17,30304.66000000,30316.06000000,29240.65000000,29430.27000000,56441.81127000
BTCUSDT,2023-04-18,29430.27000000,30485.00000000,29096.78000000,30380.01000000,62004.89434000
BTCUSDT,2023-04-19,30380.01000000,30413.53000000,28520.00000000,28797.10000000,86575.48656000
BTCUSDT,2023-04-20,28797.10000000,29088.30000000,28010.00000000,28243.65000000,76879.09372000
BTCUSDT,2023-04-21,28243.65000000,28374.02000000,27125.00000000,27262.84000000,77684.76790000
BTCUSDT,2023-04-22,27262.84000000,27882.72000000,27140.35000000,27816.85000000,36023.69686000
BTCUSDT,2023-04-23,27816.85000000,27816.85000000,27311.25000000,27590.60000000,34812.09581000
BTCUSDT,2023-04-24,27590.59000000,28000.00000000,26942.82000000,27510.93000000,53111.56874000
BTCUSDT,2023-04-25,27510.93000000,28399.99000000,27192.00000000,28300.79000000,52325.14637000
BTCUSDT,2023-04-26,28300.80000000,30036.00000000,27235.00000000,28415.29000000,129228.40403000
BTCUSDT,2023-04-27,28415.29000000,29890.00000000,28378.86000000,29472.77000000,95430.82431000
BTCUSDT,2023-04-28,29472.77000000,29599.54000000,28891.00000000,29311.70000000,54298.16578000
BTCUSDT,2023-04-29,29311.69000000,29448.88000000,29031.00000000,29230.45000000,20466.83058000
BTCUSDT,2023-04-30,29230.45000000,29969.39000000,29079.59000000,29233.21000000,39752.53720000
BTCUSDT,2023-05-01,29233.20000000,29337.34000000,27666.95000000,28068.26000000,64433.65958000
BTCUSDT,2023-05-02,28068.26000000,28879.88000000,27872.00000000,28669.86000000,50824.52240000
BTCUSDT,2023-05-03,28669.85000000,29266.66000000,28113.69000000,29026.16000000,64615.79213000
BTCUSDT,2023-05-04,29026.16000000,29379.83000000,28663.64000000,28838.16000000,42575.47501000
BTCUSDT,2023-05-05,28838.16000000,29677.00000000,28800.00000000,29505.61000000,58415.83048000
BTCUSDT,2023-05-06,29505.60000000,29820.00000000,28300.00000000,28848.20000000,49249.28459000
BTCUSDT,2023-05-07,28848.19000000,29138.29000000,28395.23000000,28430.10000000,30003.41028000
BTCUSDT,2023-05-08,28430.09000000,28631.01000000,27262.00000000,27668.79000000,68244.36179000
BTCUSDT,2023-05-09,27668.80000000,27818.00000000,27353.00000000,27628.27000000,40113.31069000
BTCUSDT,2023-05-10,27628.28000000,28331.42000000,26777.00000000,27598.75000000,71155.11355000
BTCUSDT,2023-05-11,27598.74000000,27630.14000000,26702.05000000,26968.62000000,47635.31365000
BTCUSDT,2023-05-12,26968.61000000,27091.12000000,25811.46000000,26795.01000000,67207.93494000
BTCUSDT,2023-05-13,26795.01000000,27045.45000000,26692.03000000,26775.28000000,22814.90421000
BTCUSDT,2023-05-14,26775.27000000,27200.00000000,26560.53000000,26917.62000000,21594.80360000
BTCUSDT,2023-05-15,26917.61000000,27663.59000000,26726.00000000,27162.14000000,40430.08333000
BTCUSDT,2023-05-16,27162.15000000,27296.89000000,26852.11000000,27033.84000000,33270.45451000
BTCUSDT,2023-05-17,27033.85000000,27500.00000000,26544.71000000,27405.61000000,42958.97785000
BTCUSDT,2023-05-18,27405.62000000,27485.33000000,26361.20000000,26821.28000000,49198.65143000
BTCUSDT,2023-05-19,26821.28000000,27183.60000000,26630.00000000,26880.26000000,28754.13544000
BTCUSDT,2023-05-20,26880.26000000,27150.00000000,26825.11000000,27102.43000000,14434.54718000
BTCUSDT,2023-05-21,27102.42000000,27277.55000000,26666.03000000,26747.78000000,21347.87279000
BTCUSDT,2023-05-22,26747.78000000,27099.89000000,26538.21000000,26849.27000000,26458.83828000
BTCUSDT,2023-05-23,26849.28000000,27495.83000000,26798.11000000,27219.61000000,38700.83858000
BTCUSDT,2023-05-24,27219.61000000,27219.61000000,26080.50000000,26329.01000000,54393.06570000
BTCUSDT,2023-05-25,26329.00000000,26631.98000000,25871.89000000,26473.79000000,37435.44895000
BTCUSDT,2023-05-26,26473.80000000,26932.16000000,26327.24000000,26705.92000000,35061.18713000
BTCUSDT,2023-05-27,26705.93000000,26895.00000000,26551.00000000,26854.27000000,15095.68670000
BTCUSDT,2023-05-28,26854.28000000,28261.32000000,26764.36000000,28065.00000000,43916.00855000
BTCUSDT,2023-05-29,28065.01000000,28447.14000000,27524.60000000,27736.40000000,42385.41945000
BTCUSDT,2023-05-30,27736.39000000,28038.59000000,27554.00000000,27694.40000000,32686.75371000
BTCUSDT,2023-05-31,27694.39000000,27835.51000000,26839.01000000,27210.35000000,46588.80573000
BTCUSDT,2023-06-01,27210.36000000,27350.00000000,26605.05000000,26817.93000000,39217.80880000
BTCUSDT,2023-06-02,26817.93000000,27300.00000000,26505.00000000,27242.59000000,36380.90269000
BTCUSDT,2023-06-03,27242.59000000,27333.29000000,26914.93000000,27069.22000000,16595.34117000
BTCUSDT,2023-06-04,27069.22000000,27455.02000000,26951.00000000,27115.21000000,19258.41049000
BTCUSDT,2023-06-05,27115.20000000,27129.33000000,25388.00000000,25728.20000000,65805.60305000
BTCUSDT,2023-06-06,25728.20000000,27355.33000000,25351.02000000,27230.08000000,68392.60438000
BTCUSDT,2023-06-07,27230.07000000,27391.77000000,26125.01000000,26339.34000000,59619.44364000
BTCUSDT,2023-06-08,26339.34000000,26810.00000000,26210.00000000,26498.61000000,31075.51083000
BTCUSDT,2023-06-09,26498.62000000,26783.33000000,26269.91000000,26477.81000000,27934.70970000
BTCUSDT,2023-06-10,26477.80000000,26533.87000000,25358.00000000,25841.21000000,64944.60108000
BTCUSDT,2023-06-11,25841.22000000,26206.88000000,25634.70000000,25925.55000000,30014.29595000
BTCUSDT,2023-06-12,25925.54000000,26106.48000000,25602.11000000,25905.19000000,29900.50893000
BTCUSDT,2023-06-13,25905.20000000,26433.21000000,25712.57000000,25934.25000000,41065.60853000
BTCUSDT,2023-06-14,25934.24000000,26098.00000000,24820.56000000,25128.60000000,45077.31608000
BTCUSDT,2023-06-15,25128.60000000,25759.01000000,24800.00000000,25598.49000000,48664.86063000
BTCUSDT,2023-06-16,25598.49000000,26518.00000000,25175.56000000,26345.00000000,51596.91662000
BTCUSDT,2023-06-17,26345.01000000,26839.99000000,26181.00000000,26516.99000000,27842.21950000
BTCUSDT,2023-06-18,26516.99000000,26700.00000000,26255.85000000,26339.97000000,21538.31022000
BTCUSDT,2023-06-19,26339.98000000,27068.09000000,26256.61000000,26844.35000000,35872.65974000
BTCUSDT,2023-06-20,26844.35000000,28402.74000000,26652.00000000,28307.99000000,69666.95525000
BTCUSDT,2023-06-21,28308.00000000,30800.00000000,28257.99000000,29993.89000000,108926.40412000
BTCUSDT,2023-06-22,29993.89000000,30500.00000000,29525.61000000,29884.92000000,59054.56460000
BTCUSDT,2023-06-23,29884.92000000,31431.94000000,29800.00000000,30688.50000000,73931.89635000
BTCUSDT,2023-06-24,30688.51000000,30800.00000000,30250.00000000,30527.43000000,30513.30135000
BTCUSDT,2023-06-25,30527.44000000,31046.01000000,30277.49000000,30462.66000000,30223.44801000
BTCUSDT,2023-06-26,30462.67000000,30666.00000000,29930.00000000,30267.99000000,45180.41489000
BTCUSDT,2023-06-27,30267.99000000,30994.97000000,30226.17000000,30692.44000000,42699.64157000
BTCUSDT,2023-06-28,30692.44000000,30709.74000000,29858.80000000,30077.41000000,40463.51937000
BTCUSDT,2023-06-29,30077.40000000,30843.98000000,30049.98000000,30447.31000000,36330.62903000
BTCUSDT,2023-06-30,30447.31000000,31282.00000000,29500.00000000,30472.00000000,89419.07618000
BTCUSDT,2023-07-01,30471.99000000,30661.60000000,30320.57000000,30585.90000000,17501.75075000
BTCUSDT,2023-07-02,30585.90000000,30791.00000000,30155.00000000,30617.03000000,23286.41019000
BTCUSDT,2023-07-03,30617.02000000,31380.00000000,30570.27000000,31156.20000000,43761.64311000
BTCUSDT,2023-07-04,31156.20000000,31350.69000000,30620.00000000,30766.51000000,33206.11943000
BTCUSDT,2023-07-05,30766.52000000,30878.07000000,30200.00000000,30504.81000000,33215.67122000
BTCUSDT,2023-07-06,30504.80000000,31500.00000000,29850.45000000,29895.43000000,71319.62610000
BTCUSDT,2023-07-07,29895.42000000,30449.00000000,29701.02000000,30344.70000000,34070.53895000
BTCUSDT,2023-07-08,30344.70000000,30386.81000000,30044.47000000,30284.63000000,13094.59042000
BTCUSDT,2023-07-09,30284.63000000,30445.52000000,30061.12000000,30160.71000000,15388.50196000
BTCUSDT,2023-07-10,30160.71000000,31045.78000000,29950.00000000,30411.57000000,41262.87652000
BTCUSDT,2023-07-11,30411.57000000,30813.63000000,30300.00000000,30622.10000000,28476.83311000
BTCUSDT,2023-07-12,30622.10000000,30983.25000000,30210.00000000,30380.00000000,38108.99669000
BTCUSDT,2023-07-13,30380.00000000,31804.20000000,30251.00000000,31454.23000000,70772.51836000
BTCUSDT,2023-07-14,31454.23000000,31630.00000000,29900.00000000,30312.01000000,60749.48424000
BTCUSDT,2023-07-15,30312.00000000,30390.90000000,30200.00000000,30289.52000000,14118.55329000
BTCUSDT,2023-07-16,30289.52000000,30441.46000000,30064.29000000,30231.99000000,15760.12810000
BTCUSDT,2023-07-17,30232.00000000,30336.96000000,29659.20000000,30138.00000000,30882.76839000
BTCUSDT,2023-07-18,30138.01000000,30239.78000000,29512.00000000,29859.13000000,30003.86010000
BTCUSDT,2023-07-19,29859.14000000,30189.09000000,29761.96000000,29909.21000000,25657.36137000
BTCUSDT,2023-07-20,29909.21000000,30417.46000000,29570.96000000,29800.00000000,37540.68193000
BTCUSDT,2023-07-21,29800.00000000,30061.70000000,29726.34000000,29901.72000000,23881.40865000
BTCUSDT,2023-07-22,29901.72000000,29999.00000000,29625.10000000,29794.00000000,14660.40467000
BTCUSDT,2023-07-23,29793.99000000,30350.00000000,29730.00000000,30083.75000000,18292.78637000
BTCUSDT,2023-07-24,30083.75000000,30099.58000000,28861.90000000,29176.50000000,39628.99691000
BTCUSDT,2023-07-25,29176.50000000,29376.00000000,29047.65000000,29228.91000000,21565.74780000
BTCUSDT,2023-07-26,29228.91000000,29690.00000000,29096.94000000,29351.96000000,33931.63366000
BTCUSDT,2023-07-27,29351.95000000,29567.49000000,29083.85000000,29222.78000000,22476.47626000
BTCUSDT,2023-07-28,29222.78000000,29542.22000000,29123.12000000,29314.14000000,23993.61627000
BTCUSDT,2023-07-29,29314.14000000,29406.92000000,29256.18000000,29352.90000000,10851.36844000
BTCUSDT,2023-07-30,29352.90000000,29449.00000000,29033.24000000,29281.09000000,15706.97441000
BTCUSDT,2023-07-31,29281.09000000,29530.00000000,29101.80000000,29232.25000000,22605.48964000
BTCUSDT,2023-08-01,29232.26000000,29739.25000000,28585.70000000,29705.99000000,44719.65162000
BTCUSDT,2023-08-02,29705.99000000,30047.50000000,28927.50000000,29186.01000000,48181.65141000
BTCUSDT,2023-08-03,29186.00000000,29433.33000000,28968.00000000,29193.64000000,26476.91994000
BTCUSDT,2023-08-04,29193.65000000,29333.08000000,28807.54000000,29113.99000000,23551.95217000
BTCUSDT,2023-08-05,29114.00000000,29152.23000000,28978.64000000,29072.13000000,11645.52018000
BTCUSDT,2023-08-06,29072.13000000,29205.09000000,28991.88000000,29088.42000000,13178.19720000
BTCUSDT,2023-08-07,29088.43000000,29276.78000000,28701.03000000,29211.06000000,30966.87746000
BTCUSDT,2023-08-08,29211.06000000,30244.00000000,29146.45000000,29770.42000000,45700.53392000
BTCUSDT,2023-08-09,29770.41000000,30160.00000000,29376.67000000,29581.99000000,38003.88725000
BTCUSDT,2023-08-10,29581.99000000,29738.00000000,29320.20000000,29455.75000000,23463.45373000
BTCUSDT,2023-08-11,29455.76000000,29564.52000000,29252.45000000,29426.03000000,20637.04430000
BTCUSDT,2023-08-12,29426.02000000,29481.35000000,29381.56000000,29430.17000000,8971.48068000
BTCUSDT,2023-08-13,29430.18000000,29474.65000000,29272.32000000,29303.84000000,11101.70947000
BTCUSDT,2023-08-14,29303.85000000,29695.32000000,29102.45000000,29430.93000000,31443.11532000
BTCUSDT,2023-08-15,29430.92000000,29499.26000000,29059.60000000,29200.00000000,27503.87691000
BTCUSDT,2023-08-16,29200.01000000,29259.85000000,28723.08000000,28730.51000000,32996.69854000
BTCUSDT,2023-08-17,28730.51000000,28783.48000000,25166.00000000,26623.41000000,100271.54033000
BTCUSDT,2023-08-18,26623.41000000,26832.60000000,25619.00000000,26054.00000000,69790.65711000
BTCUSDT,2023-08-19,26054.00000000,26281.00000000,25801.09000000,26100.01000000,26160.75343000
BTCUSDT,2023-08-20,26100.01000000,26299.00000000,25971.05000000,26189.99000000,19056.91209000
BTCUSDT,2023-08-21,26190.00000000,26258.42000000,25812.00000000,26126.92000000,30267.24233000
BTCUSDT,2023-08-22,26126.92000000,26139.42000000,25300.00000000,26056.00000000,34247.06688000
BTCUSDT,2023-08-23,26055.99000000,26819.27000000,25812.82000000,26432.72000000,44023.69978000
BTCUSDT,2023-08-24,26432.71000000,26577.87000000,25864.00000000,26180.05000000,30205.22116000
BTCUSDT,2023-08-25,26180.05000000,26314.05000000,25777.15000000,26060.01000000,27753.33772000
BTCUSDT,2023-08-26,26060.00000000,26125.77000000,25985.92000000,26017.37000000,10022.22322000
BTCUSDT,2023-08-27,26017.38000000,26182.23000000,25966.11000000,26101.77000000,12099.64216000
BTCUSDT,2023-08-28,26101.78000000,26253.99000000,25864.50000000,26120.00000000,22692.62655000
BTCUSDT,2023-08-29,26120.00000000,28142.85000000,25922.00000000,27716.34000000,74251.99488000
BTCUSDT,2023-08-30,27716.34000000,27768.57000000,27017.24000000,27299.99000000,35448.25848000
BTCUSDT,2023-08-31,27299.99000000,27587.51000000,25655.01000000,25940.78000000,51032.80401000
BTCUSDT,2023-09-01,25940.77000000,26156.00000000,25333.75000000,25805.05000000,41032.15056000
BTCUSDT,2023-09-02,25805.04000000,25987.50000000,25752.47000000,25869.51000000,16250.77698000
BTCUSDT,2023-09-03,25869.52000000,26135.00000000,25800.00000000,25971.21000000,17474.47667000
BTCUSDT,2023-09-04,25971.21000000,26108.02000000,25631.21000000,25826.02000000,21777.59609000
BTCUSDT,2023-09-05,25826.03000000,25915.49000000,25562.62000000,25792.10000000,21323.39337000
BTCUSDT,2023-09-06,25792.11000000,26040.00000000,25372.51000000,25759.95000000,27262.52386000
BTCUSDT,2023-09-07,25759.95000000,26443.14000000,25615.38000000,26255.00000000,27687.49567000
BTCUSDT,2023-09-08,26255.00000000,26445.50000000,25647.26000000,25910.50000000,28999.76471000
BTCUSDT,2023-09-09,25910.50000000,25945.09000000,25796.64000000,25901.61000000,10980.62277000
BTCUSDT,2023-09-10,25901.60000000,26033.66000000,25570.57000000,25841.61000000,18738.26914000
BTCUSDT,2023-09-11,25841.60000000,25900.69000000,24901.00000000,25162.52000000,41682.32000000
BTCUSDT,2023-09-12,25162.53000000,26567.00000000,25131.48000000,25840.10000000,56434.38537000
BTCUSDT,2023-09-13,25840.10000000,26405.22000000,25764.17000000,26222.00000000,31610.82753000
BTCUSDT,2023-09-14,26222.00000000,26860.49000000,26126.77000000,26522.73000000,38333.17250000
BTCUSDT,2023-09-15,26522.73000000,26888.00000000,26224.00000000,26600.00000000,26227.29369000
BTCUSDT,2023-09-16,26599.99000000,26777.00000000,26445.00000000,26559.67000000,13960.93351000
BTCUSDT,2023-09-17,26559.67000000,26623.25000000,26399.00000000,26527.51000000,12998.10277000
BTCUSDT,2023-09-18,26527.50000000,27409.00000000,26377.35000000,26762.51000000,43000.43256000
BTCUSDT,2023-09-19,26762.50000000,27483.57000000,26667.79000000,27210.26000000,36190.52187000
BTCUSDT,2023-09-20,27210.25000000,27388.63000000,26800.00000000,27125.00000000,34207.21867000
BTCUSDT,2023-09-21,27125.01000000,27159.60000000,26377.70000000,26568.08000000,34476.82662000
BTCUSDT,2023-09-22,26568.08000000,26743.38000000,26468.77000000,26580.14000000,18198.22920000
BTCUSDT,2023-09-23,26580.14000000,26632.81000000,26509.00000000,26575.96000000,9440.70260000
BTCUSDT,2023-09-24,26575.97000000,26738.54000000,26122.08000000,26248.38000000,15706.65771000
BTCUSDT,2023-09-25,26248.39000000,26446.15000000,25990.46000000,26304.81000000,26266.20390000
BTCUSDT,2023-09-26,26304.80000000,26397.46000000,26088.34000000,26221.67000000,18495.35066000
BTCUSDT,2023-09-27,26221.68000000,26850.00000000,26112.06000000,26372.99000000,34771.57978000
BTCUSDT,2023-09-28,26373.00000000,27308.48000000,26342.40000000,27021.39000000,44517.83491000
BTCUSDT,2023-09-29,27021.39000000,27244.89000000,26665.16000000,26906.96000000,28478.76219000
BTCUSDT,2023-09-30,26906.96000000,27094.99000000,26886.31000000,26962.56000000,12804.62307000
BTCUSDT,2023-10-01,26962.57000000,28065.51000000,26954.09000000,27992.57000000,24602.81468000
BTCUSDT,2023-10-02,27992.58000000,28580.00000000,27281.44000000,27494.51000000,57071.14241000
BTCUSDT,2023-10-03,27494.51000000,27676.52000000,27160.50000000,27426.46000000,28928.96555000
BTCUSDT,2023-10-04,27426.45000000,27839.72000000,27202.00000000,27778.57000000,29816.14200000
BTCUSDT,2023-10-05,27778.57000000,28120.39000000,27352.00000000,27410.39000000,30681.49619000
BTCUSDT,2023-10-06,27410.39000000,28295.00000000,27175.94000000,27931.09000000,37983.24277000
BTCUSDT,2023-10-07,27931.10000000,28029.67000000,27842.08000000,27956.67000000,13348.83825000
BTCUSDT,2023-10-08,27956.67000000,28095.14000000,27687.50000000,27917.05000000,19693.56921000
BTCUSDT,2023-10-09,27917.06000000,27987.93000000,27260.00000000,27590.12000000,31534.74639000
BTCUSDT,2023-10-10,27590.12000000,27735.00000000,27298.00000000,27390.12000000,22776.84383000
BTCUSDT,2023-10-11,27390.12000000,27477.39000000,26538.66000000,26875.52000000,37349.44706000
BTCUSDT,2023-10-12,26875.52000000,26947.04000000,26555.00000000,26759.63000000,23428.64112000
BTCUSDT,2023-10-13,26759.63000000,27130.00000000,26685.00000000,26862.00000000,24115.76499000
BTCUSDT,2023-10-14,26862.00000000,26989.58000000,26789.00000000,26852.48000000,10417.25576000
BTCUSDT,2023-10-15,26852.48000000,27293.33000000,26808.25000000,27154.15000000,15274.69170000
BTCUSDT,2023-10-16,27154.14000000,30000.00000000,27112.66000000,28500.78000000,78399.22445000
BTCUSDT,2023-10-17,28500.77000000,28613.65000000,28069.32000000,28395.91000000,38428.44532000
BTCUSDT,2023-10-18,28395.91000000,28982.36000000,28142.87000000,28320.00000000,32162.47591000
BTCUSDT,2023-10-19,28320.00000000,28916.89000000,28100.66000000,28713.71000000,35895.50179000
BTCUSDT,2023-10-20,28713.71000000,30207.55000000,28578.29000000,29669.04000000,59422.09920000
BTCUSDT,2023-10-21,29669.05000000,30379.99000000,29464.77000000,29909.80000000,27517.51897000
BTCUSDT,2023-10-22,29909.80000000,30248.00000000,29640.00000000,29992.46000000,22852.54563000
BTCUSDT,2023-10-23,29992.46000000,34741.91000000,29883.60000000,33069.99000000,93513.64246000
BTCUSDT,2023-10-24,33069.99000000,35280.00000000,32832.34000000,33922.73000000,115265.02418000
BTCUSDT,2023-10-25,33922.73000000,35132.85000000,33679.05000000,34496.05000000,54887.02529000
BTCUSDT,2023-10-26,34496.05000000,34824.13000000,33751.00000000,34151.66000000,39744.66255000
BTCUSDT,2023-10-27,34151.66000000,34245.00000000,33390.95000000,33892.02000000,32330.40106000
BTCUSDT,2023-10-28,33892.01000000,34493.33000000,33860.00000000,34081.00000000,16880.13144000
BTCUSDT,2023-10-29,34081.01000000,34750.11000000,33930.00000000,34525.89000000,20685.52176000
BTCUSDT,2023-10-30,34525.88000000,34856.00000000,34062.84000000,34474.73000000,33657.95976000
BTCUSDT,2023-10-31,34474.74000000,34720.49000000,34025.00000000,34639.77000000,32737.89822000
BTCUSDT,2023-11-01,34639.78000000,35582.00000000,34097.39000000,35421.43000000,53473.28165000
BTCUSDT,2023-11-02,35421.43000000,35984.99000000,34300.00000000,34941.59000000,48015.57732000
BTCUSDT,2023-11-03,34941.58000000,34946.50000000,34120.00000000,34716.78000000,39071.20644000
BTCUSDT,2023-11-04,34716.78000000,35255.00000000,34585.18000000,35062.07000000,18377.55545000
BTCUSDT,2023-11-05,35062.06000000,35380.00000000,34448.00000000,35011.88000000,24528.73376000
BTCUSDT,2023-11-06,35011.89000000,35276.33000000,34725.90000000,35046.09000000,22346.47086000
BTCUSDT,2023-11-07,35046.09000000,35888.00000000,34523.06000000,35399.12000000,38688.73692000
BTCUSDT,2023-11-08,35399.13000000,36106.00000000,35100.00000000,35624.72000000,33401.34137000
BTCUSDT,2023-11-09,35624.72000000,37972.24000000,35534.05000000,36701.09000000,82537.88885000
BTCUSDT,2023-11-10,36701.10000000,37526.00000000,36324.71000000,37301.63000000,43414.04898000
BTCUSDT,2023-11-11,37301.63000000,37408.26000000,36666.93000000,37130.00000000,22984.97235000
BTCUSDT,2023-11-12,37129.99000000,37222.22000000,36731.10000000,37064.13000000,17687.18874000
BTCUSDT,2023-11-13,37064.13000000,37417.99000000,36333.00000000,36462.93000000,32798.18252000
BTCUSDT,2023-11-14,36462.93000000,36744.00000000,34800.00000000,35551.19000000,45503.68416000
BTCUSDT,2023-11-15,35551.20000000,37980.00000000,35360.00000000,37858.20000000,53569.13385000
BTCUSDT,2023-11-16,37858.20000000,37929.54000000,35500.00000000,36163.51000000,47490.39566000
BTCUSDT,2023-11-17,36163.51000000,36800.00000000,35861.10000000,36613.92000000,38283.61112000
BTCUSDT,2023-11-18,36613.91000000,36845.49000000,36178.58000000,36568.10000000,17102.24186000
BTCUSDT,2023-11-19,36568.11000000,37500.00000000,36384.02000000,37359.86000000,21246.34648000
BTCUSDT,2023-11-20,37359.85000000,37750.00000000,36677.00000000,37448.78000000,36022.70291000
BTCUSDT,2023-11-21,37448.79000000,37649.44000000,35735.00000000,35741.65000000,47646.54804000
BTCUSDT,2023-11-22,35741.65000000,37861.10000000,35632.01000000,37408.34000000,45051.30697000
BTCUSDT,2023-11-23,37408.35000000,37653.44000000,36870.00000000,37294.28000000,23827.92882000
BTCUSDT,2023-11-24,37294.27000000,38414.00000000,37251.51000000,37713.57000000,44680.80646000
BTCUSDT,2023-11-25,37713.57000000,37888.00000000,37591.10000000,37780.67000000,11396.14464000
BTCUSDT,2023-11-26,37780.67000000,37814.63000000,37150.00000000,37447.43000000,21264.53723000
BTCUSDT,2023-11-27,37447.42000000,37569.23000000,36707.00000000,37242.70000000,30001.07376000
BTCUSDT,2023-11-28,37242.70000000,38377.00000000,36868.41000000,37818.87000000,37544.46667000
BTCUSDT,2023-11-29,37818.88000000,38450.00000000,37570.00000000,37854.64000000,32994.19107000
BTCUSDT,2023-11-30,37854.65000000,38145.85000000,37500.00000000,37723.96000000,24740.29147000
BTCUSDT,2023-12-01,37723.97000000,38999.00000000,37615.86000000,38682.52000000,43415.66324000
BTCUSDT,2023-12-02,38682.51000000,39717.14000000,38641.61000000,39450.35000000,26696.92161000
BTCUSDT,2023-12-03,39450.35000000,40250.00000000,39274.86000000,39972.26000000,26710.65335000
BTCUSDT,2023-12-04,39972.26000000,42420.00000000,39972.26000000,41991.10000000,79272.33059000
BTCUSDT,2023-12-05,41991.10000000,44488.00000000,41414.00000000,44073.32000000,67490.74644000
BTCUSDT,2023-12-06,44073.82000000,44297.21000000,43335.28000000,43762.69000000,51431.10492000
BTCUSDT,2023-12-07,43762.69000000,44047.33000000,42821.10000000,43273.14000000,47103.26845000
BTCUSDT,2023-12-08,43273.15000000,44700.00000000,43081.10000000,44170.99000000,42900.37556000
BTCUSDT,2023-12-09,44171.00000000,44358.02000000,43584.51000000,43713.60000000,24925.97008000
BTCUSDT,2023-12-10,43713.59000000,44049.00000000,43563.00000000,43789.51000000,18956.61758000
BTCUSDT,2023-12-11,43789.50000000,43804.50000000,40222.00000000,41253.40000000,76663.89804000
BTCUSDT,2023-12-12,41253.41000000,42104.12000000,40680.00000000,41492.39000000,42722.69773000
BTCUSDT,2023-12-13,41492.38000000,43475.20000000,40555.00000000,42869.03000000,45865.99773000
BTCUSDT,2023-12-14,42869.03000000,43420.00000000,41400.00000000,43022.26000000,42047.05709000
BTCUSDT,2023-12-15,43022.26000000,43080.81000000,41666.00000000,41940.30000000,33421.79320000
BTCUSDT,2023-12-16,41940.29000000,42724.43000000,41605.00000000,42278.03000000,24118.85747000
BTCUSDT,2023-12-17,42278.02000000,42424.07000000,41252.00000000,41374.65000000,27722.11452000
BTCUSDT,2023-12-18,41374.64000000,42757.81000000,40542.93000000,42657.80000000,46734.09250000
BTCUSDT,2023-12-19,42657.80000000,43497.00000000,41811.10000000,42275.99000000,40927.86444000
BTCUSDT,2023-12-20,42275.99000000,44283.00000000,42206.00000000,43668.93000000,48710.29470000
BTCUSDT,2023-12-21,43668.92000000,44242.35000000,43286.72000000,43861.80000000,34624.29384000
BTCUSDT,2023-12-22,43861.79000000,44398.26000000,43412.54000000,43969.04000000,32783.19638000
BTCUSDT,2023-12-23,43969.04000000,43988.68000000,43291.10000000,43702.16000000,16557.12930000
BTCUSDT,2023-12-24,43702.15000000,43946.00000000,42500.00000000,42991.50000000,25144.33496000
BTCUSDT,2023-12-25,42991.50000000,43802.32000000,42720.43000000,43576.13000000,27021.23992000
BTCUSDT,2023-12-26,43576.12000000,43592.68000000,41637.60000000,42508.93000000,41010.04282000
BTCUSDT,2023-12-27,42508.93000000,43677.00000000,42098.69000000,43428.85000000,36191.21136000
BTCUSDT,2023-12-28,43428.86000000,43787.57000000,42241.79000000,42563.76000000,35150.52485000
BTCUSDT,2023-12-29,42563.76000000,43111.00000000,41300.00000000,42066.95000000,42597.18912000
BTCUSDT,2023-12-30,42066.94000000,42612.32000000,41520.30000000,42140.28000000,22906.57818000
BTCUSDT,2023-12-31,42140.29000000,42899.00000000,41965.84000000,42283.58000000,23585.91603000
BTCUSDT,2024-01-01,42283.58000000,44184.10000000,42180.77000000,44179.55000000,27174.29903000
BTCUSDT,2024-01-02,44179.55000000,45879.63000000,44148.34000000,44946.91000000,65146.40661000
BTCUSDT,2024-01-03,44946.91000000,45500.00000000,40750.00000000,42845.23000000,81194.55173000
BTCUSDT,2024-01-04,42845.23000000,44729.58000000,42613.77000000,44151.10000000,48038.06334000
BTCUSDT,2024-01-05,44151.10000000,44357.46000000,42450.00000000,44145.11000000,48075.25327000
BTCUSDT,2024-01-06,44145.12000000,44214.42000000,43397.05000000,43968.32000000,17835.06144000
BTCUSDT,2024-01-07,43968.32000000,44480.59000000,43572.09000000,43929.02000000,23023.85080000
BTCUSDT,2024-01-08,43929.01000000,47248.99000000,43175.00000000,46951.04000000,72814.57589000
BTCUSDT,2024-01-09,46951.04000000,47972.00000000,44748.67000000,46110.00000000,69927.66617000
BTCUSDT,2024-01-10,46110.00000000,47695.93000000,44300.36000000,46653.99000000,89911.41203000
BTCUSDT,2024-01-11,46654.00000000,48969.48000000,45606.06000000,46339.16000000,87470.32960000
BTCUSDT,2024-01-12,46339.16000000,46515.53000000,41500.00000000,42782.73000000,86327.93707000
BTCUSDT,2024-01-13,42782.74000000,43257.00000000,42436.12000000,42847.99000000,36118.47464000
BTCUSDT,2024-01-14,42847.99000000,43079.00000000,41720.00000000,41732.35000000,28228.40894000
BTCUSDT,2024-01-15,41732.35000000,43400.43000000,41718.05000000,42511.10000000,40269.89303000
BTCUSDT,2024-01-16,42511.10000000,43578.01000000,42050.00000000,43137.95000000,45045.74589000
BTCUSDT,2024-01-17,43137.94000000,43198.00000000,42200.69000000,42776.10000000,33266.21388000
BTCUSDT,2024-01-18,42776.09000000,42930.00000000,40683.28000000,41327.50000000,43907.51641000
BTCUSDT,2024-01-19,41327.51000000,42196.86000000,40280.00000000,41659.03000000,48342.74559000
BTCUSDT,2024-01-20,41659.03000000,41872.56000000,41456.30000000,41696.04000000,15923.99493000
BTCUSDT,2024-01-21,41696.05000000,41881.39000000,41500.98000000,41580.33000000,11730.16301000
BTCUSDT,2024-01-22,41580.32000000,41689.65000000,39431.58000000,39568.02000000,55426.19911000
BTCUSDT,2024-01-23,39568.02000000,40176.74000000,38555.00000000,39897.60000000,57956.63351000
BTCUSDT,2024-01-24,39897.59000000,40555.00000000,39484.19000000,40084.88000000,39293.82861000
BTCUSDT,2024-01-25,40084.89000000,40300.24000000,39550.00000000,39961.09000000,31022.11853000
BTCUSDT,2024-01-26,39961.09000000,42246.82000000,39822.52000000,41823.51000000,47384.96726000
BTCUSDT,2024-01-27,41823.51000000,42200.00000000,41394.34000000,42120.63000000,16224.41667000
BTCUSDT,2024-01-28,42120.63000000,42842.68000000,41620.81000000,42031.06000000,27294.99838000
BTCUSDT,2024-01-29,42031.05000000,43333.00000000,41804.88000000,43302.70000000,31542.74207000
BTCUSDT,2024-01-30,43302.71000000,43882.36000000,42683.99000000,42941.10000000,37619.24546000
BTCUSDT,2024-01-31,42941.10000000,43745.11000000,42276.84000000,42580.00000000,39871.13688000
BTCUSDT,2024-02-01,42580.00000000,43285.13000000,41884.28000000,43082.94000000,35231.04664000
BTCUSDT,2024-02-02,43082.95000000,43488.00000000,42546.79000000,43200.00000000,29672.14418000
BTCUSDT,2024-02-03,43199.99000000,43380.01000000,42880.00000000,43011.09000000,12033.40998000
BTCUSDT,2024-02-04,43011.10000000,43119.04000000,42222.00000000,42582.88000000,17066.89404000
BTCUSDT,2024-02-05,42582.88000000,43569.76000000,42258.10000000,42708.70000000,29467.75905000
BTCUSDT,2024-02-06,42708.70000000,43399.98000000,42574.00000000,43098.95000000,24675.85433000
BTCUSDT,2024-02-07,43098.96000000,44396.50000000,42788.00000000,44349.60000000,34392.59915000
BTCUSDT,2024-02-08,44349.60000000,45614.30000000,44331.10000000,45288.65000000,45439.62231000
BTCUSDT,2024-02-09,45288.66000000,48200.00000000,45242.12000000,47132.77000000,73503.48100000
BTCUSDT,2024-02-10,47132.78000000,48170.00000000,46800.00000000,47751.09000000,24802.35936000
BTCUSDT,2024-02-11,47751.08000000,48592.66000000,47557.16000000,48299.99000000,29958.80837000
BTCUSDT,2024-02-12,48300.00000000,50334.82000000,47710.01000000,49917.27000000,59009.96705000
BTCUSDT,2024-02-13,49917.28000000,50368.61000000,48300.95000000,49699.59000000,55551.56706000
BTCUSDT,2024-02-14,49699.60000000,52043.71000000,49225.01000000,51795.17000000,57046.37401000
BTCUSDT,2024-02-15,51795.17000000,52816.62000000,51314.00000000,51880.00000000,53816.03055000
BTCUSDT,2024-02-16,51880.01000000,52572.08000000,51566.00000000,52124.11000000,37772.25318000
BTCUSDT,2024-02-17,52124.10000000,52162.82000000,50625.00000000,51642.64000000,25674.00622000
BTCUSDT,2024-02-18,51642.64000000,52377.00000000,51163.28000000,52137.67000000,21992.10363000
BTCUSDT,2024-02-19,52137.68000000,52488.77000000,51677.00000000,51774.73000000,29534.99432000
BTCUSDT,2024-02-20,51774.74000000,52985.00000000,50760.37000000,52258.82000000,49614.47318000
BTCUSDT,2024-02-21,52258.82000000,52366.80000000,50625.00000000,51849.39000000,43079.40049000
BTCUSDT,2024-02-22,51849.38000000,52065.78000000,50940.78000000,51288.42000000,35309.44574000
BTCUSDT,2024-02-23,51288.42000000,51548.54000000,50521.00000000,50744.15000000,30545.79544000
BTCUSDT,2024-02-24,50744.15000000,51698.00000000,50585.00000000,51568.22000000,16560.42110000
BTCUSDT,2024-02-25,51568.21000000,51958.55000000,51279.80000000,51728.85000000,18721.63159000
BTCUSDT,2024-02-26,51728.85000000,54910.00000000,50901.44000000,54476.47000000,51256.72199000
BTCUSDT,2024-02-27,54476.48000000,57588.15000000,54450.13000000,57037.34000000,67194.98562000
BTCUSDT,2024-02-28,57037.35000000,64000.00000000,56691.85000000,62432.10000000,118763.46984000
BTCUSDT,2024-02-29,62432.11000000,63676.35000000,60364.70000000,61130.98000000,78425.07603000
BTCUSDT,2024-03-01,61130.99000000,63114.23000000,60777.00000000,62387.90000000,47737.93473000
BTCUSDT,2024-03-02,62387.90000000,62433.19000000,61561.12000000,61987.28000000,25534.73659000
BTCUSDT,2024-03-03,61987.28000000,63231.88000000,61320.00000000,63113.97000000,28994.90903000
BTCUSDT,2024-03-04,63113.97000000,68499.00000000,62300.00000000,68245.71000000,84835.16005000
BTCUSDT,2024-03-05,68245.71000000,69000.00000000,59005.00000000,63724.01000000,132696.78130000
BTCUSDT,2024-03-06,63724.01000000,67641.10000000,62779.14000000,66074.04000000,78738.85491000
BTCUSDT,2024-03-07,66074.04000000,67980.00000000,65551.00000000,66823.17000000,53059.88690000
BTCUSDT,2024-03-08,66823.18000000,69990.00000000,66082.66000000,68124.19000000,74261.93284200
BTCUSDT,2024-03-09,68124.20000000,68541.10000000,67861.10000000,68313.27000000,19872.89743000
BTCUSDT,2024-03-10,68313.28000000,69887.61000000,68094.75000000,68955.88000000,38404.66835000
BTCUSDT,2024-03-11,68955.88000000,72800.00000000,67024.96000000,72078.10000000,75292.82572600
BTCUSDT,2024-03-12,72078.10000000,73000.00000000,68620.82000000,71452.01000000,68783.54669100
BTCUSDT,2024-03-13,71452.00000000,73650.25000000,71333.31000000,73072.41000000,52659.71164700
BTCUSDT,2024-03-14,73072.40000000,73777.00000000,68555.00000000,71388.94000000,71757.62874600
BTCUSDT,2024-03-15,71388.94000000,72419.71000000,65600.00000000,69499.85000000,103334.03546000
BTCUSDT,2024-03-16,69499.84000000,70043.00000000,64780.00000000,65300.63000000,55926.95336000
BTCUSDT,2024-03-17,65300.64000000,68904.40000000,64533.00000000,68393.48000000,49742.21589000
BTCUSDT,2024-03-18,68393.47000000,68956.00000000,66565.20000000,67609.99000000,55691.08088000
BTCUSDT,2024-03-19,67610.00000000,68124.11000000,61555.00000000,61937.40000000,101005.32487000
BTCUSDT,2024-03-20,61937.41000000,68100.00000000,60775.00000000,67840.51000000,90420.58592000
BTCUSDT,2024-03-21,67840.51000000,68240.47000000,64529.01000000,65501.27000000,53357.48002000
BTCUSDT,2024-03-22,65501.28000000,66649.62000000,62260.00000000,63796.64000000,51482.37821000
BTCUSDT,2024-03-23,63796.64000000,65999.00000000,63000.00000000,63990.01000000,26410.11409000
BTCUSDT,2024-03-24,63990.02000000,67628.69000000,63772.29000000,67209.99000000,31395.78015000
BTCUSDT,2024-03-25,67210.00000000,71150.00000000,66385.06000000,69880.01000000,53431.14486000
BTCUSDT,2024-03-26,69880.00000000,71561.10000000,69280.00000000,69988.00000000,38934.38417000
BTCUSDT,2024-03-27,69987.99000000,71769.54000000,68359.18000000,69469.99000000,49119.35685000
BTCUSDT,2024-03-28,69469.99000000,71552.06000000,68903.62000000,70780.60000000,35439.03239000
BTCUSDT,2024-03-29,70780.60000000,70916.16000000,69009.00000000,69850.54000000,25445.08353000
BTCUSDT,2024-03-30,69850.53000000,70321.10000000,69540.00000000,69582.18000000,13644.61142000
BTCUSDT,2024-03-31,69582.17000000,71366.00000000,69562.99000000,71280.01000000,19396.34433000
BTCUSDT,2024-04-01,71280.00000000,71288.23000000,68062.86000000,69649.80000000,41445.32039000
BTCUSDT,2024-04-02,69649.81000000,69674.23000000,64550.00000000,65463.99000000,71799.82793000
BTCUSDT,2024-04-03,65463.99000000,66903.63000000,64493.07000000,65963.28000000,39887.21778000
BTCUSDT,2024-04-04,65963.27000000,69309.91000000,65064.52000000,68487.79000000,41510.48453000
BTCUSDT,2024-04-05,68487.80000000,68756.67000000,65952.56000000,67820.62000000,37915.23073000
BTCUSDT,2024-04-06,67820.63000000,69692.00000000,67447.83000000,68896.00000000,20134.28919000
BTCUSDT,2024-04-07,68896.00000000,70326.29000000,68824.00000000,69360.39000000,21534.74433000
BTCUSDT,2024-04-08,69360.38000000,72797.99000000,69043.24000000,71620.00000000,45723.87624000
BTCUSDT,2024-04-09,71620.00000000,71758.19000000,68210.00000000,69146.00000000,39293.90242000
BTCUSDT,2024-04-10,69146.00000000,71172.08000000,67518.00000000,70631.08000000,42006.02377000
BTCUSDT,2024-04-11,70631.08000000,71305.89000000,69567.21000000,70006.23000000,31917.25595000
BTCUSDT,2024-04-12,70006.22000000,71227.46000000,65086.86000000,67116.52000000,56072.86229000
BTCUSDT,2024-04-13,67116.52000000,67929.00000000,60660.57000000,63924.51000000,71395.22019000
BTCUSDT,2024-04-14,63924.52000000,65840.00000000,62134.00000000,65661.84000000,61599.17818000
BTCUSDT,2024-04-15,65661.85000000,66867.07000000,62274.40000000,63419.99000000,52389.53069000
BTCUSDT,2024-04-16,63419.99000000,64365.00000000,61600.00000000,63793.39000000,53435.29331000
BTCUSDT,2024-04-17,63793.40000000,64499.00000000,59678.16000000,61277.37000000,50610.54509000
BTCUSDT,2024-04-18,61277.38000000,64117.09000000,60803.35000000,63470.08000000,43601.60918000
BTCUSDT,2024-04-19,63470.09000000,65450.00000000,59600.01000000,63818.01000000,69774.30271000
BTCUSDT,2024-04-20,63818.01000000,65419.00000000,63090.07000000,64940.59000000,23137.42975000
BTCUSDT,2024-04-21,64940.58000000,65695.56000000,64237.50000000,64941.15000000,19316.42152000
BTCUSDT,2024-04-22,64941.15000000,67232.35000000,64500.00000000,66819.32000000,31397.99371000
BTCUSDT,2024-04-23,66819.32000000,67183.01000000,65765.81000000,66414.00000000,22599.90004000
BTCUSDT,2024-04-24,66414.00000000,67070.43000000,63606.06000000,64289.59000000,33595.69637000
BTCUSDT,2024-04-25,64289.58000000,65297.94000000,62794.00000000,64498.34000000,31341.46338000
BTCUSDT,2024-04-26,64498.33000000,64820.01000000,63297.48000000,63770.01000000,27085.19346000
BTCUSDT,2024-04-27,63770.00000000,63923.41000000,62391.24000000,63461.98000000,20933.06052000
BTCUSDT,2024-04-28,63461.98000000,64370.00000000,62781.00000000,63118.62000000,16949.20005000
BTCUSDT,2024-04-29,63118.62000000,64228.35000000,61765.53000000,63866.00000000,28150.22947000
BTCUSDT,2024-04-30,63866.00000000,64734.00000000,59191.60000000,60672.00000000,54947.65535000
BTCUSDT,2024-05-01,60672.01000000,60841.63000000,56552.82000000,58364.97000000,81166.46823000
BTCUSDT,2024-05-02,58364.97000000,59625.00000000,56911.84000000,59060.61000000,47583.81961000
BTCUSDT,2024-05-03,59060.60000000,63333.00000000,58811.32000000,62882.01000000,43628.40143000
BTCUSDT,2024-05-04,62882.01000000,64540.00000000,62541.03000000,63892.04000000,24368.69282000
BTCUSDT,2024-05-05,63892.03000000,64646.00000000,62822.17000000,64012.00000000,18526.75029000
BTCUSDT,2024-05-06,64012.00000000,65500.00000000,62700.00000000,63165.19000000,34674.91949000
BTCUSDT,2024-05-07,63165.18000000,64422.41000000,62261.00000000,62312.08000000,25598.79472000
BTCUSDT,2024-05-08,62312.07000000,63020.22000000,60888.00000000,61193.03000000,26121.19004000
BTCUSDT,2024-05-09,61193.03000000,63429.03000000,60630.00000000,63074.01000000,30660.80610000
BTCUSDT,2024-05-10,63074.00000000,63469.13000000,60187.12000000,60799.99000000,36529.34025000
BTCUSDT,2024-05-11,60799.99000000,61515.00000000,60487.09000000,60825.99000000,13374.56936000
BTCUSDT,2024-05-12,60825.99000000,61888.00000000,60610.00000000,61483.99000000,12753.13236000
BTCUSDT,2024-05-13,61484.00000000,63450.00000000,60749.21000000,62940.08000000,32733.41839000
BTCUSDT,2024-05-14,62940.09000000,63118.36000000,61142.77000000,61577.49000000,29088.72041000
BTCUSDT,2024-05-15,61577.49000000,66444.16000000,61319.47000000,66206.50000000,43559.74719000
BTCUSDT,2024-05-16,66206.51000000,66752.01000000,64602.77000000,65235.21000000,31106.36710000
BTCUSDT,2024-05-17,65235.21000000,67451.20000000,65106.38000000,67024.00000000,26292.23409000
BTCUSDT,2024-05-18,67024.00000000,67400.01000000,66600.00000000,66915.20000000,14441.25774000
BTCUSDT,2024-05-19,66915.20000000,67700.00000000,65857.25000000,66274.01000000,18025.30409000
BTCUSDT,2024-05-20,66274.00000000,71515.56000000,66060.31000000,71446.62000000,50816.70110000
BTCUSDT,2024-05-21,71446.62000000,71979.00000000,69162.94000000,70148.34000000,49607.43360000
BTCUSDT,2024-05-22,70148.34000000,70666.00000000,68842.19000000,69166.62000000,27673.18026000
BTCUSDT,2024-05-23,69166.62000000,70096.12000000,66312.16000000,67969.65000000,40513.17374000
BTCUSDT,2024-05-24,67969.66000000,69250.00000000,66600.12000000,68549.99000000,28095.83664000
BTCUSDT,2024-05-25,68549.99000000,69610.00000000,68500.00000000,69290.57000000,12130.39418000
BTCUSDT,2024-05-26,69290.56000000,69562.23000000,68128.01000000,68507.67000000,11872.11797000
BTCUSDT,2024-05-27,68507.67000000,70687.56000000,68250.00000000,69436.43000000,23136.92737000
BTCUSDT,2024-05-28,69436.43000000,69591.81000000,67277.91000000,68398.39000000,32622.97042000
BTCUSDT,2024-05-29,68398.40000000,68935.68000000,67124.65000000,67652.42000000,23159.83149000
BTCUSDT,2024-05-30,67652.41000000,69500.00000000,67128.00000000,68352.17000000,28478.21840000
BTCUSDT,2024-05-31,68352.17000000,69044.10000000,66670.00000000,67540.01000000,26690.32184000
BTCUSDT,2024-06-01,67540.01000000,67900.00000000,67428.44000000,67766.85000000,8837.66133000
BTCUSDT,2024-06-02,67766.84000000,68460.00000000,67257.47000000,67765.63000000,15426.32529000
BTCUSDT,2024-06-03,67765.62000000,70288.00000000,67612.48000000,68809.90000000,29633.37400000
BTCUSDT,2024-06-04,68809.89000000,71063.45000000,68567.32000000,70537.84000000,29619.78489000
BTCUSDT,2024-06-05,70537.83000000,71758.00000000,70383.66000000,71108.00000000,28703.18082000
BTCUSDT,2024-06-06,71108.00000000,71700.00000000,70117.64000000,70799.06000000,21842.00449000
BTCUSDT,2024-06-07,70799.06000000,71997.02000000,68420.00000000,69355.60000000,35598.45045000
BTCUSDT,2024-06-08,69355.60000000,69582.20000000,69168.02000000,69310.46000000,9773.82967000
BTCUSDT,2024-06-09,69310.46000000,69857.14000000,69130.24000000,69648.14000000,9890.56709000
BTCUSDT,2024-06-10,69648.15000000,70195.94000000,69172.29000000,69540.00000000,17122.66941000
BTCUSDT,2024-06-11,69540.00000000,69590.01000000,66051.00000000,67314.24000000,41436.01588000
BTCUSDT,2024-06-12,67314.23000000,69999.00000000,66905.00000000,68263.99000000,37175.32356000
BTCUSDT,2024-06-13,68263.98000000,68449.30000000,66251.78000000,66773.01000000,29079.55571000
BTCUSDT,2024-06-14,66773.01000000,67370.24000000,65078.00000000,66043.99000000,28408.18797000
BTCUSDT,2024-06-15,66043.99000000,66478.48000000,65857.10000000,66228.25000000,11451.80242000
BTCUSDT,2024-06-16,66228.25000000,66998.70000000,66034.50000000,66676.87000000,9392.52223000
BTCUSDT,2024-06-17,66676.86000000,67298.81000000,65130.00000000,66504.33000000,27386.16851000
BTCUSDT,2024-06-18,66504.33000000,66588.23000000,64060.00000000,65175.32000000,42350.10244000
BTCUSDT,2024-06-19,65175.32000000,65727.54000000,64666.00000000,64974.37000000,20060.79576000
BTCUSDT,2024-06-20,64974.37000000,66482.94000000,64559.15000000,64869.99000000,24265.29031000
BTCUSDT,2024-06-21,64869.99000000,65066.66000000,63379.35000000,64143.56000000,25993.56442000
BTCUSDT,2024-06-22,64143.56000000,64546.81000000,63943.82000000,64262.01000000,7308.95542000
BTCUSDT,2024-06-23,64262.01000000,64521.00000000,63178.32000000,63210.01000000,8224.45447000
BTCUSDT,2024-06-24,63210.01000000,63369.80000000,58402.00000000,60293.30000000,52161.35414000
BTCUSDT,2024-06-25,60293.30000000,62420.00000000,60257.06000000,61806.01000000,31189.24361000
BTCUSDT,2024-06-26,61806.01000000,62487.81000000,60712.00000000,60864.99000000,22485.66463000
BTCUSDT,2024-06-27,60864.98000000,62389.22000000,60606.63000000,61706.47000000,18344.28631000
BTCUSDT,2024-06-28,61706.46000000,62225.31000000,60063.00000000,60427.84000000,24821.19255000
BTCUSDT,2024-06-29,60427.84000000,61224.00000000,60383.77000000,60986.68000000,11509.55904000
BTCUSDT,2024-06-30,60986.68000000,63058.76000000,60712.21000000,62772.01000000,17326.30136000
BTCUSDT,2024-07-01,62772.01000000,63861.76000000,62497.20000000,62899.99000000,24547.10538000
BTCUSDT,2024-07-02,62900.00000000,63288.83000000,61806.28000000,62135.47000000,18573.11875000
BTCUSDT,2024-07-03,62135.46000000,62285.94000000,59400.00000000,60208.58000000,32160.11127000
BTCUSDT,2024-07-04,60208.57000000,60498.19000000,56771.00000000,57050.01000000,54568.77276000
BTCUSDT,2024-07-05,57050.02000000,57546.00000000,53485.93000000,56628.79000000,81348.24756000
BTCUSDT,2024-07-06,56628.79000000,58475.00000000,56018.00000000,58230.13000000,21651.31558000
BTCUSDT,2024-07-07,58230.13000000,58449.46000000,55724.37000000,55857.81000000,19118.93918000
BTCUSDT,2024-07-08,55857.81000000,58236.73000000,54260.16000000,56714.62000000,48090.20490000
BTCUSDT,2024-07-09,56714.61000000,58296.00000000,56289.45000000,58050.00000000,27732.20788000
BTCUSDT,2024-07-10,58050.00000000,59470.00000000,57157.79000000,57725.85000000,24951.73799000
BTCUSDT,2024-07-11,57725.85000000,59650.00000000,57050.00000000,57339.89000000,29761.05735000
BTCUSDT,2024-07-12,57339.89000000,58526.68000000,56542.47000000,57889.10000000,23652.45690000
BTCUSDT,2024-07-13,57889.09000000,59850.00000000,57756.63000000,59204.02000000,15357.74519000
BTCUSDT,2024-07-14,59204.01000000,61420.69000000,59194.01000000,60797.91000000,21178.33907000
BTCUSDT,2024-07-15,60797.91000000,64900.00000000,60632.30000000,64724.14000000,38690.97820000
BTCUSDT,2024-07-16,64724.06000000,65388.97000000,62373.24000000,65043.99000000,42530.52915000
BTCUSDT,2024-07-17,65044.00000000,66128.63000000,63854.00000000,64087.99000000,29567.52954000
BTCUSDT,2024-07-18,64087.99000000,65133.30000000,63238.48000000,63987.92000000,22568.72250000
BTCUSDT,2024-07-19,63987.92000000,67386.00000000,63300.67000000,66660.00000000,35634.72739000
BTCUSDT,2024-07-20,66660.01000000,67598.00000000,66222.46000000,67139.96000000,14386.92434000
BTCUSDT,2024-07-21,67139.97000000,68366.66000000,65777.00000000,68165.34000000,21819.11191000
BTCUSDT,2024-07-22,68165.35000000,68474.55000000,66559.97000000,67532.01000000,21451.04303000
BTCUSDT,2024-07-23,67532.00000000,67750.98000000,65441.08000000,65936.01000000,31406.15316000
BTCUSDT,2024-07-24,65936.00000000,67102.01000000,65111.00000000,65376.00000000,23082.56277000
BTCUSDT,2024-07-25,65376.01000000,66175.49000000,63456.70000000,65799.95000000,35126.42934000
BTCUSDT,2024-07-26,65799.95000000,68200.00000000,65722.63000000,67907.99000000,24244.36023000
BTCUSDT,2024-07-27,67908.00000000,69399.99000000,66650.00000000,67896.50000000,31710.21921000
BTCUSDT,2024-07-28,67896.49000000,68318.43000000,67066.66000000,68249.88000000,10868.69394000
BTCUSDT,2024-07-29,68249.88000000,70079.99000000,66428.00000000,66784.69000000,36467.29633000
BTCUSDT,2024-07-30,66784.68000000,67000.00000000,65302.67000000,66188.00000000,23132.25441000
BTCUSDT,2024-07-31,66188.00000000,66849.24000000,64530.00000000,64628.00000000,22625.43905000
BTCUSDT,2024-08-01,64628.01000000,65659.78000000,62302.00000000,65354.02000000,35542.26854000
BTCUSDT,2024-08-02,65354.02000000,65596.14000000,61230.01000000,61498.33000000,38820.42937000
BTCUSDT,2024-08-03,61498.34000000,62198.22000000,59850.00000000,60697.99000000,28034.71567000
BTCUSDT,2024-08-04,60697.99000000,61117.63000000,57122.77000000,58161.00000000,31616.52003000
BTCUSDT,2024-08-05,58161.00000000,58305.59000000,49000.00000000,54018.81000000,162065.59186000
BTCUSDT,2024-08-06,54018.82000000,57040.99000000,53950.00000000,56022.01000000,55884.77676000
BTCUSDT,2024-08-07,56022.00000000,57736.05000000,54558.62000000,55134.16000000,44269.37684000
BTCUSDT,2024-08-08,55133.76000000,62745.14000000,54730.00000000,61685.99000000,48349.52949000
BTCUSDT,2024-08-09,61686.00000000,61744.37000000,59535.00000000,60837.99000000,30972.48017000
BTCUSDT,2024-08-10,60837.99000000,61470.58000000,60242.00000000,60923.51000000,9995.20621000
BTCUSDT,2024-08-11,60923.51000000,61858.00000000,58286.73000000,58712.59000000,19189.84512000
BTCUSDT,2024-08-12,58712.59000000,60711.09000000,57642.21000000,59346.64000000,37009.91743000
BTCUSDT,2024-08-13,59346.64000000,61578.10000000,58392.88000000,60587.15000000,27858.95851000
BTCUSDT,2024-08-14,60587.16000000,61800.00000000,58433.18000000,58683.39000000,28422.76326000
BTCUSDT,2024-08-15,58683.39000000,59849.38000000,56078.54000000,57541.06000000,37686.17622000
BTCUSDT,2024-08-16,57541.05000000,59817.76000000,57098.62000000,58874.60000000,27610.84344000
BTCUSDT,2024-08-17,58874.59000000,59700.00000000,58785.05000000,59491.99000000,7721.72931000
BTCUSDT,2024-08-18,59491.99000000,60284.99000000,58408.92000000,58427.35000000,13634.85717000
BTCUSDT,2024-08-19,58427.35000000,59617.63000000,57787.30000000,59438.50000000,22809.31251000
BTCUSDT,2024-08-20,59438.50000000,61400.00000000,58548.23000000,59013.80000000,31477.44548000
BTCUSDT,2024-08-21,59013.80000000,61820.93000000,58783.47000000,61156.03000000,27983.64220000
BTCUSDT,2024-08-22,61156.03000000,61400.00000000,59724.87000000,60375.84000000,21241.20588000
BTCUSDT,2024-08-23,60375.83000000,64955.00000000,60342.14000000,64037.24000000,38118.07089000
BTCUSDT,2024-08-24,64037.24000000,64494.50000000,63531.00000000,64157.01000000,15857.15616000
BTCUSDT,2024-08-25,64157.02000000,65000.00000000,63773.27000000,64220.00000000,12305.47977000
BTCUSDT,2024-08-26,64219.99000000,64481.00000000,62800.00000000,62834.00000000,19470.05276000
BTCUSDT,2024-08-27,62834.00000000,63212.00000000,58034.01000000,59415.00000000,35135.94178000
BTCUSDT,2024-08-28,59415.00000000,60234.98000000,57860.00000000,59034.90000000,36868.54275000
BTCUSDT,2024-08-29,59034.90000000,61166.99000000,58713.09000000,59359.01000000,27020.90743000
BTCUSDT,2024-08-30,59359.00000000,59944.07000000,57701.10000000,59123.99000000,28519.32195000
BTCUSDT,2024-08-31,59123.99000000,59462.38000000,58744.00000000,58973.99000000,8798.40900000
BTCUSDT,2024-09-01,58974.00000000,59076.59000000,57201.00000000,57301.86000000,20705.15741000
BTCUSDT,2024-09-02,57301.77000000,59425.69000000,57128.00000000,59132.13000000,22895.01461000
BTCUSDT,2024-09-03,59132.12000000,59809.65000000,57415.00000000,57487.73000000,22828.18447000
BTCUSDT,2024-09-04,57487.74000000,58519.00000000,55606.00000000,57970.90000000,35560.82146000
BTCUSDT,2024-09-05,57970.90000000,58327.07000000,55643.65000000,56180.00000000,27806.91413000
BTCUSDT,2024-09-06,56180.00000000,57008.00000000,52550.00000000,53962.97000000,54447.76826000
BTCUSDT,2024-09-07,53962.97000000,54850.00000000,53745.54000000,54160.86000000,16694.04774000
BTCUSDT,2024-09-08,54160.86000000,55318.00000000,53629.01000000,54869.95000000,16274.14779000
BTCUSDT,2024-09-09,54869.95000000,58088.00000000,54591.96000000,57042.00000000,32384.51737000
BTCUSDT,2024-09-10,57042.01000000,58044.36000000,56386.40000000,57635.99000000,23626.78126000
BTCUSDT,2024-09-11,57635.99000000,57981.71000000,55545.19000000,57338.00000000,33026.56757000
BTCUSDT,2024-09-12,57338.00000000,58588.00000000,57324.00000000,58132.32000000,31074.40631000
BTCUSDT,2024-09-13,58132.31000000,60625.00000000,57632.62000000,60498.00000000,29825.23333000
BTCUSDT,2024-09-14,60497.99000000,60610.45000000,59400.00000000,59993.03000000,12137.90901000
BTCUSDT,2024-09-15,59993.02000000,60395.80000000,58691.05000000,59132.00000000,13757.92361000
BTCUSDT,2024-09-16,59132.00000000,59210.70000000,57493.30000000,58213.99000000,26477.56420000
BTCUSDT,2024-09-17,58213.99000000,61320.00000000,57610.01000000,60313.99000000,33116.25878000
BTCUSDT,2024-09-18,60313.99000000,61786.24000000,59174.80000000,61759.99000000,36087.02469000
BTCUSDT,2024-09-19,61759.98000000,63850.00000000,61555.00000000,62947.99000000,34332.52608000
BTCUSDT,2024-09-20,62948.00000000,64133.32000000,62350.00000000,63201.05000000,25466.37794000
BTCUSDT,2024-09-21,63201.05000000,63559.90000000,62758.00000000,63348.96000000,8375.34608000
BTCUSDT,2024-09-22,63348.97000000,64000.00000000,62357.93000000,63578.76000000,14242.19892000
BTCUSDT,2024-09-23,63578.76000000,64745.88000000,62538.75000000,63339.99000000,24078.05287000
BTCUSDT,2024-09-24,63339.99000000,64688.00000000,62700.00000000,64262.70000000,23185.04759000
BTCUSDT,2024-09-25,64262.70000000,64817.99000000,62947.08000000,63152.01000000,17813.11168000
BTCUSDT,2024-09-26,63152.01000000,65839.00000000,62670.00000000,65173.99000000,28373.30593000
BTCUSDT,2024-09-27,65173.99000000,66498.00000000,64819.90000000,65769.95000000,22048.80487000
BTCUSDT,2024-09-28,65769.95000000,66260.00000000,65422.23000000,65858.00000000,9127.23316000
BTCUSDT,2024-09-29,65858.00000000,66076.12000000,65432.00000000,65602.01000000,8337.74111000
BTCUSDT,2024-09-30,65602.01000000,65618.80000000,62856.30000000,63327.59000000,30011.08752000
BTCUSDT,2024-10-01,63327.60000000,64130.63000000,60164.00000000,60805.78000000,43671.48108000
BTCUSDT,2024-10-02,60804.92000000,62390.31000000,60000.00000000,60649.28000000,31534.70118000
BTCUSDT,2024-10-03,60649.27000000,61477.19000000,59828.11000000,60752.71000000,26221.43472000
BTCUSDT,2024-10-04,60752.72000000,62484.85000000,60459.90000000,62086.00000000,21294.65994000
BTCUSDT,2024-10-05,62086.00000000,62370.56000000,61689.26000000,62058.00000000,7807.46141000
BTCUSDT,2024-10-06,62058.01000000,62975.00000000,61798.97000000,62819.91000000,8906.86177000
BTCUSDT,2024-10-07,62819.91000000,64478.19000000,62128.00000000,62224.00000000,25966.18520000
BTCUSDT,2024-10-08,62224.01000000,63200.00000000,61860.31000000,62160.49000000,19702.22371000
BTCUSDT,2024-10-09,62160.50000000,62543.75000000,60301.00000000,60636.02000000,20011.15684000
BTCUSDT,2024-10-10,60636.01000000,61321.68000000,58946.00000000,60326.39000000,23967.92481000
BTCUSDT,2024-10-11,60326.40000000,63417.56000000,60087.64000000,62540.00000000,23641.35209000
BTCUSDT,2024-10-12,62539.99000000,63480.00000000,62487.23000000,63206.22000000,10911.30116000
BTCUSDT,2024-10-13,63206.23000000,63285.72000000,62050.00000000,62870.02000000,11909.21995000
BTCUSDT,2024-10-14,62870.02000000,66500.00000000,62457.81000000,66083.99000000,37669.95222000
BTCUSDT,2024-10-15,66084.00000000,67950.00000000,64800.01000000,67074.14000000,43683.95423000
BTCUSDT,2024-10-16,67074.14000000,68424.00000000,66750.49000000,67620.01000000,29938.25544000
BTCUSDT,2024-10-17,67620.00000000,67939.40000000,66666.00000000,67421.78000000,25328.22861000
BTCUSDT,2024-10-18,67421.78000000,69000.00000000,67192.36000000,68428.00000000,28725.63500000
BTCUSDT,2024-10-19,68427.99000000,68693.26000000,68010.00000000,68378.00000000,8193.66737000
BTCUSDT,2024-10-20,68377.99000000,69400.00000000,68100.00000000,69031.99000000,12442.47378000
BTCUSDT,2024-10-21,69032.00000000,69519.52000000,66840.67000000,67377.50000000,31374.42184000
BTCUSDT,2024-10-22,67377.50000000,67836.01000000,66571.42000000,67426.00000000,24598.96268000
BTCUSDT,2024-10-23,67426.01000000,67472.83000000,65260.00000000,66668.65000000,25530.24070000
BTCUSDT,2024-10-24,66668.65000000,68850.00000000,66510.00000000,68198.28000000,22589.83877000
BTCUSDT,2024-10-25,68198.27000000,68771.49000000,65596.29000000,66698.33000000,34479.71125000
BTCUSDT,2024-10-26,66698.32000000,67454.55000000,66439.90000000,67092.76000000,11842.90770000
BTCUSDT,2024-10-27,67092.76000000,68332.05000000,66913.73000000,68021.70000000,8653.19592000
BTCUSDT,2024-10-28,68021.69000000,70270.00000000,67618.00000000,69962.21000000,29046.75459000
BTCUSDT,2024-10-29,69962.21000000,73620.12000000,69760.00000000,72736.42000000,50128.60594000
BTCUSDT,2024-10-30,72736.41000000,72961.00000000,71436.00000000,72344.74000000,26885.99056000
BTCUSDT,2024-10-31,72344.75000000,72700.00000000,69685.76000000,70292.01000000,29352.10297000
BTCUSDT,2024-11-01,70292.01000000,71632.95000000,68820.14000000,69496.01000000,38301.86755000
BTCUSDT,2024-11-02,69496.00000000,69914.37000000,69000.14000000,69374.74000000,10521.67243000
BTCUSDT,2024-11-03,69374.74000000,69391.00000000,67478.73000000,68775.99000000,24995.70243000
BTCUSDT,2024-11-04,68775.99000000,69500.00000000,66835.00000000,67850.01000000,29800.39187000
BTCUSDT,2024-11-05,67850.01000000,70577.91000000,67476.63000000,69372.01000000,33355.06888000
BTCUSDT,2024-11-06,69372.01000000,76400.00000000,69298.00000000,75571.99000000,104126.99478700
BTCUSDT,2024-11-07,75571.99000000,76849.99000000,74416.00000000,75857.89000000,44869.42234500
BTCUSDT,2024-11-08,75857.89000000,77199.99000000,75555.00000000,76509.78000000,36521.09958300
BTCUSDT,2024-11-09,76509.78000000,76900.00000000,75714.66000000,76677.46000000,16942.07915000
BTCUSDT,2024-11-10,76677.46000000,81500.00000000,76492.00000000,80370.01000000,61830.10043500
BTCUSDT,2024-11-11,80370.01000000,89530.54000000,80216.01000000,88647.99000000,82323.66577600
BTCUSDT,2024-11-12,88648.00000000,89940.00000000,85072.00000000,87952.01000000,97299.88791100
BTCUSDT,2024-11-13,87952.00000000,93265.64000000,86127.99000000,90375.20000000,86763.85412700
BTCUSDT,2024-11-14,90375.21000000,91790.00000000,86668.21000000,87325.59000000,56729.51086000
BTCUSDT,2024-11-15,87325.59000000,91850.00000000,87073.38000000,91032.07000000,47927.95068000
BTCUSDT,2024-11-16,91032.08000000,91779.66000000,90056.17000000,90586.92000000,22717.87689000
BTCUSDT,2024-11-17,90587.98000000,91449.99000000,88722.00000000,89855.99000000,23867.55609000
BTCUSDT,2024-11-18,89855.98000000,92594.00000000,89376.90000000,90464.08000000,46545.03448000
BTCUSDT,2024-11-19,90464.07000000,93905.51000000,90357.00000000,92310.79000000,43660.04682000
BTCUSDT,2024-11-20,92310.80000000,94831.97000000,91500.00000000,94286.56000000,42203.19871200
BTCUSDT,2024-11-21,94286.56000000,98988.00000000,94040.00000000,98317.12000000,69228.36047700
BTCUSDT,2024-11-22,98317.12000000,99588.01000000,97122.11000000,98892.00000000,46189.30924300
BTCUSDT,2024-11-23,98892.00000000,98908.85000000,97136.00000000,97672.40000000,24757.84367000
BTCUSDT,2024-11-24,97672.40000000,98564.00000000,95734.77000000,97900.04000000,31200.97838000
BTCUSDT,2024-11-25,97900.05000000,98871.80000000,92600.19000000,93010.01000000,50847.45096000
BTCUSDT,2024-11-26,93010.01000000,94973.37000000,90791.10000000,91965.16000000,57858.73138000
BTCUSDT,2024-11-27,91965.16000000,97208.21000000,91792.14000000,95863.11000000,41153.42734000
BTCUSDT,2024-11-28,95863.11000000,96564.00000000,94640.00000000,95643.98000000,28814.54357000
BTCUSDT,2024-11-29,95643.99000000,98619.99000000,95364.99000000,97460.00000000,27701.78231000
BTCUSDT,2024-11-30,97460.00000000,97463.95000000,96092.01000000,96407.99000000,14503.83306000
BTCUSDT,2024-12-01,96407.99000000,97836.00000000,95693.88000000,97185.18000000,16938.60452000
BTCUSDT,2024-12-02,97185.17000000,98130.00000000,94395.00000000,95840.62000000,37958.66981000
BTCUSDT,2024-12-03,95840.61000000,96305.52000000,93578.17000000,95849.69000000,35827.32283000
BTCUSDT,2024-12-04,95849.69000000,99000.00000000,94587.83000000,98587.32000000,43850.53728000
BTCUSDT,2024-12-05,98587.32000000,104088.00000000,90500.00000000,96945.63000000,109921.72966200
BTCUSDT,2024-12-06,96945.63000000,101898.99000000,95981.72000000,99740.84000000,45049.53310000
BTCUSDT,2024-12-07,99740.84000000,100439.18000000,98844.00000000,99831.99000000,14931.94590000
BTCUSDT,2024-12-08,99831.99000000,101351.00000000,98657.70000000,101109.59000000,14612.99688000
BTCUSDT,2024-12-09,101109.60000000,101215.93000000,94150.05000000,97276.47000000,53949.11595000
BTCUSDT,2024-12-10,97276.48000000,98270.00000000,94256.54000000,96593.00000000,51708.68933000
BTCUSDT,2024-12-11,96593.00000000,101888.00000000,95658.24000000,101125.00000000,37753.78291000
BTCUSDT,2024-12-12,101125.00000000,102540.00000000,99311.64000000,100004.29000000,29232.08745000
BTCUSDT,2024-12-13,100004.29000000,101895.26000000,99205.00000000,101424.25000000,21904.03923000
BTCUSDT,2024-12-14,101424.24000000,102650.00000000,100609.41000000,101420.00000000,14191.70326000
BTCUSDT,2024-12-15,101420.00000000,105250.00000000,101237.14000000,104463.99000000,22228.92177500
BTCUSDT,2024-12-16,104463.99000000,107793.07000000,103333.00000000,106058.66000000,41302.40274000
BTCUSDT,2024-12-17,106058.65000000,108353.00000000,105321.49000000,106133.74000000,29064.93646600
BTCUSDT,2024-12-18,106133.74000000,106524.98000000,100000.00000000,100204.01000000,50307.99755000
BTCUSDT,2024-12-19,100204.01000000,102800.11000000,95700.00000000,97461.86000000,55147.39800000
BTCUSDT,2024-12-20,97461.86000000,98233.00000000,92232.54000000,97805.44000000,62884.13570000
BTCUSDT,2024-12-21,97805.44000000,99540.61000000,96398.39000000,97291.99000000,23483.54143000
BTCUSDT,2024-12-22,97292.00000000,97448.08000000,94250.35000000,95186.27000000,19353.83036000
BTCUSDT,2024-12-23,95186.28000000,96538.92000000,92520.00000000,94881.47000000,32810.76703000
BTCUSDT,2024-12-24,94881.47000000,99487.99000000,93569.02000000,98663.58000000,23674.22488000
BTCUSDT,2024-12-25,98663.58000000,99569.15000000,97632.02000000,99429.60000000,14474.16510000
BTCUSDT,2024-12-26,99429.61000000,99963.70000000,95199.14000000,95791.60000000,21192.36727000
BTCUSDT,2024-12-27,95791.60000000,97544.58000000,93500.01000000,94299.03000000,26501.26429000
BTCUSDT,2024-12-28,94299.03000000,95733.99000000,94135.66000000,95300.00000000,8385.89290000
BTCUSDT,2024-12-29,95300.00000000,95340.00000000,93009.52000000,93738.20000000,13576.00578000
BTCUSDT,2024-12-30,93738.19000000,95024.50000000,91530.45000000,92792.05000000,27619.42250000
BTCUSDT,2024-12-31,92792.05000000,96250.00000000,92033.73000000,93576.00000000,19612.03389000
BTCUSDT,2025-01-01,93576.00000000,95151.15000000,92888.00000000,94591.79000000,10373.32613000
BTCUSDT,2025-01-02,94591.78000000,97839.50000000,94392.00000000,96984.79000000,21970.48948000
BTCUSDT,2025-01-03,96984.79000000,98976.91000000,96100.01000000,98174.18000000,15253.82936000
BTCUSDT,2025-01-04,98174.17000000,98778.43000000,97514.79000000,98220.50000000,8990.05651000
BTCUSDT,2025-01-05,98220.51000000,98836.85000000,97276.79000000,98363.61000000,8095.63723000
BTCUSDT,2025-01-06,98363.61000000,102480.00000000,97920.00000000,102235.60000000,25263.43375000
BTCUSDT,2025-01-07,102235.60000000,102724.38000000,96181.81000000,96954.61000000,32059.87537000
BTCUSDT,2025-01-08,96954.60000000,97268.65000000,92500.90000000,95060.61000000,33704.67894000
BTCUSDT,2025-01-09,95060.61000000,95382.32000000,91203.67000000,92552.49000000,34544.83685000
BTCUSDT,2025-01-10,92552.49000000,95836.00000000,92206.02000000,94726.11000000,31482.86424000
BTCUSDT,2025-01-11,94726.10000000,95050.94000000,93831.73000000,94599.99000000,7047.90430000
BTCUSDT,2025-01-12,94599.99000000,95450.10000000,93711.19000000,94545.06000000,8606.86622000
BTCUSDT,2025-01-13,94545.07000000,95940.00000000,89256.69000000,94536.10000000,42619.56423000
BTCUSDT,2025-01-14,94536.11000000,97371.00000000,94346.22000000,96560.86000000,27846.61753000
BTCUSDT,2025-01-15,96560.85000000,100681.94000000,96500.00000000,100497.35000000,30509.99179000
BTCUSDT,2025-01-16,100497.35000000,100866.66000000,97335.13000000,99987.30000000,27832.85317000
BTCUSDT,2025-01-17,99987.30000000,105865.22000000,99950.77000000,104077.48000000,39171.85292000
BTCUSDT,2025-01-18,104077.47000000,104988.88000000,102277.55000000,104556.23000000,24307.82998000
BTCUSDT,2025-01-19,104556.23000000,106422.43000000,99651.60000000,101331.57000000,43397.28298000
BTCUSDT,2025-01-20,101331.57000000,109588.00000000,99550.00000000,102260.01000000,89529.23173200
BTCUSDT,2025-01-21,102260.00000000,107240.81000000,100119.04000000,106143.82000000,45941.02002000
BTCUSDT,2025-01-22,106143.82000000,106394.46000000,103339.12000000,103706.66000000,22248.69254000
BTCUSDT,2025-01-23,103706.66000000,106850.00000000,101262.28000000,103910.34000000,53953.12031000
BTCUSDT,2025-01-24,103910.35000000,107120.00000000,102750.00000000,104870.50000000,23609.24017000
BTCUSDT,2025-01-25,104870.51000000,105286.52000000,104106.09000000,104746.85000000,9068.32377000
BTCUSDT,2025-01-26,104746.86000000,105500.00000000,102520.44000000,102620.00000000,9812.51238000
BTCUSDT,2025-01-27,102620.01000000,103260.00000000,97777.77000000,102082.83000000,50758.13410000
BTCUSDT,2025-01-28,102082.83000000,103800.00000000,100272.68000000,101335.52000000,22022.05765000
BTCUSDT,2025-01-29,101335.52000000,104782.68000000,101328.01000000,103733.24000000,23155.35802000
BTCUSDT,2025-01-30,103733.25000000,106457.44000000,103278.54000000,104722.94000000,19374.07472000
BTCUSDT,2025-01-31,104722.94000000,106012.00000000,101560.00000000,102429.56000000,21983.18193000
BTCUSDT,2025-02-01,102429.56000000,102783.71000000,100279.51000000,100635.65000000,12290.95747000
BTCUSDT,2025-02-02,100635.66000000,101456.60000000,96150.00000000,97700.59000000,34619.49939000
BTCUSDT,2025-02-03,97700.59000000,102500.01000000,91231.00000000,101328.52000000,75164.73850000
BTCUSDT,2025-02-04,101328.51000000,101732.31000000,96150.00000000,97763.13000000,40267.98697000
BTCUSDT,2025-02-05,97763.14000000,99149.00000000,96155.00000000,96612.43000000,26233.30444000
BTCUSDT,2025-02-06,96612.44000000,99120.00000000,95676.64000000,96554.35000000,23515.20405000
BTCUSDT,2025-02-07,96554.35000000,100137.99000000,95620.34000000,96506.80000000,31794.22065000
BTCUSDT,2025-02-08,96506.80000000,96880.00000000,95688.00000000,96444.74000000,10147.24294000
BTCUSDT,2025-02-09,96444.75000000,97323.09000000,94713.00000000,96462.75000000,14120.91613000
BTCUSDT,2025-02-10,96462.75000000,98345.00000000,95256.00000000,97430.82000000,20572.87537000
BTCUSDT,2025-02-11,97430.82000000,98478.42000000,94876.88000000,95778.20000000,18647.76379000
BTCUSDT,2025-02-12,95778.21000000,98119.99000000,94088.23000000,97869.99000000,29151.16625000
BTCUSDT,2025-02-13,97870.00000000,98083.91000000,95217.36000000,96608.14000000,19921.77616000
BTCUSDT,2025-02-14,96608.13000000,98826.00000000,96252.82000000,97500.48000000,18173.02646000
BTCUSDT,2025-02-15,97500.47000000,97972.26000000,97223.58000000,97569.66000000,7349.37683000
BTCUSDT,2025-02-16,97569.67000000,97704.47000000,96046.18000000,96118.12000000,8191.42490000
BTCUSDT,2025-02-17,96118.12000000,97046.59000000,95205.00000000,95780.00000000,16492.04510000
BTCUSDT,2025-02-18,95780.01000000,96753.91000000,93388.09000000,95671.74000000,23368.19471000
BTCUSDT,2025-02-19,95671.74000000,96899.99000000,95029.99000000,96644.37000000,16438.50954000
BTCUSDT,2025-02-20,96644.37000000,98711.36000000,96415.09000000,98305.00000000,17057.39177000
BTCUSDT,2025-02-21,98305.01000000,99475.00000000,94871.95000000,96181.98000000,32249.28140000
BTCUSDT,2025-02-22,96181.99000000,96980.00000000,95770.49000000,96551.01000000,11268.17708000
BTCUSDT,2025-02-23,96551.01000000,96650.00000000,95227.94000000,96258.00000000,10884.84913000
BTCUSDT,2025-02-24,96258.00000000,96500.00000000,91349.26000000,91552.88000000,31550.10299000
BTCUSDT,2025-02-25,91552.88000000,92540.69000000,86050.99000000,88680.40000000,78333.11111000
BTCUSDT,2025-02-26,88680.39000000,89414.15000000,82256.01000000,84250.09000000,56893.54409000
BTCUSDT,2025-02-27,84250.09000000,87078.46000000,82716.49000000,84708.58000000,42505.45439000
BTCUSDT,2025-02-28,84708.57000000,85120.00000000,78258.52000000,84349.94000000,83648.03969000
BTCUSDT,2025-03-01,84349.95000000,86558.00000000,83824.78000000,86064.53000000,25785.05464000
BTCUSDT,2025-03-02,86064.54000000,95000.00000000,85050.60000000,94270.00000000,54889.09045000
BTCUSDT,2025-03-03,94269.99000000,94416.46000000,85117.11000000,86220.61000000,59171.10218000
BTCUSDT,2025-03-04,86221.16000000,88967.52000000,81500.00000000,87281.98000000,55609.10706000
BTCUSDT,2025-03-05,87281.98000000,91000.00000000,86334.53000000,90606.01000000,38264.01163000
BTCUSDT,2025-03-06,90606.00000000,92810.64000000,87836.00000000,89931.89000000,34342.44902000
BTCUSDT,2025-03-07,89931.88000000,91283.02000000,84667.03000000,86801.75000000,57980.35713000
BTCUSDT,2025-03-08,86801.74000000,86897.25000000,85218.47000000,86222.45000000,12989.23054000
BTCUSDT,2025-03-09,86222.46000000,86500.00000000,80000.00000000,80734.37000000,26115.39345000
BTCUSDT,2025-03-10,80734.48000000,84123.46000000,77459.91000000,78595.86000000,47633.38405000
BTCUSDT,2025-03-11,78595.86000000,83617.40000000,76606.00000000,82932.99000000,48770.06853000
BTCUSDT,2025-03-12,82932.99000000,84539.85000000,80607.65000000,83680.12000000,31933.98600000
BTCUSDT,2025-03-13,83680.12000000,84336.33000000,79939.90000000,81115.78000000,27546.27412000
BTCUSDT,2025-03-14,81115.78000000,85309.71000000,80818.84000000,83983.20000000,26858.52755000
BTCUSDT,2025-03-15,83983.19000000,84676.28000000,83618.00000000,84338.44000000,11324.73320000
BTCUSDT,2025-03-16,84338.44000000,85117.04000000,81981.12000000,82574.53000000,17596.12531000
BTCUSDT,2025-03-17,82574.52000000,84756.83000000,82456.00000000,84010.03000000,17214.74358000
BTCUSDT,2025-03-18,84010.02000000,84021.74000000,81134.66000000,82715.03000000,17610.89883000
BTCUSDT,2025-03-19,82715.03000000,87000.00000000,82547.16000000,86845.94000000,28151.05374000
BTCUSDT,2025-03-20,86845.93000000,87453.67000000,83655.23000000,84223.39000000,22090.30463000
BTCUSDT,2025-03-21,84223.38000000,84850.33000000,83175.25000000,84088.79000000,11956.97443000
BTCUSDT,2025-03-22,84088.79000000,84539.17000000,83625.10000000,83840.59000000,5420.22114000
BTCUSDT,2025-03-23,83840.59000000,86129.64000000,83809.75000000,86082.50000000,8461.97813000
BTCUSDT,2025-03-24,86082.50000000,88765.43000000,85519.09000000,87498.16000000,30115.62111000
BTCUSDT,2025-03-25,87498.16000000,88539.63000000,86310.00000000,87392.87000000,22643.25248000
BTCUSDT,2025-03-26,87392.88000000,88275.00000000,85860.00000000,86909.17000000,18408.78485000
BTCUSDT,2025-03-27,86909.17000000,87756.39000000,85800.00000000,87232.01000000,17098.03897000
BTCUSDT,2025-03-28,87232.01000000,87515.67000000,83585.00000000,84424.38000000,27182.73169000
BTCUSDT,2025-03-29,84424.38000000,84624.73000000,81644.81000000,82648.54000000,11696.39864000
BTCUSDT,2025-03-30,82648.53000000,83534.64000000,81565.00000000,82389.99000000,9864.49508000
BTCUSDT,2025-03-31,82390.00000000,83943.08000000,81278.52000000,82550.01000000,20569.13885000
BTCUSDT,2025-04-01,82550.00000000,85579.46000000,82432.74000000,85158.34000000,20190.39697000
BTCUSDT,2025-04-02,85158.35000000,88500.00000000,82320.00000000,82516.29000000,39931.45700000
BTCUSDT,2025-04-03,82516.28000000,83998.02000000,81211.24000000,83213.09000000,27337.84135000
BTCUSDT,2025-04-04,83213.09000000,84720.00000000,81659.00000000,83889.87000000,32915.53976000
BTCUSDT,2025-04-05,83889.87000000,84266.00000000,82379.95000000,83537.99000000,9360.40468000
BTCUSDT,2025-04-06,83537.99000000,83817.63000000,77153.83000000,78430.00000000,27942.71436000
BTCUSDT,2025-04-07,78430.00000000,81243.58000000,74508.00000000,79163.24000000,78387.53089000
BTCUSDT,2025-04-08,79163.24000000,80867.99000000,76239.90000000,76322.42000000,35317.32063000
BTCUSDT,2025-04-09,76322.42000000,83588.00000000,74620.00000000,82615.22000000,75488.28772000
BTCUSDT,2025-04-10,82615.22000000,82753.21000000,78464.36000000,79607.30000000,33284.80718000
BTCUSDT,2025-04-11,79607.30000000,84300.00000000,78969.58000000,83423.84000000,34435.43797000
BTCUSDT,2025-04-12,83423.83000000,85905.00000000,82792.95000000,85276.90000000,18470.74437000
BTCUSDT,2025-04-13,85276.91000000,86100.00000000,83034.23000000,83760.00000000,24680.04181000
BTCUSDT,2025-04-14,83760.00000000,85799.99000000,83678.00000000,84591.58000000,28659.09348000
BTCUSDT,2025-04-15,84591.58000000,86496.42000000,83600.00000000,83643.99000000,20910.99528000
BTCUSDT,2025-04-16,83643.99000000,85500.00000000,83111.64000000,84030.38000000,20867.24519000
BTCUSDT,2025-04-17,84030.38000000,85470.01000000,83736.26000000,84947.91000000,13728.84772000
BTCUSDT,2025-04-18,84947.92000000,85132.08000000,84303.96000000,84474.69000000,6529.96315000
BTCUSDT,2025-04-19,84474.70000000,85677.99000000,84364.45000000,85077.01000000,9666.58153000
BTCUSDT,2025-04-20,85077.00000000,85320.76000000,83949.52000000,85179.24000000,8091.67725000
BTCUSDT,2025-04-21,85179.24000000,88465.99000000,85144.76000000,87516.23000000,31773.37262000
BTCUSDT,2025-04-22,87516.22000000,93888.00000000,87076.03000000,93442.99000000,43872.74705000
BTCUSDT,2025-04-23,93442.99000000,94696.05000000,91935.41000000,93691.08000000,27404.16808000
BTCUSDT,2025-04-24,93691.07000000,94005.00000000,91660.01000000,93980.47000000,19497.06071000
BTCUSDT,2025-04-25,93980.47000000,95758.04000000,92855.96000000,94638.68000000,27500.66648000
BTCUSDT,2025-04-26,94638.68000000,95199.00000000,93870.69000000,94628.00000000,9415.06875000
BTCUSDT,2025-04-27,94628.00000000,95369.00000000,93602.58000000,93749.30000000,11162.84100000
BTCUSDT,2025-04-28,93749.29000000,95630.00000000,92800.01000000,95011.18000000,22157.53351000
BTCUSDT,2025-04-29,95011.18000000,95461.53000000,93742.54000000,94256.82000000,16955.34020000
BTCUSDT,2025-04-30,94256.82000000,95228.45000000,92910.00000000,94172.00000000,17661.27510000
BTCUSDT,2025-05-01,94172.00000000,97424.02000000,94130.43000000,96489.91000000,21380.45343000
BTCUSDT,2025-05-02,96489.90000000,97895.68000000,96350.00000000,96887.14000000,14905.74811000
BTCUSDT,2025-05-03,96887.13000000,96935.67000000,95753.01000000,95856.42000000,9723.34838000
BTCUSDT,2025-05-04,95856.42000000,96304.48000000,94151.38000000,94277.62000000,11036.38342000
BTCUSDT,2025-05-05,94277.61000000,95199.00000000,93514.10000000,94733.68000000,17251.18189000
BTCUSDT,2025-05-06,94733.68000000,96920.65000000,93377.00000000,96834.02000000,16122.64513000
BTCUSDT,2025-05-07,96834.02000000,97732.00000000,95784.61000000,97030.50000000,16644.83854000
BTCUSDT,2025-05-08,97030.50000000,104145.76000000,96876.29000000,103261.60000000,34962.02847000
BTCUSDT,2025-05-09,103261.61000000,104361.30000000,102315.14000000,102971.99000000,27617.39907000
BTCUSDT,2025-05-10,102971.99000000,104984.57000000,102818.76000000,104809.53000000,15324.78611000
BTCUSDT,2025-05-11,104809.53000000,104972.00000000,103345.06000000,104118.00000000,17987.12197000
BTCUSDT,2025-05-12,104118.00000000,105819.45000000,100718.37000000,102791.32000000,31272.77792000
BTCUSDT,2025-05-13,102791.32000000,104976.25000000,101429.70000000,104103.72000000,21253.42409000
BTCUSDT,2025-05-14,104103.72000000,104356.95000000,102602.05000000,103507.82000000,16452.90810000
BTCUSDT,2025-05-15,103507.83000000,104192.70000000,101383.07000000,103763.71000000,17998.98604000
BTCUSDT,2025-05-16,103763.71000000,104550.33000000,103100.49000000,103463.90000000,15683.88024000
BTCUSDT,2025-05-17,103463.90000000,103709.86000000,102612.50000000,103126.65000000,11250.89622000
BTCUSDT,2025-05-18,103126.65000000,106660.00000000,103105.09000000,106454.26000000,21599.98726000
BTCUSDT,2025-05-19,106454.27000000,107108.62000000,102000.00000000,105573.74000000,30260.03524000
BTCUSDT,2025-05-20,105573.73000000,107320.00000000,104184.72000000,106849.99000000,23705.48275000
BTCUSDT,2025-05-21,106850.00000000,110797.38000000,106100.01000000,109643.99000000,45531.04034500
BTCUSDT,2025-05-22,109643.99000000,111980.00000000,109177.37000000,111696.21000000,31630.77313000
BTCUSDT,2025-05-23,111696.22000000,111800.00000000,106800.00000000,107318.30000000,31737.72309000
BTCUSDT,2025-05-24,107318.30000000,109506.03000000,106875.41000000,107761.91000000,16782.53129000
BTCUSDT,2025-05-25,107761.90000000,109299.99000000,106600.64000000,109004.19000000,17710.04695000
BTCUSDT,2025-05-26,109004.20000000,110422.22000000,108670.58000000,109434.79000000,14649.11593000
BTCUSDT,2025-05-27,109434.78000000,110718.00000000,107516.57000000,108938.17000000,21276.65635000
BTCUSDT,2025-05-28,108938.17000000,109284.70000000,106769.43000000,107781.78000000,15633.78829000
BTCUSDT,2025-05-29,107781.78000000,108891.91000000,105322.86000000,105589.75000000,19834.70116000
BTCUSDT,2025-05-30,105589.75000000,106313.12000000,103621.00000000,103985.48000000,23706.49799000
BTCUSDT,2025-05-31,103985.47000000,104900.00000000,103068.55000000,104591.88000000,11289.35922000
BTCUSDT,2025-06-01,104591.88000000,105866.91000000,103752.49000000,105642.93000000,9709.70006000
BTCUSDT,2025-06-02,105642.93000000,105935.63000000,103659.88000000,105857.99000000,13453.98813000
BTCUSDT,2025-06-03,105858.00000000,106794.67000000,104872.50000000,105376.89000000,13259.52634000
BTCUSDT,2025-06-04,105376.90000000,106000.00000000,104179.00000000,104696.86000000,14034.89482000
BTCUSDT,2025-06-05,104696.86000000,105909.71000000,100372.26000000,101508.68000000,22321.50154000
BTCUSDT,2025-06-06,101508.69000000,105333.00000000,101095.80000000,104288.44000000,15839.07385000
BTCUSDT,2025-06-07,104288.43000000,105900.00000000,103871.09000000,105552.15000000,8344.93206000
BTCUSDT,2025-06-08,105552.15000000,106488.14000000,104964.14000000,105734.00000000,8048.06305000
BTCUSDT,2025-06-09,105734.01000000,110530.17000000,105318.37000000,110263.02000000,19975.37451000
BTCUSDT,2025-06-10,110263.02000000,110400.00000000,108331.03000000,110274.39000000,17071.82839000
BTCUSDT,2025-06-11,110274.39000000,110392.01000000,108064.00000000,108645.12000000,13115.91638000
BTCUSDT,2025-06-12,108645.13000000,108813.55000000,105671.72000000,105671.73000000,17778.67218000
BTCUSDT,2025-06-13,105671.74000000,106179.53000000,102664.31000000,106066.59000000,26180.81734000
BTCUSDT,2025-06-14,106066.59000000,106252.00000000,104300.00000000,105414.64000000,8798.93969000
BTCUSDT,2025-06-15,105414.63000000,106128.57000000,104494.53000000,105594.01000000,7164.20047000
BTCUSDT,2025-06-16,105594.02000000,108952.38000000,104980.37000000,106794.53000000,14922.66540000
BTCUSDT,2025-06-17,106794.53000000,107771.34000000,103371.02000000,104551.17000000,17866.33025000
BTCUSDT,2025-06-18,104551.17000000,105550.27000000,103500.00000000,104886.78000000,13968.64167000
BTCUSDT,2025-06-19,104886.79000000,105226.17000000,103929.27000000,104658.59000000,7678.60737000
BTCUSDT,2025-06-20,104658.59000000,106524.65000000,102345.00000000,103297.99000000,16419.06283000
BTCUSDT,2025-06-21,103297.98000000,103982.64000000,100837.90000000,102120.01000000,11154.21332000
BTCUSDT,2025-06-22,102120.02000000,103399.62000000,98200.00000000,100963.87000000,28746.41072000
BTCUSDT,2025-06-23,100963.87000000,106074.20000000,99613.33000000,105333.93000000,27666.50609000
BTCUSDT,2025-06-24,105333.94000000,106290.00000000,104622.02000000,106083.00000000,14651.69335000
BTCUSDT,2025-06-25,106083.00000000,108135.30000000,105808.03000000,107340.58000000,16701.15551000
BTCUSDT,2025-06-26,107340.59000000,108272.45000000,106562.50000000,106947.06000000,10573.27279000
BTCUSDT,2025-06-27,106947.06000000,107735.34000000,106356.76000000,107047.59000000,12232.44042000
BTCUSDT,2025-06-28,107047.58000000,107577.75000000,106811.51000000,107296.79000000,3282.17352000
BTCUSDT,2025-06-29,107296.79000000,108528.50000000,107172.52000000,108356.93000000,6831.73640000
BTCUSDT,2025-06-30,108356.93000000,108789.99000000,106733.33000000,107146.50000000,9754.12491000
BTCUSDT,2025-07-01,107146.51000000,107540.00000000,105250.85000000,105681.14000000,10505.62437000
BTCUSDT,2025-07-02,105681.13000000,109730.00000000,105100.19000000,108849.60000000,17691.89592000
BTCUSDT,2025-07-03,108849.59000000,110529.18000000,108530.40000000,109584.78000000,13047.08225000
BTCUSDT,2025-07-04,109584.77000000,109767.59000000,107245.00000000,107984.24000000,11793.86615000
BTCUSDT,2025-07-05,107984.25000000,108420.56000000,107756.31000000,108198.12000000,3736.97570000
BTCUSDT,2025-07-06,108198.12000000,109700.00000000,107800.01000000,109203.84000000,6447.60700000
BTCUSDT,2025-07-07,109203.85000000,109700.00000000,107513.20000000,108262.94000000,9405.37601000
BTCUSDT,2025-07-08,108262.94000000,109216.56000000,107429.57000000,108922.98000000,9216.02080000
BTCUSDT,2025-07-09,108922.99000000,111999.79000000,108324.53000000,111233.99000000,17282.28650000
BTCUSDT,2025-07-10,111234.00000000,116868.00000000,110500.00000000,116010.00000000,24883.45066500
BTCUSDT,2025-07-11,116010.01000000,118869.98000000,115222.22000000,117527.66000000,25873.52114800
BTCUSDT,2025-07-12,117527.66000000,118200.00000000,116900.05000000,117420.00000000,8446.60437000
BTCUSDT,2025-07-13,117420.00000000,119488.00000000,117224.79000000,119086.64000000,9550.79294700
BTCUSDT,2025-07-14,119086.65000000,123218.00000000,118905.18000000,119841.18000000,27269.34887700
BTCUSDT,2025-07-15,119841.17000000,119940.83000000,115736.92000000,117758.09000000,32018.46083000
BTCUSDT,2025-07-16,117758.08000000,120063.84000000,117017.29000000,118630.43000000,17039.90851000
BTCUSDT,2025-07-17,118630.44000000,120998.71000000,117453.57000000,119177.56000000,15728.57651000
BTCUSDT,2025-07-18,119177.56000000,120820.71000000,116812.76000000,117924.84000000,19924.66266000
BTCUSDT,2025-07-19,117924.84000000,118499.90000000,117277.34000000,117840.00000000,6635.80306000
BTCUSDT,2025-07-20,117840.01000000,118856.80000000,116467.02000000,117265.12000000,12962.92889000
BTCUSDT,2025-07-21,117265.11000000,119676.73000000,116515.00000000,117380.36000000,17107.33128000
BTCUSDT,2025-07-22,117380.36000000,120247.80000000,116128.00000000,119954.42000000,20959.12973000
BTCUSDT,2025-07-23,119954.43000000,120090.00000000,117301.00000000,118755.99000000,14558.75083000
BTCUSDT,2025-07-24,118756.00000000,119450.00000000,117103.10000000,118340.99000000,15806.89043000
BTCUSDT,2025-07-25,118340.98000000,118451.57000000,114723.16000000,117614.31000000,38406.34873000
BTCUSDT,2025-07-26,117614.31000000,118297.35000000,117138.38000000,117919.99000000,6991.67206000
BTCUSDT,2025-07-27,117919.99000000,119766.65000000,117825.50000000,119415.55000000,9328.30919000
BTCUSDT,2025-07-28,119415.56000000,119800.00000000,117427.50000000,118062.32000000,13961.74754000
BTCUSDT,2025-07-29,118062.32000000,119273.36000000,116950.75000000,117950.76000000,15137.93445000
BTCUSDT,2025-07-30,117950.75000000,118792.00000000,115796.23000000,117840.30000000,15586.73631000
BTCUSDT,2025-07-31,117840.29000000,118922.45000000,115500.00000000,115764.08000000,17010.00730000
BTCUSDT,2025-08-01,115764.07000000,116052.00000000,112722.58000000,113297.93000000,24487.10206000
BTCUSDT,2025-08-02,113297.92000000,114063.49000000,112003.00000000,112546.35000000,11507.33428000
BTCUSDT,2025-08-03,112546.35000000,114799.97000000,111920.00000000,114208.80000000,7397.76046000
BTCUSDT,2025-08-04,114208.81000000,115720.00000000,114107.60000000,115055.03000000,9667.67916000
BTCUSDT,2025-08-05,115055.03000000,115127.81000000,112650.00000000,114129.75000000,12042.79078000
BTCUSDT,2025-08-06,114129.75000000,115716.00000000,113355.13000000,114992.27000000,9761.15318000
BTCUSDT,2025-08-07,114992.27000000,117621.00000000,114259.00000000,117472.01000000,13468.56263000
BTCUSDT,2025-08-08,117472.02000000,117630.00000000,115878.71000000,116674.74000000,10045.31278000
BTCUSDT,2025-08-09,116674.74000000,117944.05000000,116299.13000000,116462.25000000,9514.13144000
BTCUSDT,2025-08-10,116462.25000000,119311.11000000,116460.63000000,119294.01000000,14322.77073000
BTCUSDT,2025-08-11,119294.27000000,122335.16000000,118050.11000000,118686.00000000,26494.33429000
BTCUSDT,2025-08-12,118686.00000000,120324.43000000,118207.47000000,120134.08000000,16720.10893000
BTCUSDT,2025-08-13,120134.09000000,123667.79000000,118920.92000000,123306.43000000,23210.07102000
BTCUSDT,2025-08-14,123306.44000000,124474.00000000,117180.00000000,118295.09000000,27980.94758600
BTCUSDT,2025-08-15,118295.09000000,119216.82000000,116803.99000000,117342.05000000,13623.33874000
BTCUSDT,2025-08-16,117342.04000000,117898.99000000,117143.98000000,117380.66000000,6393.68117000
BTCUSDT,2025-08-17,117380.66000000,118575.00000000,117172.21000000,117405.01000000,5898.64192000
BTCUSDT,2025-08-18,117405.01000000,117543.75000000,114640.14000000,116227.05000000,17745.93954000
BTCUSDT,2025-08-19,116227.05000000,116725.69000000,112732.58000000,112872.94000000,18065.47424000
BTCUSDT,2025-08-20,112872.95000000,114615.38000000,112380.00000000,114271.24000000,15636.34194000
BTCUSDT,2025-08-21,114271.23000000,114821.76000000,112015.67000000,112500.00000000,10839.69235000
BTCUSDT,2025-08-22,112500.00000000,117429.05000000,111684.79000000,116935.99000000,23128.09037000
BTCUSDT,2025-08-23,116936.00000000,117030.00000000,114560.00000000,115438.05000000,11329.36197000
BTCUSDT,2025-08-24,115438.06000000,115666.68000000,110680.00000000,113493.59000000,21175.98462000
BTCUSDT,2025-08-25,113493.59000000,113667.28000000,109274.10000000,110111.98000000,25182.79379000
BTCUSDT,2025-08-26,110111.98000000,112371.00000000,108666.66000000,111763.22000000,18452.43877000
BTCUSDT,2025-08-27,111763.22000000,112625.00000000,110345.42000000,111262.01000000,13392.60875000
BTCUSDT,2025-08-28,111262.01000000,113485.90000000,110862.42000000,112566.90000000,11104.27744000
BTCUSDT,2025-08-29,112566.90000000,112638.64000000,107463.90000000,108377.40000000,22580.31045000
BTCUSDT,2025-08-30,108377.40000000,108926.15000000,107350.10000000,108816.33000000,10708.39159000
BTCUSDT,2025-08-31,108816.33000000,109480.02000000,108076.93000000,108246.35000000,9489.51596000
BTCUSDT,2025-09-01,108246.36000000,109912.40000000,107255.00000000,109237.42000000,16053.60219000
BTCUSDT,2025-09-02,109237.43000000,111771.52000000,108393.39000000,111240.01000000,18510.28756000
BTCUSDT,2025-09-03,111240.01000000,112575.27000000,110528.71000000,111705.71000000,11773.72084000
BTCUSDT,2025-09-04,111705.72000000,112180.00000000,109329.12000000,110730.87000000,12203.13536000
BTCUSDT,2025-09-05,110730.87000000,113384.62000000,110206.96000000,110659.99000000,21587.40888000
BTCUSDT,2025-09-06,110660.00000000,111307.70000000,109977.00000000,110187.97000000,5000.29897000
BTCUSDT,2025-09-07,110187.98000000,111600.00000000,110180.00000000,111137.34000000,5681.29944000
BTCUSDT,2025-09-08,111137.35000000,112924.37000000,110621.78000000,112065.23000000,11582.40211000
BTCUSDT,2025-09-09,112065.23000000,113293.29000000,110766.66000000,111546.39000000,15379.28248000
BTCUSDT,2025-09-10,111546.38000000,114313.13000000,110917.45000000,113960.00000000,17517.41823000
BTCUSDT,2025-09-11,113960.00000000,115488.09000000,113430.00000000,115482.69000000,13676.73119000
BTCUSDT,2025-09-12,115482.69000000,116665.63000000,114740.99000000,116029.42000000,15324.10719000
BTCUSDT,2025-09-13,116029.41000000,116298.78000000,115127.27000000,115918.29000000,8269.40394000
BTCUSDT,2025-09-14,115918.29000000,116165.19000000,115135.00000000,115268.01000000,6707.60197000
BTCUSDT,2025-09-15,115268.01000000,116757.99000000,114384.00000000,115349.71000000,13212.51149000
BTCUSDT,2025-09-16,115349.71000000,116964.27000000,114737.11000000,116788.96000000,10926.90940000
BTCUSDT,2025-09-17,116788.96000000,117286.73000000,114720.81000000,116447.59000000,16754.24540000
BTCUSDT,2025-09-18,116447.60000000,117900.00000000,116092.76000000,117073.53000000,11657.23365000
BTCUSDT,2025-09-19,117073.53000000,117459.99000000,115100.00000000,115632.38000000,8992.09065000
BTCUSDT,2025-09-20,115632.39000000,116121.81000000,115408.47000000,115685.63000000,4674.92752000
BTCUSDT,2025-09-21,115685.63000000,115819.06000000,115188.00000000,115232.29000000,4511.52219000
BTCUSDT,2025-09-22,115232.29000000,115379.25000000,111800.00000000,112650.99000000,20781.71356000
BTCUSDT,2025-09-23,112650.99000000,113290.50000000,111458.73000000,111998.80000000,12301.32030000
BTCUSDT,2025-09-24,111998.80000000,113940.00000000,111042.66000000,113307.00000000,12369.25967000
BTCUSDT,2025-09-25,113307.01000000,113510.23000000,108631.51000000,108994.49000000,21231.14957000
BTCUSDT,2025-09-26,108994.49000000,110300.00000000,108620.07000000,109643.46000000,14243.01591000
BTCUSDT,2025-09-27,109643.46000000,109743.91000000,109064.40000000,109635.85000000,5501.78643000
BTCUSDT,2025-09-28,109635.85000000,112350.00000000,109189.99000000,112163.95000000,7542.33160000
BTCUSDT,2025-09-29,112163.96000000,114400.00000000,111560.65000000,114311.96000000,15541.12005000
BTCUSDT,2025-09-30,114311.97000000,114792.00000000,112656.27000000,114048.93000000,15044.15633000
BTCUSDT,2025-10-01,114048.94000000,118649.10000000,113966.67000000,118594.99000000,20036.39516000
BTCUSDT,2025-10-02,118594.99000000,121022.07000000,118279.31000000,120529.35000000,19670.83503000
BTCUSDT,2025-10-03,120529.35000000,123894.99000000,119248.30000000,122232.00000000,23936.32800000
BTCUSDT,2025-10-04,122232.21000000,122800.00000000,121510.00000000,122391.00000000,8208.16678000
BTCUSDT,2025-10-05,122390.99000000,125708.42000000,122136.00000000,123482.31000000,22043.09755300
ETHUSDT,2021-01-01,736.42000000,749.00000000,714.29000000,728.91000000,675114.09329000
ETHUSDT,2021-01-02,728.91000000,787.69000000,714.91000000,774.56000000,1352618.57668000
ETHUSDT,2021-01-03,774.44000000,1011.07000000,768.71000000,978.28000000,2813603.88615000
ETHUSDT,2021-01-04,978.33000000,1162.97000000,890.00000000,1041.43000000,4245010.94004000
ETHUSDT,2021-01-05,1041.45000000,1134.60000000,974.45000000,1099.56000000,2706995.67525000
ETHUSDT,2021-01-06,1100.16000000,1213.00000000,1057.26000000,1208.42000000,2390136.59334000
ETHUSDT,2021-01-07,1208.75000000,1289.00000000,1131.00000000,1224.87000000,1972922.82059000
ETHUSDT,2021-01-08,1224.86000000,1273.75000000,1065.00000000,1216.93000000,2131172.92341000
ETHUSDT,2021-01-09,1216.72000000,1304.37000000,1171.36000000,1276.00000000,1448871.11514000
ETHUSDT,2021-01-10,1276.00000000,1348.33000000,1170.00000000,1254.25000000,1951179.35003000
ETHUSDT,2021-01-11,1254.24000000,1260.00000000,915.00000000,1087.01000000,4099450.90046000
ETHUSDT,2021-01-12,1087.00000000,1150.02000000,1006.33000000,1050.16000000,2302645.34052000
ETHUSDT,2021-01-13,1050.36000000,1137.65000000,987.48000000,1129.89000000,1564202.39081000
ETHUSDT,2021-01-14,1129.79000000,1247.55000000,1086.70000000,1231.62000000,1555737.38556000
ETHUSDT,2021-01-15,1231.89000000,1256.98000000,1069.42000000,1168.53000000,1944038.83738000
ETHUSDT,2021-01-16,1168.48000000,1298.00000000,1151.77000000,1227.83000000,1575384.43797000
ETHUSDT,2021-01-17,1227.83000000,1269.02000000,1165.00000000,1232.45000000,1317285.00579000
ETHUSDT,2021-01-18,1232.50000000,1260.75000000,1182.58000000,1258.45000000,998050.11073000
ETHUSDT,2021-01-19,1258.52000000,1438.30000000,1251.49000000,1365.36000000,2278852.55758000
ETHUSDT,2021-01-20,1365.36000000,1407.93000000,1235.42000000,1376.99000000,2219137.62144000
ETHUSDT,2021-01-21,1376.72000000,1390.00000000,1086.00000000,1110.96000000,2310208.57298000
ETHUSDT,2021-01-22,1111.98000000,1273.79000000,1042.31000000,1232.62000000,2020593.21673000
ETHUSDT,2021-01-23,1232.61000000,1272.44000000,1195.90000000,1233.60000000,1009545.08258000
ETHUSDT,2021-01-24,1233.46000000,1398.83000000,1220.00000000,1392.51000000,1510879.53817000
ETHUSDT,2021-01-25,1392.19000000,1475.00000000,1293.69000000,1317.88000000,1885441.31289000
ETHUSDT,2021-01-26,1317.60000000,1378.49000000,1244.56000000,1365.97000000,1682923.65799000
ETHUSDT,2021-01-27,1366.54000000,1373.90000000,1207.00000000,1239.03000000,2009772.08358000
ETHUSDT,2021-01-28,1238.93000000,1360.00000000,1217.23000000,1329.69000000,1365269.71962000
ETHUSDT,2021-01-29,1329.44000000,1436.90000000,1285.35000000,1379.50000000,2253963.18682000
ETHUSDT,2021-01-30,1379.56000000,1406.00000000,1326.41000000,1378.05000000,1040042.23630000
ETHUSDT,2021-01-31,1378.04000000,1380.74000000,1281.12000000,1312.55000000,958704.85571000
ETHUSDT,2021-02-01,1312.45000000,1377.99000000,1269.99000000,1374.17000000,1096397.91862000
ETHUSDT,2021-02-02,1374.09000000,1547.90000000,1360.28000000,1511.87000000,1944227.99878000
ETHUSDT,2021-02-03,1511.93000000,1669.35000000,1508.39000000,1664.49000000,1535869.88801000
ETHUSDT,2021-02-04,1664.67000000,1695.20000000,1554.44000000,1595.67000000,1646502.32962000
ETHUSDT,2021-02-05,1595.53000000,1760.49000000,1591.00000000,1719.19000000,1194123.29946000
ETHUSDT,2021-02-06,1718.95000000,1743.67000000,1642.94000000,1676.35000000,1149808.33101000
ETHUSDT,2021-02-07,1676.35000000,1693.00000000,1490.46000000,1611.62000000,1281734.86814000
ETHUSDT,2021-02-08,1611.46000000,1775.57000000,1563.89000000,1750.15000000,1339777.09536000
ETHUSDT,2021-02-09,1749.68000000,1821.88000000,1708.49000000,1769.13000000,1185071.89593000
ETHUSDT,2021-02-10,1769.14000000,1837.86000000,1680.00000000,1740.78000000,1219932.25474000
ETHUSDT,2021-02-11,1740.76000000,1819.00000000,1703.44000000,1785.62000000,735079.82699000
ETHUSDT,2021-02-12,1785.83000000,1864.88000000,1739.88000000,1840.26000000,909600.20653000
ETHUSDT,2021-02-13,1840.24000000,1871.72000000,1765.00000000,1814.96000000,767589.07285000
ETHUSDT,2021-02-14,1815.25000000,1850.00000000,1784.11000000,1800.42000000,675261.77873000
ETHUSDT,2021-02-15,1800.03000000,1835.72000000,1655.67000000,1779.25000000,1053474.57879000
ETHUSDT,2021-02-16,1779.33000000,1827.28000000,1724.00000000,1781.99000000,817493.47513000
ETHUSDT,2021-02-17,1781.99000000,1855.00000000,1733.01000000,1849.88000000,795711.63311000
ETHUSDT,2021-02-18,1849.70000000,1950.50000000,1849.69000000,1939.61000000,937227.10191000
ETHUSDT,2021-02-19,1938.91000000,1972.82000000,1891.00000000,1955.00000000,793404.41150000
ETHUSDT,2021-02-20,1955.46000000,2042.34000000,1803.14000000,1913.00000000,1261315.81279000
ETHUSDT,2021-02-21,1912.90000000,1976.31000000,1883.01000000,1933.53000000,756568.19743000
ETHUSDT,2021-02-22,1933.54000000,1936.29000000,1551.00000000,1777.58000000,1807244.98099000
ETHUSDT,2021-02-23,1777.42000000,1782.39000000,1355.00000000,1577.89000000,2547837.82068000
ETHUSDT,2021-02-24,1577.79000000,1712.70000000,1500.20000000,1623.39000000,1384388.81727000
ETHUSDT,2021-02-25,1623.16000000,1671.59000000,1459.16000000,1481.75000000,1032670.79409000
ETHUSDT,2021-02-26,1482.08000000,1562.25000000,1400.00000000,1444.59000000,1355973.29378000
ETHUSDT,2021-02-27,1444.56000000,1529.00000000,1425.00000000,1458.13000000,927423.04750000
ETHUSDT,2021-02-28,1458.27000000,1468.75000000,1293.18000000,1419.18000000,1410207.56284000
ETHUSDT,2021-03-01,1418.67000000,1572.00000000,1409.91000000,1569.86000000,1094695.17839000
ETHUSDT,2021-03-02,1570.00000000,1602.90000000,1455.52000000,1486.78000000,1061142.38743000
ETHUSDT,2021-03-03,1486.79000000,1656.94000000,1475.47000000,1567.69000000,1054846.31471000
ETHUSDT,2021-03-04,1567.68000000,1624.87000000,1506.36000000,1539.23000000,946365.67088000
ETHUSDT,2021-03-05,1539.22000000,1548.96000000,1441.66000000,1528.31000000,910786.28976000
ETHUSDT,2021-03-06,1528.08000000,1671.58000000,1513.03000000,1650.35000000,1013300.93928000
ETHUSDT,2021-03-07,1650.68000000,1734.16000000,1630.35000000,1726.16000000,848470.78136000
ETHUSDT,2021-03-08,1726.46000000,1843.59000000,1664.96000000,1833.18000000,1149711.39987000
ETHUSDT,2021-03-09,1833.22000000,1870.77000000,1798.20000000,1870.51000000,857229.47855000
ETHUSDT,2021-03-10,1870.50000000,1877.69000000,1757.00000000,1795.12000000,937230.62831000
ETHUSDT,2021-03-11,1795.28000000,1846.70000000,1725.00000000,1825.78000000,909011.49610000
ETHUSDT,2021-03-12,1825.78000000,1841.88000000,1719.72000000,1766.10000000,869564.63610000
ETHUSDT,2021-03-13,1766.13000000,1944.30000000,1727.75000000,1922.35000000,926283.22642000
ETHUSDT,2021-03-14,1922.35000000,1933.10000000,1836.00000000,1848.10000000,637963.63627000
ETHUSDT,2021-03-15,1848.10000000,1891.76000000,1730.00000000,1793.48000000,1025326.79658000
ETHUSDT,2021-03-16,1793.99000000,1819.50000000,1711.68000000,1805.12000000,764993.40147000
ETHUSDT,2021-03-17,1805.01000000,1838.88000000,1741.18000000,1823.58000000,658349.44843000
ETHUSDT,2021-03-18,1823.58000000,1850.00000000,1759.04000000,1776.08000000,603721.61056000
ETHUSDT,2021-03-19,1775.92000000,1840.61000000,1733.47000000,1809.10000000,500258.42875000
ETHUSDT,2021-03-20,1809.01000000,1868.83000000,1800.86000000,1806.10000000,451556.10639000
ETHUSDT,2021-03-21,1806.57000000,1817.16000000,1747.00000000,1782.98000000,465953.98749000
ETHUSDT,2021-03-22,1783.23000000,1807.51000000,1655.15000000,1680.97000000,582727.49081000
ETHUSDT,2021-03-23,1681.17000000,1721.17000000,1650.00000000,1668.08000000,577213.99589000
ETHUSDT,2021-03-24,1668.20000000,1740.86000000,1536.92000000,1581.84000000,753834.52393000
ETHUSDT,2021-03-25,1581.88000000,1622.00000000,1549.40000000,1585.74000000,701697.00258000
ETHUSDT,2021-03-26,1585.83000000,1699.93000000,1585.79000000,1698.84000000,515470.92907000
ETHUSDT,2021-03-27,1698.84000000,1732.67000000,1666.41000000,1712.63000000,443845.49957000
ETHUSDT,2021-03-28,1712.52000000,1725.66000000,1661.40000000,1687.01000000,348895.51314000
ETHUSDT,2021-03-29,1687.16000000,1841.00000000,1677.85000000,1816.74000000,647724.46387000
ETHUSDT,2021-03-30,1816.76000000,1859.13000000,1786.30000000,1840.46000000,568842.00526000
ETHUSDT,2021-03-31,1840.41000000,1947.29000000,1768.15000000,1919.37000000,746995.85910000
ETHUSDT,2021-04-01,1919.37000000,1984.77000000,1885.02000000,1968.05000000,741585.07266000
ETHUSDT,2021-04-02,1968.05000000,2146.00000000,1948.48000000,2133.69000000,846197.93215000
ETHUSDT,2021-04-03,2133.69000000,2138.12000000,1996.30000000,2008.52000000,770176.32192000
ETHUSDT,2021-04-04,2008.59000000,2091.83000000,1975.24000000,2075.69000000,514345.76554000
ETHUSDT,2021-04-05,2075.70000000,2130.64000000,2002.15000000,2107.38000000,684923.61494000
ETHUSDT,2021-04-06,2107.43000000,2151.00000000,2044.65000000,2112.21000000,673386.05575000
ETHUSDT,2021-04-07,2112.22000000,2129.01000000,1930.01000000,1963.47000000,892984.90422000
ETHUSDT,2021-04-08,1963.46000000,2084.61000000,1947.35000000,2080.46000000,501355.99800000
ETHUSDT,2021-04-09,2080.39000000,2100.00000000,2047.57000000,2066.87000000,426387.43790000
ETHUSDT,2021-04-10,2067.19000000,2200.00000000,2058.00000000,2133.49000000,655458.20894000
ETHUSDT,2021-04-11,2133.49000000,2165.02000000,2113.40000000,2151.36000000,392265.50773000
ETHUSDT,2021-04-12,2151.42000000,2203.46000000,2102.00000000,2137.69000000,579093.35694000
ETHUSDT,2021-04-13,2137.86000000,2318.00000000,2135.53000000,2299.19000000,782608.62090000
ETHUSDT,2021-04-14,2299.19000000,2447.29000000,2281.33000000,2432.60000000,972931.60866000
ETHUSDT,2021-04-15,2432.59000000,2543.47000000,2400.00000000,2514.04000000,681950.96645000
ETHUSDT,2021-04-16,2514.04000000,2548.29000000,2300.00000000,2422.67000000,999163.75205000
ETHUSDT,2021-04-17,2422.38000000,2495.00000000,2310.00000000,2317.60000000,624232.25568000
ETHUSDT,2021-04-18,2317.65000000,2340.00000000,1946.80000000,2235.64000000,1475383.69204000
ETHUSDT,2021-04-19,2235.65000000,2300.00000000,2080.00000000,2161.12000000,820592.26555000
ETHUSDT,2021-04-20,2161.12000000,2346.62000000,2055.00000000,2330.03000000,992240.80900000
ETHUSDT,2021-04-21,2330.26000000,2469.54000000,2235.16000000,2357.06000000,1177885.86170000
ETHUSDT,2021-04-22,2357.06000000,2644.47000000,2303.44000000,2397.94000000,2220753.09746000
ETHUSDT,2021-04-23,2397.94000000,2442.89000000,2107.00000000,2367.39000000,2532242.44185000
ETHUSDT,2021-04-24,2367.39000000,2368.74000000,2154.80000000,2213.35000000,997688.94623000
ETHUSDT,2021-04-25,2214.08000000,2356.64000000,2168.00000000,2320.49000000,857517.38218000
ETHUSDT,2021-04-26,2320.44000000,2542.80000000,2303.64000000,2532.60000000,1076469.01367000
ETHUSDT,2021-04-27,2532.06000000,2680.00000000,2480.29000000,2666.13000000,771728.46451000
ETHUSDT,2021-04-28,2666.13000000,2760.00000000,2559.44000000,2748.24000000,999383.18520000
ETHUSDT,2021-04-29,2748.23000000,2798.00000000,2668.00000000,2757.04000000,863890.01069000
ETHUSDT,2021-04-30,2757.04000000,2798.30000000,2723.09000000,2772.42000000,695339.20482000
ETHUSDT,2021-05-01,2772.42000000,2954.28000000,2743.41000000,2944.77000000,690260.07741000
ETHUSDT,2021-05-02,2944.83000000,2985.00000000,2852.26000000,2949.56000000,571982.54450000
ETHUSDT,2021-05-03,2949.33000000,3454.00000000,2949.32000000,3431.04000000,1329088.06280000
ETHUSDT,2021-05-04,3431.04000000,3527.00000000,3160.00000000,3239.01000000,1826039.38558000
ETHUSDT,2021-05-05,3239.01000000,3549.34000000,3200.23000000,3524.26000000,1174816.73588000
ETHUSDT,2021-05-06,3524.33000000,3605.40000000,3376.47000000,3489.73000000,920592.57706000
ETHUSDT,2021-05-07,3489.74000000,3587.00000000,3353.23000000,3479.53000000,760544.64781000
ETHUSDT,2021-05-08,3479.79000000,3958.33000000,3449.27000000,3910.26000000,1130467.54852000
ETHUSDT,2021-05-09,3910.26000000,3983.65000000,3726.08000000,3923.95000000,1000401.00820000
ETHUSDT,2021-05-10,3923.95000000,4208.00000000,3650.00000000,3945.88000000,1505897.92612000
ETHUSDT,2021-05-11,3946.63000000,4180.22000000,3771.64000000,4173.45000000,1095927.10403000
ETHUSDT,2021-05-12,4173.46000000,4372.72000000,3701.58000000,3823.21000000,1601842.74017000
ETHUSDT,2021-05-13,3810.15000000,4034.77000000,3500.00000000,3717.91000000,2068708.17427000
ETHUSDT,2021-05-14,3717.92000000,4173.28000000,3691.35000000,4075.01000000,1153390.42631000
ETHUSDT,2021-05-15,4075.02000000,4134.05000000,3632.00000000,3646.68000000,1039174.88082000
ETHUSDT,2021-05-16,3646.24000000,3879.00000000,3343.06000000,3582.10000000,1324065.65875000
ETHUSDT,2021-05-17,3581.81000000,3587.06000000,3102.00000000,3282.51000000,1904012.43998000
ETHUSDT,2021-05-18,3282.25000000,3565.71000000,3240.00000000,3375.07000000,1287110.84143000
ETHUSDT,2021-05-19,3375.08000000,3441.73000000,1888.00000000,2438.92000000,4309836.31939000
ETHUSDT,2021-05-20,2438.92000000,2990.05000000,2155.00000000,2768.62000000,2942777.93010000
ETHUSDT,2021-05-21,2767.87000000,2938.54000000,2101.00000000,2430.98000000,2727031.93514000
ETHUSDT,2021-05-22,2430.98000000,2485.00000000,2145.00000000,2294.87000000,1684318.01157000
ETHUSDT,2021-05-23,2295.45000000,2381.57000000,1728.74000000,2096.39000000,2914548.73125000
ETHUSDT,2021-05-24,2096.63000000,2675.00000000,2079.94000000,2648.43000000,2186632.92245000
ETHUSDT,2021-05-25,2647.92000000,2750.00000000,2378.54000000,2705.11000000,2115349.50445000
ETHUSDT,2021-05-26,2705.10000000,2910.00000000,2643.00000000,2884.94000000,1583799.59251000
ETHUSDT,2021-05-27,2884.82000000,2889.74000000,2633.68000000,2742.23000000,1099029.91206000
ETHUSDT,2021-05-28,2742.23000000,2762.45000000,2327.38000000,2412.10000000,1554584.61362000
ETHUSDT,2021-05-29,2412.34000000,2574.27000000,2204.10000000,2278.74000000,1379427.18851000
ETHUSDT,2021-05-30,2278.74000000,2476.42000000,2180.53000000,2385.98000000,1151113.19883000
ETHUSDT,2021-05-31,2385.82000000,2720.00000000,2271.44000000,2706.15000000,1307958.04068000
ETHUSDT,2021-06-01,2706.15000000,2740.00000000,2523.74000000,2634.57000000,1179577.10806000
ETHUSDT,2021-06-02,2634.31000000,2802.99000000,2550.00000000,2706.22000000,970070.53563000
ETHUSDT,2021-06-03,2706.21000000,2891.95000000,2662.40000000,2857.25000000,1024290.89423000
ETHUSDT,2021-06-04,2857.25000000,2860.00000000,2552.00000000,2689.51000000,1188314.11191000
ETHUSDT,2021-06-05,2689.54000000,2816.87000000,2552.23000000,2627.73000000,961824.12413000
ETHUSDT,2021-06-06,2627.63000000,2745.00000000,2614.00000000,2711.92000000,673792.69369000
ETHUSDT,2021-06-07,2711.92000000,2847.55000000,2570.00000000,2592.05000000,1152128.07856000
ETHUSDT,2021-06-08,2592.05000000,2620.99000000,2304.91000000,2507.23000000,1693747.42759000
ETHUSDT,2021-06-09,2507.43000000,2626.63000000,2405.28000000,2610.18000000,1276718.24011000
ETHUSDT,2021-06-10,2610.20000000,2624.46000000,2425.11000000,2471.09000000,741237.49926000
ETHUSDT,2021-06-11,2471.01000000,2497.99000000,2321.37000000,2354.01000000,587364.27358000
ETHUSDT,2021-06-12,2354.09000000,2454.53000000,2256.22000000,2370.74000000,767439.49840000
ETHUSDT,2021-06-13,2370.64000000,2548.41000000,2308.41000000,2509.33000000,715948.75986000
ETHUSDT,2021-06-14,2509.33000000,2609.17000000,2461.00000000,2580.77000000,684183.55622000
ETHUSDT,2021-06-15,2580.58000000,2640.00000000,2507.70000000,2543.54000000,599826.64933000
ETHUSDT,2021-06-16,2543.55000000,2556.19000000,2351.18000000,2367.89000000,624741.78358000
ETHUSDT,2021-06-17,2368.02000000,2460.50000000,2306.00000000,2373.28000000,560667.58566000
ETHUSDT,2021-06-18,2373.28000000,2378.00000000,2139.00000000,2234.09000000,778905.20197000
ETHUSDT,2021-06-19,2234.09000000,2278.82000000,2161.67000000,2164.67000000,496872.24997000
ETHUSDT,2021-06-20,2165.34000000,2280.01000000,2040.68000000,2243.47000000,743883.64741000
ETHUSDT,2021-06-21,2243.49000000,2260.16000000,1865.54000000,1885.49000000,1629819.66576000
ETHUSDT,2021-06-22,1885.27000000,1998.00000000,1700.48000000,1879.28000000,1695338.08052000
ETHUSDT,2021-06-23,1879.29000000,2045.00000000,1821.95000000,1968.14000000,918612.30494000
ETHUSDT,2021-06-24,1967.95000000,2036.61000000,1884.79000000,1989.52000000,701231.67478000
ETHUSDT,2021-06-25,1989.53000000,2019.99000000,1791.22000000,1808.82000000,858808.54767000
ETHUSDT,2021-06-26,1808.97000000,1852.80000000,1717.32000000,1829.64000000,832315.14904000
ETHUSDT,2021-06-27,1829.84000000,1984.50000000,1804.26000000,1982.28000000,696055.79307000
ETHUSDT,2021-06-28,1982.27000000,2145.00000000,1960.52000000,2084.41000000,1044244.68308000
ETHUSDT,2021-06-29,2084.42000000,2245.00000000,2073.57000000,2165.33000000,831257.23277000
ETHUSDT,2021-06-30,2165.46000000,2287.78000000,2087.99000000,2275.68000000,910583.60320000
ETHUSDT,2021-07-01,2275.68000000,2275.93000000,2073.12000000,2106.41000000,787865.25137000
ETHUSDT,2021-07-02,2106.41000000,2160.00000000,2018.50000000,2154.13000000,672282.37476000
ETHUSDT,2021-07-03,2153.95000000,2240.00000000,2112.01000000,2226.99000000,569264.80100000
ETHUSDT,2021-07-04,2226.99000000,2389.93000000,2189.58000000,2322.69000000,590656.25069000
ETHUSDT,2021-07-05,2322.69000000,2324.64000000,2157.32000000,2196.53000000,781806.31605000
ETHUSDT,2021-07-06,2196.85000000,2350.00000000,2193.00000000,2322.50000000,785330.17152000
ETHUSDT,2021-07-07,2322.51000000,2409.00000000,2291.90000000,2316.57000000,666501.35572000
ETHUSDT,2021-07-08,2316.25000000,2325.60000000,2084.79000000,2116.33000000,880265.04124000
ETHUSDT,2021-07-09,2116.32000000,2189.40000000,2046.51000000,2146.99000000,738611.36304000
ETHUSDT,2021-07-10,2146.99000000,2194.82000000,2074.16000000,2110.69000000,499071.85904000
ETHUSDT,2021-07-11,2110.68000000,2174.00000000,2081.02000000,2140.45000000,342294.40302000
ETHUSDT,2021-07-12,2140.54000000,2167.83000000,2006.68000000,2031.58000000,540630.10742000
ETHUSDT,2021-07-13,2031.57000000,2047.35000000,1918.00000000,1940.15000000,647388.24969000
ETHUSDT,2021-07-14,1940.44000000,2019.18000000,1865.00000000,1994.58000000,690505.60937000
ETHUSDT,2021-07-15,1994.41000000,2042.88000000,1881.00000000,1919.51000000,645271.32563000
ETHUSDT,2021-07-16,1919.54000000,1965.00000000,1850.00000000,1876.26000000,577068.89724000
ETHUSDT,2021-07-17,1876.47000000,1919.19000000,1844.45000000,1899.59000000,430300.51578000
ETHUSDT,2021-07-18,1899.50000000,1993.79000000,1877.10000000,1891.64000000,534837.63654000
ETHUSDT,2021-07-19,1891.65000000,1919.00000000,1805.00000000,1818.73000000,547419.93771000
ETHUSDT,2021-07-20,1818.73000000,1841.34000000,1706.00000000,1786.03000000,786257.27200000
ETHUSDT,2021-07-21,1786.03000000,2035.23000000,1747.55000000,1995.50000000,1115949.82033000
ETHUSDT,2021-07-22,1995.50000000,2046.00000000,1947.62000000,2024.56000000,768854.36590000
ETHUSDT,2021-07-23,2024.27000000,2130.90000000,1993.22000000,2124.25000000,708160.91322000
ETHUSDT,2021-07-24,2124.26000000,2199.50000000,2105.58000000,2184.75000000,633075.18592000
ETHUSDT,2021-07-25,2184.90000000,2197.41000000,2105.93000000,2189.79000000,535630.27000000
ETHUSDT,2021-07-26,2189.82000000,2433.65000000,2171.57000000,2228.08000000,1393738.16300000
ETHUSDT,2021-07-27,2227.81000000,2319.26000000,2150.50000000,2299.49000000,906359.23478000
ETHUSDT,2021-07-28,2299.47000000,2345.00000000,2243.15000000,2300.90000000,718202.57727000
ETHUSDT,2021-07-29,2300.90000000,2400.00000000,2266.12000000,2382.92000000,499364.83496000
ETHUSDT,2021-07-30,2382.93000000,2471.70000000,2315.92000000,2461.81000000,762577.28797000
ETHUSDT,2021-07-31,2461.77000000,2553.86000000,2420.68000000,2531.05000000,507601.05026000
ETHUSDT,2021-08-01,2531.10000000,2697.61000000,2511.24000000,2555.69000000,853495.94078000
ETHUSDT,2021-08-02,2555.50000000,2666.00000000,2507.00000000,2606.93000000,726701.84952000
ETHUSDT,2021-08-03,2606.92000000,2632.44000000,2442.32000000,2509.04000000,792960.84375000
ETHUSDT,2021-08-04,2508.51000000,2772.71000000,2457.68000000,2724.78000000,954590.75360000
ETHUSDT,2021-08-05,2724.55000000,2843.98000000,2529.91000000,2826.99000000,1307720.20654000
ETHUSDT,2021-08-06,2827.01000000,2946.75000000,2720.06000000,2891.58000000,825399.48637000
ETHUSDT,2021-08-07,2891.54000000,3171.00000000,2865.50000000,3160.31000000,1205277.10095000
ETHUSDT,2021-08-08,3160.48000000,3189.99000000,2949.03000000,3011.85000000,966349.70579000
ETHUSDT,2021-08-09,3011.84000000,3186.00000000,2893.23000000,3160.52000000,1129584.61614000
ETHUSDT,2021-08-10,3160.51000000,3233.00000000,3051.22000000,3141.66000000,880675.74443000
ETHUSDT,2021-08-11,3141.14000000,3274.00000000,3120.27000000,3160.50000000,732546.60433000
ETHUSDT,2021-08-12,3160.40000000,3239.00000000,2979.29000000,3045.96000000,737628.45808000
ETHUSDT,2021-08-13,3046.11000000,3327.83000000,3033.80000000,3322.32000000,579333.40323000
ETHUSDT,2021-08-14,3322.33000000,3330.98000000,3200.00000000,3263.16000000,486102.53787000
ETHUSDT,2021-08-15,3263.16000000,3320.00000000,3111.13000000,3307.09000000,565579.67765000
ETHUSDT,2021-08-16,3307.35000000,3335.00000000,3135.22000000,3146.53000000,635667.05422000
ETHUSDT,2021-08-17,3147.18000000,3290.00000000,2991.89000000,3011.72000000,804996.06971000
ETHUSDT,2021-08-18,3011.73000000,3125.81000000,2950.00000000,3014.55000000,625103.25568000
ETHUSDT,2021-08-19,3014.18000000,3188.00000000,2958.33000000,3184.12000000,634769.92174000
ETHUSDT,2021-08-20,3184.11000000,3300.00000000,3177.16000000,3284.82000000,558127.45540000
ETHUSDT,2021-08-21,3284.81000000,3309.16000000,3207.00000000,3223.43000000,421156.09084000
ETHUSDT,2021-08-22,3223.36000000,3272.00000000,3126.42000000,3238.00000000,406479.07654000
ETHUSDT,2021-08-23,3238.00000000,3377.89000000,3230.02000000,3321.28000000,602103.44614000
ETHUSDT,2021-08-24,3321.28000000,3357.85000000,3147.31000000,3170.62000000,540480.07853000
ETHUSDT,2021-08-25,3170.63000000,3248.00000000,3080.00000000,3226.87000000,483697.69444000
ETHUSDT,2021-08-26,3226.88000000,3250.00000000,3053.30000000,3093.20000000,442298.47372000
ETHUSDT,2021-08-27,3093.06000000,3280.00000000,3060.18000000,3273.45000000,451027.80711000
ETHUSDT,2021-08-28,3273.89000000,3287.00000000,3210.31000000,3244.48000000,262360.34921000
ETHUSDT,2021-08-29,3244.75000000,3285.00000000,3152.34000000,3223.47000000,335806.78270000
ETHUSDT,2021-08-30,3223.47000000,3347.95000000,3143.00000000,3229.64000000,625347.27541000
ETHUSDT,2021-08-31,3229.14000000,3476.00000000,3188.77000000,3429.20000000,863071.13092000
ETHUSDT,2021-09-01,3429.19000000,3842.00000000,3382.22000000,3826.82000000,845759.95868000
ETHUSDT,2021-09-02,3826.82000000,3836.80000000,3717.04000000,3785.82000000,525165.79960000
ETHUSDT,2021-09-03,3785.82000000,4027.88000000,3705.05000000,3938.11000000,655903.75739000
ETHUSDT,2021-09-04,3938.11000000,3970.00000000,3832.50000000,3885.52000000,364478.11930000
ETHUSDT,2021-09-05,3885.61000000,3980.00000000,3830.00000000,3950.29000000,365759.85970000
ETHUSDT,2021-09-06,3950.28000000,3970.00000000,3864.30000000,3926.77000000,397768.57830000
ETHUSDT,2021-09-07,3926.67000000,3947.15000000,3005.00000000,3434.57000000,1203536.00209000
ETHUSDT,2021-09-08,3434.84000000,3560.00000000,3215.16000000,3499.00000000,780611.76570000
ETHUSDT,2021-09-09,3499.01000000,3567.06000000,3390.40000000,3424.93000000,628553.88310000
ETHUSDT,2021-09-10,3424.94000000,3514.11000000,3150.00000000,3208.86000000,633026.26590000
ETHUSDT,2021-09-11,3208.85000000,3348.37000000,3200.00000000,3267.21000000,413524.17610000
ETHUSDT,2021-09-12,3267.10000000,3474.16000000,3231.10000000,3404.21000000,408858.95950000
ETHUSDT,2021-09-13,3404.30000000,3430.30000000,3108.49000000,3285.35000000,647855.71990000
ETHUSDT,2021-09-14,3285.09000000,3437.05000000,3269.95000000,3434.37000000,373634.90260000
ETHUSDT,2021-09-15,3434.37000000,3616.16000000,3357.78000000,3613.55000000,428507.52780000
ETHUSDT,2021-09-16,3613.55000000,3676.28000000,3481.14000000,3567.98000000,467985.49190000
ETHUSDT,2021-09-17,3567.97000000,3594.17000000,3350.07000000,3399.81000000,398888.37050000
ETHUSDT,2021-09-18,3399.89000000,3541.96000000,3368.88000000,3435.64000000,315162.76270000
ETHUSDT,2021-09-19,3435.64000000,3456.53000000,3277.74000000,3328.62000000,312948.00130000
ETHUSDT,2021-09-20,3328.57000000,3347.82000000,2913.39000000,2977.28000000,917939.57849000
ETHUSDT,2021-09-21,2977.32000000,3105.83000000,2652.00000000,2765.90000000,971519.88941000
ETHUSDT,2021-09-22,2766.72000000,3088.88000000,2737.54000000,3076.92000000,677457.64825000
ETHUSDT,2021-09-23,3076.92000000,3174.50000000,3033.85000000,3152.50000000,459293.88580000
ETHUSDT,2021-09-24,3152.41000000,3158.52000000,2733.00000000,2928.53000000,932090.88560000
ETHUSDT,2021-09-25,2928.22000000,2967.52000000,2801.57000000,2921.73000000,491974.02260000
ETHUSDT,2021-09-26,2921.84000000,3115.51000000,2738.17000000,3059.37000000,703594.47800000
ETHUSDT,2021-09-27,3059.36000000,3164.94000000,2922.71000000,2925.59000000,510130.73190000
ETHUSDT,2021-09-28,2924.76000000,2970.82000000,2789.00000000,2804.91000000,511325.46430000
ETHUSDT,2021-09-29,2805.15000000,2950.00000000,2782.00000000,2850.45000000,411305.08930000
ETHUSDT,2021-09-30,2850.45000000,3048.42000000,2837.19000000,3000.61000000,506896.76120000
ETHUSDT,2021-10-01,3000.62000000,3330.00000000,2969.07000000,3309.91000000,648714.61510000
ETHUSDT,2021-10-02,3309.91000000,3469.00000000,3257.00000000,3387.76000000,422551.18110000
ETHUSDT,2021-10-03,3387.77000000,3488.00000000,3342.51000000,3417.73000000,360586.89050000
ETHUSDT,2021-10-04,3417.73000000,3437.19000000,3270.00000000,3386.31000000,485204.64200000
ETHUSDT,2021-10-05,3386.31000000,3545.00000000,3363.78000000,3515.27000000,393900.88180000
ETHUSDT,2021-10-06,3515.48000000,3632.11000000,3342.00000000,3574.89000000,618265.54020000
ETHUSDT,2021-10-07,3574.88000000,3653.98000000,3470.80000000,3587.47000000,486102.35910000
ETHUSDT,2021-10-08,3587.47000000,3695.00000000,3532.00000000,3563.13000000,403597.14370000
ETHUSDT,2021-10-09,3563.13000000,3635.00000000,3538.07000000,3574.82000000,361906.75140000
ETHUSDT,2021-10-10,3574.83000000,3604.00000000,3405.00000000,3414.22000000,580223.63020000
ETHUSDT,2021-10-11,3414.22000000,3623.80000000,3371.00000000,3542.12000000,493521.88200000
ETHUSDT,2021-10-12,3542.12000000,3547.11000000,3403.21000000,3491.46000000,409377.19180000
ETHUSDT,2021-10-13,3491.43000000,3613.00000000,3412.70000000,3607.42000000,393463.12220000
ETHUSDT,2021-10-14,3607.41000000,3824.00000000,3586.04000000,3790.82000000,481894.14730000
ETHUSDT,2021-10-15,3790.82000000,3907.77000000,3734.10000000,3868.99000000,504321.73200000
ETHUSDT,2021-10-16,3868.38000000,3971.00000000,3803.56000000,3829.96000000,373727.85490000
ETHUSDT,2021-10-17,3829.96000000,3919.19000000,3640.00000000,3846.85000000,368898.98310000
ETHUSDT,2021-10-18,3847.00000000,3893.14000000,3676.00000000,3744.96000000,401819.97340000
ETHUSDT,2021-10-19,3744.96000000,3886.89000000,3732.00000000,3877.03000000,341268.37230000
ETHUSDT,2021-10-20,3876.98000000,4169.00000000,3828.05000000,4161.15000000,537383.09732000
ETHUSDT,2021-10-21,4161.37000000,4375.00000000,4013.13000000,4052.99000000,798566.55805000
ETHUSDT,2021-10-22,4053.00000000,4167.41000000,3888.00000000,3972.20000000,463222.54280000
ETHUSDT,2021-10-23,3972.19000000,4172.00000000,3937.51000000,4167.12000000,326576.96010000
ETHUSDT,2021-10-24,4167.13000000,4186.57000000,3961.50000000,4082.33000000,350115.83860000
ETHUSDT,2021-10-25,4082.33000000,4236.00000000,4067.71000000,4220.37000000,347438.65340000
ETHUSDT,2021-10-26,4220.36000000,4297.00000000,4090.21000000,4131.52000000,414498.15990000
ETHUSDT,2021-10-27,4131.52000000,4307.00000000,3909.00000000,3922.00000000,704604.25000000
ETHUSDT,2021-10-28,3921.99000000,4295.00000000,3890.17000000,4286.02000000,626378.50550000
ETHUSDT,2021-10-29,4286.01000000,4460.47000000,4265.97000000,4418.89000000,559231.07691000
ETHUSDT,2021-10-30,4418.89000000,4434.06000000,4232.20000000,4322.68000000,340223.06900000
ETHUSDT,2021-10-31,4322.68000000,4399.14000000,4164.35000000,4287.21000000,412856.28930000
ETHUSDT,2021-11-01,4287.48000000,4386.58000000,4146.30000000,4319.43000000,417620.70730000
ETHUSDT,2021-11-02,4319.43000000,4599.60000000,4284.43000000,4589.89000000,468184.79301000
ETHUSDT,2021-11-03,4589.68000000,4665.87000000,4455.00000000,4603.35000000,448658.35125000
ETHUSDT,2021-11-04,4603.35000000,4606.65000000,4420.08000000,4532.32000000,368218.25695000
ETHUSDT,2021-11-05,4532.31000000,4570.05000000,4438.80000000,4474.24000000,305651.72440000
ETHUSDT,2021-11-06,4474.24000000,4530.00000000,4326.17000000,4518.00000000,322154.09730000
ETHUSDT,2021-11-07,4518.00000000,4637.98000000,4502.37000000,4612.59000000,243596.59520000
ETHUSDT,2021-11-08,4612.59000000,4822.97000000,4612.00000000,4807.98000000,391102.31806000
ETHUSDT,2021-11-09,4807.98000000,4838.28000000,4713.89000000,4732.33000000,311267.57998000
ETHUSDT,2021-11-10,4732.33000000,4868.00000000,4461.93000000,4628.78000000,553596.99163000
ETHUSDT,2021-11-11,4628.68000000,4779.00000000,4576.47000000,4719.00000000,303688.97650000
ETHUSDT,2021-11-12,4719.00000000,4809.71000000,4507.85000000,4665.46000000,461580.04150000
ETHUSDT,2021-11-13,4665.47000000,4707.60000000,4584.08000000,4644.28000000,220720.66110000
ETHUSDT,2021-11-14,4644.27000000,4696.05000000,4514.12000000,4626.50000000,245309.06740000
ETHUSDT,2021-11-15,4626.50000000,4772.01000000,4540.00000000,4563.78000000,375421.66010000
ETHUSDT,2021-11-16,4563.77000000,4563.77000000,4103.00000000,4209.76000000,735857.06300000
ETHUSDT,2021-11-17,4209.59000000,4299.91000000,4063.48000000,4287.80000000,472852.18420000
ETHUSDT,2021-11-18,4288.07000000,4344.81000000,3956.44000000,3996.90000000,576945.18370000
ETHUSDT,2021-11-19,3996.90000000,4308.97000000,3973.01000000,4294.76000000,420045.08970000
ETHUSDT,2021-11-20,4294.75000000,4435.88000000,4199.86000000,4412.17000000,365584.57800000
ETHUSDT,2021-11-21,4412.17000000,4451.00000000,4242.41000000,4258.31000000,340206.32030000
ETHUSDT,2021-11-22,4259.70000000,4320.00000000,4022.74000000,4085.97000000,518501.33380000
ETHUSDT,2021-11-23,4086.28000000,4385.59000000,4059.62000000,4339.44000000,502811.79020000
ETHUSDT,2021-11-24,4339.45000000,4373.94000000,4167.65000000,4269.36000000,448727.03060000
ETHUSDT,2021-11-25,4270.10000000,4550.00000000,4248.27000000,4524.85000000,445868.24340000
ETHUSDT,2021-11-26,4524.48000000,4551.00000000,3913.00000000,4041.20000000,720245.16120000
ETHUSDT,2021-11-27,4041.20000000,4183.66000000,4028.34000000,4095.29000000,275326.52020000
ETHUSDT,2021-11-28,4095.29000000,4298.51000000,3964.00000000,4294.78000000,346471.35510000
ETHUSDT,2021-11-29,4294.77000000,4458.92000000,4276.89000000,4444.53000000,406881.22840000
ETHUSDT,2021-11-30,4444.54000000,4753.00000000,4346.36000000,4630.26000000,743024.46620000
ETHUSDT,2021-12-01,4630.25000000,4778.75000000,4523.99000000,4582.95000000,508198.31050000
ETHUSDT,2021-12-02,4582.95000000,4634.83000000,4433.00000000,4511.21000000,451861.95450000
ETHUSDT,2021-12-03,4511.35000000,4654.88000000,4032.50000000,4215.73000000,677974.86590000
ETHUSDT,2021-12-04,4215.01000000,4238.59000000,3503.68000000,4117.25000000,1111773.14510000
ETHUSDT,2021-12-05,4117.25000000,4248.19000000,4031.39000000,4196.44000000,536325.44130000
ETHUSDT,2021-12-06,4196.44000000,4376.15000000,3921.00000000,4347.59000000,726742.96380000
ETHUSDT,2021-12-07,4347.57000000,4425.00000000,4255.92000000,4306.40000000,420749.75100000
ETHUSDT,2021-12-08,4306.40000000,4450.49000000,4222.95000000,4436.91000000,429403.93510000
ETHUSDT,2021-12-09,4436.91000000,4488.00000000,4076.16000000,4105.64000000,462173.71100000
ETHUSDT,2021-12-10,4105.64000000,4231.08000000,3887.37000000,3897.94000000,563236.56710000
ETHUSDT,2021-12-11,3898.31000000,4097.08000000,3828.22000000,4089.37000000,427853.43430000
ETHUSDT,2021-12-12,4089.68000000,4173.63000000,3986.25000000,4130.00000000,260535.51570000
ETHUSDT,2021-12-13,4130.00000000,4142.75000000,3671.45000000,3781.93000000,533467.23070000
ETHUSDT,2021-12-14,3781.92000000,3882.74000000,3685.00000000,3858.99000000,395145.74620000
ETHUSDT,2021-12-15,3858.99000000,4092.22000000,3643.73000000,4019.08000000,542068.05730000
ETHUSDT,2021-12-16,4019.54000000,4113.43000000,3942.11000000,3958.11000000,368780.03100000
ETHUSDT,2021-12-17,3959.11000000,3994.10000000,3700.00000000,3875.42000000,463370.92250000
ETHUSDT,2021-12-18,3875.43000000,3996.93000000,3767.01000000,3959.93000000,339593.25430000
ETHUSDT,2021-12-19,3959.93000000,4032.43000000,3884.00000000,3924.14000000,306006.32300000
ETHUSDT,2021-12-20,3924.14000000,3983.37000000,3753.00000000,3944.73000000,366916.47710000
ETHUSDT,2021-12-21,3944.72000000,4063.00000000,3913.21000000,4014.15000000,340826.35530000
ETHUSDT,2021-12-22,4014.41000000,4074.87000000,3933.40000000,3979.51000000,303191.80760000
ETHUSDT,2021-12-23,3979.51000000,4150.00000000,3893.23000000,4111.41000000,380207.81660000
ETHUSDT,2021-12-24,4111.41000000,4134.84000000,4017.17000000,4046.36000000,230833.16610000
ETHUSDT,2021-12-25,4046.35000000,4137.91000000,4018.62000000,4094.83000000,208126.88050000
ETHUSDT,2021-12-26,4094.36000000,4105.00000000,4000.00000000,4063.56000000,189309.25500000
ETHUSDT,2021-12-27,4063.57000000,4127.46000000,4031.00000000,4037.23000000,222225.37610000
ETHUSDT,2021-12-28,4037.22000000,4037.23000000,3759.36000000,3792.75000000,358064.71630000
ETHUSDT,2021-12-29,3792.75000000,3827.78000000,3604.20000000,3630.19000000,302753.63750000
ETHUSDT,2021-12-30,3630.18000000,3769.10000000,3585.00000000,3709.27000000,249263.73050000
ETHUSDT,2021-12-31,3709.27000000,3815.00000000,3622.29000000,3676.23000000,268014.29420000
ETHUSDT,2022-01-01,3676.22000000,3776.45000000,3673.46000000,3765.54000000,154143.89680000
ETHUSDT,2022-01-02,3765.54000000,3857.44000000,3717.30000000,3828.27000000,154791.42630000
ETHUSDT,2022-01-03,3828.11000000,3853.09000000,3680.00000000,3765.89000000,236245.85860000
ETHUSDT,2022-01-04,3765.89000000,3900.73000000,3713.11000000,3785.11000000,288258.55490000
ETHUSDT,2022-01-05,3785.10000000,3848.00000000,3415.00000000,3540.63000000,397942.03630000
ETHUSDT,2022-01-06,3539.82000000,3550.43000000,3300.00000000,3406.81000000,496745.74130000
ETHUSDT,2022-01-07,3406.81000000,3416.76000000,3064.42000000,3199.24000000,669631.72620000
ETHUSDT,2022-01-08,3198.68000000,3250.00000000,3000.00000000,3080.95000000,400692.10610000
ETHUSDT,2022-01-09,3080.98000000,3211.72000000,3057.35000000,3151.97000000,275874.16430000
ETHUSDT,2022-01-10,3151.97000000,3185.00000000,2928.83000000,3082.68000000,529818.38660000
ETHUSDT,2022-01-11,3082.87000000,3263.54000000,3051.80000000,3239.72000000,362446.70870000
ETHUSDT,2022-01-12,3239.73000000,3411.43000000,3206.20000000,3371.26000000,370465.80150000
ETHUSDT,2022-01-13,3371.60000000,3410.00000000,3233.43000000,3240.61000000,336234.87990000
ETHUSDT,2022-01-14,3240.61000000,3342.79000000,3188.00000000,3307.42000000,285326.35050000
ETHUSDT,2022-01-15,3307.42000000,3371.64000000,3261.00000000,3326.04000000,203100.37780000
ETHUSDT,2022-01-16,3326.51000000,3393.60000000,3269.62000000,3346.88000000,210782.22770000
ETHUSDT,2022-01-17,3346.89000000,3357.57000000,3141.10000000,3209.67000000,284063.65480000
ETHUSDT,2022-01-18,3209.68000000,3243.87000000,3082.00000000,3159.85000000,299134.27280000
ETHUSDT,2022-01-19,3159.85000000,3174.87000000,3000.00000000,3084.02000000,332996.57030000
ETHUSDT,2022-01-20,3084.02000000,3273.37000000,2987.15000000,3001.48000000,357596.70620000
ETHUSDT,2022-01-21,3001.48000000,3034.12000000,2403.00000000,2568.15000000,1022021.70024000
ETHUSDT,2022-01-22,2567.47000000,2626.00000000,2300.00000000,2412.18000000,1081357.54893000
ETHUSDT,2022-01-23,2412.18000000,2556.78000000,2370.80000000,2539.01000000,580497.76130000
ETHUSDT,2022-01-24,2539.00000000,2539.75000000,2159.00000000,2439.29000000,1123134.70389000
ETHUSDT,2022-01-25,2439.56000000,2506.55000000,2348.96000000,2458.83000000,510152.95400000
ETHUSDT,2022-01-26,2459.04000000,2722.00000000,2402.03000000,2462.99000000,806441.62289000
ETHUSDT,2022-01-27,2463.00000000,2521.00000000,2316.43000000,2424.25000000,599481.71590000
ETHUSDT,2022-01-28,2424.02000000,2558.98000000,2357.88000000,2544.99000000,485149.80650000
ETHUSDT,2022-01-29,2544.99000000,2636.66000000,2520.01000000,2601.43000000,376666.82460000
ETHUSDT,2022-01-30,2601.43000000,2640.00000000,2542.50000000,2601.68000000,290770.08590000
ETHUSDT,2022-01-31,2601.67000000,2706.77000000,2476.07000000,2686.94000000,444584.85100000
ETHUSDT,2022-02-01,2686.94000000,2813.00000000,2673.52000000,2787.23000000,390034.27362000
ETHUSDT,2022-02-02,2787.48000000,2810.88000000,2612.72000000,2680.67000000,447852.12280000
ETHUSDT,2022-02-03,2680.25000000,2726.64000000,2576.05000000,2695.46000000,405043.39310000
ETHUSDT,2022-02-04,2695.21000000,2995.00000000,2671.40000000,2994.99000000,664002.93280000
ETHUSDT,2022-02-05,2994.99000000,3060.47000000,2958.01000000,3012.65000000,356803.30710000
ETHUSDT,2022-02-06,3012.64000000,3074.56000000,2950.21000000,3054.99000000,249394.59660000
ETHUSDT,2022-02-07,3055.00000000,3186.00000000,2991.80000000,3139.77000000,455070.25290000
ETHUSDT,2022-02-08,3139.77000000,3232.87000000,3025.21000000,3116.69000000,514773.58370000
ETHUSDT,2022-02-09,3116.69000000,3269.70000000,3055.00000000,3243.94000000,370267.89130000
ETHUSDT,2022-02-10,3243.60000000,3283.66000000,3056.74000000,3072.49000000,578212.83830000
ETHUSDT,2022-02-11,3072.36000000,3138.62000000,2879.00000000,2927.54000000,462025.87510000
ETHUSDT,2022-02-12,2927.54000000,2985.98000000,2858.30000000,2918.88000000,336250.31310000
ETHUSDT,2022-02-13,2918.58000000,2954.40000000,2836.70000000,2871.13000000,242751.35470000
ETHUSDT,2022-02-14,2871.14000000,2964.97000000,2829.01000000,2929.75000000,381778.23800000
ETHUSDT,2022-02-15,2929.75000000,3196.19000000,2912.06000000,3183.52000000,448971.75400000
ETHUSDT,2022-02-16,3183.53000000,3186.77000000,3044.03000000,3122.30000000,319997.62440000
ETHUSDT,2022-02-17,3122.31000000,3160.00000000,2851.55000000,2891.87000000,488693.26240000
ETHUSDT,2022-02-18,2891.88000000,2943.97000000,2750.00000000,2779.48000000,502977.40690000
ETHUSDT,2022-02-19,2779.30000000,2830.96000000,2694.45000000,2763.63000000,293838.00250000
ETHUSDT,2022-02-20,2763.63000000,2764.64000000,2576.00000000,2621.99000000,386384.90400000
ETHUSDT,2022-02-21,2621.99000000,2759.51000000,2558.00000000,2568.02000000,761838.98580000
ETHUSDT,2022-02-22,2568.03000000,2665.74000000,2500.00000000,2636.29000000,692639.49420000
ETHUSDT,2022-02-23,2636.28000000,2753.55000000,2575.83000000,2579.71000000,504470.14120000
ETHUSDT,2022-02-24,2579.70000000,2740.00000000,2300.00000000,2596.20000000,1395732.77530000
ETHUSDT,2022-02-25,2596.26000000,2834.97000000,2571.72000000,2768.49000000,679394.17620000
ETHUSDT,2022-02-26,2768.05000000,2878.00000000,2727.50000000,2779.47000000,418485.25290000
ETHUSDT,2022-02-27,2779.47000000,2836.33000000,2557.98000000,2616.79000000,650198.77850000
ETHUSDT,2022-02-28,2616.79000000,2951.60000000,2568.62000000,2920.95000000,733794.44880000
ETHUSDT,2022-03-01,2920.83000000,3037.94000000,2854.09000000,2976.33000000,673901.69760000
ETHUSDT,2022-03-02,2976.33000000,3043.91000000,2914.21000000,2947.30000000,614623.74610000
ETHUSDT,2022-03-03,2947.31000000,2970.97000000,2785.00000000,2833.99000000,446192.23530000
ETHUSDT,2022-03-04,2834.00000000,2836.17000000,2573.00000000,2622.10000000,556178.75880000
ETHUSDT,2022-03-05,2622.11000000,2685.12000000,2589.38000000,2665.15000000,268730.30360000
ETHUSDT,2022-03-06,2665.16000000,2676.29000000,2535.00000000,2551.29000000,336487.90990000
ETHUSDT,2022-03-07,2551.30000000,2649.00000000,2445.00000000,2491.12000000,620171.67870000
ETHUSDT,2022-03-08,2491.12000000,2624.00000000,2480.15000000,2575.97000000,561659.74210000
ETHUSDT,2022-03-09,2575.98000000,2775.85000000,2567.70000000,2726.98000000,562771.74030000
ETHUSDT,2022-03-10,2726.98000000,2733.25000000,2550.27000000,2606.70000000,559029.93770000
ETHUSDT,2022-03-11,2606.69000000,2676.78000000,2522.57000000,2556.86000000,494583.65680000
ETHUSDT,2022-03-12,2556.86000000,2616.79000000,2553.39000000,2568.80000000,219236.57110000
ETHUSDT,2022-03-13,2568.80000000,2603.32000000,2493.00000000,2515.65000000,316942.16010000
ETHUSDT,2022-03-14,2515.66000000,2609.60000000,2498.67000000,2589.41000000,386630.19120000
ETHUSDT,2022-03-15,2589.42000000,2669.00000000,2507.00000000,2617.73000000,461202.30140000
ETHUSDT,2022-03-16,2617.74000000,2788.00000000,2603.38000000,2773.81000000,666224.72170000
ETHUSDT,2022-03-17,2773.80000000,2836.00000000,2746.42000000,2811.92000000,379312.54100000
ETHUSDT,2022-03-18,2811.91000000,2984.00000000,2765.59000000,2938.92000000,556535.79660000
ETHUSDT,2022-03-19,2938.84000000,2987.70000000,2890.86000000,2950.84000000,325971.53980000
ETHUSDT,2022-03-20,2950.85000000,2964.17000000,2817.21000000,2861.38000000,377608.82140000
ETHUSDT,2022-03-21,2861.39000000,2960.57000000,2829.81000000,2890.03000000,450223.90730000
ETHUSDT,2022-03-22,2890.03000000,3052.85000000,2886.43000000,2969.64000000,564868.98390000
ETHUSDT,2022-03-23,2969.64000000,3045.20000000,2920.65000000,3036.00000000,453962.72980000
ETHUSDT,2022-03-24,3035.99000000,3129.11000000,2999.11000000,3110.76000000,577171.52390000
ETHUSDT,2022-03-25,3110.75000000,3193.28000000,3076.00000000,3102.14000000,489099.55720000
ETHUSDT,2022-03-26,3102.13000000,3153.20000000,3084.90000000,3145.00000000,207134.84700000
ETHUSDT,2022-03-27,3145.01000000,3299.37000000,3126.02000000,3295.65000000,335467.41450000
ETHUSDT,2022-03-28,3295.65000000,3431.15000000,3275.01000000,3332.92000000,527237.11330000
ETHUSDT,2022-03-29,3332.91000000,3481.87000000,3329.68000000,3400.51000000,465899.82260000
ETHUSDT,2022-03-30,3400.51000000,3446.90000000,3331.84000000,3385.79000000,356082.52310000
ETHUSDT,2022-03-31,3385.80000000,3444.83000000,3261.35000000,3281.51000000,455091.23950000
ETHUSDT,2022-04-01,3281.51000000,3481.29000000,3210.68000000,3455.21000000,532169.23920000
ETHUSDT,2022-04-02,3455.20000000,3532.20000000,3433.14000000,3443.77000000,499893.29000000
ETHUSDT,2022-04-03,3443.77000000,3580.34000000,3412.11000000,3521.91000000,381581.76830000
ETHUSDT,2022-04-04,3521.90000000,3547.00000000,3405.97000000,3519.50000000,449984.15860000
ETHUSDT,2022-04-05,3519.50000000,3555.00000000,3400.00000000,3406.99000000,397782.74370000
ETHUSDT,2022-04-06,3407.00000000,3407.50000000,3162.39000000,3168.51000000,736273.10470000
ETHUSDT,2022-04-07,3168.52000000,3268.98000000,3143.15000000,3227.19000000,458179.32720000
ETHUSDT,2022-04-08,3227.20000000,3314.02000000,3173.52000000,3192.39000000,502422.50480000
ETHUSDT,2022-04-09,3192.39000000,3268.40000000,3181.28000000,3258.57000000,212444.25660000
ETHUSDT,2022-04-10,3258.57000000,3307.22000000,3193.00000000,3203.04000000,232303.23260000
ETHUSDT,2022-04-11,3203.04000000,3213.63000000,2950.00000000,2979.74000000,693394.29120000
ETHUSDT,2022-04-12,2979.75000000,3085.00000000,2950.00000000,3027.66000000,579522.95050000
ETHUSDT,2022-04-13,3027.65000000,3128.97000000,2996.86000000,3118.28000000,419101.49400000
ETHUSDT,2022-04-14,3118.28000000,3145.00000000,2976.30000000,3021.98000000,408382.55720000
ETHUSDT,2022-04-15,3021.98000000,3060.92000000,2993.13000000,3040.56000000,249626.29810000
ETHUSDT,2022-04-16,3040.57000000,3086.10000000,3010.03000000,3059.30000000,176352.41650000
ETHUSDT,2022-04-17,3059.30000000,3083.00000000,2981.70000000,2988.06000000,243772.07400000
ETHUSDT,2022-04-18,2988.07000000,3069.60000000,2883.22000000,3055.56000000,510251.65360000
ETHUSDT,2022-04-19,3055.56000000,3131.00000000,3030.34000000,3101.77000000,359375.00380000
ETHUSDT,2022-04-20,3101.74000000,3166.50000000,3036.45000000,3076.04000000,415000.06850000
ETHUSDT,2022-04-21,3076.03000000,3180.00000000,2942.31000000,2983.58000000,562699.69700000
ETHUSDT,2022-04-22,2983.57000000,3034.32000000,2930.35000000,2962.39000000,452433.08200000
ETHUSDT,2022-04-23,2962.39000000,2978.03000000,2913.89000000,2933.03000000,187576.73240000
ETHUSDT,2022-04-24,2933.04000000,2967.06000000,2912.09000000,2921.00000000,218957.02220000
ETHUSDT,2022-04-25,2920.99000000,3025.65000000,2797.01000000,3006.62000000,619198.36160000
ETHUSDT,2022-04-26,3006.63000000,3039.54000000,2767.00000000,2809.67000000,531184.35040000
ETHUSDT,2022-04-27,2809.68000000,2919.87000000,2794.46000000,2888.96000000,488951.24160000
ETHUSDT,2022-04-28,2888.95000000,2980.00000000,2853.83000000,2936.93000000,537392.99780000
ETHUSDT,2022-04-29,2936.92000000,2946.46000000,2776.63000000,2817.13000000,525978.14700000
ETHUSDT,2022-04-30,2817.13000000,2841.63000000,2709.26000000,2726.66000000,367757.24690000
ETHUSDT,2022-05-01,2726.67000000,2849.90000000,2716.13000000,2824.81000000,442544.87920000
ETHUSDT,2022-05-02,2824.81000000,2894.22000000,2778.78000000,2856.54000000,521706.85670000
ETHUSDT,2022-05-03,2856.54000000,2861.47000000,2755.19000000,2781.70000000,371331.17960000
ETHUSDT,2022-05-04,2781.70000000,2965.85000000,2771.74000000,2940.64000000,548738.06680000
ETHUSDT,2022-05-05,2940.65000000,2954.65000000,2683.00000000,2747.97000000,734845.31940000
ETHUSDT,2022-05-06,2747.96000000,2758.18000000,2632.95000000,2692.85000000,711449.32340000
ETHUSDT,2022-05-07,2692.86000000,2704.36000000,2584.75000000,2635.34000000,371271.45320000
ETHUSDT,2022-05-08,2635.35000000,2642.00000000,2484.00000000,2519.71000000,757615.34150000
ETHUSDT,2022-05-09,2519.71000000,2530.78000000,2225.00000000,2228.55000000,1574924.97930000
ETHUSDT,2022-05-10,2229.00000000,2457.34000000,2200.00000000,2342.05000000,1550626.13870000
ETHUSDT,2022-05-11,2342.04000000,2451.37000000,2005.00000000,2084.99000000,2022864.83806000
ETHUSDT,2022-05-12,2084.99000000,2195.00000000,1800.00000000,1960.22000000,2305192.90836000
ETHUSDT,2022-05-13,1960.22000000,2147.54000000,1940.23000000,2009.69000000,1134042.33870000
ETHUSDT,2022-05-14,2009.69000000,2070.06000000,1951.21000000,2056.48000000,563788.30780000
ETHUSDT,2022-05-15,2056.47000000,2167.00000000,2000.68000000,2145.29000000,514398.25870000
ETHUSDT,2022-05-16,2145.29000000,2145.29000000,1979.12000000,2023.66000000,822070.85310000
ETHUSDT,2022-05-17,2023.66000000,2122.42000000,2008.00000000,2090.72000000,568249.04480000
ETHUSDT,2022-05-18,2090.72000000,2110.72000000,1908.00000000,1915.11000000,631577.23410000
ETHUSDT,2022-05-19,1915.11000000,2040.39000000,1903.18000000,2019.55000000,741476.97940000
ETHUSDT,2022-05-20,2019.55000000,2064.00000000,1923.00000000,1959.08000000,576981.53710000
ETHUSDT,2022-05-21,1959.08000000,1990.86000000,1937.36000000,1975.07000000,238869.76320000
ETHUSDT,2022-05-22,1975.06000000,2056.41000000,1966.33000000,2043.19000000,355735.19270000
ETHUSDT,2022-05-23,2043.19000000,2088.50000000,1957.12000000,1973.32000000,636085.02240000
ETHUSDT,2022-05-24,1973.33000000,1993.83000000,1913.02000000,1979.41000000,534096.97200000
ETHUSDT,2022-05-25,1979.40000000,2022.34000000,1934.61000000,1942.63000000,524786.30910000
ETHUSDT,2022-05-26,1942.64000000,1966.01000000,1735.00000000,1792.23000000,1168740.57514000
ETHUSDT,2022-05-27,1792.24000000,1822.26000000,1703.00000000,1727.27000000,1296693.28537000
ETHUSDT,2022-05-28,1727.26000000,1808.98000000,1722.26000000,1792.22000000,558271.18180000
ETHUSDT,2022-05-29,1792.21000000,1827.40000000,1759.96000000,1813.64000000,432430.61100000
ETHUSDT,2022-05-30,1813.64000000,2013.00000000,1803.18000000,1998.78000000,814922.83590000
ETHUSDT,2022-05-31,1998.78000000,2016.45000000,1925.00000000,1941.90000000,751103.42260000
ETHUSDT,2022-06-01,1941.90000000,1972.58000000,1763.75000000,1817.95000000,1037841.27060000
ETHUSDT,2022-06-02,1817.96000000,1853.05000000,1782.42000000,1834.08000000,788784.40170000
ETHUSDT,2022-06-03,1834.09000000,1843.91000000,1737.00000000,1775.12000000,741282.53460000
ETHUSDT,2022-06-04,1775.13000000,1816.00000000,1748.43000000,1804.58000000,388279.45790000
ETHUSDT,2022-06-05,1804.58000000,1830.17000000,1773.05000000,1806.23000000,371974.50610000
ETHUSDT,2022-06-06,1806.22000000,1920.00000000,1804.35000000,1859.84000000,804250.35670000
ETHUSDT,2022-06-07,1859.84000000,1874.98000000,1725.13000000,1813.33000000,1397598.22880000
ETHUSDT,2022-06-08,1813.33000000,1838.77000000,1765.28000000,1791.88000000,941510.13730000
ETHUSDT,2022-06-09,1791.88000000,1833.00000000,1777.33000000,1788.81000000,535310.96180000
ETHUSDT,2022-06-10,1788.80000000,1804.32000000,1655.93000000,1662.91000000,955035.79239000
ETHUSDT,2022-06-11,1662.91000000,1682.21000000,1496.74000000,1532.89000000,1220325.25420000
ETHUSDT,2022-06-12,1532.89000000,1547.00000000,1423.00000000,1434.84000000,1563225.37018000
ETHUSDT,2022-06-13,1434.84000000,1455.00000000,1165.45000000,1209.82000000,3626351.66536000
ETHUSDT,2022-06-14,1209.35000000,1268.45000000,1075.80000000,1208.90000000,2716493.80131000
ETHUSDT,2022-06-15,1208.90000000,1250.00000000,1014.40000000,1237.52000000,3114823.13621000
ETHUSDT,2022-06-16,1237.53000000,1257.85000000,1051.55000000,1068.50000000,1447386.83040000
ETHUSDT,2022-06-17,1068.50000000,1118.00000000,1051.11000000,1086.94000000,1220677.94910000
ETHUSDT,2022-06-18,1086.93000000,1097.58000000,881.56000000,995.13000000,2308983.51870000
ETHUSDT,2022-06-19,995.12000000,1158.62000000,936.15000000,1128.53000000,2018599.44990000
ETHUSDT,2022-06-20,1128.53000000,1170.00000000,1053.00000000,1128.24000000,1721772.91320000
ETHUSDT,2022-06-21,1128.24000000,1194.00000000,1109.23000000,1125.85000000,1306095.37570000
ETHUSDT,2022-06-22,1125.86000000,1127.33000000,1043.65000000,1050.19000000,1306959.85930000
ETHUSDT,2022-06-23,1050.19000000,1155.00000000,1045.30000000,1144.72000000,1278257.08990000
ETHUSDT,2022-06-24,1144.71000000,1245.43000000,1132.00000000,1225.02000000,1337137.48300000
ETHUSDT,2022-06-25,1225.02000000,1256.77000000,1180.00000000,1242.36000000,861986.61770000
ETHUSDT,2022-06-26,1242.31000000,1280.00000000,1194.60000000,1197.79000000,884184.27300000
ETHUSDT,2022-06-27,1197.79000000,1238.93000000,1172.49000000,1192.51000000,868734.20610000
ETHUSDT,2022-06-28,1192.51000000,1237.99000000,1136.32000000,1144.05000000,1104065.22110000
ETHUSDT,2022-06-29,1144.05000000,1156.80000000,1087.42000000,1100.21000000,1295517.79600000
ETHUSDT,2022-06-30,1100.21000000,1106.62000000,998.00000000,1071.01000000,1420670.36560000
ETHUSDT,2022-07-01,1071.02000000,1117.00000000,1033.44000000,1059.73000000,1562255.14390000
ETHUSDT,2022-07-02,1059.73000000,1078.88000000,1028.29000000,1067.01000000,714812.08040000
ETHUSDT,2022-07-03,1067.01000000,1088.34000000,1040.78000000,1074.26000000,644746.33370000
ETHUSDT,2022-07-04,1074.26000000,1160.90000000,1045.37000000,1151.00000000,1150108.98610000
ETHUSDT,2022-07-05,1151.01000000,1174.90000000,1076.34000000,1132.50000000,1398961.44950000
ETHUSDT,2022-07-06,1132.51000000,1205.00000000,1111.44000000,1186.57000000,1211768.07570000
ETHUSDT,2022-07-07,1186.57000000,1254.29000000,1163.18000000,1237.49000000,1001316.07900000
ETHUSDT,2022-07-08,1237.49000000,1276.46000000,1193.15000000,1214.04000000,1189518.36310000
ETHUSDT,2022-07-09,1214.03000000,1235.40000000,1204.67000000,1217.02000000,576337.18090000
ETHUSDT,2022-07-10,1217.02000000,1219.95000000,1153.00000000,1168.36000000,1018038.65060000
ETHUSDT,2022-07-11,1168.37000000,1171.29000000,1091.71000000,1096.40000000,1201652.30480000
ETHUSDT,2022-07-12,1096.37000000,1098.26000000,1033.46000000,1038.58000000,1261349.63210000
ETHUSDT,2022-07-13,1038.58000000,1119.18000000,1006.32000000,1115.00000000,2035605.82990000
ETHUSDT,2022-07-14,1115.01000000,1214.65000000,1072.11000000,1193.42000000,1605101.92620000
ETHUSDT,2022-07-15,1193.42000000,1287.82000000,1181.05000000,1231.25000000,1466037.25840000
ETHUSDT,2022-07-16,1231.25000000,1422.91000000,1191.23000000,1355.85000000,1493809.92260000
ETHUSDT,2022-07-17,1355.84000000,1387.00000000,1319.04000000,1338.65000000,1246202.87950000
ETHUSDT,2022-07-18,1338.65000000,1597.47000000,1336.07000000,1581.04000000,2029918.76521000
ETHUSDT,2022-07-19,1581.03000000,1631.00000000,1493.11000000,1542.32000000,1846048.68160000
ETHUSDT,2022-07-20,1542.33000000,1620.40000000,1484.23000000,1521.58000000,1351177.42470000
ETHUSDT,2022-07-21,1521.63000000,1605.98000000,1463.56000000,1575.45000000,1247327.49630000
ETHUSDT,2022-07-22,1575.45000000,1650.05000000,1516.11000000,1535.27000000,1170723.08730000
ETHUSDT,2022-07-23,1535.27000000,1596.51000000,1488.00000000,1548.67000000,851284.73390000
ETHUSDT,2022-07-24,1548.66000000,1664.34000000,1545.67000000,1597.70000000,1009935.89970000
ETHUSDT,2022-07-25,1597.70000000,1609.55000000,1435.58000000,1440.79000000,1418390.98090000
ETHUSDT,2022-07-26,1440.79000000,1454.11000000,1356.17000000,1449.12000000,1199643.74080000
ETHUSDT,2022-07-27,1449.12000000,1644.44000000,1420.83000000,1635.74000000,1513426.04130000
ETHUSDT,2022-07-28,1635.74000000,1784.79000000,1593.27000000,1724.52000000,1578145.07555000
ETHUSDT,2022-07-29,1724.52000000,1765.99000000,1655.02000000,1721.68000000,1205266.57030000
ETHUSDT,2022-07-30,1721.68000000,1744.85000000,1673.01000000,1697.00000000,735132.52860000
ETHUSDT,2022-07-31,1697.00000000,1754.69000000,1666.00000000,1678.12000000,696326.80790000
ETHUSDT,2022-08-01,1678.12000000,1704.68000000,1606.12000000,1630.28000000,801566.56480000
ETHUSDT,2022-08-02,1630.28000000,1678.00000000,1559.28000000,1630.91000000,1081964.51040000
ETHUSDT,2022-08-03,1630.91000000,1685.03000000,1589.71000000,1618.16000000,777724.74130000
ETHUSDT,2022-08-04,1618.16000000,1662.79000000,1580.39000000,1607.96000000,735552.18100000
ETHUSDT,2022-08-05,1607.97000000,1742.07000000,1605.64000000,1736.81000000,1005846.47120000
ETHUSDT,2022-08-06,1736.81000000,1749.93000000,1685.26000000,1690.60000000,523314.64440000
ETHUSDT,2022-08-07,1690.60000000,1729.79000000,1668.00000000,1700.19000000,439904.76400000
ETHUSDT,2022-08-08,1700.20000000,1818.00000000,1693.87000000,1777.05000000,781620.54430000
ETHUSDT,2022-08-09,1777.05000000,1790.83000000,1667.93000000,1702.76000000,818171.10190000
ETHUSDT,2022-08-10,1702.76000000,1885.00000000,1656.78000000,1853.57000000,1317767.51270000
ETHUSDT,2022-08-11,1853.58000000,1942.00000000,1850.32000000,1880.19000000,1105261.90090000
ETHUSDT,2022-08-12,1880.19000000,1964.71000000,1853.06000000,1958.28000000,717628.10150000
ETHUSDT,2022-08-13,1958.28000000,2020.00000000,1946.50000000,1983.55000000,695876.02930000
ETHUSDT,2022-08-14,1983.55000000,2030.00000000,1906.00000000,1935.31000000,569583.48520000
ETHUSDT,2022-08-15,1935.32000000,2012.47000000,1872.31000000,1899.06000000,949162.33050000
ETHUSDT,2022-08-16,1899.05000000,1915.00000000,1853.00000000,1876.67000000,622729.14990000
ETHUSDT,2022-08-17,1876.67000000,1959.43000000,1818.74000000,1834.25000000,951824.89750000
ETHUSDT,2022-08-18,1834.24000000,1882.37000000,1821.25000000,1846.39000000,606254.02400000
ETHUSDT,2022-08-19,1846.39000000,1848.00000000,1602.37000000,1609.01000000,1419826.95150000
ETHUSDT,2022-08-20,1609.00000000,1657.08000000,1523.67000000,1576.04000000,914615.92260000
ETHUSDT,2022-08-21,1576.03000000,1646.52000000,1562.34000000,1618.13000000,780662.60620000
ETHUSDT,2022-08-22,1618.13000000,1629.72000000,1529.92000000,1624.66000000,941192.89540000
ETHUSDT,2022-08-23,1624.65000000,1676.07000000,1563.76000000,1665.41000000,940246.93200000
ETHUSDT,2022-08-24,1665.40000000,1694.13000000,1604.92000000,1656.56000000,744667.60780000
ETHUSDT,2022-08-25,1656.56000000,1722.00000000,1653.68000000,1695.11000000,603090.71300000
ETHUSDT,2022-08-26,1695.11000000,1706.45000000,1486.85000000,1508.18000000,1149912.82920000
ETHUSDT,2022-08-27,1508.18000000,1518.42000000,1447.52000000,1491.06000000,756136.67680000
ETHUSDT,2022-08-28,1491.06000000,1511.00000000,1424.00000000,1426.76000000,544846.44860000
ETHUSDT,2022-08-29,1426.76000000,1559.99000000,1422.08000000,1551.80000000,826252.08310000
ETHUSDT,2022-08-30,1551.79000000,1606.13000000,1473.61000000,1524.59000000,1003075.01720000
ETHUSDT,2022-08-31,1524.59000000,1619.78000000,1524.59000000,1554.10000000,949227.67750000
ETHUSDT,2022-09-01,1554.11000000,1599.00000000,1512.77000000,1586.16000000,728710.48200000
ETHUSDT,2022-09-02,1586.17000000,1650.00000000,1546.41000000,1575.35000000,919009.65980000
ETHUSDT,2022-09-03,1575.35000000,1582.71000000,1534.28000000,1557.46000000,321397.21890000
ETHUSDT,2022-09-04,1557.45000000,1583.66000000,1540.66000000,1579.28000000,296591.11660000
ETHUSDT,2022-09-05,1579.29000000,1631.99000000,1556.56000000,1617.80000000,503492.93700000
ETHUSDT,2022-09-06,1617.80000000,1687.40000000,1555.00000000,1559.01000000,1010722.85780000
ETHUSDT,2022-09-07,1559.01000000,1657.50000000,1490.66000000,1630.00000000,850991.42430000
ETHUSDT,2022-09-08,1630.00000000,1663.56000000,1595.06000000,1635.37000000,645124.00850000
ETHUSDT,2022-09-09,1635.37000000,1746.13000000,1630.51000000,1718.23000000,837458.21260000
ETHUSDT,2022-09-10,1718.24000000,1789.00000000,1706.03000000,1774.12000000,411046.24660000
ETHUSDT,2022-09-11,1774.12000000,1789.00000000,1720.10000000,1766.11000000,409287.72630000
ETHUSDT,2022-09-12,1766.12000000,1783.00000000,1693.00000000,1716.37000000,630774.60320000
ETHUSDT,2022-09-13,1716.37000000,1760.51000000,1560.54000000,1574.40000000,1134549.72560000
ETHUSDT,2022-09-14,1574.40000000,1647.01000000,1552.38000000,1638.39000000,764562.53930000
ETHUSDT,2022-09-15,1638.40000000,1655.20000000,1458.00000000,1472.75000000,1335499.80470000
ETHUSDT,2022-09-16,1472.76000000,1483.35000000,1405.52000000,1433.90000000,693597.24250000
ETHUSDT,2022-09-17,1433.90000000,1476.13000000,1409.12000000,1468.83000000,421391.37430000
ETHUSDT,2022-09-18,1468.82000000,1469.63000000,1325.55000000,1334.51000000,804113.46800000
ETHUSDT,2022-09-19,1334.51000000,1393.35000000,1280.00000000,1375.98000000,974855.19800000
ETHUSDT,2022-09-20,1375.98000000,1384.78000000,1312.71000000,1322.93000000,658027.14650000
ETHUSDT,2022-09-21,1322.94000000,1408.90000000,1220.00000000,1245.78000000,1192266.73790000
ETHUSDT,2022-09-22,1245.79000000,1350.08000000,1237.32000000,1326.46000000,904282.27250000
ETHUSDT,2022-09-23,1326.47000000,1360.00000000,1262.15000000,1327.25000000,974052.36440000
ETHUSDT,2022-09-24,1327.24000000,1349.33000000,1306.52000000,1317.13000000,517557.34970000
ETHUSDT,2022-09-25,1317.13000000,1337.00000000,1269.27000000,1294.63000000,515533.84090000
ETHUSDT,2022-09-26,1294.62000000,1340.42000000,1277.85000000,1336.17000000,799166.43330000
ETHUSDT,2022-09-27,1336.17000000,1400.00000000,1303.75000000,1328.02000000,860584.89440000
ETHUSDT,2022-09-28,1328.01000000,1355.70000000,1253.20000000,1337.20000000,919314.91310000
ETHUSDT,2022-09-29,1337.20000000,1352.02000000,1288.52000000,1335.70000000,770591.68950000
ETHUSDT,2022-09-30,1335.69000000,1373.19000000,1313.35000000,1328.72000000,740753.61100000
ETHUSDT,2022-10-01,1328.71000000,1333.69000000,1302.68000000,1311.79000000,252081.90560000
ETHUSDT,2022-10-02,1311.79000000,1317.93000000,1270.00000000,1276.72000000,371740.04070000
ETHUSDT,2022-10-03,1276.72000000,1329.90000000,1263.04000000,1323.09000000,483775.24350000
ETHUSDT,2022-10-04,1323.10000000,1369.55000000,1318.66000000,1361.49000000,476207.67020000
ETHUSDT,2022-10-05,1361.50000000,1364.77000000,1316.29000000,1352.20000000,483508.77820000
ETHUSDT,2022-10-06,1352.20000000,1383.99000000,1345.01000000,1352.06000000,573975.32400000
ETHUSDT,2022-10-07,1352.07000000,1361.75000000,1317.26000000,1331.10000000,491999.87760000
ETHUSDT,2022-10-08,1331.10000000,1337.35000000,1303.51000000,1315.48000000,203391.66120000
ETHUSDT,2022-10-09,1315.48000000,1329.00000000,1307.26000000,1323.13000000,186201.91850000
ETHUSDT,2022-10-10,1323.13000000,1338.00000000,1288.00000000,1290.03000000,393663.01140000
ETHUSDT,2022-10-11,1290.03000000,1298.00000000,1267.01000000,1280.11000000,429430.39410000
ETHUSDT,2022-10-12,1280.11000000,1306.87000000,1275.25000000,1294.44000000,369712.57590000
ETHUSDT,2022-10-13,1294.44000000,1301.58000000,1190.00000000,1287.08000000,945618.31630000
ETHUSDT,2022-10-14,1287.08000000,1343.12000000,1283.39000000,1296.27000000,669742.80930000
ETHUSDT,2022-10-15,1296.26000000,1301.69000000,1263.64000000,1274.92000000,287100.95290000
ETHUSDT,2022-10-16,1274.93000000,1315.35000000,1274.67000000,1305.95000000,293321.36320000
ETHUSDT,2022-10-17,1305.96000000,1338.57000000,1295.64000000,1331.40000000,459848.49410000
ETHUSDT,2022-10-18,1331.39000000,1341.73000000,1286.72000000,1310.71000000,572728.91890000
ETHUSDT,2022-10-19,1310.71000000,1313.50000000,1280.31000000,1285.09000000,368637.51050000
ETHUSDT,2022-10-20,1285.09000000,1310.87000000,1270.36000000,1282.57000000,428531.61030000
ETHUSDT,2022-10-21,1282.57000000,1306.97000000,1252.65000000,1299.75000000,468076.79860000
ETHUSDT,2022-10-22,1299.76000000,1320.20000000,1294.32000000,1313.61000000,221776.70070000
ETHUSDT,2022-10-23,1313.62000000,1371.55000000,1299.44000000,1364.20000000,432269.46000000
ETHUSDT,2022-10-24,1364.19000000,1370.60000000,1324.17000000,1343.61000000,611830.79700000
ETHUSDT,2022-10-25,1343.61000000,1525.16000000,1334.94000000,1459.74000000,1127932.90120000
ETHUSDT,2022-10-26,1459.74000000,1594.99000000,1457.44000000,1566.10000000,1236044.70230000
ETHUSDT,2022-10-27,1566.11000000,1578.58000000,1503.20000000,1514.05000000,869454.48510000
ETHUSDT,2022-10-28,1514.04000000,1574.90000000,1479.82000000,1554.41000000,858954.44250000
ETHUSDT,2022-10-29,1554.40000000,1663.06000000,1547.66000000,1619.55000000,914161.08460000
ETHUSDT,2022-10-30,1619.55000000,1640.06000000,1576.56000000,1590.44000000,476036.42430000
ETHUSDT,2022-10-31,1590.45000000,1635.80000000,1545.43000000,1572.69000000,810334.24140000
ETHUSDT,2022-11-01,1572.69000000,1612.92000000,1563.69000000,1578.48000000,527539.29650000
ETHUSDT,2022-11-02,1578.47000000,1621.68000000,1502.32000000,1518.34000000,981395.36480000
ETHUSDT,2022-11-03,1518.33000000,1559.01000000,1515.17000000,1531.01000000,560202.88130000
ETHUSDT,2022-11-04,1531.01000000,1680.00000000,1528.40000000,1644.78000000,935531.47810000
ETHUSDT,2022-11-05,1644.78000000,1666.97000000,1621.42000000,1626.98000000,351385.53620000
ETHUSDT,2022-11-06,1626.98000000,1639.02000000,1564.39000000,1568.29000000,414863.95250000
ETHUSDT,2022-11-07,1568.25000000,1608.04000000,1545.03000000,1568.10000000,642409.44940000
ETHUSDT,2022-11-08,1568.09000000,1579.98000000,1233.00000000,1334.77000000,2339916.50890000
ETHUSDT,2022-11-09,1334.78000000,1337.16000000,1073.53000000,1102.73000000,2494797.93570000
ETHUSDT,2022-11-10,1102.73000000,1350.00000000,1085.93000000,1299.28000000,1975955.67670000
ETHUSDT,2022-11-11,1299.28000000,1310.00000000,1201.26000000,1289.28000000,1308087.14980000
ETHUSDT,2022-11-12,1289.35000000,1292.16000000,1238.70000000,1257.25000000,547772.91720000
ETHUSDT,2022-11-13,1257.25000000,1274.23000000,1200.66000000,1221.49000000,547410.53040000
ETHUSDT,2022-11-14,1221.50000000,1291.20000000,1171.13000000,1243.28000000,934742.00590000
ETHUSDT,2022-11-15,1243.29000000,1291.00000000,1234.01000000,1253.23000000,632825.56800000
ETHUSDT,2022-11-16,1253.22000000,1268.67000000,1187.06000000,1216.17000000,673339.72150000
ETHUSDT,2022-11-17,1216.16000000,1228.22000000,1181.05000000,1200.43000000,530537.34880000
ETHUSDT,2022-11-18,1200.42000000,1234.00000000,1199.18000000,1212.58000000,360218.53370000
ETHUSDT,2022-11-19,1212.58000000,1235.00000000,1197.67000000,1217.67000000,209789.58880000
ETHUSDT,2022-11-20,1217.67000000,1227.07000000,1132.65000000,1142.21000000,531108.76070000
ETHUSDT,2022-11-21,1142.21000000,1146.99000000,1079.76000000,1107.34000000,922647.94540000
ETHUSDT,2022-11-22,1107.34000000,1146.13000000,1075.00000000,1139.60000000,748884.57910000
ETHUSDT,2022-11-23,1139.59000000,1190.00000000,1127.75000000,1184.52000000,636927.15940000
ETHUSDT,2022-11-24,1184.52000000,1217.71000000,1180.60000000,1203.73000000,486080.61230000
ETHUSDT,2022-11-25,1203.72000000,1207.77000000,1171.20000000,1199.30000000,391430.16580000
ETHUSDT,2022-11-26,1199.29000000,1235.66000000,1196.20000000,1205.60000000,379840.81160000
ETHUSDT,2022-11-27,1205.61000000,1223.33000000,1188.65000000,1193.88000000,286386.79860000
ETHUSDT,2022-11-28,1193.88000000,1199.25000000,1151.02000000,1167.77000000,478795.60930000
ETHUSDT,2022-11-29,1167.77000000,1228.37000000,1158.27000000,1216.49000000,512143.58610000
ETHUSDT,2022-11-30,1216.49000000,1309.77000000,1212.50000000,1294.46000000,815679.27170000
ETHUSDT,2022-12-01,1294.46000000,1299.90000000,1262.77000000,1276.41000000,430018.73910000
ETHUSDT,2022-12-02,1276.40000000,1297.18000000,1265.24000000,1295.59000000,371559.58500000
ETHUSDT,2022-12-03,1295.58000000,1309.00000000,1236.26000000,1240.51000000,347148.25880000
ETHUSDT,2022-12-04,1240.50000000,1287.19000000,1240.10000000,1279.41000000,324129.54660000
ETHUSDT,2022-12-05,1279.40000000,1305.11000000,1246.61000000,1259.41000000,391628.51660000
ETHUSDT,2022-12-06,1259.41000000,1274.76000000,1241.56000000,1271.32000000,301631.83900000
ETHUSDT,2022-12-07,1271.31000000,1278.69000000,1218.01000000,1231.18000000,398559.51660000
ETHUSDT,2022-12-08,1231.18000000,1292.58000000,1222.01000000,1280.18000000,406653.54470000
ETHUSDT,2022-12-09,1280.18000000,1296.64000000,1250.00000000,1263.10000000,406008.00320000
ETHUSDT,2022-12-10,1263.11000000,1283.61000000,1259.60000000,1266.35000000,182278.63960000
ETHUSDT,2022-12-11,1266.35000000,1284.75000000,1255.85000000,1263.01000000,180494.90200000
ETHUSDT,2022-12-12,1263.00000000,1278.90000000,1240.03000000,1275.40000000,363750.54810000
ETHUSDT,2022-12-13,1275.41000000,1349.00000000,1255.10000000,1320.69000000,659393.88250000
ETHUSDT,2022-12-14,1320.69000000,1352.72000000,1301.00000000,1307.44000000,554465.57170000
ETHUSDT,2022-12-15,1307.45000000,1311.14000000,1259.27000000,1266.54000000,390051.24470000
ETHUSDT,2022-12-16,1266.53000000,1280.06000000,1155.32000000,1166.83000000,751422.27790000
ETHUSDT,2022-12-17,1166.82000000,1190.03000000,1161.92000000,1187.16000000,328881.62810000
ETHUSDT,2022-12-18,1187.16000000,1199.54000000,1170.32000000,1183.06000000,252260.14400000
ETHUSDT,2022-12-19,1183.06000000,1195.00000000,1150.51000000,1167.82000000,296832.72280000
ETHUSDT,2022-12-20,1167.82000000,1230.47000000,1163.12000000,1216.94000000,465184.19430000
ETHUSDT,2022-12-21,1216.95000000,1223.39000000,1203.02000000,1213.78000000,245723.83770000
ETHUSDT,2022-12-22,1213.78000000,1237.99000000,1182.54000000,1217.71000000,336761.65980000
ETHUSDT,2022-12-23,1217.72000000,1231.99000000,1210.00000000,1219.99000000,278604.28820000
ETHUSDT,2022-12-24,1219.98000000,1227.99000000,1214.69000000,1220.41000000,123701.53010000
ETHUSDT,2022-12-25,1220.42000000,1225.00000000,1193.18000000,1218.51000000,231652.06120000
ETHUSDT,2022-12-26,1218.52000000,1231.09000000,1211.67000000,1228.11000000,162723.08570000
ETHUSDT,2022-12-27,1228.12000000,1233.73000000,1200.58000000,1211.55000000,262437.63980000
ETHUSDT,2022-12-28,1211.55000000,1215.78000000,1181.06000000,1190.15000000,367828.89140000
ETHUSDT,2022-12-29,1190.15000000,1206.57000000,1186.77000000,1200.49000000,249130.48690000
ETHUSDT,2022-12-30,1200.48000000,1202.15000000,1181.08000000,1199.99000000,266014.21150000
ETHUSDT,2022-12-31,1199.98000000,1208.46000000,1191.66000000,1196.13000000,139379.28110000
ETHUSDT,2023-01-01,1196.13000000,1204.67000000,1190.57000000,1200.34000000,117762.06850000
ETHUSDT,2023-01-02,1200.33000000,1224.29000000,1193.00000000,1214.00000000,252794.14000000
ETHUSDT,2023-01-03,1213.99000000,1219.89000000,1204.93000000,1214.55000000,205519.49440000
ETHUSDT,2023-01-04,1214.56000000,1272.60000000,1212.71000000,1256.90000000,457799.66480000
ETHUSDT,2023-01-05,1256.91000000,1259.95000000,1242.81000000,1251.24000000,272805.33000000
ETHUSDT,2023-01-06,1251.25000000,1276.70000000,1236.00000000,1269.14000000,342344.20230000
ETHUSDT,2023-01-07,1269.13000000,1271.09000000,1261.30000000,1264.07000000,129474.28840000
ETHUSDT,2023-01-08,1264.06000000,1296.00000000,1257.77000000,1290.16000000,213636.78480000
ETHUSDT,2023-01-09,1290.15000000,1344.91000000,1285.44000000,1320.39000000,581727.69680000
ETHUSDT,2023-01-10,1320.40000000,1347.69000000,1316.80000000,1335.62000000,459660.23070000
ETHUSDT,2023-01-11,1335.63000000,1398.00000000,1321.04000000,1389.39000000,472465.95560000
ETHUSDT,2023-01-12,1389.40000000,1438.00000000,1361.92000000,1415.92000000,877712.44920000
ETHUSDT,2023-01-13,1415.91000000,1464.00000000,1401.03000000,1451.20000000,499377.86490000
ETHUSDT,2023-01-14,1451.21000000,1599.98000000,1449.14000000,1549.90000000,940691.77740000
ETHUSDT,2023-01-15,1549.91000000,1566.66000000,1516.03000000,1552.52000000,387832.71380000
ETHUSDT,2023-01-16,1552.52000000,1604.50000000,1521.31000000,1576.94000000,574622.89530000
ETHUSDT,2023-01-17,1576.94000000,1609.00000000,1541.15000000,1565.57000000,506771.72190000
ETHUSDT,2023-01-18,1565.56000000,1610.00000000,1501.39000000,1511.43000000,752534.88570000
ETHUSDT,2023-01-19,1511.44000000,1564.43000000,1509.15000000,1551.09000000,308679.46450000
ETHUSDT,2023-01-20,1551.09000000,1669.90000000,1542.02000000,1658.52000000,440570.99740000
ETHUSDT,2023-01-21,1658.53000000,1679.26000000,1616.21000000,1626.66000000,494248.60090000
ETHUSDT,2023-01-22,1626.65000000,1663.89000000,1604.00000000,1627.44000000,431729.69090000
ETHUSDT,2023-01-23,1627.43000000,1648.09000000,1585.29000000,1626.29000000,407267.11560000
ETHUSDT,2023-01-24,1626.28000000,1641.46000000,1535.00000000,1555.97000000,462275.32430000
ETHUSDT,2023-01-25,1555.97000000,1641.00000000,1518.00000000,1611.94000000,646474.91660000
ETHUSDT,2023-01-26,1611.95000000,1632.84000000,1577.43000000,1601.09000000,532777.84660000
ETHUSDT,2023-01-27,1601.08000000,1621.00000000,1552.54000000,1597.62000000,512093.38750000
ETHUSDT,2023-01-28,1597.61000000,1606.83000000,1555.99000000,1572.10000000,313675.65740000
ETHUSDT,2023-01-29,1572.10000000,1660.00000000,1566.33000000,1644.72000000,551767.91340000
ETHUSDT,2023-01-30,1644.73000000,1647.53000000,1535.00000000,1566.20000000,595055.32810000
ETHUSDT,2023-01-31,1566.21000000,1605.18000000,1561.63000000,1585.33000000,348856.67510000
ETHUSDT,2023-02-01,1585.32000000,1647.77000000,1555.18000000,1641.68000000,474617.17090000
ETHUSDT,2023-02-02,1641.67000000,1714.68000000,1626.85000000,1643.12000000,629188.88740000
ETHUSDT,2023-02-03,1643.12000000,1676.00000000,1625.93000000,1663.52000000,464815.03200000
ETHUSDT,2023-02-04,1663.52000000,1695.29000000,1645.43000000,1666.38000000,308227.12950000
ETHUSDT,2023-02-05,1666.39000000,1673.81000000,1609.30000000,1629.02000000,413579.67480000
ETHUSDT,2023-02-06,1629.01000000,1658.56000000,1605.01000000,1614.29000000,384119.41970000
ETHUSDT,2023-02-07,1614.28000000,1678.37000000,1613.14000000,1671.03000000,451922.40000000
ETHUSDT,2023-02-08,1671.03000000,1697.91000000,1630.47000000,1650.43000000,417966.25390000
ETHUSDT,2023-02-09,1650.42000000,1656.17000000,1524.40000000,1545.35000000,658011.69640000
ETHUSDT,2023-02-10,1545.35000000,1555.01000000,1490.00000000,1513.06000000,484654.21990000
ETHUSDT,2023-02-11,1513.05000000,1543.00000000,1505.00000000,1538.51000000,289691.57080000
ETHUSDT,2023-02-12,1538.50000000,1548.02000000,1493.08000000,1514.83000000,286758.37400000
ETHUSDT,2023-02-13,1514.82000000,1526.10000000,1461.93000000,1505.24000000,643152.39040000
ETHUSDT,2023-02-14,1505.25000000,1569.00000000,1482.66000000,1555.71000000,668964.37680000
ETHUSDT,2023-02-15,1555.70000000,1680.00000000,1542.55000000,1674.92000000,581207.85860000
ETHUSDT,2023-02-16,1674.92000000,1742.97000000,1633.72000000,1637.84000000,832723.67310000
ETHUSDT,2023-02-17,1637.83000000,1722.00000000,1630.51000000,1693.87000000,579934.66300000
ETHUSDT,2023-02-18,1693.81000000,1713.13000000,1679.77000000,1691.62000000,267305.78130000
ETHUSDT,2023-02-19,1691.62000000,1726.59000000,1666.14000000,1679.75000000,401023.04770000
ETHUSDT,2023-02-20,1679.74000000,1719.89000000,1650.56000000,1703.27000000,451314.83350000
ETHUSDT,2023-02-21,1703.27000000,1716.66000000,1636.30000000,1659.76000000,520354.46880000
ETHUSDT,2023-02-22,1659.77000000,1666.95000000,1595.07000000,1643.14000000,528875.48090000
ETHUSDT,2023-02-23,1643.15000000,1679.00000000,1628.75000000,1650.53000000,501305.97170000
ETHUSDT,2023-02-24,1650.52000000,1664.66000000,1575.64000000,1607.80000000,512515.49820000
ETHUSDT,2023-02-25,1607.80000000,1608.98000000,1557.33000000,1594.58000000,290188.03910000
ETHUSDT,2023-02-26,1594.58000000,1651.26000000,1587.76000000,1641.36000000,308607.99410000
ETHUSDT,2023-02-27,1641.37000000,1665.22000000,1608.00000000,1633.45000000,431861.41290000
ETHUSDT,2023-02-28,1633.45000000,1647.52000000,1596.66000000,1605.23000000,393523.16470000
ETHUSDT,2023-03-01,1605.24000000,1669.72000000,1595.00000000,1665.22000000,474456.82350000
ETHUSDT,2023-03-02,1665.23000000,1677.86000000,1619.18000000,1647.86000000,423023.80820000
ETHUSDT,2023-03-03,1647.86000000,1649.25000000,1544.39000000,1569.45000000,742816.59760000
ETHUSDT,2023-03-04,1569.45000000,1577.53000000,1549.12000000,1566.73000000,237640.26060000
ETHUSDT,2023-03-05,1566.74000000,1588.77000000,1553.05000000,1564.58000000,299240.74150000
ETHUSDT,2023-03-06,1564.57000000,1583.49000000,1554.44000000,1565.84000000,307709.30110000
ETHUSDT,2023-03-07,1565.84000000,1584.49000000,1536.14000000,1561.96000000,437947.90320000
ETHUSDT,2023-03-08,1561.95000000,1570.89000000,1523.61000000,1532.38000000,460101.76580000
ETHUSDT,2023-03-09,1532.38000000,1546.45000000,1408.00000000,1437.32000000,718485.13640000
ETHUSDT,2023-03-10,1437.32000000,1439.43000000,1368.39000000,1426.44000000,960262.45090000
ETHUSDT,2023-03-11,1426.43000000,1478.07000000,1408.40000000,1471.97000000,1374859.62010000
ETHUSDT,2023-03-12,1471.93000000,1594.19000000,1448.30000000,1580.33000000,1002355.09290000
ETHUSDT,2023-03-13,1580.33000000,1693.49000000,1565.00000000,1673.45000000,1228063.60530000
ETHUSDT,2023-03-14,1673.44000000,1780.02000000,1655.24000000,1699.40000000,1283321.23550000
ETHUSDT,2023-03-15,1699.41000000,1716.90000000,1611.00000000,1649.96000000,963142.48330000
ETHUSDT,2023-03-16,1649.95000000,1691.42000000,1632.18000000,1673.73000000,627985.61190000
ETHUSDT,2023-03-17,1673.73000000,1800.00000000,1662.65000000,1789.27000000,907528.28250000
ETHUSDT,2023-03-18,1789.26000000,1841.00000000,1747.47000000,1758.84000000,711614.73100000
ETHUSDT,2023-03-19,1758.84000000,1841.36000000,1757.92000000,1780.68000000,541131.89080000
ETHUSDT,2023-03-20,1780.67000000,1803.05000000,1722.00000000,1732.78000000,682848.12480000
ETHUSDT,2023-03-21,1732.77000000,1835.00000000,1717.01000000,1801.23000000,742348.49990000
ETHUSDT,2023-03-22,1801.23000000,1819.98000000,1710.12000000,1734.33000000,891287.60090000
ETHUSDT,2023-03-23,1734.34000000,1857.16000000,1729.35000000,1813.79000000,732061.10300000
ETHUSDT,2023-03-24,1813.78000000,1818.99000000,1726.40000000,1749.57000000,564770.14170000
ETHUSDT,2023-03-25,1749.57000000,1763.23000000,1713.09000000,1741.88000000,355679.37430000
ETHUSDT,2023-03-26,1741.88000000,1801.00000000,1739.31000000,1773.88000000,354933.23720000
ETHUSDT,2023-03-27,1773.88000000,1780.48000000,1686.13000000,1715.22000000,570563.50230000
ETHUSDT,2023-03-28,1715.21000000,1795.73000000,1701.13000000,1772.99000000,536511.39730000
ETHUSDT,2023-03-29,1773.00000000,1827.99000000,1772.48000000,1793.07000000,536865.59720000
ETHUSDT,2023-03-30,1793.06000000,1829.69000000,1763.00000000,1793.61000000,579690.03940000
ETHUSDT,2023-03-31,1793.60000000,1847.28000000,1777.91000000,1821.52000000,554525.47620000
ETHUSDT,2023-04-01,1821.52000000,1842.83000000,1807.81000000,1820.79000000,272904.96740000
ETHUSDT,2023-04-02,1820.80000000,1824.81000000,1771.70000000,1794.51000000,322122.93850000
ETHUSDT,2023-04-03,1794.51000000,1839.99000000,1762.77000000,1810.51000000,628503.66190000
ETHUSDT,2023-04-04,1810.51000000,1891.91000000,1802.01000000,1870.37000000,622208.64110000
ETHUSDT,2023-04-05,1870.38000000,1942.98000000,1864.58000000,1908.69000000,548595.51550000
ETHUSDT,2023-04-06,1908.68000000,1909.91000000,1853.70000000,1872.41000000,396241.43520000
ETHUSDT,2023-04-07,1872.41000000,1882.61000000,1841.46000000,1863.72000000,284256.48730000
ETHUSDT,2023-04-08,1863.73000000,1879.38000000,1847.00000000,1848.82000000,197905.54070000
ETHUSDT,2023-04-09,1848.82000000,1873.99000000,1824.01000000,1858.92000000,287131.30790000
ETHUSDT,2023-04-10,1858.91000000,1918.79000000,1846.40000000,1910.20000000,434739.79840000
ETHUSDT,2023-04-11,1910.21000000,1937.37000000,1881.11000000,1889.86000000,405203.48920000
ETHUSDT,2023-04-12,1889.86000000,1933.00000000,1852.65000000,1917.39000000,630844.41860000
ETHUSDT,2023-04-13,1917.40000000,2023.00000000,1899.55000000,2012.01000000,676164.51880000
ETHUSDT,2023-04-14,2012.00000000,2128.76000000,2009.22000000,2099.99000000,896307.39340000
ETHUSDT,2023-04-15,2099.99000000,2111.85000000,2071.13000000,2090.60000000,321823.78510000
ETHUSDT,2023-04-16,2090.61000000,2141.54000000,2072.72000000,2118.67000000,319880.43930000
ETHUSDT,2023-04-17,2118.66000000,2120.51000000,2056.25000000,2074.00000000,426972.70710000
ETHUSDT,2023-04-18,2073.99000000,2125.00000000,2051.00000000,2103.50000000,414244.61350000
ETHUSDT,2023-04-19,2103.51000000,2104.60000000,1923.03000000,1933.73000000,775389.06020000
ETHUSDT,2023-04-20,1933.74000000,1982.99000000,1914.43000000,1942.98000000,625336.24950000
ETHUSDT,2023-04-21,1942.98000000,1957.27000000,1825.00000000,1848.78000000,688876.61860000
ETHUSDT,2023-04-22,1848.77000000,1887.31000000,1841.64000000,1874.16000000,331007.58790000
ETHUSDT,2023-04-23,1874.17000000,1882.01000000,1836.37000000,1862.00000000,344514.34440000
ETHUSDT,2023-04-24,1862.01000000,1890.00000000,1806.00000000,1841.84000000,447864.05170000
ETHUSDT,2023-04-25,1841.84000000,1877.86000000,1801.66000000,1866.10000000,457870.60470000
ETHUSDT,2023-04-26,1866.10000000,1964.72000000,1785.00000000,1866.01000000,897709.72980000
ETHUSDT,2023-04-27,1866.01000000,1940.96000000,1861.19000000,1908.68000000,727472.94660000
ETHUSDT,2023-04-28,1908.68000000,1923.88000000,1873.94000000,1890.94000000,387630.77910000
ETHUSDT,2023-04-29,1890.93000000,1918.00000000,1883.05000000,1907.80000000,182046.14060000
ETHUSDT,2023-04-30,1907.79000000,1939.00000000,1866.16000000,1870.09000000,355336.48880000
ETHUSDT,2023-05-01,1870.08000000,1886.49000000,1806.12000000,1830.73000000,445519.17790000
ETHUSDT,2023-05-02,1830.73000000,1881.87000000,1822.94000000,1870.08000000,373753.20270000
ETHUSDT,2023-05-03,1870.09000000,1916.52000000,1842.64000000,1905.12000000,465185.25010000
ETHUSDT,2023-05-04,1905.12000000,1918.26000000,1866.71000000,1877.07000000,354528.61440000
ETHUSDT,2023-05-05,1877.07000000,1998.36000000,1875.65000000,1993.30000000,546608.87500000
ETHUSDT,2023-05-06,1993.30000000,2019.00000000,1860.00000000,1896.33000000,608106.99150000
ETHUSDT,2023-05-07,1896.33000000,1933.33000000,1867.59000000,1870.40000000,413268.83570000
ETHUSDT,2023-05-08,1870.41000000,1883.97000000,1810.73000000,1847.56000000,625316.61680000
ETHUSDT,2023-05-09,1847.55000000,1861.88000000,1830.99000000,1846.52000000,304396.18600000
ETHUSDT,2023-05-10,1846.53000000,1887.47000000,1790.51000000,1840.84000000,639933.38550000
ETHUSDT,2023-05-11,1840.83000000,1842.02000000,1772.68000000,1794.30000000,522096.07250000
ETHUSDT,2023-05-12,1794.31000000,1818.63000000,1740.00000000,1807.45000000,565539.83090000
ETHUSDT,2023-05-13,1807.45000000,1817.03000000,1785.23000000,1795.11000000,212895.43730000
ETHUSDT,2023-05-14,1795.12000000,1824.00000000,1789.82000000,1799.21000000,218101.09770000
ETHUSDT,2023-05-15,1799.20000000,1846.70000000,1785.05000000,1816.20000000,388171.92610000
ETHUSDT,2023-05-16,1816.21000000,1832.64000000,1796.20000000,1824.21000000,311238.67860000
ETHUSDT,2023-05-17,1824.21000000,1837.50000000,1783.68000000,1822.12000000,352097.99130000
ETHUSDT,2023-05-18,1822.12000000,1831.92000000,1771.12000000,1800.56000000,293755.31100000
ETHUSDT,2023-05-19,1800.56000000,1829.54000000,1796.81000000,1812.32000000,243116.46760000
ETHUSDT,2023-05-20,1812.31000000,1828.87000000,1807.06000000,1819.42000000,127754.43490000
ETHUSDT,2023-05-21,1819.42000000,1828.98000000,1797.21000000,1804.91000000,161517.80530000
ETHUSDT,2023-05-22,1804.91000000,1828.27000000,1792.01000000,1817.35000000,237498.94230000
ETHUSDT,2023-05-23,1817.36000000,1872.50000000,1815.24000000,1854.05000000,396869.60970000
ETHUSDT,2023-05-24,1854.06000000,1854.09000000,1777.60000000,1799.89000000,420846.14450000
ETHUSDT,2023-05-25,1799.89000000,1818.81000000,1761.41000000,1805.60000000,350633.00890000
ETHUSDT,2023-05-26,1805.61000000,1838.20000000,1796.99000000,1827.79000000,275690.68540000
ETHUSDT,2023-05-27,1827.80000000,1836.12000000,1812.18000000,1829.89000000,138824.94060000
ETHUSDT,2023-05-28,1829.89000000,1918.65000000,1823.60000000,1908.64000000,378392.43710000
ETHUSDT,2023-05-29,1908.64000000,1927.62000000,1873.65000000,1892.60000000,313593.49420000
ETHUSDT,2023-05-30,1892.60000000,1917.00000000,1881.19000000,1900.59000000,272665.84020000
ETHUSDT,2023-05-31,1900.58000000,1907.13000000,1846.95000000,1873.63000000,319255.56810000
ETHUSDT,2023-06-01,1873.63000000,1889.20000000,1840.00000000,1861.78000000,270496.60970000
ETHUSDT,2023-06-02,1861.78000000,1910.00000000,1847.51000000,1906.68000000,313004.06580000
ETHUSDT,2023-06-03,1906.69000000,1907.92000000,1881.60000000,1892.06000000,148818.24270000
ETHUSDT,2023-06-04,1892.05000000,1914.63000000,1884.22000000,1890.01000000,172683.01190000
ETHUSDT,2023-06-05,1890.00000000,1890.63000000,1778.00000000,1810.50000000,555361.26830000
ETHUSDT,2023-06-06,1810.49000000,1898.29000000,1797.18000000,1884.64000000,491407.21740000
ETHUSDT,2023-06-07,1884.65000000,1897.80000000,1821.18000000,1832.13000000,429196.70640000
ETHUSDT,2023-06-08,1832.12000000,1861.28000000,1828.31000000,1845.64000000,189270.48530000
ETHUSDT,2023-06-09,1845.65000000,1855.00000000,1827.00000000,1840.37000000,198324.32520000
ETHUSDT,2023-06-10,1840.37000000,1844.99000000,1715.03000000,1751.53000000,652324.66950000
ETHUSDT,2023-06-11,1751.52000000,1778.25000000,1738.72000000,1752.76000000,219956.24340000
ETHUSDT,2023-06-12,1752.77000000,1759.33000000,1720.00000000,1742.57000000,302132.48190000
ETHUSDT,2023-06-13,1742.57000000,1770.13000000,1724.22000000,1740.12000000,284268.00180000
ETHUSDT,2023-06-14,1740.12000000,1750.03000000,1630.43000000,1650.95000000,415847.32700000
ETHUSDT,2023-06-15,1650.95000000,1680.91000000,1626.01000000,1666.96000000,370774.76960000
ETHUSDT,2023-06-16,1666.96000000,1729.50000000,1649.86000000,1717.92000000,311734.59040000
ETHUSDT,2023-06-17,1717.91000000,1770.00000000,1714.26000000,1727.76000000,210914.92160000
ETHUSDT,2023-06-18,1727.75000000,1747.84000000,1712.00000000,1720.95000000,156535.01280000
ETHUSDT,2023-06-19,1720.95000000,1752.19000000,1698.00000000,1737.11000000,245162.75890000
ETHUSDT,2023-06-20,1737.10000000,1796.99000000,1714.72000000,1791.99000000,328855.68460000
ETHUSDT,2023-06-21,1791.99000000,1901.00000000,1787.38000000,1889.11000000,613755.88690000
ETHUSDT,2023-06-22,1889.10000000,1933.17000000,1865.98000000,1872.01000000,416714.57190000
ETHUSDT,2023-06-23,1872.00000000,1936.42000000,1861.01000000,1892.63000000,401147.93240000
ETHUSDT,2023-06-24,1892.63000000,1906.00000000,1864.77000000,1874.96000000,226910.29410000
ETHUSDT,2023-06-25,1874.95000000,1930.00000000,1868.83000000,1898.80000000,338757.61580000
ETHUSDT,2023-06-26,1898.80000000,1909.10000000,1837.18000000,1858.97000000,458743.86100000
ETHUSDT,2023-06-27,1858.97000000,1912.53000000,1855.19000000,1889.58000000,366634.57070000
ETHUSDT,2023-06-28,1889.58000000,1890.19000000,1816.56000000,1828.02000000,337836.57920000
ETHUSDT,2023-06-29,1828.03000000,1880.00000000,1827.84000000,1851.99000000,241844.82810000
ETHUSDT,2023-06-30,1851.99000000,1948.60000000,1825.01000000,1933.79000000,716538.10350000
ETHUSDT,2023-07-01,1933.80000000,1944.56000000,1909.44000000,1924.50000000,178373.36880000
ETHUSDT,2023-07-02,1924.50000000,1959.20000000,1885.75000000,1937.48000000,255852.78320000
ETHUSDT,2023-07-03,1937.49000000,1976.16000000,1933.55000000,1955.54000000,322102.42950000
ETHUSDT,2023-07-04,1955.55000000,1967.08000000,1931.58000000,1936.20000000,205525.09840000
ETHUSDT,2023-07-05,1936.19000000,1942.50000000,1894.51000000,1910.36000000,267633.47830000
ETHUSDT,2023-07-06,1910.35000000,1958.00000000,1846.00000000,1846.17000000,456362.74100000
ETHUSDT,2023-07-07,1846.17000000,1878.00000000,1826.00000000,1870.91000000,232944.34660000
ETHUSDT,2023-07-08,1870.92000000,1876.00000000,1842.80000000,1865.24000000,125819.82730000
ETHUSDT,2023-07-09,1865.24000000,1879.36000000,1856.15000000,1862.80000000,135046.37430000
ETHUSDT,2023-07-10,1862.81000000,1905.50000000,1846.63000000,1880.40000000,247868.14940000
ETHUSDT,2023-07-11,1880.41000000,1891.99000000,1862.38000000,1878.30000000,177771.61170000
ETHUSDT,2023-07-12,1878.31000000,1902.00000000,1864.37000000,1871.82000000,264406.86730000
ETHUSDT,2023-07-13,1871.82000000,2012.63000000,1862.59000000,2004.49000000,548861.42070000
ETHUSDT,2023-07-14,2004.49000000,2029.11000000,1898.39000000,1937.83000000,498724.03590000
ETHUSDT,2023-07-15,1937.82000000,1946.37000000,1926.23000000,1931.41000000,135181.76630000
ETHUSDT,2023-07-16,1931.41000000,1943.55000000,1914.00000000,1922.11000000,148667.10510000
ETHUSDT,2023-07-17,1922.12000000,1936.18000000,1873.26000000,1911.20000000,277159.03490000
ETHUSDT,2023-07-18,1911.21000000,1917.19000000,1875.73000000,1897.21000000,215780.50060000
ETHUSDT,2023-07-19,1897.21000000,1922.04000000,1882.17000000,1888.63000000,218045.00050000
ETHUSDT,2023-07-20,1888.64000000,1929.05000000,1878.00000000,1891.59000000,292907.51640000
ETHUSDT,2023-07-21,1891.59000000,1905.74000000,1884.64000000,1891.73000000,165554.04280000
ETHUSDT,2023-07-22,1891.73000000,1897.35000000,1851.18000000,1866.52000000,131901.64870000
ETHUSDT,2023-07-23,1866.52000000,1905.25000000,1857.82000000,1888.73000000,153501.01780000
ETHUSDT,2023-07-24,1888.74000000,1890.86000000,1833.19000000,1850.00000000,276504.55470000
ETHUSDT,2023-07-25,1850.00000000,1868.71000000,1845.45000000,1857.66000000,152251.21000000
ETHUSDT,2023-07-26,1857.66000000,1888.00000000,1848.35000000,1872.00000000,272090.53330000
ETHUSDT,2023-07-27,1871.99000000,1886.11000000,1854.84000000,1861.28000000,163766.42590000
ETHUSDT,2023-07-28,1861.29000000,1883.39000000,1856.52000000,1874.19000000,138695.71470000
ETHUSDT,2023-07-29,1874.20000000,1886.58000000,1869.54000000,1880.46000000,72867.02690000
ETHUSDT,2023-07-30,1880.45000000,1885.30000000,1848.17000000,1861.79000000,158657.59020000
ETHUSDT,2023-07-31,1861.79000000,1877.40000000,1851.02000000,1856.14000000,168204.45340000
ETHUSDT,2023-08-01,1856.13000000,1875.62000000,1813.80000000,1873.47000000,358476.09660000
ETHUSDT,2023-08-02,1873.48000000,1879.74000000,1821.21000000,1839.90000000,254213.05530000
ETHUSDT,2023-08-03,1839.90000000,1859.12000000,1826.00000000,1835.81000000,171148.05200000
ETHUSDT,2023-08-04,1835.81000000,1851.31000000,1815.74000000,1830.23000000,187699.45520000
ETHUSDT,2023-08-05,1830.24000000,1839.00000000,1827.50000000,1836.48000000,93657.32550000
ETHUSDT,2023-08-06,1836.48000000,1838.58000000,1825.86000000,1830.28000000,90403.99150000
ETHUSDT,2023-08-07,1830.28000000,1847.00000000,1802.00000000,1829.10000000,224092.90590000
ETHUSDT,2023-08-08,1829.10000000,1876.51000000,1826.33000000,1856.30000000,236336.03000000
ETHUSDT,2023-08-09,1856.30000000,1871.99000000,1846.28000000,1855.35000000,191926.83430000
ETHUSDT,2023-08-10,1855.36000000,1865.95000000,1845.38000000,1852.47000000,127321.45530000
ETHUSDT,2023-08-11,1852.47000000,1857.26000000,1838.05000000,1848.84000000,113209.31030000
ETHUSDT,2023-08-12,1848.84000000,1854.01000000,1846.08000000,1849.93000000,63292.64760000
ETHUSDT,2023-08-13,1849.94000000,1862.00000000,1834.51000000,1840.73000000,120674.13640000
ETHUSDT,2023-08-14,1840.73000000,1856.50000000,1835.00000000,1845.50000000,150196.12030000
ETHUSDT,2023-08-15,1845.50000000,1847.36000000,1814.00000000,1828.98000000,186081.69890000
ETHUSDT,2023-08-16,1828.98000000,1831.52000000,1798.17000000,1807.81000000,205430.73680000
ETHUSDT,2023-08-17,1807.81000000,1809.99000000,1550.00000000,1681.49000000,812138.21590000
ETHUSDT,2023-08-18,1681.49000000,1699.40000000,1641.02000000,1661.59000000,538083.10180000
ETHUSDT,2023-08-19,1661.60000000,1696.72000000,1654.31000000,1669.67000000,231919.04850000
ETHUSDT,2023-08-20,1669.68000000,1694.75000000,1662.03000000,1685.24000000,195623.52630000
ETHUSDT,2023-08-21,1685.23000000,1688.59000000,1649.40000000,1667.55000000,250835.15180000
ETHUSDT,2023-08-22,1667.56000000,1669.38000000,1580.00000000,1634.99000000,402012.04500000
ETHUSDT,2023-08-23,1635.00000000,1702.11000000,1629.05000000,1679.61000000,374761.10880000
ETHUSDT,2023-08-24,1679.61000000,1683.37000000,1635.28000000,1661.16000000,231539.78050000
ETHUSDT,2023-08-25,1661.16000000,1677.22000000,1635.51000000,1653.80000000,236261.68980000
ETHUSDT,2023-08-26,1653.79000000,1655.59000000,1644.00000000,1647.04000000,79175.42500000
ETHUSDT,2023-08-27,1647.03000000,1660.24000000,1646.32000000,1658.33000000,87789.91960000
ETHUSDT,2023-08-28,1658.33000000,1664.34000000,1621.75000000,1653.08000000,214351.01430000
ETHUSDT,2023-08-29,1653.08000000,1745.84000000,1640.00000000,1729.42000000,494371.08230000
ETHUSDT,2023-08-30,1729.41000000,1730.93000000,1694.34000000,1705.23000000,202841.44020000
ETHUSDT,2023-08-31,1705.23000000,1729.00000000,1630.00000000,1645.76000000,330518.26680000
ETHUSDT,2023-09-01,1645.77000000,1654.53000000,1602.33000000,1629.12000000,302406.16860000
ETHUSDT,2023-09-02,1629.13000000,1645.00000000,1628.03000000,1637.03000000,102145.94760000
ETHUSDT,2023-09-03,1637.02000000,1647.50000000,1625.14000000,1635.84000000,116767.28620000
ETHUSDT,2023-09-04,1635.84000000,1644.82000000,1616.32000000,1630.51000000,168010.90560000
ETHUSDT,2023-09-05,1630.52000000,1648.02000000,1609.69000000,1634.45000000,204365.49070000
ETHUSDT,2023-09-06,1634.46000000,1670.00000000,1609.20000000,1633.15000000,219541.01930000
ETHUSDT,2023-09-07,1633.15000000,1660.00000000,1623.40000000,1648.11000000,228558.27820000
ETHUSDT,2023-09-08,1648.11000000,1658.93000000,1616.21000000,1636.44000000,221570.04580000
ETHUSDT,2023-09-09,1636.43000000,1637.52000000,1629.74000000,1635.54000000,58519.62290000
ETHUSDT,2023-09-10,1635.53000000,1635.70000000,1600.00000000,1617.42000000,207957.84280000
ETHUSDT,2023-09-11,1617.42000000,1619.00000000,1531.01000000,1551.85000000,417424.81890000
ETHUSDT,2023-09-12,1551.84000000,1626.00000000,1549.67000000,1592.97000000,329739.96850000
ETHUSDT,2023-09-13,1592.97000000,1619.30000000,1581.88000000,1607.62000000,223409.28890000
ETHUSDT,2023-09-14,1607.61000000,1644.29000000,1607.05000000,1626.47000000,275301.15050000
ETHUSDT,2023-09-15,1626.48000000,1654.08000000,1611.42000000,1641.29000000,181340.02400000
ETHUSDT,2023-09-16,1641.30000000,1653.17000000,1631.31000000,1634.40000000,99555.46710000
ETHUSDT,2023-09-17,1634.40000000,1635.00000000,1612.00000000,1622.48000000,120227.41170000
ETHUSDT,2023-09-18,1622.48000000,1669.50000000,1603.88000000,1636.66000000,279041.69780000
ETHUSDT,2023-09-19,1636.66000000,1661.04000000,1626.32000000,1643.12000000,184282.42580000
ETHUSDT,2023-09-20,1643.13000000,1649.34000000,1604.51000000,1622.26000000,232844.23470000
ETHUSDT,2023-09-21,1622.27000000,1625.30000000,1567.77000000,1583.94000000,240627.54400000
ETHUSDT,2023-09-22,1583.94000000,1602.68000000,1576.58000000,1593.08000000,124886.09100000
ETHUSDT,2023-09-23,1593.07000000,1598.24000000,1587.45000000,1593.86000000,64537.13410000
ETHUSDT,2023-09-24,1593.85000000,1601.12000000,1570.01000000,1580.71000000,137517.85330000
ETHUSDT,2023-09-25,1580.71000000,1597.50000000,1563.01000000,1588.33000000,176706.92770000
ETHUSDT,2023-09-26,1588.34000000,1599.78000000,1580.05000000,1594.01000000,125583.01610000
ETHUSDT,2023-09-27,1594.02000000,1634.10000000,1583.50000000,1598.64000000,274404.43280000
ETHUSDT,2023-09-28,1598.63000000,1668.21000000,1598.14000000,1652.99000000,331409.70150000
ETHUSDT,2023-09-29,1653.00000000,1688.00000000,1648.37000000,1667.45000000,251975.67280000
ETHUSDT,2023-09-30,1667.45000000,1694.32000000,1666.19000000,1670.89000000,136924.91410000
ETHUSDT,2023-10-01,1670.89000000,1751.00000000,1668.00000000,1733.79000000,225611.58680000
ETHUSDT,2023-10-02,1733.80000000,1744.00000000,1636.79000000,1662.40000000,378575.68980000
ETHUSDT,2023-10-03,1662.41000000,1670.65000000,1643.00000000,1656.88000000,198287.11640000
ETHUSDT,2023-10-04,1656.88000000,1657.66000000,1625.00000000,1646.58000000,222861.71670000
ETHUSDT,2023-10-05,1646.58000000,1655.47000000,1606.73000000,1611.79000000,237378.74490000
ETHUSDT,2023-10-06,1611.79000000,1662.00000000,1611.68000000,1645.03000000,220507.92860000
ETHUSDT,2023-10-07,1645.03000000,1647.71000000,1630.03000000,1633.57000000,101241.57320000
ETHUSDT,2023-10-08,1633.56000000,1641.40000000,1616.17000000,1632.84000000,149424.66350000
ETHUSDT,2023-10-09,1632.85000000,1636.00000000,1546.00000000,1580.13000000,340141.09880000
ETHUSDT,2023-10-10,1580.13000000,1594.90000000,1550.55000000,1567.63000000,240659.32870000
ETHUSDT,2023-10-11,1567.62000000,1578.43000000,1544.26000000,1566.87000000,260253.96710000
ETHUSDT,2023-10-12,1566.86000000,1568.56000000,1521.00000000,1539.61000000,237221.49770000
ETHUSDT,2023-10-13,1539.61000000,1575.36000000,1537.76000000,1552.16000000,192205.87360000
ETHUSDT,2023-10-14,1552.16000000,1561.72000000,1544.55000000,1554.94000000,100314.67540000
ETHUSDT,2023-10-15,1554.94000000,1567.62000000,1547.44000000,1557.77000000,120311.27380000
ETHUSDT,2023-10-16,1557.78000000,1639.43000000,1555.06000000,1599.42000000,418510.86440000
ETHUSDT,2023-10-17,1599.41000000,1600.53000000,1551.08000000,1565.01000000,234817.06990000
ETHUSDT,2023-10-18,1565.01000000,1585.42000000,1555.88000000,1563.44000000,177750.22530000
ETHUSDT,2023-10-19,1563.45000000,1574.45000000,1541.61000000,1566.57000000,216217.66750000
ETHUSDT,2023-10-20,1566.57000000,1630.40000000,1561.19000000,1603.89000000,315995.79200000
ETHUSDT,2023-10-21,1603.88000000,1644.53000000,1592.36000000,1628.94000000,176419.40920000
ETHUSDT,2023-10-22,1628.94000000,1667.80000000,1621.10000000,1663.70000000,228650.92250000
ETHUSDT,2023-10-23,1663.69000000,1800.00000000,1657.07000000,1765.46000000,610931.96630000
ETHUSDT,2023-10-24,1765.47000000,1854.38000000,1756.21000000,1784.98000000,674055.13750000
ETHUSDT,2023-10-25,1784.98000000,1817.69000000,1760.00000000,1787.15000000,354410.82940000
ETHUSDT,2023-10-26,1787.15000000,1865.54000000,1762.21000000,1803.38000000,431169.04530000
ETHUSDT,2023-10-27,1803.39000000,1803.91000000,1744.66000000,1779.40000000,274532.69210000
ETHUSDT,2023-10-28,1779.41000000,1803.23000000,1770.00000000,1776.20000000,122919.73820000
ETHUSDT,2023-10-29,1776.21000000,1811.30000000,1762.66000000,1795.14000000,144110.65080000
ETHUSDT,2023-10-30,1795.14000000,1829.84000000,1777.77000000,1809.04000000,277686.19200000
ETHUSDT,2023-10-31,1809.03000000,1819.41000000,1780.99000000,1814.67000000,258074.57960000
ETHUSDT,2023-11-01,1814.67000000,1857.66000000,1783.19000000,1846.99000000,471921.61840000
ETHUSDT,2023-11-02,1846.99000000,1875.00000000,1785.01000000,1800.80000000,368738.21930000
ETHUSDT,2023-11-03,1800.79000000,1834.58000000,1777.11000000,1832.71000000,315000.26780000
ETHUSDT,2023-11-04,1832.70000000,1869.90000000,1824.03000000,1855.54000000,171538.03640000
ETHUSDT,2023-11-05,1855.54000000,1912.67000000,1846.11000000,1891.71000000,383106.76280000
ETHUSDT,2023-11-06,1891.71000000,1914.23000000,1868.48000000,1900.95000000,328746.23940000
ETHUSDT,2023-11-07,1900.95000000,1906.99000000,1850.32000000,1885.27000000,332419.44060000
ETHUSDT,2023-11-08,1885.26000000,1904.69000000,1872.51000000,1888.12000000,247881.09970000
ETHUSDT,2023-11-09,1888.11000000,2132.00000000,1882.07000000,2121.32000000,1100330.32370000
ETHUSDT,2023-11-10,2121.33000000,2136.99000000,2064.61000000,2077.72000000,555573.64950000
ETHUSDT,2023-11-11,2077.72000000,2089.60000000,2030.30000000,2053.17000000,370966.03720000
ETHUSDT,2023-11-12,2053.16000000,2066.50000000,2012.10000000,2044.68000000,281907.55900000
ETHUSDT,2023-11-13,2044.69000000,2118.00000000,2028.49000000,2053.65000000,529143.58150000
ETHUSDT,2023-11-14,2053.65000000,2064.96000000,1936.60000000,1979.39000000,481909.73300000
ETHUSDT,2023-11-15,1979.40000000,2062.40000000,1967.01000000,2058.48000000,421870.80320000
ETHUSDT,2023-11-16,2058.49000000,2090.40000000,1939.10000000,1961.77000000,545286.12970000
ETHUSDT,2023-11-17,1961.77000000,1991.50000000,1904.00000000,1960.82000000,401100.50690000
ETHUSDT,2023-11-18,1960.82000000,1971.22000000,1916.00000000,1962.60000000,279368.22080000
ETHUSDT,2023-11-19,1962.59000000,2015.75000000,1942.89000000,2011.47000000,251132.61920000
ETHUSDT,2023-11-20,2011.47000000,2066.40000000,1990.00000000,2021.40000000,421717.67900000
ETHUSDT,2023-11-21,2021.41000000,2034.60000000,1931.43000000,1933.01000000,490163.98630000
ETHUSDT,2023-11-22,1933.01000000,2092.46000000,1928.41000000,2063.21000000,466120.51090000
ETHUSDT,2023-11-23,2063.22000000,2088.94000000,2040.35000000,2062.20000000,250960.69580000
ETHUSDT,2023-11-24,2062.21000000,2133.02000000,2059.37000000,2080.84000000,426932.54020000
ETHUSDT,2023-11-25,2080.84000000,2090.54000000,2065.30000000,2083.09000000,138847.39300000
ETHUSDT,2023-11-26,2083.10000000,2094.99000000,2036.42000000,2062.33000000,241262.91360000
ETHUSDT,2023-11-27,2062.34000000,2071.24000000,1985.78000000,2027.50000000,326073.22980000
ETHUSDT,2023-11-28,2027.50000000,2075.00000000,1995.15000000,2048.14000000,283775.92790000
ETHUSDT,2023-11-29,2048.14000000,2075.70000000,2019.31000000,2028.81000000,254843.73190000
ETHUSDT,2023-11-30,2028.80000000,2054.75000000,2020.85000000,2051.96000000,243680.09210000
ETHUSDT,2023-12-01,2051.95000000,2110.87000000,2045.04000000,2087.24000000,372645.58600000
ETHUSDT,2023-12-02,2087.24000000,2186.60000000,2086.25000000,2164.74000000,320979.97680000
ETHUSDT,2023-12-03,2164.75000000,2217.27000000,2149.00000000,2192.95000000,257879.11360000
ETHUSDT,2023-12-04,2192.96000000,2274.28000000,2191.00000000,2243.37000000,565307.71340000
ETHUSDT,2023-12-05,2243.36000000,2309.72000000,2188.33000000,2293.33000000,529829.72140000
ETHUSDT,2023-12-06,2293.33000000,2312.23000000,2220.00000000,2232.70000000,408338.90560000
ETHUSDT,2023-12-07,2232.70000000,2382.80000000,2222.00000000,2355.73000000,485190.06090000
ETHUSDT,2023-12-08,2355.74000000,2392.00000000,2336.34000000,2358.72000000,378569.81260000
ETHUSDT,2023-12-09,2358.71000000,2403.00000000,2328.01000000,2340.49000000,287771.06640000
ETHUSDT,2023-12-10,2340.48000000,2377.47000000,2320.00000000,2352.39000000,200037.21020000
ETHUSDT,2023-12-11,2352.39000000,2355.00000000,2156.62000000,2225.12000000,640414.91660000
ETHUSDT,2023-12-12,2225.11000000,2244.12000000,2166.00000000,2203.46000000,361588.90870000
ETHUSDT,2023-12-13,2203.47000000,2284.02000000,2144.32000000,2260.16000000,418916.61540000
ETHUSDT,2023-12-14,2260.16000000,2332.11000000,2228.20000000,2315.32000000,409508.09310000
ETHUSDT,2023-12-15,2315.32000000,2317.81000000,2200.00000000,2220.50000000,333552.63280000
ETHUSDT,2023-12-16,2220.51000000,2263.40000000,2210.00000000,2228.96000000,199285.92300000
ETHUSDT,2023-12-17,2228.96000000,2248.68000000,2191.50000000,2196.52000000,225925.76750000
ETHUSDT,2023-12-18,2196.53000000,2224.00000000,2116.60000000,2219.43000000,364103.11810000
ETHUSDT,2023-12-19,2219.44000000,2255.00000000,2135.55000000,2177.91000000,383551.40490000
ETHUSDT,2023-12-20,2177.90000000,2266.00000000,2156.00000000,2202.17000000,416841.62720000
ETHUSDT,2023-12-21,2202.17000000,2279.31000000,2182.98000000,2239.61000000,453069.72520000
ETHUSDT,2023-12-22,2239.60000000,2343.15000000,2230.59000000,2324.54000000,591357.48800000
ETHUSDT,2023-12-23,2324.54000000,2330.65000000,2265.00000000,2308.20000000,255626.93520000
ETHUSDT,2023-12-24,2308.20000000,2326.19000000,2245.00000000,2264.05000000,307951.07600000
ETHUSDT,2023-12-25,2264.04000000,2304.80000000,2253.10000000,2271.35000000,286277.16160000
ETHUSDT,2023-12-26,2271.36000000,2274.99000000,2178.45000000,2230.88000000,410413.15910000
ETHUSDT,2023-12-27,2230.88000000,2392.44000000,2211.88000000,2378.35000000,541537.35740000
ETHUSDT,2023-12-28,2378.35000000,2445.80000000,2335.00000000,2344.15000000,580459.98200000
ETHUSDT,2023-12-29,2344.15000000,2385.41000000,2255.34000000,2299.20000000,450201.20690000
ETHUSDT,2023-12-30,2299.20000000,2322.84000000,2268.00000000,2291.68000000,210539.13270000
ETHUSDT,2023-12-31,2291.68000000,2321.34000000,2258.88000000,2281.87000000,222175.87790000
ETHUSDT,2024-01-01,2281.87000000,2352.37000000,2265.24000000,2352.04000000,216702.69140000
ETHUSDT,2024-01-02,2352.05000000,2431.30000000,2341.00000000,2355.34000000,458041.66420000
ETHUSDT,2024-01-03,2355.35000000,2385.45000000,2100.00000000,2209.72000000,798729.48690000
ETHUSDT,2024-01-04,2209.72000000,2294.69000000,2201.91000000,2267.11000000,448844.05500000
ETHUSDT,2024-01-05,2267.11000000,2277.21000000,2206.17000000,2268.78000000,405568.00060000
ETHUSDT,2024-01-06,2268.78000000,2270.00000000,2216.40000000,2240.78000000,194067.86560000
ETHUSDT,2024-01-07,2240.77000000,2258.01000000,2203.46000000,2221.42000000,207138.69270000
ETHUSDT,2024-01-08,2221.42000000,2358.20000000,2166.38000000,2330.44000000,539407.55470000
ETHUSDT,2024-01-09,2330.43000000,2371.72000000,2226.78000000,2344.29000000,551454.99310000
ETHUSDT,2024-01-10,2344.30000000,2643.10000000,2339.59000000,2584.38000000,1038388.66600000
ETHUSDT,2024-01-11,2584.37000000,2689.39000000,2566.01000000,2618.01000000,838712.25770000
ETHUSDT,2024-01-12,2618.01000000,2717.32000000,2458.00000000,2522.54000000,887457.76270000
ETHUSDT,2024-01-13,2522.55000000,2590.00000000,2497.50000000,2578.19000000,422061.23200000
ETHUSDT,2024-01-14,2578.18000000,2578.69000000,2470.00000000,2472.87000000,306207.74630000
ETHUSDT,2024-01-15,2472.87000000,2553.82000000,2470.92000000,2511.78000000,315247.88190000
ETHUSDT,2024-01-16,2511.79000000,2614.43000000,2500.05000000,2587.40000000,381077.62470000
ETHUSDT,2024-01-17,2587.41000000,2592.97000000,2506.75000000,2530.19000000,366281.34770000
ETHUSDT,2024-01-18,2530.20000000,2550.00000000,2428.56000000,2470.81000000,452090.10740000
ETHUSDT,2024-01-19,2470.81000000,2504.20000000,2415.20000000,2492.00000000,424209.00290000
ETHUSDT,2024-01-20,2491.99000000,2492.00000000,2454.20000000,2472.01000000,136620.95770000
ETHUSDT,2024-01-21,2472.02000000,2482.18000000,2452.13000000,2457.05000000,122572.16870000
ETHUSDT,2024-01-22,2457.06000000,2466.10000000,2303.59000000,2314.20000000,526337.64920000
ETHUSDT,2024-01-23,2314.19000000,2352.23000000,2168.07000000,2242.60000000,700105.33140000
ETHUSDT,2024-01-24,2242.60000000,2264.60000000,2196.12000000,2235.02000000,359851.14960000
ETHUSDT,2024-01-25,2235.02000000,2242.89000000,2171.30000000,2218.64000000,330426.60610000
ETHUSDT,2024-01-26,2218.64000000,2282.36000000,2195.84000000,2267.68000000,363566.42550000
ETHUSDT,2024-01-27,2267.67000000,2282.94000000,2251.40000000,2267.94000000,145109.38360000
ETHUSDT,2024-01-28,2267.94000000,2308.24000000,2239.89000000,2256.90000000,209326.90870000
ETHUSDT,2024-01-29,2256.90000000,2322.34000000,2233.80000000,2317.60000000,305528.07760000
ETHUSDT,2024-01-30,2317.61000000,2391.98000000,2297.00000000,2343.01000000,372879.57910000
ETHUSDT,2024-01-31,2343.00000000,2351.60000000,2263.57000000,2283.14000000,397116.18590000
ETHUSDT,2024-02-01,2283.15000000,2311.72000000,2240.00000000,2304.28000000,310997.45380000
ETHUSDT,2024-02-02,2304.28000000,2324.74000000,2281.94000000,2309.06000000,238230.51100000
ETHUSDT,2024-02-03,2309.07000000,2329.98000000,2292.75000000,2296.49000000,133232.84500000
ETHUSDT,2024-02-04,2296.50000000,2311.00000000,2266.00000000,2289.79000000,171232.04440000
ETHUSDT,2024-02-05,2289.79000000,2338.41000000,2269.11000000,2301.83000000,236610.41200000
ETHUSDT,2024-02-06,2301.84000000,2392.40000000,2299.00000000,2372.64000000,368942.74980000
ETHUSDT,2024-02-07,2372.63000000,2444.44000000,2354.00000000,2425.10000000,342791.70130000
ETHUSDT,2024-02-08,2425.09000000,2463.15000000,2411.01000000,2419.55000000,338040.05390000
ETHUSDT,2024-02-09,2419.56000000,2525.00000000,2419.16000000,2486.56000000,492384.38500000
ETHUSDT,2024-02-10,2486.56000000,2516.45000000,2471.57000000,2500.24000000,185099.59000000
ETHUSDT,2024-02-11,2500.24000000,2539.63000000,2493.45000000,2507.21000000,219975.14710000
ETHUSDT,2024-02-12,2507.22000000,2665.58000000,2472.00000000,2659.99000000,449501.77600000
ETHUSDT,2024-02-13,2659.99000000,2686.12000000,2590.00000000,2639.99000000,502447.74500000
ETHUSDT,2024-02-14,2639.99000000,2786.00000000,2618.40000000,2774.81000000,461670.69440000
ETHUSDT,2024-02-15,2774.80000000,2867.65000000,2759.25000000,2822.59000000,481689.18740000
ETHUSDT,2024-02-16,2822.58000000,2857.40000000,2740.00000000,2801.80000000,378070.80370000
ETHUSDT,2024-02-17,2801.81000000,2804.21000000,2719.01000000,2785.93000000,243302.87590000
ETHUSDT,2024-02-18,2785.92000000,2895.00000000,2764.25000000,2881.20000000,367987.88330000
ETHUSDT,2024-02-19,2881.20000000,2984.52000000,2856.93000000,2944.80000000,446451.04010000
ETHUSDT,2024-02-20,2944.80000000,3033.09000000,2874.56000000,3014.81000000,634681.74710000
ETHUSDT,2024-02-21,3014.81000000,3017.15000000,2868.00000000,2967.90000000,595955.00330000
ETHUSDT,2024-02-22,2967.91000000,3036.02000000,2906.51000000,2971.40000000,563525.99360000
ETHUSDT,2024-02-23,2971.40000000,2993.80000000,2906.05000000,2922.24000000,428826.57870000
ETHUSDT,2024-02-24,2922.25000000,3007.48000000,2906.40000000,2992.62000000,243854.07830000
ETHUSDT,2024-02-25,2992.62000000,3122.00000000,2983.61000000,3112.59000000,412306.22370000
ETHUSDT,2024-02-26,3112.60000000,3196.00000000,3036.59000000,3175.94000000,546722.77470000
ETHUSDT,2024-02-27,3175.95000000,3288.14000000,3160.02000000,3242.36000000,625939.12210000
ETHUSDT,2024-02-28,3242.35000000,3488.00000000,3176.16000000,3383.10000000,947538.76600000
ETHUSDT,2024-02-29,3383.11000000,3522.81000000,3300.00000000,3340.09000000,759698.11230000
ETHUSDT,2024-03-01,3340.10000000,3450.00000000,3338.54000000,3433.43000000,412788.57730000
ETHUSDT,2024-03-02,3433.42000000,3460.04000000,3390.01000000,3421.40000000,283984.94480000
ETHUSDT,2024-03-03,3421.39000000,3491.80000000,3360.00000000,3487.81000000,341631.53100000
ETHUSDT,2024-03-04,3487.80000000,3640.94000000,3423.78000000,3627.76000000,715360.63610000
ETHUSDT,2024-03-05,3627.75000000,3822.04000000,3200.00000000,3553.65000000,1392904.86400000
ETHUSDT,2024-03-06,3553.66000000,3900.00000000,3499.40000000,3818.59000000,969494.71000000
ETHUSDT,2024-03-07,3818.58000000,3933.81000000,3735.00000000,3868.76000000,540780.67500000
ETHUSDT,2024-03-08,3868.76000000,3993.75000000,3820.00000000,3883.36000000,646399.25890000
ETHUSDT,2024-03-09,3883.37000000,3942.00000000,3870.01000000,3905.21000000,254839.13860000
ETHUSDT,2024-03-10,3905.20000000,3964.67000000,3791.26000000,3878.47000000,356664.68000000
ETHUSDT,2024-03-11,3878.47000000,4086.23000000,3722.95000000,4064.80000000,721554.51390000
ETHUSDT,2024-03-12,4064.80000000,4093.92000000,3828.98000000,3979.96000000,632787.39410000
ETHUSDT,2024-03-13,3979.97000000,4083.00000000,3932.23000000,4004.79000000,482305.77660000
ETHUSDT,2024-03-14,4004.79000000,4010.98000000,3723.00000000,3881.70000000,648237.52450000
ETHUSDT,2024-03-15,3881.69000000,3934.02000000,3570.00000000,3742.19000000,947537.40710000
ETHUSDT,2024-03-16,3742.19000000,3781.12000000,3468.80000000,3523.09000000,548288.15690000
ETHUSDT,2024-03-17,3523.09000000,3678.68000000,3412.00000000,3644.71000000,517790.99360000
ETHUSDT,2024-03-18,3644.70000000,3645.02000000,3454.09000000,3520.46000000,570901.28510000
ETHUSDT,2024-03-19,3520.47000000,3548.09000000,3150.88000000,3158.64000000,1049629.69360000
ETHUSDT,2024-03-20,3158.65000000,3535.24000000,3056.56000000,3516.53000000,1207322.82010000
ETHUSDT,2024-03-21,3516.53000000,3587.32000000,3412.00000000,3492.85000000,602755.20720000
ETHUSDT,2024-03-22,3492.84000000,3542.52000000,3250.00000000,3336.35000000,558848.88800000
ETHUSDT,2024-03-23,3336.35000000,3435.48000000,3270.08000000,3329.53000000,323675.94480000
ETHUSDT,2024-03-24,3329.53000000,3471.22000000,3298.76000000,3454.98000000,260824.14080000
ETHUSDT,2024-03-25,3454.99000000,3666.00000000,3420.12000000,3590.42000000,548577.69420000
ETHUSDT,2024-03-26,3590.43000000,3678.86000000,3542.62000000,3587.33000000,499013.83840000
ETHUSDT,2024-03-27,3587.32000000,3665.84000000,3460.02000000,3501.19000000,443195.32970000
ETHUSDT,2024-03-28,3501.20000000,3611.78000000,3465.00000000,3560.49000000,404654.03110000
ETHUSDT,2024-03-29,3560.49000000,3584.37000000,3445.91000000,3509.74000000,323086.17900000
ETHUSDT,2024-03-30,3509.74000000,3565.81000000,3485.00000000,3505.64000000,216025.26340000
ETHUSDT,2024-03-31,3505.65000000,3655.32000000,3505.09000000,3645.29000000,243464.98770000
ETHUSDT,2024-04-01,3645.29000000,3645.95000000,3413.71000000,3503.80000000,408854.12250000
ETHUSDT,2024-04-02,3503.80000000,3505.60000000,3212.00000000,3278.96000000,623264.64760000
ETHUSDT,2024-04-03,3278.96000000,3367.40000000,3202.79000000,3310.83000000,410484.19330000
ETHUSDT,2024-04-04,3310.83000000,3443.93000000,3250.92000000,3327.40000000,356338.57160000
ETHUSDT,2024-04-05,3327.39000000,3350.00000000,3210.00000000,3317.85000000,344556.79830000
ETHUSDT,2024-04-06,3317.85000000,3398.42000000,3306.68000000,3351.59000000,183312.21250000
ETHUSDT,2024-04-07,3351.59000000,3459.94000000,3344.08000000,3454.20000000,210459.07520000
ETHUSDT,2024-04-08,3454.20000000,3730.71000000,3406.36000000,3694.61000000,496841.35320000
ETHUSDT,2024-04-09,3694.61000000,3727.34000000,3450.46000000,3506.39000000,457592.25200000
ETHUSDT,2024-04-10,3506.40000000,3562.95000000,3411.82000000,3545.64000000,389404.90550000
ETHUSDT,2024-04-11,3545.64000000,3618.30000000,3474.52000000,3502.52000000,338139.55340000
ETHUSDT,2024-04-12,3502.52000000,3552.40000000,3100.00000000,3237.43000000,697327.11740000
ETHUSDT,2024-04-13,3237.42000000,3301.90000000,2852.00000000,3007.01000000,994971.23540000
ETHUSDT,2024-04-14,3007.01000000,3174.23000000,2906.73000000,3155.11000000,737580.46660000
ETHUSDT,2024-04-15,3155.11000000,3277.85000000,3023.19000000,3101.99000000,605430.88630000
ETHUSDT,2024-04-16,3102.00000000,3128.01000000,2986.00000000,3084.22000000,526113.85500000
ETHUSDT,2024-04-17,3084.21000000,3123.75000000,2914.47000000,2985.41000000,491897.56610000
ETHUSDT,2024-04-18,2985.41000000,3094.40000000,2950.98000000,3064.40000000,389060.71330000
ETHUSDT,2024-04-19,3064.40000000,3128.89000000,2865.18000000,3056.46000000,607850.40190000
ETHUSDT,2024-04-20,3056.45000000,3171.88000000,3018.75000000,3155.79000000,242577.63710000
ETHUSDT,2024-04-21,3155.79000000,3197.18000000,3116.49000000,3147.67000000,219970.50720000
ETHUSDT,2024-04-22,3147.66000000,3235.00000000,3129.15000000,3200.20000000,290879.95690000
ETHUSDT,2024-04-23,3200.19000000,3263.61000000,3152.00000000,3219.46000000,253914.22630000
ETHUSDT,2024-04-24,3219.46000000,3293.56000000,3104.90000000,3140.80000000,393314.34140000
ETHUSDT,2024-04-25,3140.79000000,3191.64000000,3072.20000000,3155.80000000,352288.55020000
ETHUSDT,2024-04-26,3155.81000000,3167.70000000,3102.00000000,3131.30000000,252522.65500000
ETHUSDT,2024-04-27,3131.30000000,3285.00000000,3066.74000000,3255.56000000,323811.19190000
ETHUSDT,2024-04-28,3255.55000000,3357.40000000,3250.45000000,3263.45000000,304766.00900000
ETHUSDT,2024-04-29,3263.44000000,3286.95000000,3115.13000000,3216.73000000,421831.29120000
ETHUSDT,2024-04-30,3216.74000000,3250.95000000,2921.00000000,3014.05000000,561717.48660000
ETHUSDT,2024-05-01,3014.04000000,3023.24000000,2817.00000000,2972.46000000,624963.77730000
ETHUSDT,2024-05-02,2972.46000000,3016.72000000,2893.26000000,2986.19000000,365939.71910000
ETHUSDT,2024-05-03,2986.19000000,3126.99000000,2958.32000000,3102.61000000,355825.83910000
ETHUSDT,2024-05-04,3102.61000000,3168.00000000,3092.85000000,3117.23000000,196263.94880000
ETHUSDT,2024-05-05,3117.24000000,3171.93000000,3072.99000000,3136.41000000,218760.26620000
ETHUSDT,2024-05-06,3136.40000000,3221.40000000,3046.35000000,3062.60000000,355135.30270000
ETHUSDT,2024-05-07,3062.59000000,3129.85000000,2998.00000000,3005.69000000,298796.68290000
ETHUSDT,2024-05-08,3005.69000000,3038.15000000,2936.48000000,2974.21000000,266934.81250000
ETHUSDT,2024-05-09,2974.20000000,3059.00000000,2950.77000000,3036.23000000,238561.74620000
ETHUSDT,2024-05-10,3036.24000000,3053.89000000,2878.03000000,2909.99000000,327855.87580000
ETHUSDT,2024-05-11,2909.98000000,2945.67000000,2886.46000000,2912.45000000,138163.10870000
ETHUSDT,2024-05-12,2912.45000000,2955.20000000,2901.17000000,2929.29000000,107670.63230000
ETHUSDT,2024-05-13,2929.30000000,2996.40000000,2864.76000000,2950.99000000,368664.76480000
ETHUSDT,2024-05-14,2950.99000000,2960.60000000,2862.00000000,2881.93000000,269675.30370000
ETHUSDT,2024-05-15,2881.93000000,3041.36000000,2863.75000000,3032.55000000,350254.31880000
ETHUSDT,2024-05-16,3032.55000000,3041.24000000,2922.80000000,2944.70000000,293874.15130000
ETHUSDT,2024-05-17,2944.70000000,3120.00000000,2933.06000000,3092.01000000,357724.77310000
ETHUSDT,2024-05-18,3092.00000000,3146.98000000,3083.61000000,3122.94000000,199976.54560000
ETHUSDT,2024-05-19,3122.94000000,3136.64000000,3053.38000000,3071.19000000,166145.01020000
ETHUSDT,2024-05-20,3071.20000000,3694.00000000,3047.67000000,3661.78000000,847107.88280000
ETHUSDT,2024-05-21,3661.79000000,3841.54000000,3624.28000000,3789.60000000,952437.26940000
ETHUSDT,2024-05-22,3789.59000000,3813.69000000,3653.15000000,3737.73000000,574938.30990000
ETHUSDT,2024-05-23,3737.72000000,3949.29000000,3498.00000000,3783.61000000,1127866.07600000
ETHUSDT,2024-05-24,3783.60000000,3829.61000000,3626.10000000,3728.28000000,479418.43180000
ETHUSDT,2024-05-25,3728.28000000,3779.43000000,3709.03000000,3749.26000000,158711.89920000
ETHUSDT,2024-05-26,3749.25000000,3884.20000000,3731.17000000,3826.47000000,292208.29370000
ETHUSDT,2024-05-27,3826.47000000,3977.00000000,3823.37000000,3894.22000000,363717.64730000
ETHUSDT,2024-05-28,3894.21000000,3931.09000000,3773.90000000,3844.69000000,416249.83440000
ETHUSDT,2024-05-29,3844.69000000,3888.55000000,3742.59000000,3767.43000000,334759.63480000
ETHUSDT,2024-05-30,3767.44000000,3825.35000000,3702.58000000,3747.91000000,277034.28940000
ETHUSDT,2024-05-31,3747.90000000,3849.94000000,3723.75000000,3762.29000000,273406.76600000
ETHUSDT,2024-06-01,3762.29000000,3833.30000000,3752.67000000,3815.82000000,132687.20060000
ETHUSDT,2024-06-02,3815.82000000,3838.59000000,3752.62000000,3780.91000000,210295.44070000
ETHUSDT,2024-06-03,3780.92000000,3849.99000000,3758.43000000,3767.06000000,248848.70200000
ETHUSDT,2024-06-04,3767.07000000,3831.65000000,3730.00000000,3810.23000000,232063.74680000
ETHUSDT,2024-06-05,3810.23000000,3887.47000000,3777.33000000,3865.99000000,273738.60350000
ETHUSDT,2024-06-06,3866.00000000,3878.60000000,3760.00000000,3813.46000000,237504.19050000
ETHUSDT,2024-06-07,3813.47000000,3841.39000000,3600.00000000,3678.32000000,362223.35940000
ETHUSDT,2024-06-08,3678.31000000,3709.50000000,3660.08000000,3681.57000000,140550.83940000
ETHUSDT,2024-06-09,3681.58000000,3721.52000000,3666.36000000,3706.40000000,103451.10200000
ETHUSDT,2024-06-10,3706.40000000,3713.67000000,3642.74000000,3667.85000000,156363.18460000
ETHUSDT,2024-06-11,3667.85000000,3673.00000000,3432.00000000,3497.33000000,439568.59780000
ETHUSDT,2024-06-12,3497.33000000,3659.01000000,3462.07000000,3560.12000000,387043.77400000
ETHUSDT,2024-06-13,3560.13000000,3561.65000000,3428.00000000,3469.40000000,300230.82990000
ETHUSDT,2024-06-14,3469.40000000,3532.61000000,3362.26000000,3481.80000000,322316.42140000
ETHUSDT,2024-06-15,3481.80000000,3594.39000000,3473.10000000,3568.74000000,246649.58940000
ETHUSDT,2024-06-16,3568.75000000,3653.79000000,3541.05000000,3624.41000000,149839.98200000
ETHUSDT,2024-06-17,3624.41000000,3638.37000000,3463.39000000,3511.46000000,337805.64020000
ETHUSDT,2024-06-18,3511.47000000,3517.20000000,3355.00000000,3483.42000000,449913.30140000
ETHUSDT,2024-06-19,3483.42000000,3590.01000000,3465.65000000,3560.51000000,321500.00270000
ETHUSDT,2024-06-20,3560.51000000,3625.96000000,3486.00000000,3513.08000000,329117.84530000
ETHUSDT,2024-06-21,3513.08000000,3547.55000000,3446.82000000,3518.50000000,342155.10200000
ETHUSDT,2024-06-22,3518.50000000,3521.19000000,3475.09000000,3495.75000000,115774.61570000
ETHUSDT,2024-06-23,3495.76000000,3521.45000000,3406.38000000,3420.91000000,133411.43040000
ETHUSDT,2024-06-24,3420.91000000,3435.76000000,3240.00000000,3352.73000000,543370.42290000
ETHUSDT,2024-06-25,3352.74000000,3430.88000000,3336.76000000,3394.91000000,240036.22360000
ETHUSDT,2024-06-26,3394.91000000,3426.75000000,3325.01000000,3371.44000000,206949.34180000
ETHUSDT,2024-06-27,3371.77000000,3477.00000000,3361.74000000,3450.44000000,201041.66090000
ETHUSDT,2024-06-28,3450.44000000,3487.70000000,3365.22000000,3380.15000000,221634.34350000
ETHUSDT,2024-06-29,3380.15000000,3408.32000000,3371.86000000,3378.80000000,88329.76510000
ETHUSDT,2024-06-30,3378.80000000,3460.00000000,3352.66000000,3438.16000000,141221.61850000
ETHUSDT,2024-07-01,3438.16000000,3524.94000000,3423.78000000,3442.20000000,224273.21220000
ETHUSDT,2024-07-02,3442.20000000,3464.12000000,3402.00000000,3421.35000000,137932.70140000
ETHUSDT,2024-07-03,3421.35000000,3432.10000000,3251.00000000,3295.48000000,310408.45100000
ETHUSDT,2024-07-04,3295.49000000,3313.45000000,3050.34000000,3059.70000000,450402.56920000
ETHUSDT,2024-07-05,3059.70000000,3110.00000000,2810.00000000,2981.78000000,886994.37530000
ETHUSDT,2024-07-06,2981.79000000,3081.78000000,2955.06000000,3066.83000000,214487.97130000
ETHUSDT,2024-07-07,3066.83000000,3073.08000000,2922.24000000,2931.00000000,179892.76120000
ETHUSDT,2024-07-08,2930.99000000,3097.06000000,2822.80000000,3019.01000000,500445.01050000
ETHUSDT,2024-07-09,3019.01000000,3115.20000000,3004.00000000,3066.65000000,280358.14240000
ETHUSDT,2024-07-10,3066.65000000,3151.51000000,3024.00000000,3101.05000000,270827.08440000
ETHUSDT,2024-07-11,3101.06000000,3217.24000000,3054.76000000,3099.57000000,289229.32000000
ETHUSDT,2024-07-12,3099.57000000,3157.89000000,3045.58000000,3133.88000000,185745.18250000
ETHUSDT,2024-07-13,3133.89000000,3201.80000000,3113.37000000,3175.93000000,119302.47690000
ETHUSDT,2024-07-14,3175.93000000,3268.72000000,3163.67000000,3245.08000000,165430.77160000
ETHUSDT,2024-07-15,3245.20000000,3493.63000000,3233.22000000,3483.39000000,314296.84520000
ETHUSDT,2024-07-16,3483.20000000,3498.59000000,3346.55000000,3444.13000000,376128.78690000
ETHUSDT,2024-07-17,3444.14000000,3517.00000000,3376.00000000,3387.05000000,297812.51620000
ETHUSDT,2024-07-18,3387.05000000,3489.98000000,3367.20000000,3426.50000000,241950.34570000
ETHUSDT,2024-07-19,3426.49000000,3540.27000000,3377.00000000,3503.53000000,299511.64220000
ETHUSDT,2024-07-20,3503.53000000,3539.65000000,3480.00000000,3517.50000000,147510.81650000
ETHUSDT,2024-07-21,3517.50000000,3547.00000000,3411.40000000,3535.92000000,218890.96560000
ETHUSDT,2024-07-22,3535.93000000,3562.82000000,3422.34000000,3439.60000000,207859.50430000
ETHUSDT,2024-07-23,3439.61000000,3541.00000000,3389.00000000,3482.51000000,500568.78110000
ETHUSDT,2024-07-24,3482.51000000,3487.82000000,3300.00000000,3335.81000000,275479.05060000
ETHUSDT,2024-07-25,3335.82000000,3342.50000000,3087.53000000,3175.48000000,494282.63980000
ETHUSDT,2024-07-26,3175.47000000,3286.36000000,3171.00000000,3274.61000000,260237.46410000
ETHUSDT,2024-07-27,3274.60000000,3327.59000000,3191.01000000,3249.01000000,231991.90370000
ETHUSDT,2024-07-28,3249.00000000,3284.30000000,3198.11000000,3270.16000000,103529.83290000
ETHUSDT,2024-07-29,3270.16000000,3396.77000000,3258.00000000,3317.66000000,318471.50550000
ETHUSDT,2024-07-30,3317.66000000,3366.40000000,3233.18000000,3279.21000000,197277.16410000
ETHUSDT,2024-07-31,3279.20000000,3350.00000000,3213.75000000,3232.74000000,233711.33520000
ETHUSDT,2024-08-01,3232.74000000,3242.57000000,3080.02000000,3203.40000000,323285.61050000
ETHUSDT,2024-08-02,3203.40000000,3218.60000000,2967.00000000,2989.61000000,385704.03950000
ETHUSDT,2024-08-03,2989.61000000,3018.02000000,2859.00000000,2903.64000000,344595.31570000
ETHUSDT,2024-08-04,2903.65000000,2935.46000000,2630.00000000,2688.92000000,512064.26120000
ETHUSDT,2024-08-05,2688.91000000,2697.44000000,2111.00000000,2419.59000000,2670604.10030000
ETHUSDT,2024-08-06,2419.76000000,2556.23000000,2414.19000000,2461.33000000,642283.80380000
ETHUSDT,2024-08-07,2461.33000000,2551.32000000,2309.04000000,2342.80000000,630115.42280000
ETHUSDT,2024-08-08,2342.79000000,2724.10000000,2320.40000000,2682.50000000,586502.87540000
ETHUSDT,2024-08-09,2682.50000000,2707.98000000,2552.61000000,2598.78000000,406739.96110000
ETHUSDT,2024-08-10,2598.79000000,2644.70000000,2576.49000000,2609.92000000,171012.36190000
ETHUSDT,2024-08-11,2609.92000000,2720.00000000,2540.00000000,2555.38000000,297098.91450000
ETHUSDT,2024-08-12,2555.38000000,2750.00000000,2510.05000000,2722.30000000,483414.25060000
ETHUSDT,2024-08-13,2722.30000000,2738.40000000,2611.37000000,2702.44000000,325668.69640000
ETHUSDT,2024-08-14,2702.44000000,2780.00000000,2632.20000000,2661.45000000,338808.71410000
ETHUSDT,2024-08-15,2661.45000000,2675.60000000,2515.71000000,2569.89000000,356546.80590000
ETHUSDT,2024-08-16,2569.90000000,2630.97000000,2550.04000000,2592.73000000,270684.13730000
ETHUSDT,2024-08-17,2592.72000000,2629.69000000,2587.50000000,2614.51000000,89348.67600000
ETHUSDT,2024-08-18,2614.51000000,2689.16000000,2594.53000000,2612.15000000,174074.05850000
ETHUSDT,2024-08-19,2612.15000000,2648.08000000,2563.58000000,2636.36000000,224867.13360000
ETHUSDT,2024-08-20,2636.36000000,2695.00000000,2555.00000000,2572.82000000,281315.87510000
ETHUSDT,2024-08-21,2572.81000000,2663.74000000,2536.22000000,2630.71000000,245286.62180000
ETHUSDT,2024-08-22,2630.71000000,2644.69000000,2584.20000000,2622.88000000,199063.11960000
ETHUSDT,2024-08-23,2622.89000000,2799.13000000,2621.40000000,2762.48000000,401786.44470000
ETHUSDT,2024-08-24,2762.49000000,2820.00000000,2731.26000000,2768.00000000,263542.94410000
ETHUSDT,2024-08-25,2768.01000000,2792.28000000,2733.21000000,2746.13000000,154527.23520000
ETHUSDT,2024-08-26,2746.12000000,2762.00000000,2666.66000000,2680.49000000,211708.12470000
ETHUSDT,2024-08-27,2680.49000000,2699.98000000,2392.96000000,2457.33000000,412660.71970000
ETHUSDT,2024-08-28,2457.33000000,2554.60000000,2418.80000000,2528.33000000,451266.63400000
ETHUSDT,2024-08-29,2528.33000000,2595.40000000,2505.88000000,2527.61000000,237002.96320000
ETHUSDT,2024-08-30,2527.60000000,2552.17000000,2431.14000000,2526.00000000,338379.19410000
ETHUSDT,2024-08-31,2525.99000000,2533.95000000,2491.92000000,2513.01000000,97946.11470000
ETHUSDT,2024-09-01,2513.00000000,2516.28000000,2400.00000000,2425.72000000,223127.77600000
ETHUSDT,2024-09-02,2425.71000000,2564.83000000,2423.52000000,2538.01000000,262632.83850000
ETHUSDT,2024-09-03,2538.00000000,2553.60000000,2411.12000000,2425.29000000,224793.12990000
ETHUSDT,2024-09-04,2425.28000000,2490.00000000,2306.65000000,2450.71000000,384179.38540000
ETHUSDT,2024-09-05,2450.71000000,2466.00000000,2348.04000000,2368.81000000,278549.09690000
ETHUSDT,2024-09-06,2368.81000000,2408.83000000,2150.55000000,2225.23000000,643027.11100000
ETHUSDT,2024-09-07,2225.24000000,2311.27000000,2220.98000000,2273.58000000,219453.20760000
ETHUSDT,2024-09-08,2273.58000000,2333.58000000,2240.94000000,2297.30000000,192775.64930000
ETHUSDT,2024-09-09,2297.30000000,2381.41000000,2272.80000000,2359.50000000,321698.99000000
ETHUSDT,2024-09-10,2359.51000000,2400.00000000,2320.41000000,2388.52000000,224382.17290000
ETHUSDT,2024-09-11,2388.52000000,2389.32000000,2277.68000000,2340.55000000,282898.31250000
ETHUSDT,2024-09-12,2340.54000000,2391.93000000,2315.39000000,2361.76000000,202611.13080000
ETHUSDT,2024-09-13,2361.75000000,2464.82000000,2337.35000000,2439.19000000,253888.61600000
ETHUSDT,2024-09-14,2439.19000000,2440.60000000,2376.72000000,2417.79000000,122931.23020000
ETHUSDT,2024-09-15,2417.80000000,2430.32000000,2283.75000000,2316.10000000,174364.19460000
ETHUSDT,2024-09-16,2316.09000000,2335.70000000,2252.39000000,2295.68000000,330555.23200000
ETHUSDT,2024-09-17,2295.67000000,2393.63000000,2263.29000000,2341.80000000,274206.25880000
ETHUSDT,2024-09-18,2341.79000000,2376.14000000,2277.34000000,2374.75000000,292917.60080000
ETHUSDT,2024-09-19,2374.74000000,2494.95000000,2372.60000000,2465.21000000,326746.03200000
ETHUSDT,2024-09-20,2465.21000000,2571.93000000,2437.31000000,2561.40000000,340754.59120000
ETHUSDT,2024-09-21,2561.40000000,2623.34000000,2528.97000000,2612.40000000,154757.87730000
ETHUSDT,2024-09-22,2612.40000000,2632.57000000,2524.58000000,2581.00000000,214266.32570000
ETHUSDT,2024-09-23,2580.99000000,2702.82000000,2539.49000000,2646.97000000,333282.01490000
ETHUSDT,2024-09-24,2646.98000000,2670.96000000,2591.56000000,2653.20000000,288600.04020000
ETHUSDT,2024-09-25,2653.20000000,2673.50000000,2554.05000000,2579.95000000,220343.42930000
ETHUSDT,2024-09-26,2580.09000000,2666.22000000,2559.20000000,2632.26000000,278686.35730000
ETHUSDT,2024-09-27,2632.25000000,2728.60000000,2615.21000000,2694.43000000,281826.97920000
ETHUSDT,2024-09-28,2694.43000000,2704.35000000,2650.00000000,2675.21000000,137230.03420000
ETHUSDT,2024-09-29,2675.21000000,2683.70000000,2629.73000000,2657.62000000,160554.31460000
ETHUSDT,2024-09-30,2657.62000000,2663.50000000,2575.00000000,2602.23000000,282475.79610000
ETHUSDT,2024-10-01,2602.24000000,2659.00000000,2414.00000000,2447.79000000,502828.68040000
ETHUSDT,2024-10-02,2447.78000000,2499.00000000,2352.00000000,2364.10000000,317484.73500000
ETHUSDT,2024-10-03,2364.09000000,2403.38000000,2310.00000000,2349.80000000,314635.92630000
ETHUSDT,2024-10-04,2349.80000000,2441.64000000,2339.15000000,2414.41000000,239383.01700000
ETHUSDT,2024-10-05,2414.41000000,2428.23000000,2390.05000000,2414.66000000,103740.23160000
ETHUSDT,2024-10-06,2414.66000000,2457.80000000,2407.00000000,2440.03000000,105752.70960000
ETHUSDT,2024-10-07,2440.02000000,2521.00000000,2403.00000000,2422.71000000,300459.54070000
ETHUSDT,2024-10-08,2422.70000000,2466.66000000,2401.18000000,2440.89000000,201358.33120000
ETHUSDT,2024-10-09,2440.88000000,2473.61000000,2351.42000000,2370.47000000,242082.27250000
ETHUSDT,2024-10-10,2370.47000000,2421.36000000,2330.66000000,2386.49000000,257862.96190000
ETHUSDT,2024-10-11,2386.49000000,2471.45000000,2381.86000000,2439.50000000,235441.21970000
ETHUSDT,2024-10-12,2439.49000000,2490.51000000,2434.35000000,2476.40000000,139637.50620000
ETHUSDT,2024-10-13,2476.40000000,2484.92000000,2436.40000000,2468.91000000,120022.81790000
ETHUSDT,2024-10-14,2468.92000000,2654.00000000,2443.39000000,2629.79000000,435900.16190000
ETHUSDT,2024-10-15,2629.79000000,2688.60000000,2537.36000000,2607.41000000,416285.66630000
ETHUSDT,2024-10-16,2607.41000000,2647.79000000,2588.67000000,2611.10000000,260322.42420000
ETHUSDT,2024-10-17,2611.10000000,2648.37000000,2575.40000000,2605.80000000,221624.54340000
ETHUSDT,2024-10-18,2605.79000000,2675.58000000,2596.49000000,2642.17000000,292444.11530000
ETHUSDT,2024-10-19,2642.17000000,2663.49000000,2631.02000000,2648.20000000,105413.76460000
ETHUSDT,2024-10-20,2648.20000000,2759.00000000,2635.54000000,2746.91000000,256910.74480000
ETHUSDT,2024-10-21,2746.91000000,2769.48000000,2655.01000000,2666.70000000,310674.72320000
ETHUSDT,2024-10-22,2666.71000000,2671.92000000,2606.56000000,2622.81000000,265747.71300000
ETHUSDT,2024-10-23,2622.81000000,2628.20000000,2450.00000000,2524.61000000,352647.70860000
ETHUSDT,2024-10-24,2524.60000000,2562.65000000,2507.31000000,2535.82000000,290851.78420000
ETHUSDT,2024-10-25,2535.82000000,2566.33000000,2382.59000000,2440.62000000,514799.88220000
ETHUSDT,2024-10-26,2440.63000000,2508.00000000,2430.12000000,2482.51000000,248724.83130000
ETHUSDT,2024-10-27,2482.51000000,2527.99000000,2464.13000000,2507.80000000,137580.88360000
ETHUSDT,2024-10-28,2507.80000000,2589.67000000,2471.67000000,2567.48000000,360605.32700000
ETHUSDT,2024-10-29,2567.49000000,2681.86000000,2561.20000000,2638.80000000,451915.70250000
ETHUSDT,2024-10-30,2638.80000000,2722.30000000,2599.66000000,2659.19000000,460627.12600000
ETHUSDT,2024-10-31,2659.19000000,2669.00000000,2503.00000000,2518.61000000,403427.20170000
ETHUSDT,2024-11-01,2518.61000000,2586.80000000,2467.67000000,2511.49000000,430249.10730000
ETHUSDT,2024-11-02,2511.49000000,2523.45000000,2470.00000000,2494.23000000,145961.13000000
ETHUSDT,2024-11-03,2494.23000000,2496.39000000,2411.00000000,2457.73000000,276009.11970000
ETHUSDT,2024-11-04,2457.73000000,2491.39000000,2357.59000000,2398.21000000,306316.96450000
ETHUSDT,2024-11-05,2398.21000000,2480.00000000,2380.74000000,2422.55000000,331619.25450000
ETHUSDT,2024-11-06,2422.60000000,2744.70000000,2420.30000000,2721.87000000,1002141.36180000
ETHUSDT,2024-11-07,2721.88000000,2916.11000000,2699.49000000,2895.47000000,730845.95240000
ETHUSDT,2024-11-08,2895.47000000,2981.69000000,2886.40000000,2961.75000000,568864.43500000
ETHUSDT,2024-11-09,2961.75000000,3157.40000000,2953.71000000,3126.21000000,526719.42120000
ETHUSDT,2024-11-10,3126.20000000,3248.52000000,3069.00000000,3183.21000000,865536.73220000
ETHUSDT,2024-11-11,3183.20000000,3387.61000000,3105.00000000,3371.59000000,1000093.96640000
ETHUSDT,2024-11-12,3371.59000000,3442.50000000,3207.67000000,3243.80000000,973215.72850000
ETHUSDT,2024-11-13,3243.79000000,3331.00000000,3116.69000000,3187.16000000,919686.37470000
ETHUSDT,2024-11-14,3187.16000000,3240.40000000,3028.56000000,3058.82000000,605780.66620000
ETHUSDT,2024-11-15,3058.81000000,3131.06000000,3014.50000000,3090.01000000,519623.63170000
ETHUSDT,2024-11-16,3090.01000000,3219.97000000,3072.00000000,3132.87000000,423639.15730000
ETHUSDT,2024-11-17,3132.88000000,3162.11000000,3034.99000000,3076.00000000,449818.95750000
ETHUSDT,2024-11-18,3075.99000000,3224.94000000,3050.01000000,3207.80000000,640658.43570000
ETHUSDT,2024-11-19,3207.81000000,3221.20000000,3065.40000000,3107.44000000,500112.01940000
ETHUSDT,2024-11-20,3107.45000000,3159.20000000,3029.41000000,3069.97000000,503607.83360000
ETHUSDT,2024-11-21,3069.97000000,3386.73000000,3032.59000000,3355.81000000,974923.30350000
ETHUSDT,2024-11-22,3355.88000000,3425.92000000,3257.54000000,3327.78000000,603273.70930000
ETHUSDT,2024-11-23,3327.78000000,3497.51000000,3312.72000000,3393.91000000,721024.00090000
ETHUSDT,2024-11-24,3393.91000000,3450.00000000,3281.40000000,3361.20000000,479098.09210000
ETHUSDT,2024-11-25,3361.21000000,3546.66000000,3300.01000000,3414.49000000,949330.37000000
ETHUSDT,2024-11-26,3414.49000000,3462.49000000,3252.00000000,3324.73000000,672367.15030000
ETHUSDT,2024-11-27,3324.74000000,3684.92000000,3302.40000000,3653.28000000,754573.64850000
ETHUSDT,2024-11-28,3653.27000000,3661.92000000,3529.76000000,3578.79000000,560976.42500000
ETHUSDT,2024-11-29,3578.80000000,3647.98000000,3534.28000000,3592.21000000,425493.24490000
ETHUSDT,2024-11-30,3592.22000000,3738.98000000,3568.40000000,3703.60000000,503684.74850000
ETHUSDT,2024-12-01,3703.59000000,3746.80000000,3659.20000000,3707.61000000,429089.26330000
ETHUSDT,2024-12-02,3707.61000000,3760.00000000,3554.32000000,3643.42000000,737130.56900000
ETHUSDT,2024-12-03,3643.43000000,3670.00000000,3500.00000000,3614.51000000,678400.20320000
ETHUSDT,2024-12-04,3614.51000000,3887.24000000,3614.51000000,3837.80000000,968744.03990000
ETHUSDT,2024-12-05,3837.80000000,3956.00000000,3677.00000000,3785.20000000,946493.27600000
ETHUSDT,2024-12-06,3785.21000000,4087.73000000,3777.26000000,3998.87000000,803855.11460000
ETHUSDT,2024-12-07,3998.87000000,4024.46000000,3968.00000000,3996.22000000,283920.02000000
ETHUSDT,2024-12-08,3996.22000000,4015.58000000,3923.50000000,4004.15000000,251362.16850000
ETHUSDT,2024-12-09,4004.15000000,4006.17000000,3509.00000000,3712.00000000,939642.20010000
ETHUSDT,2024-12-10,3712.00000000,3780.76000000,3515.89000000,3628.25000000,942206.03370000
ETHUSDT,2024-12-11,3628.24000000,3848.64000000,3562.34000000,3831.81000000,461818.78010000
ETHUSDT,2024-12-12,3831.82000000,3987.41000000,3796.80000000,3881.61000000,572098.63430000
ETHUSDT,2024-12-13,3881.60000000,3968.47000000,3852.94000000,3906.80000000,387765.68730000
ETHUSDT,2024-12-14,3906.80000000,3945.00000000,3825.03000000,3870.29000000,265538.94790000
ETHUSDT,2024-12-15,3870.30000000,3974.61000000,3831.50000000,3959.09000000,253833.21410000
ETHUSDT,2024-12-16,3959.09000000,4107.80000000,3884.00000000,3986.24000000,673351.07230000
ETHUSDT,2024-12-17,3986.24000000,4041.82000000,3847.96000000,3893.01000000,450825.98610000
ETHUSDT,2024-12-18,3893.01000000,3907.19000000,3617.42000000,3626.80000000,722505.06180000
ETHUSDT,2024-12-19,3626.80000000,3720.00000000,3326.80000000,3417.01000000,1078153.48510000
ETHUSDT,2024-12-20,3417.01000000,3497.84000000,3101.90000000,3472.21000000,1332783.73100000
ETHUSDT,2024-12-21,3472.20000000,3555.18000000,3293.11000000,3338.92000000,475275.82000000
ETHUSDT,2024-12-22,3338.92000000,3403.00000000,3221.10000000,3281.83000000,361920.24950000
ETHUSDT,2024-12-23,3281.83000000,3466.99000000,3216.97000000,3422.53000000,488253.41000000
ETHUSDT,2024-12-24,3422.53000000,3539.65000000,3358.19000000,3493.18000000,315723.67630000
ETHUSDT,2024-12-25,3493.17000000,3547.95000000,3440.93000000,3497.00000000,219846.04520000
ETHUSDT,2024-12-26,3497.00000000,3514.94000000,3304.63000000,3335.05000000,310170.17190000
ETHUSDT,2024-12-27,3335.04000000,3444.16000000,3306.60000000,3333.51000000,342529.60380000
ETHUSDT,2024-12-28,3333.51000000,3428.68000000,3322.23000000,3404.00000000,175963.61300000
ETHUSDT,2024-12-29,3404.01000000,3413.78000000,3326.17000000,3356.48000000,156256.88190000
ETHUSDT,2024-12-30,3356.48000000,3437.59000000,3305.00000000,3361.84000000,420794.64760000
ETHUSDT,2024-12-31,3361.83000000,3451.00000000,3315.59000000,3337.78000000,303053.16850000
ETHUSDT,2025-01-01,3337.78000000,3374.85000000,3313.88000000,3360.38000000,190238.58610000
ETHUSDT,2025-01-02,3360.39000000,3509.99000000,3354.50000000,3455.67000000,338632.88740000
ETHUSDT,2025-01-03,3455.68000000,3630.00000000,3423.44000000,3609.01000000,334041.06040000
ETHUSDT,2025-01-04,3609.00000000,3671.60000000,3572.42000000,3656.88000000,229266.31330000
ETHUSDT,2025-01-05,3656.88000000,3675.25000000,3593.70000000,3635.99000000,155444.17410000
ETHUSDT,2025-01-06,3636.00000000,3744.83000000,3610.63000000,3687.45000000,329642.36480000
ETHUSDT,2025-01-07,3687.44000000,3700.86000000,3356.31000000,3381.31000000,541543.28740000
ETHUSDT,2025-01-08,3381.31000000,3415.10000000,3208.20000000,3327.29000000,584749.96270000
ETHUSDT,2025-01-09,3327.29000000,3357.27000000,3158.00000000,3219.20000000,501818.42470000
ETHUSDT,2025-01-10,3219.20000000,3322.49000000,3193.97000000,3267.04000000,454142.13330000
ETHUSDT,2025-01-11,3267.05000000,3320.18000000,3217.56000000,3282.83000000,151679.74870000
ETHUSDT,2025-01-12,3282.83000000,3300.00000000,3224.49000000,3267.30000000,164879.97090000
ETHUSDT,2025-01-13,3267.30000000,3339.00000000,2920.00000000,3137.51000000,845907.56690000
ETHUSDT,2025-01-14,3137.51000000,3256.67000000,3125.65000000,3225.63000000,374308.45170000
ETHUSDT,2025-01-15,3225.63000000,3473.75000000,3186.36000000,3451.52000000,464188.03400000
ETHUSDT,2025-01-16,3451.51000000,3460.79000000,3265.44000000,3308.05000000,471282.67870000
ETHUSDT,2025-01-17,3308.04000000,3525.72000000,3307.50000000,3473.63000000,518550.18130000
ETHUSDT,2025-01-18,3473.64000000,3494.39000000,3227.00000000,3307.71000000,634197.12810000
ETHUSDT,2025-01-19,3307.71000000,3448.99000000,3130.48000000,3215.12000000,1342301.52170000
ETHUSDT,2025-01-20,3215.20000000,3453.69000000,3142.78000000,3284.00000000,1158354.78140000
ETHUSDT,2025-01-21,3283.99000000,3368.00000000,3204.60000000,3327.54000000,548706.05130000
ETHUSDT,2025-01-22,3327.55000000,3365.99000000,3222.85000000,3242.60000000,349240.74980000
ETHUSDT,2025-01-23,3242.61000000,3347.97000000,3185.00000000,3338.21000000,605592.72250000
ETHUSDT,2025-01-24,3338.22000000,3428.00000000,3275.90000000,3310.09000000,451524.27520000
ETHUSDT,2025-01-25,3310.10000000,3350.68000000,3268.66000000,3318.77000000,208559.04150000
ETHUSDT,2025-01-26,3318.76000000,3362.00000000,3230.00000000,3232.61000000,272165.46900000
ETHUSDT,2025-01-27,3232.61000000,3253.91000000,3020.01000000,3182.44000000,753004.75290000
ETHUSDT,2025-01-28,3182.44000000,3223.01000000,3040.03000000,3077.72000000,350959.71730000
ETHUSDT,2025-01-29,3077.72000000,3182.52000000,3054.06000000,3113.90000000,409737.25760000
ETHUSDT,2025-01-30,3113.90000000,3283.43000000,3091.06000000,3247.39000000,350639.48230000
ETHUSDT,2025-01-31,3247.38000000,3437.31000000,3213.80000000,3300.99000000,648681.65610000
ETHUSDT,2025-02-01,3300.99000000,3331.98000000,3101.70000000,3117.54000000,354065.25250000
ETHUSDT,2025-02-02,3117.54000000,3163.20000000,2750.71000000,2869.68000000,1050805.93000000
ETHUSDT,2025-02-03,2869.68000000,2921.00000000,2125.01000000,2879.90000000,2807979.02100000
ETHUSDT,2025-02-04,2879.89000000,2888.50000000,2632.60000000,2731.19000000,1259594.39190000
ETHUSDT,2025-02-05,2731.19000000,2826.95000000,2699.13000000,2788.25000000,686593.04290000
ETHUSDT,2025-02-06,2788.25000000,2857.64000000,2655.28000000,2686.64000000,719459.95710000
ETHUSDT,2025-02-07,2686.63000000,2797.50000000,2562.51000000,2622.10000000,695467.36120000
ETHUSDT,2025-02-08,2622.11000000,2667.30000000,2588.80000000,2632.46000000,379685.15090000
ETHUSDT,2025-02-09,2632.46000000,2698.90000000,2520.02000000,2627.18000000,387166.79110000
ETHUSDT,2025-02-10,2627.18000000,2693.79000000,2559.85000000,2661.19000000,398173.27160000
ETHUSDT,2025-02-11,2661.19000000,2725.04000000,2558.24000000,2602.59000000,484196.14350000
ETHUSDT,2025-02-12,2602.59000000,2795.45000000,2546.92000000,2738.27000000,646295.89590000
ETHUSDT,2025-02-13,2738.27000000,2757.28000000,2612.76000000,2675.87000000,443769.28530000
ETHUSDT,2025-02-14,2675.87000000,2791.78000000,2664.46000000,2725.95000000,419895.78620000
ETHUSDT,2025-02-15,2725.95000000,2739.00000000,2662.28000000,2693.04000000,202971.42950000
ETHUSDT,2025-02-16,2693.04000000,2727.31000000,2651.26000000,2661.41000000,191231.53140000
ETHUSDT,2025-02-17,2661.41000000,2849.70000000,2637.71000000,2744.05000000,639739.81970000
ETHUSDT,2025-02-18,2744.05000000,2756.93000000,2605.44000000,2671.99000000,604863.87370000
ETHUSDT,2025-02-19,2672.00000000,2736.70000000,2656.03000000,2715.50000000,326154.02020000
ETHUSDT,2025-02-20,2715.51000000,2770.59000000,2707.18000000,2738.04000000,336735.25440000
ETHUSDT,2025-02-21,2738.04000000,2845.32000000,2616.72000000,2663.00000000,890440.06040000
ETHUSDT,2025-02-22,2663.00000000,2798.07000000,2653.33000000,2763.22000000,444989.66690000
ETHUSDT,2025-02-23,2763.23000000,2857.34000000,2745.41000000,2819.69000000,611002.12220000
ETHUSDT,2025-02-24,2819.70000000,2839.95000000,2470.33000000,2513.52000000,876876.37070000
ETHUSDT,2025-02-25,2513.52000000,2533.49000000,2313.49000000,2495.70000000,1322016.87180000
ETHUSDT,2025-02-26,2495.69000000,2507.50000000,2253.77000000,2336.37000000,863087.21330000
ETHUSDT,2025-02-27,2336.38000000,2381.60000000,2230.57000000,2307.72000000,637583.91060000
ETHUSDT,2025-02-28,2307.72000000,2314.18000000,2076.26000000,2237.59000000,1291539.05570000
ETHUSDT,2025-03-01,2237.59000000,2281.14000000,2142.73000000,2217.39000000,446430.72710000
ETHUSDT,2025-03-02,2217.40000000,2550.58000000,2172.04000000,2518.11000000,1266684.77480000
ETHUSDT,2025-03-03,2518.12000000,2523.56000000,2097.91000000,2149.01000000,1109565.20030000
ETHUSDT,2025-03-04,2149.02000000,2221.88000000,1993.20000000,2171.51000000,1257822.33720000
ETHUSDT,2025-03-05,2171.50000000,2273.51000000,2155.03000000,2241.59000000,687130.78970000
ETHUSDT,2025-03-06,2241.59000000,2319.99000000,2176.90000000,2202.20000000,596908.39350000
ETHUSDT,2025-03-07,2202.21000000,2258.47000000,2101.82000000,2141.60000000,782387.26060000
ETHUSDT,2025-03-08,2141.60000000,2234.93000000,2105.06000000,2203.58000000,328793.09790000
ETHUSDT,2025-03-09,2203.57000000,2212.00000000,1989.66000000,2020.41000000,601671.58820000
ETHUSDT,2025-03-10,2020.43000000,2152.40000000,1810.01000000,1865.10000000,1248745.35140000
ETHUSDT,2025-03-11,1865.11000000,1963.20000000,1754.28000000,1923.43000000,1171427.99950000
ETHUSDT,2025-03-12,1923.42000000,1960.00000000,1829.72000000,1908.20000000,788739.67630000
ETHUSDT,2025-03-13,1908.20000000,1923.09000000,1821.81000000,1864.59000000,569537.26220000
ETHUSDT,2025-03-14,1864.59000000,1945.64000000,1861.31000000,1911.65000000,375805.73550000
ETHUSDT,2025-03-15,1911.64000000,1957.19000000,1903.75000000,1937.17000000,209545.86750000
ETHUSDT,2025-03-16,1937.18000000,1940.87000000,1860.38000000,1887.00000000,324766.65640000
ETHUSDT,2025-03-17,1887.01000000,1952.40000000,1879.98000000,1926.31000000,334840.48770000
ETHUSDT,2025-03-18,1926.30000000,1936.20000000,1872.31000000,1931.54000000,332896.01550000
ETHUSDT,2025-03-19,1931.54000000,2069.90000000,1927.58000000,2056.06000000,691809.50340000
ETHUSDT,2025-03-20,2056.05000000,2067.90000000,1952.17000000,1983.79000000,401518.92820000
ETHUSDT,2025-03-21,1983.79000000,1996.73000000,1937.10000000,1965.75000000,262641.65900000
ETHUSDT,2025-03-22,1965.74000000,2006.61000000,1964.34000000,1980.69000000,170782.95740000
ETHUSDT,2025-03-23,1980.68000000,2020.74000000,1976.81000000,2005.99000000,268707.52330000
ETHUSDT,2025-03-24,2005.99000000,2104.11000000,1977.67000000,2081.20000000,477912.81540000
ETHUSDT,2025-03-25,2081.20000000,2097.70000000,2037.08000000,2066.15000000,328765.32920000
ETHUSDT,2025-03-26,2066.16000000,2079.21000000,1981.60000000,2009.52000000,428975.32860000
ETHUSDT,2025-03-27,2009.52000000,2037.38000000,1987.06000000,2003.66000000,360634.83830000
ETHUSDT,2025-03-28,2003.67000000,2015.93000000,1860.00000000,1896.90000000,626167.58320000
ETHUSDT,2025-03-29,1896.90000000,1913.60000000,1797.20000000,1828.08000000,409769.75550000
ETHUSDT,2025-03-30,1828.09000000,1849.01000000,1767.69000000,1807.74000000,327843.44760000
ETHUSDT,2025-03-31,1807.74000000,1854.22000000,1776.75000000,1822.43000000,497854.90520000
ETHUSDT,2025-04-01,1822.43000000,1927.90000000,1817.88000000,1904.98000000,452989.09740000
ETHUSDT,2025-04-02,1904.98000000,1957.00000000,1781.53000000,1795.22000000,750840.78230000
ETHUSDT,2025-04-03,1795.21000000,1845.26000000,1750.00000000,1817.23000000,508075.01800000
ETHUSDT,2025-04-04,1817.23000000,1835.68000000,1758.72000000,1816.87000000,572734.47020000
ETHUSDT,2025-04-05,1816.88000000,1827.29000000,1764.39000000,1806.01000000,201716.26960000
ETHUSDT,2025-04-06,1806.02000000,1817.00000000,1537.50000000,1580.76000000,979847.09580000
ETHUSDT,2025-04-07,1580.77000000,1639.00000000,1411.01000000,1553.04000000,2168796.00670000
ETHUSDT,2025-04-08,1553.04000000,1618.67000000,1441.30000000,1473.41000000,891846.13270000
ETHUSDT,2025-04-09,1473.41000000,1689.00000000,1385.05000000,1669.51000000,1968530.91380000
ETHUSDT,2025-04-10,1669.51000000,1669.85000000,1471.02000000,1522.25000000,911855.39340000
ETHUSDT,2025-04-11,1522.24000000,1591.47000000,1504.63000000,1566.85000000,578484.31830000
ETHUSDT,2025-04-12,1566.85000000,1669.59000000,1546.06000000,1644.18000000,501867.90330000
ETHUSDT,2025-04-13,1644.19000000,1649.75000000,1562.01000000,1597.76000000,580136.61450000
ETHUSDT,2025-04-14,1597.76000000,1691.50000000,1595.56000000,1623.77000000,645930.14190000
ETHUSDT,2025-04-15,1623.78000000,1661.21000000,1583.12000000,1588.78000000,476178.89150000
ETHUSDT,2025-04-16,1588.77000000,1613.66000000,1538.07000000,1577.14000000,611387.86860000
ETHUSDT,2025-04-17,1577.15000000,1616.96000000,1563.20000000,1583.62000000,449870.36280000
ETHUSDT,2025-04-18,1583.63000000,1600.64000000,1573.54000000,1588.60000000,200409.03590000
ETHUSDT,2025-04-19,1588.60000000,1631.81000000,1585.01000000,1613.27000000,223096.38990000
ETHUSDT,2025-04-20,1613.26000000,1619.19000000,1565.59000000,1587.36000000,276052.23060000
ETHUSDT,2025-04-21,1587.36000000,1658.75000000,1564.07000000,1579.57000000,691486.66670000
ETHUSDT,2025-04-22,1579.57000000,1778.00000000,1537.26000000,1756.26000000,1103036.95860000
ETHUSDT,2025-04-23,1756.25000000,1834.86000000,1744.95000000,1795.07000000,887545.63160000
ETHUSDT,2025-04-24,1795.08000000,1802.82000000,1722.90000000,1769.65000000,483465.03850000
ETHUSDT,2025-04-25,1769.64000000,1827.32000000,1738.60000000,1784.60000000,595610.88940000
ETHUSDT,2025-04-26,1784.60000000,1841.16000000,1778.94000000,1820.88000000,355068.04420000
ETHUSDT,2025-04-27,1820.87000000,1857.47000000,1781.90000000,1791.29000000,340332.64350000
ETHUSDT,2025-04-28,1791.29000000,1827.98000000,1744.71000000,1799.88000000,587269.74300000
ETHUSDT,2025-04-29,1799.88000000,1842.99000000,1780.47000000,1797.81000000,480456.38840000
ETHUSDT,2025-04-30,1797.81000000,1816.80000000,1731.70000000,1793.61000000,473523.98770000
ETHUSDT,2025-05-01,1793.62000000,1873.17000000,1792.52000000,1838.11000000,537198.72910000
ETHUSDT,2025-05-02,1838.10000000,1871.00000000,1813.00000000,1842.20000000,410667.87500000
ETHUSDT,2025-05-03,1842.20000000,1848.60000000,1810.00000000,1833.52000000,213751.59790000
ETHUSDT,2025-05-04,1833.52000000,1849.95000000,1803.00000000,1808.86000000,238254.35640000
ETHUSDT,2025-05-05,1808.86000000,1833.55000000,1781.85000000,1820.19000000,342341.00780000
ETHUSDT,2025-05-06,1820.19000000,1820.90000000,1752.00000000,1817.00000000,384584.24510000
ETHUSDT,2025-05-07,1817.00000000,1850.00000000,1787.01000000,1811.11000000,456170.07050000
ETHUSDT,2025-05-08,1811.11000000,2226.00000000,1808.71000000,2207.39000000,1473152.68600000
ETHUSDT,2025-05-09,2207.39000000,2490.77000000,2184.33000000,2345.04000000,1667041.03820000
ETHUSDT,2025-05-10,2345.04000000,2600.00000000,2317.00000000,2583.23000000,979350.16060000
ETHUSDT,2025-05-11,2583.22000000,2608.13000000,2435.51000000,2514.57000000,831584.38880000
ETHUSDT,2025-05-12,2514.58000000,2624.00000000,2406.63000000,2495.47000000,1068680.94330000
ETHUSDT,2025-05-13,2495.48000000,2738.50000000,2415.30000000,2679.71000000,1031355.64650000
ETHUSDT,2025-05-14,2679.71000000,2725.99000000,2547.26000000,2609.74000000,830047.11220000
ETHUSDT,2025-05-15,2609.75000000,2647.03000000,2476.03000000,2548.69000000,768954.03320000
ETHUSDT,2025-05-16,2548.70000000,2649.31000000,2529.40000000,2537.12000000,605953.69190000
ETHUSDT,2025-05-17,2537.13000000,2538.16000000,2446.42000000,2475.08000000,494333.27820000
ETHUSDT,2025-05-18,2475.09000000,2587.61000000,2323.21000000,2497.78000000,810103.18510000
ETHUSDT,2025-05-19,2497.78000000,2547.36000000,2348.38000000,2528.14000000,861747.52300000
ETHUSDT,2025-05-20,2528.14000000,2588.63000000,2442.40000000,2524.19000000,676989.17470000
ETHUSDT,2025-05-21,2524.19000000,2615.95000000,2452.20000000,2550.99000000,1095890.29020000
ETHUSDT,2025-05-22,2551.00000000,2692.99000000,2544.83000000,2664.82000000,852555.66690000
ETHUSDT,2025-05-23,2664.83000000,2734.23000000,2498.30000000,2526.50000000,971442.45320000
ETHUSDT,2025-05-24,2526.49000000,2575.85000000,2515.08000000,2530.40000000,257544.23440000
ETHUSDT,2025-05-25,2530.41000000,2554.26000000,2463.00000000,2551.22000000,359890.02990000
ETHUSDT,2025-05-26,2551.22000000,2599.00000000,2525.86000000,2563.70000000,362971.11820000
ETHUSDT,2025-05-27,2563.70000000,2712.36000000,2509.46000000,2660.81000000,798430.88620000
ETHUSDT,2025-05-28,2660.81000000,2689.14000000,2608.50000000,2681.60000000,560095.68330000
ETHUSDT,2025-05-29,2681.61000000,2788.00000000,2619.05000000,2631.39000000,811567.25450000
ETHUSDT,2025-05-30,2631.39000000,2649.23000000,2507.35000000,2531.34000000,763045.25640000
ETHUSDT,2025-05-31,2531.35000000,2550.34000000,2475.33000000,2528.06000000,394537.25210000
ETHUSDT,2025-06-01,2528.06000000,2547.79000000,2468.56000000,2539.21000000,332021.70880000
ETHUSDT,2025-06-02,2539.20000000,2615.00000000,2475.00000000,2607.41000000,468889.97370000
ETHUSDT,2025-06-03,2607.42000000,2655.38000000,2575.00000000,2593.36000000,454383.04390000
ETHUSDT,2025-06-04,2593.35000000,2679.88000000,2583.50000000,2607.68000000,502494.82140000
ETHUSDT,2025-06-05,2607.68000000,2640.86000000,2391.66000000,2414.01000000,808938.03440000
ETHUSDT,2025-06-06,2414.02000000,2531.36000000,2381.49000000,2476.10000000,578843.49740000
ETHUSDT,2025-06-07,2476.10000000,2544.36000000,2457.00000000,2524.63000000,264787.67430000
ETHUSDT,2025-06-08,2524.64000000,2548.63000000,2490.58000000,2509.83000000,266474.71390000
ETHUSDT,2025-06-09,2509.84000000,2693.99000000,2477.73000000,2680.13000000,568726.30250000
ETHUSDT,2025-06-10,2680.13000000,2827.00000000,2655.61000000,2816.40000000,1138405.47750000
ETHUSDT,2025-06-11,2816.41000000,2879.22000000,2743.75000000,2771.61000000,850210.93240000
ETHUSDT,2025-06-12,2771.60000000,2784.83000000,2616.24000000,2642.65000000,699593.37570000
ETHUSDT,2025-06-13,2642.66000000,2645.45000000,2436.98000000,2579.19000000,1202176.29720000
ETHUSDT,2025-06-14,2579.19000000,2579.43000000,2488.72000000,2530.76000000,331438.92780000
ETHUSDT,2025-06-15,2530.77000000,2559.51000000,2492.00000000,2547.61000000,299701.66240000
ETHUSDT,2025-06-16,2547.62000000,2680.34000000,2514.85000000,2544.17000000,680429.98800000
ETHUSDT,2025-06-17,2544.17000000,2618.60000000,2453.80000000,2509.95000000,715930.40810000
ETHUSDT,2025-06-18,2509.95000000,2548.42000000,2465.78000000,2525.00000000,504532.18180000
ETHUSDT,2025-06-19,2525.00000000,2546.91000000,2485.03000000,2521.12000000,252646.05900000
ETHUSDT,2025-06-20,2521.13000000,2569.00000000,2367.36000000,2406.49000000,632027.82350000
ETHUSDT,2025-06-21,2406.49000000,2448.80000000,2216.00000000,2295.73000000,496783.86400000
ETHUSDT,2025-06-22,2295.72000000,2314.48000000,2111.89000000,2227.70000000,840155.82950000
ETHUSDT,2025-06-23,2227.70000000,2438.68000000,2188.00000000,2411.66000000,744583.80030000
ETHUSDT,2025-06-24,2411.66000000,2482.04000000,2376.11000000,2448.45000000,516760.66210000
ETHUSDT,2025-06-25,2448.46000000,2468.69000000,2389.69000000,2418.49000000,414894.73870000
ETHUSDT,2025-06-26,2418.50000000,2520.92000000,2394.32000000,2415.96000000,463704.02610000
ETHUSDT,2025-06-27,2415.96000000,2463.54000000,2382.53000000,2423.17000000,381474.76600000
ETHUSDT,2025-06-28,2423.17000000,2447.80000000,2405.81000000,2435.62000000,155814.98590000
ETHUSDT,2025-06-29,2435.62000000,2525.00000000,2412.00000000,2500.09000000,284291.80570000
ETHUSDT,2025-06-30,2500.09000000,2524.30000000,2431.00000000,2485.47000000,440455.71400000
ETHUSDT,2025-07-01,2485.47000000,2500.80000000,2386.52000000,2405.01000000,351951.08680000
ETHUSDT,2025-07-02,2405.01000000,2619.28000000,2373.00000000,2570.41000000,634967.03370000
ETHUSDT,2025-07-03,2570.41000000,2635.50000000,2556.12000000,2591.25000000,504943.65920000
ETHUSDT,2025-07-04,2591.26000000,2603.17000000,2474.24000000,2508.04000000,452593.02000000
ETHUSDT,2025-07-05,2508.04000000,2529.81000000,2487.95000000,2516.41000000,157198.09580000
ETHUSDT,2025-07-06,2516.42000000,2605.00000000,2503.50000000,2570.35000000,277593.63190000
ETHUSDT,2025-07-07,2570.35000000,2590.57000000,2512.00000000,2542.29000000,315707.52720000
ETHUSDT,2025-07-08,2542.30000000,2628.21000000,2523.59000000,2615.25000000,370915.73210000
ETHUSDT,2025-07-09,2615.25000000,2795.74000000,2589.78000000,2768.74000000,686119.37720000
ETHUSDT,2025-07-10,2768.74000000,3000.00000000,2755.50000000,2951.29000000,951896.07000000
ETHUSDT,2025-07-11,2951.29000000,3040.15000000,2913.75000000,2958.22000000,906839.16890000
ETHUSDT,2025-07-12,2958.21000000,2979.78000000,2903.85000000,2943.28000000,348884.88770000
ETHUSDT,2025-07-13,2943.29000000,3020.31000000,2936.49000000,2972.03000000,357333.50160000
ETHUSDT,2025-07-14,2972.03000000,3083.00000000,2962.81000000,3013.62000000,815552.64960000
ETHUSDT,2025-07-15,3013.61000000,3144.14000000,2932.46000000,3137.89000000,863583.73770000
ETHUSDT,2025-07-16,3137.90000000,3425.00000000,3101.00000000,3371.35000000,1135950.58310000
ETHUSDT,2025-07-17,3371.35000000,3523.44000000,3310.77000000,3476.87000000,974065.82640000
ETHUSDT,2025-07-18,3476.88000000,3673.84000000,3458.68000000,3546.92000000,1163823.39770000
ETHUSDT,2025-07-19,3546.92000000,3608.30000000,3506.79000000,3592.01000000,381791.92130000
ETHUSDT,2025-07-20,3592.00000000,3824.56000000,3579.13000000,3756.69000000,852356.55330000
ETHUSDT,2025-07-21,3756.69000000,3860.00000000,3701.01000000,3762.33000000,812074.05340000
ETHUSDT,2025-07-22,3762.32000000,3798.65000000,3616.54000000,3746.21000000,870127.38640000
ETHUSDT,2025-07-23,3746.21000000,3764.20000000,3527.00000000,3628.29000000,800259.40250000
ETHUSDT,2025-07-24,3628.29000000,3771.00000000,3502.85000000,3706.94000000,749459.49500000
ETHUSDT,2025-07-25,3706.95000000,3747.00000000,3573.76000000,3724.96000000,764606.72610000
ETHUSDT,2025-07-26,3724.97000000,3793.00000000,3697.66000000,3741.10000000,407259.70240000
ETHUSDT,2025-07-27,3741.11000000,3879.82000000,3731.00000000,3872.10000000,457352.46050000
ETHUSDT,2025-07-28,3872.11000000,3941.00000000,3754.00000000,3799.00000000,620994.74630000
ETHUSDT,2025-07-29,3799.00000000,3886.44000000,3716.04000000,3793.79000000,584210.43930000
ETHUSDT,2025-07-30,3793.79000000,3834.03000000,3677.65000000,3810.00000000,525424.90030000
ETHUSDT,2025-07-31,3810.00000000,3878.67000000,3684.33000000,3698.39000000,516088.45030000
ETHUSDT,2025-08-01,3698.39000000,3724.02000000,3431.75000000,3488.20000000,783869.15170000
ETHUSDT,2025-08-02,3488.21000000,3537.69000000,3368.29000000,3393.94000000,494195.70940000
ETHUSDT,2025-08-03,3393.94000000,3521.79000000,3354.28000000,3496.74000000,296347.67580000
ETHUSDT,2025-08-04,3496.75000000,3736.73000000,3490.73000000,3720.99000000,463349.98610000
ETHUSDT,2025-08-05,3720.99000000,3722.24000000,3546.00000000,3612.00000000,489070.95890000
ETHUSDT,2025-08-06,3612.01000000,3698.60000000,3564.19000000,3683.31000000,365309.92050000
ETHUSDT,2025-08-07,3683.31000000,3927.77000000,3647.63000000,3910.31000000,631678.98720000
ETHUSDT,2025-08-08,3910.30000000,4071.00000000,3880.00000000,4009.50000000,723300.01090000
ETHUSDT,2025-08-09,4009.51000000,4326.20000000,4006.63000000,4260.62000000,691932.10480000
ETHUSDT,2025-08-10,4260.63000000,4332.60000000,4153.07000000,4250.57000000,494843.81050000
ETHUSDT,2025-08-11,4250.58000000,4366.46000000,4166.77000000,4223.22000000,722664.04000000
ETHUSDT,2025-08-12,4223.22000000,4639.70000000,4219.04000000,4590.52000000,885288.06520000
ETHUSDT,2025-08-13,4590.52000000,4783.85000000,4564.33000000,4749.30000000,925931.49880000
ETHUSDT,2025-08-14,4749.31000000,4788.00000000,4451.33000000,4546.84000000,1265449.04530000
ETHUSDT,2025-08-15,4546.84000000,4672.67000000,4368.00000000,4439.47000000,880409.25910000
ETHUSDT,2025-08-16,4439.47000000,4490.42000000,4372.54000000,4421.99000000,358676.58840000
ETHUSDT,2025-08-17,4422.00000000,4576.00000000,4393.98000000,4472.33000000,442461.38290000
ETHUSDT,2025-08-18,4472.34000000,4481.88000000,4225.86000000,4312.99000000,823188.12690000
ETHUSDT,2025-08-19,4312.99000000,4355.00000000,4067.34000000,4075.59000000,831222.79510000
ETHUSDT,2025-08-20,4075.58000000,4378.00000000,4060.00000000,4336.16000000,728324.89330000
ETHUSDT,2025-08-21,4336.16000000,4340.26000000,4204.20000000,4225.30000000,433836.39920000
ETHUSDT,2025-08-22,4225.30000000,4887.59000000,4207.39000000,4832.07000000,1277976.63526000
ETHUSDT,2025-08-23,4832.07000000,4832.07000000,4659.70000000,4778.40000000,512442.08880000
ETHUSDT,2025-08-24,4778.40000000,4956.78000000,4711.00000000,4780.15000000,780668.77842000
ETHUSDT,2025-08-25,4780.15000000,4797.97000000,4334.13000000,4376.18000000,1043917.16590000
ETHUSDT,2025-08-26,4376.17000000,4633.46000000,4311.04000000,4600.63000000,834750.27670000
ETHUSDT,2025-08-27,4600.63000000,4663.93000000,4481.53000000,4506.71000000,606669.36110000
ETHUSDT,2025-08-28,4506.71000000,4633.97000000,4430.00000000,4511.21000000,485243.40270000
ETHUSDT,2025-08-29,4511.20000000,4516.75000000,4265.00000000,4360.18000000,679063.87770000
ETHUSDT,2025-08-30,4360.18000000,4415.61000000,4257.20000000,4373.70000000,340319.18260000
ETHUSDT,2025-08-31,4373.70000000,4498.47000000,4372.63000000,4391.83000000,356586.18610000
ETHUSDT,2025-09-01,4391.83000000,4491.84000000,4210.61000000,4314.50000000,513830.03950000
ETHUSDT,2025-09-02,4314.50000000,4416.78000000,4257.85000000,4326.50000000,524605.05120000
ETHUSDT,2025-09-03,4326.49000000,4490.64000000,4283.23000000,4450.46000000,487091.68610000
ETHUSDT,2025-09-04,4450.46000000,4482.05000000,4265.33000000,4297.55000000,471795.70960000
ETHUSDT,2025-09-05,4297.56000000,4490.00000000,4256.03000000,4307.45000000,624169.87540000
ETHUSDT,2025-09-06,4307.46000000,4329.30000000,4236.00000000,4273.14000000,191166.06860000
ETHUSDT,2025-09-07,4273.15000000,4336.02000000,4270.81000000,4306.19000000,169620.83720000
ETHUSDT,2025-09-08,4306.19000000,4384.06000000,4279.00000000,4306.37000000,372882.43550000
ETHUSDT,2025-09-09,4306.36000000,4381.87000000,4276.76000000,4310.09000000,405485.78210000
ETHUSDT,2025-09-10,4310.08000000,4453.57000000,4285.10000000,4349.32000000,506633.90980000
ETHUSDT,2025-09-11,4349.33000000,4481.09000000,4338.82000000,4458.82000000,441259.66490000
ETHUSDT,2025-09-12,4458.83000000,4748.40000000,4450.71000000,4712.16000000,510777.54020000
ETHUSDT,2025-09-13,4712.16000000,4769.36000000,4605.00000000,4666.53000000,394393.68690000
ETHUSDT,2025-09-14,4666.54000000,4692.36000000,4576.89000000,4604.49000000,278244.32050000
ETHUSDT,2025-09-15,4604.48000000,4670.28000000,4466.00000000,4523.74000000,412291.96870000
ETHUSDT,2025-09-16,4523.74000000,4538.25000000,4424.00000000,4501.29000000,293307.10990000
ETHUSDT,2025-09-17,4501.30000000,4616.77000000,4412.00000000,4590.53000000,476981.45610000
ETHUSDT,2025-09-18,4590.54000000,4644.47000000,4553.70000000,4587.66000000,290660.37700000
ETHUSDT,2025-09-19,4587.66000000,4620.72000000,4435.70000000,4468.59000000,331611.14820000
ETHUSDT,2025-09-20,4468.59000000,4508.71000000,4454.45000000,4480.42000000,130781.91300000
ETHUSDT,2025-09-21,4480.41000000,4498.16000000,4443.00000000,4444.97000000,149349.82620000
ETHUSDT,2025-09-22,4444.98000000,4455.76000000,4077.00000000,4199.08000000,708243.23480000
ETHUSDT,2025-09-23,4199.09000000,4229.03000000,4114.39000000,4164.26000000,315227.90570000
ETHUSDT,2025-09-24,4164.25000000,4206.90000000,4073.74000000,4152.81000000,353665.56710000
ETHUSDT,2025-09-25,4152.81000000,4161.04000000,3815.00000000,3874.36000000,930327.69510000
ETHUSDT,2025-09-26,3874.35000000,4068.30000000,3867.65000000,4032.24000000,575711.08590000
ETHUSDT,2025-09-27,4032.24000000,4039.01000000,3972.98000000,4018.38000000,172693.26380000
ETHUSDT,2025-09-28,4018.39000000,4144.88000000,3966.00000000,4142.16000000,240331.85890000
ETHUSDT,2025-09-29,4142.16000000,4235.86000000,4082.25000000,4215.07000000,380728.67840000
ETHUSDT,2025-09-30,4215.07000000,4245.00000000,4092.10000000,4145.15000000,391126.61720000
ETHUSDT,2025-10-01,4145.15000000,4355.46000000,4123.08000000,4348.03000000,507026.38220000
ETHUSDT,2025-10-02,4348.03000000,4516.74000000,4332.73000000,4484.35000000,526411.15710000
ETHUSDT,2025-10-03,4484.35000000,4591.59000000,4428.00000000,4512.87000000,485684.02670000
ETHUSDT,2025-10-04,4512.88000000,4517.93000000,4440.00000000,4487.15000000,199732.70880000
ETHUSDT,2025-10-05,4487.16000000,4618.17000000,4467.05000000,4514.32000000,506587.96140000
BTCEUR,2021-01-01,23713.67000000,24200.00000000,23501.00000000,24076.03000000,1912.14196500
BTCEUR,2021-01-02,24074.83000000,26997.76000000,23000.00000000,25925.69000000,5642.02739500
BTCEUR,2021-01-03,25925.70000000,27999.99000000,25385.80000000,26190.43000000,5685.87408200
BTCEUR,2021-01-04,26201.52000000,26646.38000000,23000.00000000,26048.40000000,6459.85517300
BTCEUR,2021-01-05,26048.40000000,28000.00000000,24439.79000000,27655.03000000,6178.20038800
BTCEUR,2021-01-06,27660.81000000,29966.09000000,27126.67000000,29814.83000000,6170.37223900
BTCEUR,2021-01-07,29812.32000000,32890.00000000,29568.10000000,32031.01000000,7055.20978800
BTCEUR,2021-01-08,32033.41000000,34300.00000000,29816.08000000,33035.17000000,7492.35713200
BTCEUR,2021-01-09,33035.67000000,33681.19000000,31664.23000000,32161.21000000,3645.81216800
BTCEUR,2021-01-10,32162.82000000,32967.01000000,27419.76000000,30857.14000000,5667.11061000
BTCEUR,2021-01-11,30857.14000000,30961.60000000,24990.00000000,29165.98000000,14937.79524100
BTCEUR,2021-01-12,29167.44000000,30200.00000000,26785.00000000,27937.30000000,6937.07816100
BTCEUR,2021-01-13,27945.20000000,31124.34000000,26620.00000000,30761.44000000,5398.03623900
BTCEUR,2021-01-14,30761.94000000,33026.96000000,30325.00000000,32200.00000000,4593.71043800
BTCEUR,2021-01-15,32200.00000000,32650.00000000,28387.67000000,30449.97000000,6092.01188800
BTCEUR,2021-01-16,30449.97000000,31460.27000000,29313.30000000,29843.44000000,3115.77980000
BTCEUR,2021-01-17,29842.65000000,30421.28000000,28102.16000000,29639.72000000,2865.34691300
BTCEUR,2021-01-18,29640.51000000,31072.25000000,28871.53000000,30319.94000000,2878.16343200
BTCEUR,2021-01-19,30319.94000000,31227.00000000,29666.08000000,29699.41000000,3494.77656000
BTCEUR,2021-01-20,29673.74000000,30062.72000000,27708.30000000,29315.42000000,4490.52081500
BTCEUR,2021-01-21,29317.37000000,29421.59000000,24756.90000000,25395.48000000,7347.46995700
BTCEUR,2021-01-22,25366.79000000,27892.24000000,23685.60000000,27109.39000000,6739.29785200
BTCEUR,2021-01-23,27110.74000000,27538.43000000,25888.02000000,26407.37000000,3051.51844900
BTCEUR,2021-01-24,26400.67000000,27113.05000000,25500.00000000,26551.36000000,2363.99200300
BTCEUR,2021-01-25,26552.15000000,28759.54000000,26392.68000000,26642.52000000,3807.64005600
BTCEUR,2021-01-26,26641.92000000,27104.33000000,25443.78000000,26730.49000000,3814.69606200
BTCEUR,2021-01-27,26729.04000000,26797.16000000,24279.00000000,25159.79000000,5046.04557600
BTCEUR,2021-01-28,25159.79000000,27899.97000000,24769.02000000,27599.19000000,3757.01285700
BTCEUR,2021-01-29,27591.87000000,31759.61000000,26430.38000000,28255.22000000,10650.75537000
BTCEUR,2021-01-30,28280.71000000,28780.02000000,27128.63000000,28289.14000000,3870.79233700
BTCEUR,2021-01-31,28287.22000000,28334.00000000,26636.44000000,27362.38000000,2712.51098500
BTCEUR,2021-02-01,27360.17000000,28707.00000000,26720.00000000,27805.75000000,3410.12331400
BTCEUR,2021-02-02,27805.73000000,29996.08000000,27718.87000000,29498.77000000,3515.43466600
BTCEUR,2021-02-03,29498.77000000,31333.67000000,29404.59000000,31311.40000000,3939.11066400
BTCEUR,2021-02-04,31304.48000000,32300.00000000,30229.80000000,30934.66000000,4402.72057900
BTCEUR,2021-02-05,30941.23000000,31960.39000000,30630.78000000,31873.39000000,3252.95655700
BTCEUR,2021-02-06,31883.21000000,34115.00000000,31800.00000000,32632.00000000,4523.04214300
BTCEUR,2021-02-07,32630.72000000,33058.95000000,31083.47000000,32312.79000000,4133.12363900
BTCEUR,2021-02-08,32319.77000000,38950.00000000,31643.00000000,38599.96000000,7313.86698200
BTCEUR,2021-02-09,38598.85000000,39999.00000000,37291.68000000,38439.00000000,6203.33946300
BTCEUR,2021-02-10,38429.63000000,39156.76000000,36069.27000000,37077.26000000,5071.04406100
BTCEUR,2021-02-11,37077.26000000,40150.00000000,36431.01000000,39634.13000000,4703.31228300
BTCEUR,2021-02-12,39634.13000000,40400.00000000,38304.32000000,39138.68000000,3754.01030900
BTCEUR,2021-02-13,39159.39000000,39796.27000000,38380.00000000,39083.49000000,2657.10053200
BTCEUR,2021-02-14,39083.49000000,41147.88000000,38964.72000000,40242.22000000,3032.68280400
BTCEUR,2021-02-15,40236.11000000,40539.13000000,38100.00000000,39611.09000000,4013.82128500
BTCEUR,2021-02-16,39606.38000000,41752.73000000,38910.00000000,40723.10000000,4379.28121700
BTCEUR,2021-02-17,40709.91000000,43768.58000000,40541.15000000,43377.06000000,4519.48973800
BTCEUR,2021-02-18,43377.07000000,43673.99000000,42330.00000000,42796.05000000,3187.70430600
BTCEUR,2021-02-19,42796.05000000,46582.06000000,42156.85000000,46194.34000000,4546.88361200
BTCEUR,2021-02-20,46194.34000000,47500.00000000,44358.00000000,46198.78000000,3579.92544300
BTCEUR,2021-02-21,46198.79000000,48200.99000000,45907.32000000,47427.42000000,2627.62950300
BTCEUR,2021-02-22,47427.42000000,47502.64000000,39080.27000000,44631.17000000,8693.80842700
BTCEUR,2021-02-23,44613.96000000,44690.11000000,37000.00000000,40326.34000000,12931.13852200
BTCEUR,2021-02-24,40326.34000000,42599.90000000,38744.29000000,40966.73000000,5402.42153500
BTCEUR,2021-02-25,40962.04000000,42580.00000000,38519.90000000,38843.05000000,4316.69186800
BTCEUR,2021-02-26,38845.56000000,40081.88000000,36477.82000000,38508.33000000,5700.31043000
BTCEUR,2021-02-27,38509.17000000,40149.70000000,37522.00000000,38430.09000000,2719.76383500
BTCEUR,2021-02-28,38413.61000000,38814.60000000,35800.00000000,37421.57000000,4048.58253000
BTCEUR,2021-03-01,37433.27000000,41400.00000000,37289.12000000,41254.00000000,3810.15870000
BTCEUR,2021-03-02,41258.06000000,41731.00000000,39030.00000000,40250.57000000,3268.80217100
BTCEUR,2021-03-03,40230.47000000,43648.69000000,39966.01000000,41909.73000000,3515.84883100
BTCEUR,2021-03-04,41925.80000000,43042.26000000,39789.00000000,40507.39000000,4041.07979800
BTCEUR,2021-03-05,40523.22000000,41546.82000000,38911.53000000,40972.71000000,3613.55864600
BTCEUR,2021-03-06,40972.70000000,41355.12000000,39592.11000000,41054.35000000,1891.61075500
BTCEUR,2021-03-07,41054.35000000,43151.27000000,41054.35000000,42765.06000000,2317.33968100
BTCEUR,2021-03-08,42760.94000000,44169.50000000,41600.00000000,44169.20000000,2959.27033500
BTCEUR,2021-03-09,44169.20000000,46186.98000000,43714.35000000,46175.61000000,3154.57810200
BTCEUR,2021-03-10,46168.32000000,48171.26000000,44767.40000000,46935.44000000,4327.45953400
BTCEUR,2021-03-11,46935.44000000,48530.00000000,45558.19000000,48245.38000000,3870.47547700
BTCEUR,2021-03-12,48245.38000000,48475.11000000,46233.96000000,47800.04000000,3797.85412100
BTCEUR,2021-03-13,47800.05000000,50986.00000000,46977.00000000,50256.27000000,3394.64465200
BTCEUR,2021-03-14,50256.27000000,50843.43000000,49225.61000000,49225.61000000,2159.71249600
BTCEUR,2021-03-15,49240.70000000,50450.00000000,46010.01000000,46757.95000000,5463.43172400
BTCEUR,2021-03-16,46757.97000000,47843.99000000,44840.79000000,47821.80000000,4041.53497600
BTCEUR,2021-03-17,47834.24000000,49200.00000000,45604.00000000,49139.11000000,3811.20646400
BTCEUR,2021-03-18,49139.11000000,50376.40000000,47934.74000000,48473.55000000,3483.11106800
BTCEUR,2021-03-19,48473.55000000,49950.00000000,47400.00000000,48864.73000000,2532.65133800
BTCEUR,2021-03-20,48862.06000000,50273.00000000,48699.00000000,48903.96000000,2119.89600400
BTCEUR,2021-03-21,48886.76000000,49300.88000000,47011.01000000,48375.96000000,2220.42851700
BTCEUR,2021-03-22,48379.72000000,49108.25000000,45200.00000000,45499.08000000,3536.42391400
BTCEUR,2021-03-23,45499.08000000,47188.92000000,44572.44000000,45966.89000000,3180.73650200
BTCEUR,2021-03-24,45961.63000000,48432.00000000,44019.24000000,44416.49000000,4000.28094200
BTCEUR,2021-03-25,44408.95000000,45248.41000000,42760.21000000,43645.11000000,4420.24739200
BTCEUR,2021-03-26,43640.52000000,46776.99000000,43580.26000000,46750.85000000,2785.73811100
BTCEUR,2021-03-27,46736.59000000,47900.00000000,45802.46000000,47354.32000000,2013.16844100
BTCEUR,2021-03-28,47353.82000000,47933.78000000,46372.28000000,47361.09000000,2082.86557600
BTCEUR,2021-03-29,47362.20000000,49529.00000000,46632.25000000,48900.09000000,3089.30307700
BTCEUR,2021-03-30,48924.11000000,50508.78000000,48510.35000000,50150.08000000,2759.41924400
BTCEUR,2021-03-31,50160.29000000,51000.00000000,48623.00000000,50051.22000000,3713.65320400
BTCEUR,2021-04-01,50051.23000000,50660.59000000,49345.42000000,49929.11000000,2554.11317000
BTCEUR,2021-04-02,49926.22000000,50893.63000000,49726.92000000,50123.42000000,2109.63053700
BTCEUR,2021-04-03,50123.41000000,50635.00000000,48669.49000000,48788.28000000,2126.04623100
BTCEUR,2021-04-04,48788.28000000,49918.58000000,48302.00000000,49581.49000000,1609.65516400
BTCEUR,2021-04-05,49577.65000000,50179.62000000,48530.00000000,50006.23000000,2053.16536000
BTCEUR,2021-04-06,50006.22000000,50226.37000000,48623.00000000,48979.49000000,2848.55428300
BTCEUR,2021-04-07,48977.81000000,49522.00000000,46893.37000000,47366.99000000,4368.28971200
BTCEUR,2021-04-08,47367.48000000,48910.40000000,47176.71000000,48818.22000000,2623.74380900
BTCEUR,2021-04-09,48817.12000000,49555.54000000,48577.26000000,48970.74000000,2067.30245200
BTCEUR,2021-04-10,48970.74000000,50975.00000000,48778.25000000,50161.53000000,3017.91907800
BTCEUR,2021-04-11,50175.89000000,50633.66000000,49670.00000000,50394.44000000,1885.48182200
BTCEUR,2021-04-12,50389.37000000,51480.19000000,49985.00000000,50205.78000000,3002.21212400
BTCEUR,2021-04-13,50205.78000000,53408.23000000,50164.17000000,53177.79000000,4080.57554400
BTCEUR,2021-04-14,53187.44000000,54296.81000000,51410.00000000,52642.53000000,4526.90675200
BTCEUR,2021-04-15,52635.25000000,53404.90000000,51961.63000000,52862.11000000,2709.83884800
BTCEUR,2021-04-16,52868.95000000,53194.83000000,50195.59000000,51350.23000000,3901.23512600
BTCEUR,2021-04-17,51356.61000000,52323.16000000,50258.00000000,50594.44000000,2162.61007200
BTCEUR,2021-04-18,50594.45000000,50868.53000000,44816.78000000,47236.80000000,5801.60573000
BTCEUR,2021-04-19,47226.24000000,48215.02000000,45424.59000000,46358.25000000,3605.57206700
BTCEUR,2021-04-20,46358.26000000,47543.85000000,44350.29000000,47015.81000000,3700.87466300
BTCEUR,2021-04-21,47015.81000000,47254.98000000,44666.00000000,44791.57000000,3291.93944200
BTCEUR,2021-04-22,44791.57000000,46056.69000000,41900.00000000,43079.79000000,5531.04741500
BTCEUR,2021-04-23,43083.52000000,43399.08000000,39340.00000000,42426.43000000,7244.69401300
BTCEUR,2021-04-24,42418.56000000,42451.47000000,40574.62000000,41643.39000000,2243.96022900
BTCEUR,2021-04-25,41643.45000000,42075.99000000,39000.00000000,40707.41000000,2423.35491200
BTCEUR,2021-04-26,40722.53000000,45067.49000000,40479.99000000,44797.19000000,3973.12842600
BTCEUR,2021-04-27,44785.82000000,45969.52000000,44250.00000000,45601.42000000,2309.61513500
BTCEUR,2021-04-28,45600.33000000,46557.64000000,44682.54000000,45286.29000000,2510.47619100
BTCEUR,2021-04-29,45275.19000000,45561.49000000,43251.75000000,44266.84000000,2511.49897100
BTCEUR,2021-04-30,44262.08000000,48184.05000000,43843.14000000,47996.02000000,2913.96876700
BTCEUR,2021-05-01,47989.33000000,48649.93000000,47414.35000000,48030.35000000,1761.90002300
BTCEUR,2021-05-02,48037.06000000,48117.76000000,46735.04000000,47131.56000000,1519.67531900
BTCEUR,2021-05-03,47131.56000000,49050.00000000,46913.41000000,47481.97000000,3389.64403300
BTCEUR,2021-05-04,47492.38000000,47509.55000000,44288.98000000,44396.51000000,4732.23355700
BTCEUR,2021-05-05,44396.38000000,48326.78000000,44157.15000000,47800.00000000,3660.05596300
BTCEUR,2021-05-06,47794.87000000,48497.96000000,46000.00000000,46811.31000000,3812.92041800
BTCEUR,2021-05-07,46808.57000000,48309.30000000,45924.00000000,47285.74000000,3602.86815200
BTCEUR,2021-05-08,47285.85000000,49100.00000000,46964.70000000,48525.80000000,3196.03740200
BTCEUR,2021-05-09,48526.90000000,48842.31000000,46516.53000000,47964.22000000,2907.96710600
BTCEUR,2021-05-10,47971.29000000,49038.15000000,44290.00000000,46243.17000000,4880.31245900
BTCEUR,2021-05-11,46243.13000000,46977.74000000,45073.67000000,46825.37000000,3478.96445400
BTCEUR,2021-05-12,46821.39000000,47883.77000000,40559.67000000,41305.48000000,5370.21682300
BTCEUR,2021-05-13,41281.32000000,42733.36000000,38926.52000000,41258.66000000,9038.00253700
BTCEUR,2021-05-14,41270.93000000,42521.58000000,40471.66000000,41172.92000000,3822.84758000
BTCEUR,2021-05-15,41175.55000000,41808.09000000,38460.83000000,38629.16000000,3910.32773500
BTCEUR,2021-05-16,38629.16000000,41083.62000000,35734.96000000,38319.43000000,6249.59834300
BTCEUR,2021-05-17,38299.31000000,38467.58000000,34238.63000000,35882.74000000,8846.01828100
BTCEUR,2021-05-18,35882.74000000,37703.50000000,34750.00000000,35205.32000000,6141.77032700
BTCEUR,2021-05-19,35212.04000000,35939.48000000,23741.41000000,30279.50000000,21674.74565200
BTCEUR,2021-05-20,30319.47000000,35204.63000000,28554.00000000,33359.97000000,13575.74232300
BTCEUR,2021-05-21,33349.96000000,34648.69000000,27697.77000000,30747.21000000,14214.71482700
BTCEUR,2021-05-22,30739.55000000,32046.21000000,29092.28000000,30895.05000000,7428.34857300
BTCEUR,2021-05-23,30894.96000000,31537.24000000,25641.05000000,28573.19000000,12288.74476800
BTCEUR,2021-05-24,28579.78000000,32850.00000000,28347.58000000,31918.73000000,9791.42134200
BTCEUR,2021-05-25,31918.74000000,32700.00000000,29800.00000000,31367.74000000,7433.61187800
BTCEUR,2021-05-26,31367.74000000,33421.61000000,30909.21000000,32280.58000000,6530.81341800
BTCEUR,2021-05-27,32276.13000000,33170.15000000,30616.19000000,31614.95000000,4671.36857700
BTCEUR,2021-05-28,31620.66000000,31900.48000000,28533.77000000,29349.23000000,8752.33477300
BTCEUR,2021-05-29,29348.90000000,30677.47000000,27733.33000000,28510.82000000,5934.73305600
BTCEUR,2021-05-30,28522.92000000,30049.95000000,27538.83000000,29331.47000000,3401.50623200
BTCEUR,2021-05-31,29330.33000000,30688.38000000,28127.30000000,30460.92000000,5215.50761800
BTCEUR,2021-06-01,30466.19000000,30984.02000000,29242.00000000,30043.16000000,4506.82638000
BTCEUR,2021-06-02,30043.14000000,31334.15000000,29400.13000000,30792.11000000,3564.74777100
BTCEUR,2021-06-03,30793.14000000,32419.92000000,30490.61000000,32394.26000000,3671.04065200
BTCEUR,2021-06-04,32394.26000000,32425.57000000,29391.04000000,30331.54000000,5880.61122900
BTCEUR,2021-06-05,30335.95000000,31274.95000000,28758.02000000,29324.32000000,4737.89246700
BTCEUR,2021-06-06,29323.95000000,30077.69000000,29035.00000000,29495.55000000,2585.04794000
BTCEUR,2021-06-07,29500.01000000,30315.00000000,27422.00000000,27631.54000000,4095.44483100
BTCEUR,2021-06-08,27617.88000000,28028.70000000,25481.73000000,27468.94000000,7323.11537700
BTCEUR,2021-06-09,27483.74000000,30855.00000000,26664.25000000,30735.66000000,6869.40591200
BTCEUR,2021-06-10,30739.10000000,31600.00000000,29452.75000000,30170.81000000,5930.50730100
BTCEUR,2021-06-11,30175.03000000,31013.30000000,29559.21000000,30882.86000000,4061.68428400
BTCEUR,2021-06-12,30871.15000000,30973.03000000,28694.73000000,29430.44000000,4088.46076400
BTCEUR,2021-06-13,29432.35000000,32531.94000000,28821.81000000,32179.31000000,4195.60107400
BTCEUR,2021-06-14,32179.32000000,33885.79000000,31992.76000000,33454.62000000,4778.92353400
BTCEUR,2021-06-15,33465.77000000,34116.39000000,32638.96000000,33148.73000000,4250.81979800
BTCEUR,2021-06-16,33140.68000000,33413.05000000,31733.24000000,31995.93000000,4359.55025200
BTCEUR,2021-06-17,31990.73000000,33119.16000000,31433.40000000,32019.75000000,3983.06118800
BTCEUR,2021-06-18,32022.87000000,32117.78000000,29637.45000000,30289.40000000,4608.41559100
BTCEUR,2021-06-19,30285.05000000,30783.39000000,29468.40000000,30011.32000000,3442.68014100
BTCEUR,2021-06-20,30011.33000000,30503.12000000,28220.00000000,29984.39000000,4934.21940400
BTCEUR,2021-06-21,29988.98000000,30112.88000000,26250.00000000,26545.52000000,10827.43033800
BTCEUR,2021-06-22,26555.78000000,27938.70000000,24220.00000000,27232.51000000,11490.45981600
BTCEUR,2021-06-23,27236.00000000,29159.84000000,26584.02000000,28254.88000000,5520.40150700
BTCEUR,2021-06-24,28256.31000000,29593.50000000,27128.28000000,29054.39000000,4197.28609800
BTCEUR,2021-06-25,29063.06000000,29736.83000000,26263.17000000,26513.08000000,5812.51631800
BTCEUR,2021-06-26,26512.80000000,27487.71000000,25372.52000000,27111.80000000,5892.80043400
BTCEUR,2021-06-27,27114.19000000,29100.00000000,26873.89000000,29095.05000000,4558.21928400
BTCEUR,2021-06-28,29082.09000000,29581.89000000,28434.26000000,28923.41000000,4149.15025300
BTCEUR,2021-06-29,28935.67000000,30782.79000000,28715.78000000,30169.50000000,4579.19844200
BTCEUR,2021-06-30,30172.69000000,30319.23000000,28727.27000000,29556.50000000,4046.24930000
BTCEUR,2021-07-01,29556.50000000,29565.39000000,27641.26000000,28292.54000000,4234.10620500
BTCEUR,2021-07-02,28295.17000000,28694.27000000,27631.57000000,28484.38000000,3249.55742000
BTCEUR,2021-07-03,28482.22000000,29474.23000000,28090.36000000,29201.46000000,2020.33152900
BTCEUR,2021-07-04,29195.79000000,30287.06000000,28932.38000000,29722.92000000,2037.32718200
BTCEUR,2021-07-05,29722.66000000,29722.66000000,27952.06000000,28414.28000000,3275.80558000
BTCEUR,2021-07-06,28419.53000000,29646.04000000,28377.29000000,28950.14000000,2776.95899400
BTCEUR,2021-07-07,28950.93000000,29659.80000000,28688.51000000,28751.47000000,2201.01922900
BTCEUR,2021-07-08,28747.67000000,28806.76000000,27134.03000000,27773.14000000,3352.23636200
BTCEUR,2021-07-09,27773.13000000,28728.29000000,27272.60000000,28503.37000000,1841.25038400
BTCEUR,2021-07-10,28505.47000000,28873.33000000,27867.37000000,28268.54000000,1451.67512100
BTCEUR,2021-07-11,28266.12000000,29146.51000000,28112.55000000,28857.07000000,1339.78657300
BTCEUR,2021-07-12,28862.65000000,29219.34000000,27584.26000000,27945.58000000,2052.26240500
BTCEUR,2021-07-13,27941.83000000,28207.58000000,27398.02000000,27988.95000000,2082.01085100
BTCEUR,2021-07-14,27983.21000000,28358.99000000,27083.00000000,28172.11000000,2302.33577400
BTCEUR,2021-07-15,28171.96000000,28482.91000000,26814.54000000,27347.44000000,2524.12896100
BTCEUR,2021-07-16,27347.48000000,27476.74000000,26539.64000000,26700.19000000,2625.22601200
BTCEUR,2021-07-17,26699.29000000,27347.24000000,26517.80000000,26954.11000000,1331.62577000
BTCEUR,2021-07-18,26954.10000000,27678.55000000,26696.00000000,27191.82000000,1375.17684900
BTCEUR,2021-07-19,27191.82000000,27334.49000000,26005.17000000,26440.52000000,2133.78672300
BTCEUR,2021-07-20,26444.28000000,26628.20000000,25165.23000000,25646.44000000,3245.27880600
BTCEUR,2021-07-21,25652.34000000,28095.14000000,25410.46000000,27590.42000000,3319.20411400
BTCEUR,2021-07-22,27596.94000000,27875.94000000,27217.89000000,27724.92000000,1642.78140000
BTCEUR,2021-07-23,27724.92000000,28837.53000000,27470.00000000,28837.53000000,1683.75257400
BTCEUR,2021-07-24,28837.53000000,29628.70000000,28605.75000000,29386.13000000,1817.49069800
BTCEUR,2021-07-25,29387.87000000,30300.00000000,29059.35000000,30293.35000000,1900.17891800
BTCEUR,2021-07-26,30292.48000000,34491.12000000,30140.50000000,31686.90000000,7561.06581300
BTCEUR,2021-07-27,31690.18000000,33733.00000000,30988.54000000,33678.96000000,4584.19444600
BTCEUR,2021-07-28,33674.94000000,34857.42000000,33206.56000000,34153.08000000,5005.03695900
BTCEUR,2021-07-29,34151.37000000,34612.69000000,33520.00000000,33996.25000000,2921.17365700
BTCEUR,2021-07-30,33996.26000000,35798.12000000,32569.55000000,35710.60000000,3431.19070000
BTCEUR,2021-07-31,35710.60000000,35870.00000000,34807.98000000,35264.66000000,2328.54095000
BTCEUR,2021-08-01,35257.65000000,36134.00000000,33710.00000000,34030.17000000,2850.78574900
BTCEUR,2021-08-02,34033.95000000,34463.64000000,32980.65000000,33361.78000000,2798.38354600
BTCEUR,2021-08-03,33361.77000000,33881.50000000,32105.00000000,32509.13000000,2937.77582200
BTCEUR,2021-08-04,32509.14000000,34123.73000000,32007.01000000,33925.05000000,2470.27473600
BTCEUR,2021-08-05,33918.77000000,35285.51000000,32040.11000000,34902.23000000,3612.67072200
BTCEUR,2021-08-06,34899.95000000,37182.77000000,34106.00000000,36742.05000000,3784.78206000
BTCEUR,2021-08-07,36747.57000000,38521.23000000,36544.83000000,38415.20000000,3506.54829500
BTCEUR,2021-08-08,38421.79000000,39086.24000000,37261.29000000,37877.86000000,3106.46758700
BTCEUR,2021-08-09,37855.95000000,40106.01000000,36936.00000000,39916.95000000,3286.57283100
BTCEUR,2021-08-10,39900.85000000,40266.88000000,38644.66000000,39398.20000000,2242.83736000
BTCEUR,2021-08-11,39400.65000000,40500.01000000,39200.00000000,39505.43000000,2103.19635500
BTCEUR,2021-08-12,39505.43000000,40041.94000000,37903.64000000,38473.81000000,2350.60698300
BTCEUR,2021-08-13,38472.82000000,41130.45000000,38329.59000000,40942.36000000,1784.49886800
BTCEUR,2021-08-14,40952.21000000,41339.99000000,39650.00000000,40391.36000000,1734.22831300
BTCEUR,2021-08-15,40395.25000000,40576.00000000,39152.45000000,40260.03000000,1650.76338700
BTCEUR,2021-08-16,40263.24000000,41100.00000000,39345.00000000,39607.08000000,1618.91032900
BTCEUR,2021-08-17,39608.21000000,40489.99000000,38421.05000000,38735.12000000,1593.29364700
BTCEUR,2021-08-18,38720.65000000,39771.33000000,38350.12000000,38712.64000000,1746.28353900
BTCEUR,2021-08-19,38714.54000000,40333.00000000,38174.79000000,40162.69000000,1987.50700400
BTCEUR,2021-08-20,40167.33000000,42208.52000000,40034.90000000,42192.75000000,1856.24051300
BTCEUR,2021-08-21,42193.02000000,42735.09000000,41479.14000000,42005.00000000,1542.11753900
BTCEUR,2021-08-22,42013.49000000,42687.52000000,41505.00000000,42425.85000000,1131.74504000
BTCEUR,2021-08-23,42422.74000000,43244.94000000,42180.00000000,42552.11000000,1571.20599200
BTCEUR,2021-08-24,42548.26000000,42813.02000000,41000.00000000,41120.89000000,1874.93441500
BTCEUR,2021-08-25,41112.18000000,42411.57000000,40683.88000000,42185.60000000,1540.31279900
BTCEUR,2021-08-26,42185.11000000,42493.68000000,40000.00000000,40442.87000000,1779.87941200
BTCEUR,2021-08-27,40442.02000000,42086.18000000,40035.39000000,41945.46000000,1323.48043600
BTCEUR,2021-08-28,41945.47000000,42098.56000000,41354.17000000,41765.10000000,851.23998000
BTCEUR,2021-08-29,41769.23000000,42368.42000000,40830.01000000,41809.08000000,1180.35269900
BTCEUR,2021-08-30,41808.32000000,41895.82000000,40204.75000000,40337.20000000,1318.98190000
BTCEUR,2021-08-31,40335.38000000,41090.39000000,40065.22000000,40307.58000000,1597.54802000
BTCEUR,2021-09-01,40307.89000000,41726.54000000,39870.95000000,41519.96000000,1870.41038500
BTCEUR,2021-09-02,41524.90000000,42563.34000000,41342.06000000,41645.45000000,1859.15401400
BTCEUR,2021-09-03,41649.47000000,43172.63000000,40905.82000000,42406.27000000,2134.73822100
BTCEUR,2021-09-04,42410.59000000,42846.08000000,41875.00000000,42384.41000000,1561.92238000
BTCEUR,2021-09-05,42388.74000000,43913.04000000,42015.00000000,43798.73000000,1557.44634800
BTCEUR,2021-09-06,43798.72000000,44798.56000000,43292.28000000,44732.29000000,1760.05556100
BTCEUR,2021-09-07,44719.86000000,44923.31000000,37252.64000000,40350.56000000,5032.47025500
BTCEUR,2021-09-08,40362.42000000,40743.33000000,38057.88000000,39420.20000000,3708.92840000
BTCEUR,2021-09-09,39406.26000000,40569.84000000,38918.38000000,39663.97000000,2394.47029000
BTCEUR,2021-09-10,39663.02000000,40203.13000000,37786.45000000,38311.95000000,2217.86114000
BTCEUR,2021-09-11,38305.80000000,39240.29000000,38201.56000000,38567.83000000,1415.47700000
BTCEUR,2021-09-12,38575.91000000,39590.00000000,38224.65000000,39253.82000000,1630.60991000
BTCEUR,2021-09-13,39255.84000000,40057.22000000,37220.40000000,38351.79000000,2940.70137300
BTCEUR,2021-09-14,38359.59000000,40319.07000000,38100.57000000,40207.74000000,1688.75406000
BTCEUR,2021-09-15,40188.01000000,41217.95000000,39827.20000000,40923.26000000,1699.39109000
BTCEUR,2021-09-16,40921.64000000,41250.65000000,40073.37000000,40676.57000000,1823.38478000
BTCEUR,2021-09-17,40679.29000000,41014.87000000,39950.42000000,40395.10000000,1408.88039000
BTCEUR,2021-09-18,40407.96000000,41704.70000000,40189.33000000,41263.80000000,1317.27522000
BTCEUR,2021-09-19,41261.94000000,41323.30000000,40100.27000000,40432.04000000,1189.77745000
BTCEUR,2021-09-20,40434.07000000,40515.38000000,36460.49000000,36928.25000000,4230.99212600
BTCEUR,2021-09-21,36927.07000000,37487.17000000,34000.00000000,35013.59000000,4654.94324700
BTCEUR,2021-09-22,35013.58000000,37739.04000000,34876.06000000,37513.69000000,2980.59512000
BTCEUR,2021-09-23,37506.40000000,38574.05000000,37110.39000000,38478.17000000,2915.24538000
BTCEUR,2021-09-24,38476.70000000,38716.75000000,34911.40000000,36792.51000000,4553.78549000
BTCEUR,2021-09-25,36810.01000000,36928.56000000,35800.00000000,36665.38000000,2116.24613000
BTCEUR,2021-09-26,36664.27000000,37667.08000000,35077.00000000,37030.52000000,2865.54111000
BTCEUR,2021-09-27,37025.52000000,38036.35000000,36127.81000000,36177.02000000,2009.09413000
BTCEUR,2021-09-28,36179.49000000,36726.32000000,35250.00000000,35368.22000000,2620.49406000
BTCEUR,2021-09-29,35365.22000000,36631.67000000,35125.06000000,35919.88000000,1866.36474000
BTCEUR,2021-09-30,35919.48000000,38150.00000000,35823.86000000,37895.64000000,2417.02373000
BTCEUR,2021-10-01,37898.99000000,41784.72000000,37439.17000000,41496.51000000,3488.68820100
BTCEUR,2021-10-02,41509.16000000,41636.00000000,40900.00000000,40942.41000000,1357.56790000
BTCEUR,2021-10-03,40963.47000000,42345.81000000,40485.36000000,41420.67000000,1433.13328000
BTCEUR,2021-10-04,41420.62000000,42506.32000000,40384.17000000,42304.47000000,1988.24475000
BTCEUR,2021-10-05,42307.16000000,44670.86000000,42162.30000000,44143.20000000,1945.01739000
BTCEUR,2021-10-06,44154.21000000,47790.11000000,43384.00000000,47454.52000000,2862.63706500
BTCEUR,2021-10-07,47455.22000000,47469.68000000,45765.62000000,46113.01000000,2496.70974000
BTCEUR,2021-10-08,46113.01000000,48035.42000000,45975.61000000,46329.72000000,2433.50444900
BTCEUR,2021-10-09,46328.59000000,47650.00000000,46084.87000000,47283.35000000,1272.55680000
BTCEUR,2021-10-10,47283.35000000,48806.18000000,46592.43000000,47321.16000000,1845.53620900
BTCEUR,2021-10-11,47309.11000000,50073.84000000,47118.56000000,49822.04000000,2070.22818500
BTCEUR,2021-10-12,49822.03000000,50020.72000000,46800.00000000,48695.75000000,2256.45591000
BTCEUR,2021-10-13,48672.96000000,49843.76000000,47163.39000000,49469.32000000,1885.66848000
BTCEUR,2021-10-14,49465.73000000,50425.27000000,48932.21000000,49416.55000000,1415.24028600
BTCEUR,2021-10-15,49418.96000000,54100.00000000,49005.49000000,53062.75000000,3160.68612600
BTCEUR,2021-10-16,53052.99000000,53646.72000000,51734.45000000,52368.45000000,1863.72673000
BTCEUR,2021-10-17,52367.26000000,53170.38000000,50835.00000000,53003.85000000,1734.90431000
BTCEUR,2021-10-18,53008.09000000,54056.75000000,51696.20000000,53537.36000000,2307.37513000
BTCEUR,2021-10-19,53540.02000000,55434.68000000,52790.00000000,55270.64000000,2318.74899900
BTCEUR,2021-10-20,55272.69000000,57540.07000000,54588.98000000,56328.76000000,2173.40158900
BTCEUR,2021-10-21,56323.24000000,57087.49000000,53018.92000000,53469.78000000,3239.78150000
BTCEUR,2021-10-22,53462.62000000,54786.10000000,51663.34000000,52305.84000000,1903.57428000
BTCEUR,2021-10-23,52301.38000000,53195.94000000,51450.00000000,52808.06000000,1284.55340000
BTCEUR,2021-10-24,52808.06000000,52975.32000000,51309.38000000,52445.33000000,1797.74338000
BTCEUR,2021-10-25,52435.99000000,54947.92000000,52263.55000000,54400.55000000,1539.48064000
BTCEUR,2021-10-26,54400.77000000,54570.83000000,51750.24000000,52165.44000000,1782.48686000
BTCEUR,2021-10-27,52175.65000000,53157.89000000,50264.99000000,50562.71000000,3538.02251000
BTCEUR,2021-10-28,50566.23000000,53595.00000000,49670.16000000,51960.07000000,2903.13160000
BTCEUR,2021-10-29,51945.90000000,54300.00000000,51640.25000000,53771.28000000,2058.18468000
BTCEUR,2021-10-30,53771.28000000,54044.72000000,52760.42000000,53684.45000000,1399.64873000
BTCEUR,2021-10-31,53674.39000000,54139.05000000,52052.06000000,53226.59000000,1581.46011000
BTCEUR,2021-11-01,53228.92000000,54227.09000000,51650.00000000,52770.44000000,1897.94764000
BTCEUR,2021-11-02,52767.68000000,55500.00000000,52542.00000000,54651.83000000,1714.57966000
BTCEUR,2021-11-03,54640.27000000,54867.11000000,52355.00000000,54248.77000000,1738.19408000
BTCEUR,2021-11-04,54241.26000000,54426.97000000,52602.51000000,53222.24000000,1775.22519000
BTCEUR,2021-11-05,53218.73000000,54288.53000000,52747.77000000,53057.65000000,1450.09889000
BTCEUR,2021-11-06,53052.68000000,53533.09000000,52338.83000000,53427.94000000,1605.78031000
BTCEUR,2021-11-07,53423.01000000,55067.39000000,53318.23000000,55061.30000000,1518.12990000
BTCEUR,2021-11-08,55061.31000000,58543.99000000,55061.31000000,58301.00000000,2419.09898700
BTCEUR,2021-11-09,58300.99000000,59165.45000000,57281.10000000,57938.47000000,2018.79975800
BTCEUR,2021-11-10,57944.01000000,59744.44000000,55003.43000000,56700.00000000,3212.68677500
BTCEUR,2021-11-11,56697.79000000,57408.03000000,55975.76000000,56892.10000000,1637.02456000
BTCEUR,2021-11-12,56890.08000000,57419.68000000,54625.26000000,56274.32000000,2423.89668000
BTCEUR,2021-11-13,56267.86000000,57095.29000000,55612.88000000,56576.66000000,1552.79319000
BTCEUR,2021-11-14,56574.99000000,57587.65000000,55907.45000000,57587.65000000,2090.27393000
BTCEUR,2021-11-15,57587.64000000,58131.97000000,55896.14000000,56076.24000000,1797.16589000
BTCEUR,2021-11-16,56078.33000000,56080.61000000,51721.01000000,53248.24000000,3915.25753000
BTCEUR,2021-11-17,53220.85000000,53849.99000000,51667.27000000,53473.12000000,2666.02856000
BTCEUR,2021-11-18,53477.88000000,53988.00000000,49782.59000000,50094.59000000,3056.63376000
BTCEUR,2021-11-19,50098.39000000,51638.45000000,48990.00000000,51535.38000000,2641.23867000
BTCEUR,2021-11-20,51537.14000000,53233.84000000,51071.79000000,53108.86000000,1638.32339000
BTCEUR,2021-11-21,53117.39000000,53401.18000000,52002.34000000,52074.81000000,1376.56494000
BTCEUR,2021-11-22,52086.86000000,52700.01000000,49552.98000000,50106.71000000,2313.67680000
BTCEUR,2021-11-23,50100.00000000,51450.00000000,49207.00000000,51172.52000000,1904.87670000
BTCEUR,2021-11-24,51176.74000000,51377.74000000,49912.90000000,51074.89000000,1663.45482000
BTCEUR,2021-11-25,51074.47000000,52939.48000000,50858.06000000,52598.85000000,1585.62875000
BTCEUR,2021-11-26,52612.72000000,52782.72000000,47474.33000000,47674.87000000,3327.79094000
BTCEUR,2021-11-27,47672.64000000,49054.58000000,47552.64000000,48626.20000000,1292.07297000
BTCEUR,2021-11-28,48603.44000000,50988.24000000,47253.10000000,50843.04000000,1555.59411000
BTCEUR,2021-11-29,50843.91000000,52319.95000000,50306.80000000,51205.08000000,1874.66656000
BTCEUR,2021-11-30,51200.07000000,51951.14000000,49480.32000000,50251.02000000,2823.37079000
BTCEUR,2021-12-01,50297.80000000,52135.14000000,50000.00000000,50562.85000000,2202.16597000
BTCEUR,2021-12-02,50564.04000000,50720.99000000,49311.54000000,50037.85000000,2164.54225000
BTCEUR,2021-12-03,50037.79000000,50981.50000000,45934.00000000,47513.61000000,2993.05771000
BTCEUR,2021-12-04,47507.74000000,47737.56000000,38444.00000000,43942.51000000,6426.74539000
BTCEUR,2021-12-05,43939.26000000,44390.82000000,42450.37000000,43775.03000000,2934.23615000
BTCEUR,2021-12-06,43779.30000000,45171.13000000,41816.29000000,44783.91000000,3410.49570000
BTCEUR,2021-12-07,44778.84000000,46213.44000000,44451.44000000,44930.02000000,1817.80727000
BTCEUR,2021-12-08,44941.61000000,45304.99000000,43166.37000000,44550.17000000,1839.81768000
BTCEUR,2021-12-09,44558.41000000,44842.33000000,41964.70000000,42144.21000000,2086.27281000
BTCEUR,2021-12-10,42140.12000000,44448.46000000,41540.60000000,41805.66000000,2615.53867000
BTCEUR,2021-12-11,41781.82000000,43875.44000000,41431.33000000,43782.75000000,1706.19342000
BTCEUR,2021-12-12,43799.99000000,44947.13000000,43158.43000000,44311.87000000,1529.55269000
BTCEUR,2021-12-13,44309.88000000,44421.22000000,40567.09000000,41440.43000000,3004.10731000
BTCEUR,2021-12-14,41465.35000000,43259.76000000,41101.06000000,42997.17000000,2294.36895000
BTCEUR,2021-12-15,42991.66000000,43845.27000000,41384.67000000,43253.95000000,2609.79577000
BTCEUR,2021-12-16,43263.51000000,43800.00000000,41957.95000000,42051.07000000,1663.85951000
BTCEUR,2021-12-17,42061.31000000,42379.99000000,40282.16000000,41049.14000000,2166.91148000
BTCEUR,2021-12-18,41050.42000000,42144.42000000,40509.00000000,41702.15000000,1323.32180000
BTCEUR,2021-12-19,41707.86000000,42972.89000000,41355.10000000,41517.04000000,1501.84984000
BTCEUR,2021-12-20,41520.20000000,42144.69000000,40380.50000000,41590.40000000,1843.53059000
BTCEUR,2021-12-21,41590.40000000,43696.74000000,41372.20000000,43328.59000000,1767.85325000
BTCEUR,2021-12-22,43322.64000000,43957.78000000,42800.78000000,42949.99000000,1370.54656000
BTCEUR,2021-12-23,42951.24000000,45352.23000000,42392.53000000,44869.90000000,1911.09807000
BTCEUR,2021-12-24,44884.67000000,45849.99000000,44585.09000000,44991.58000000,1566.44823000
BTCEUR,2021-12-25,44991.51000000,45314.14000000,44493.08000000,44662.54000000,1170.74930000
BTCEUR,2021-12-26,44656.94000000,45392.70000000,43719.93000000,44898.40000000,1469.69012000
BTCEUR,2021-12-27,44904.39000000,46010.55000000,44616.01000000,44800.01000000,1547.88886000
BTCEUR,2021-12-28,44790.30000000,44796.08000000,41869.74000000,42089.52000000,2494.52842000
BTCEUR,2021-12-29,42100.75000000,42613.14000000,40651.04000000,40951.77000000,2007.48355000
BTCEUR,2021-12-30,40953.63000000,42341.13000000,40510.07000000,41655.06000000,1714.82743000
BTCEUR,2021-12-31,41654.89000000,42938.58000000,40153.55000000,40643.60000000,1818.13780000
BTCEUR,2022-01-01,40634.64000000,42235.64000000,40634.36000000,42051.25000000,1207.11863000
BTCEUR,2022-01-02,42046.63000000,42245.31000000,41081.62000000,41629.29000000,1303.50481000
BTCEUR,2022-01-03,41631.48000000,41896.21000000,40480.01000000,41095.76000000,1829.06785000
BTCEUR,2022-01-04,41110.00000000,42113.88000000,40356.66000000,40643.21000000,1707.20987000
BTCEUR,2022-01-05,40642.89000000,41644.41000000,37671.58000000,38491.06000000,2734.91379000
BTCEUR,2022-01-06,38495.25000000,38794.52000000,37576.14000000,38175.62000000,2314.27209000
BTCEUR,2022-01-07,38178.91000000,38233.64000000,35854.50000000,36619.77000000,3275.57815000
BTCEUR,2022-01-08,36634.41000000,37336.98000000,35743.64000000,36764.16000000,1941.21686000
BTCEUR,2022-01-09,36764.95000000,37748.27000000,36339.44000000,36937.05000000,1488.48870000
BTCEUR,2022-01-10,36938.23000000,37262.05000000,35154.79000000,36936.32000000,2706.68150000
BTCEUR,2022-01-11,36946.41000000,37992.08000000,36467.20000000,37650.03000000,2014.73013000
BTCEUR,2022-01-12,37652.60000000,38798.27000000,37391.96000000,38468.05000000,1802.68880000
BTCEUR,2022-01-13,38466.37000000,38750.00000000,36947.58000000,37188.05000000,1710.40316000
BTCEUR,2022-01-14,37184.47000000,38122.15000000,36477.88000000,37795.46000000,1535.26278000
BTCEUR,2022-01-15,37790.01000000,38432.66000000,37378.50000000,37817.25000000,990.40902000
BTCEUR,2022-01-16,37812.05000000,38139.85000000,37400.00000000,37789.85000000,877.86841000
BTCEUR,2022-01-17,37790.42000000,37887.97000000,36519.56000000,37061.58000000,1460.99512000
BTCEUR,2022-01-18,37066.36000000,37705.84000000,36353.11000000,37431.28000000,1846.93759000
BTCEUR,2022-01-19,37430.39000000,37575.66000000,36333.90000000,36781.14000000,2001.79284000
BTCEUR,2022-01-20,36777.11000000,38371.34000000,35920.17000000,36008.93000000,2386.13322000
BTCEUR,2022-01-21,36005.17000000,36368.77000000,31327.41000000,32231.29000000,4818.54153800
BTCEUR,2022-01-22,32228.12000000,32544.51000000,30017.04000000,31038.61000000,3850.16490800
BTCEUR,2022-01-23,31052.04000000,32246.47000000,30620.21000000,32049.79000000,2332.36025000
BTCEUR,2022-01-24,32037.05000000,33199.55000000,29195.12000000,32433.33000000,3928.05126100
BTCEUR,2022-01-25,32431.00000000,33291.72000000,31605.29000000,32740.59000000,2070.84145000
BTCEUR,2022-01-26,32744.67000000,34500.00000000,32328.79000000,32809.65000000,2640.97504000
BTCEUR,2022-01-27,32806.22000000,33416.79000000,31664.99000000,33378.79000000,2125.40797000
BTCEUR,2022-01-28,33363.23000000,34144.96000000,32500.24000000,33907.38000000,1719.91755000
BTCEUR,2022-01-29,33900.28000000,34838.73000000,33555.01000000,34350.00000000,1172.53339000
BTCEUR,2022-01-30,34340.88000000,34521.42000000,33615.25000000,34027.34000000,1038.63219000
BTCEUR,2022-01-31,34022.36000000,34508.33000000,32887.10000000,34270.65000000,1941.62391000
BTCEUR,2022-02-01,34270.64000000,34967.64000000,33787.01000000,34384.39000000,2101.64029000
BTCEUR,2022-02-02,34375.21000000,34517.99000000,32471.52000000,32733.44000000,1845.88693000
BTCEUR,2022-02-03,32737.97000000,32906.94000000,31729.68000000,32661.22000000,1939.71345000
BTCEUR,2022-02-04,32661.62000000,36475.03000000,32373.89000000,36358.72000000,2907.56103000
BTCEUR,2022-02-05,36354.80000000,36649.99000000,35784.62000000,36180.55000000,1415.07262000
BTCEUR,2022-02-06,36180.55000000,37277.73000000,35963.51000000,37026.95000000,1267.26592000
BTCEUR,2022-02-07,37033.04000000,39030.59000000,36383.46000000,38360.21000000,2342.88996000
BTCEUR,2022-02-08,38372.40000000,39876.53000000,37401.00000000,38629.02000000,3179.12012000
BTCEUR,2022-02-09,38632.22000000,39223.54000000,37767.23000000,38909.14000000,1740.43643000
BTCEUR,2022-02-10,38909.13000000,39928.33000000,37941.88000000,38138.03000000,2802.89835000
BTCEUR,2022-02-11,38148.41000000,38590.00000000,37000.94000000,37380.40000000,2157.89018000
BTCEUR,2022-02-12,37375.22000000,37948.99000000,36824.41000000,37246.70000000,1141.23492000
BTCEUR,2022-02-13,37252.13000000,37753.31000000,36957.50000000,37053.38000000,1011.24074000
BTCEUR,2022-02-14,37059.64000000,37910.34000000,36625.38000000,37647.37000000,1848.20643000
BTCEUR,2022-02-15,37655.27000000,39403.02000000,37550.01000000,39221.43000000,1601.41878000
BTCEUR,2022-02-16,39223.78000000,39238.39000000,38161.31000000,38588.38000000,1363.48316000
BTCEUR,2022-02-17,38587.03000000,38846.18000000,35279.46000000,35685.81000000,2108.11447000
BTCEUR,2022-02-18,35688.71000000,36063.79000000,34850.42000000,35355.89000000,2029.24078000
BTCEUR,2022-02-19,35355.89000000,35777.20000000,35052.67000000,35443.96000000,671.29847000
BTCEUR,2022-02-20,35442.69000000,35482.09000000,33571.32000000,33919.03000000,1261.20600000
BTCEUR,2022-02-21,33932.03000000,34785.61000000,32563.13000000,32766.06000000,2368.60706000
BTCEUR,2022-02-22,32761.55000000,33963.60000000,32189.54000000,33774.86000000,1976.26225000
BTCEUR,2022-02-23,33786.02000000,34592.88000000,32800.00000000,32960.15000000,1486.96948000
BTCEUR,2022-02-24,32972.69000000,35533.87000000,30585.79000000,34203.36000000,4566.08987000
BTCEUR,2022-02-25,34197.11000000,35406.35000000,34029.40000000,34826.82000000,1726.51719000
BTCEUR,2022-02-26,34839.78000000,35747.79000000,34282.80000000,34753.18000000,772.70969000
BTCEUR,2022-02-27,34751.07000000,35394.45000000,33200.01000000,33758.19000000,1583.24308000
BTCEUR,2022-02-28,33757.25000000,39358.00000000,33504.93000000,38500.00000000,2516.91396000
BTCEUR,2022-03-01,38500.00000000,40298.61000000,38275.12000000,39951.11000000,2175.24751000
BTCEUR,2022-03-02,39957.95000000,40892.36000000,39061.88000000,39509.38000000,1742.17959000
BTCEUR,2022-03-03,39502.65000000,39804.88000000,37824.26000000,38384.16000000,1638.46988000
BTCEUR,2022-03-04,38367.39000000,38445.16000000,35350.40000000,35868.77000000,1908.28771000
BTCEUR,2022-03-05,35874.91000000,36299.97000000,35349.11000000,36097.09000000,686.33193000
BTCEUR,2022-03-06,36104.54000000,36368.47000000,34935.48000000,35335.78000000,1252.29795000
BTCEUR,2022-03-07,35338.15000000,36410.00000000,34283.59000000,35000.18000000,2072.01751000
BTCEUR,2022-03-08,34995.21000000,36017.92000000,34892.50000000,35543.28000000,1937.24706000
BTCEUR,2022-03-09,35548.35000000,38780.83000000,35483.89000000,37894.29000000,1930.05547000
BTCEUR,2022-03-10,37895.89000000,38015.17000000,34883.49000000,35841.50000000,2391.17508000
BTCEUR,2022-03-11,35820.43000000,36547.92000000,34800.00000000,35548.72000000,2049.66559000
BTCEUR,2022-03-12,35537.02000000,36230.00000000,35473.18000000,35658.43000000,692.92350000
BTCEUR,2022-03-13,35647.90000000,36111.88000000,34555.00000000,34700.00000000,1139.93636000
BTCEUR,2022-03-14,34705.92000000,36529.58000000,34512.04000000,36301.74000000,1900.39354000
BTCEUR,2022-03-15,36300.77000000,36460.00000000,34773.07000000,35868.27000000,1888.52145000
BTCEUR,2022-03-16,35866.36000000,37984.79000000,35464.39000000,37323.74000000,3128.73745000
BTCEUR,2022-03-17,37322.11000000,37567.81000000,36500.00000000,36927.85000000,1221.61669000
BTCEUR,2022-03-18,36924.14000000,38336.67000000,36273.93000000,37866.58000000,1614.88648000
BTCEUR,2022-03-19,37859.61000000,38403.44000000,37620.60000000,38230.29000000,1031.29309000
BTCEUR,2022-03-20,38233.04000000,38310.17000000,37075.20000000,37423.47000000,964.60258000
BTCEUR,2022-03-21,37427.62000000,37669.63000000,36686.35000000,37247.99000000,1390.99819000
BTCEUR,2022-03-22,37245.31000000,39427.00000000,37152.36000000,38450.17000000,2122.24382000
BTCEUR,2022-03-23,38449.51000000,39115.00000000,37903.91000000,38978.99000000,1436.33294000
BTCEUR,2022-03-24,38999.90000000,40278.19000000,38825.64000000,39999.58000000,1967.31426000
BTCEUR,2022-03-25,40001.20000000,40969.69000000,39599.00000000,40377.56000000,1821.70323000
BTCEUR,2022-03-26,40397.67000000,40845.10000000,40188.75000000,40605.15000000,645.76199000
BTCEUR,2022-03-27,40605.15000000,42757.71000000,40529.12000000,42665.67000000,1144.26345000
BTCEUR,2022-03-28,42660.21000000,43937.93000000,42509.51000000,42893.96000000,1680.80570000
BTCEUR,2022-03-29,42897.36000000,43485.60000000,42380.30000000,42812.23000000,1574.58830000
BTCEUR,2022-03-30,42804.11000000,42882.08000000,41890.00000000,42193.91000000,1270.42211000
BTCEUR,2022-03-31,42194.91000000,42911.19000000,40895.21000000,41157.53000000,1557.36613000
BTCEUR,2022-04-01,41158.54000000,42371.10000000,39972.65000000,41969.19000000,1966.16294000
BTCEUR,2022-04-02,41966.26000000,42759.72000000,41354.50000000,41521.40000000,1014.90108000
BTCEUR,2022-04-03,41519.06000000,42979.12000000,41279.05000000,42060.39000000,932.14049000
BTCEUR,2022-04-04,42060.39000000,42785.72000000,41179.70000000,42469.93000000,1436.14561000
BTCEUR,2022-04-05,42478.91000000,43065.11000000,41648.33000000,41759.48000000,1180.75834000
BTCEUR,2022-04-06,41757.40000000,41838.18000000,39615.61000000,39666.47000000,1700.19579000
BTCEUR,2022-04-07,39639.84000000,40279.72000000,39283.23000000,40004.15000000,1522.09115000
BTCEUR,2022-04-08,39989.44000000,40486.94000000,38793.64000000,38932.68000000,1589.56627000
BTCEUR,2022-04-09,38911.41000000,39421.38000000,38813.06000000,39380.42000000,506.92694000
BTCEUR,2022-04-10,39389.78000000,39877.68000000,38500.00000000,38771.65000000,817.25991000
BTCEUR,2022-04-11,38769.72000000,38983.26000000,36058.04000000,36345.94000000,1754.98887000
BTCEUR,2022-04-12,36355.89000000,37517.94000000,36190.63000000,37052.67000000,2072.39514000
BTCEUR,2022-04-13,37055.36000000,38234.34000000,36600.34000000,37803.86000000,1542.38735000
BTCEUR,2022-04-14,37798.43000000,38205.95000000,36613.09000000,36957.95000000,1546.06313000
BTCEUR,2022-04-15,36956.11000000,37851.80000000,36803.75000000,37629.80000000,1100.28476000
BTCEUR,2022-04-16,37629.78000000,37762.73000000,37081.49000000,37431.57000000,753.46148000
BTCEUR,2022-04-17,37433.50000000,37639.58000000,36642.48000000,36752.52000000,861.05891000
BTCEUR,2022-04-18,36748.49000000,38288.99000000,35769.22000000,37961.76000000,2130.20560000
BTCEUR,2022-04-19,37959.86000000,38777.00000000,37629.32000000,38499.95000000,1914.67857000
BTCEUR,2022-04-20,38498.66000000,39021.54000000,37770.90000000,38163.85000000,1917.85050000
BTCEUR,2022-04-21,38163.90000000,39479.64000000,36800.00000000,37433.59000000,2114.24672000
BTCEUR,2022-04-22,37428.58000000,37786.99000000,36362.89000000,36855.79000000,2001.93844000
BTCEUR,2022-04-23,36855.79000000,37099.00000000,36466.69000000,36603.44000000,773.51169000
BTCEUR,2022-04-24,36603.37000000,37078.13000000,36168.00000000,36535.14000000,986.13032000
BTCEUR,2022-04-25,36535.14000000,37919.99000000,35625.01000000,37757.49000000,2344.63933000
BTCEUR,2022-04-26,37755.76000000,38198.09000000,35469.38000000,35878.64000000,2178.25367000
BTCEUR,2022-04-27,35868.80000000,37420.99000000,35630.73000000,37170.75000000,2088.95851000
BTCEUR,2022-04-28,37170.87000000,38422.44000000,37005.38000000,37853.58000000,2450.61767000
BTCEUR,2022-04-29,37853.57000000,37941.49000000,36100.00000000,36627.58000000,2283.09906000
BTCEUR,2022-04-30,36629.41000000,36820.73000000,35750.01000000,35803.01000000,973.03894000
BTCEUR,2022-05-01,35805.10000000,36749.98000000,35569.11000000,36493.91000000,1211.95650000
BTCEUR,2022-05-02,36486.07000000,37263.15000000,36292.77000000,36667.64000000,1961.55442000
BTCEUR,2022-05-03,36667.64000000,36789.40000000,35682.67000000,35908.54000000,1680.52098000
BTCEUR,2022-05-04,35908.62000000,37719.99000000,35841.15000000,37388.35000000,2230.08283000
BTCEUR,2022-05-05,37388.36000000,37557.99000000,33887.64000000,34720.17000000,2856.25316000
BTCEUR,2022-05-06,34721.21000000,34831.45000000,33390.69000000,34189.33000000,3140.41614000
BTCEUR,2022-05-07,34190.20000000,34312.99000000,33038.10000000,33682.35000000,1401.44502000
BTCEUR,2022-05-08,33683.41000000,33724.18000000,32013.77000000,32349.25000000,2156.12043000
BTCEUR,2022-05-09,32363.30000000,33998.00000000,28469.18000000,28477.15000000,5163.29521700
BTCEUR,2022-05-10,28504.81000000,30932.72000000,28200.00000000,29507.44000000,4858.26704700
BTCEUR,2022-05-11,29492.35000000,30463.07000000,26325.29000000,27574.26000000,6018.28409600
BTCEUR,2022-05-12,27548.13000000,28776.31000000,22819.78000000,27895.10000000,8586.26202400
BTCEUR,2022-05-13,27898.27000000,29865.58000000,27635.41000000,28135.74000000,3387.78514000
BTCEUR,2022-05-14,28137.66000000,29165.42000000,27515.41000000,28935.35000000,1401.59995000
BTCEUR,2022-05-15,28948.46000000,30249.99000000,28358.95000000,30130.42000000,1369.40790000
BTCEUR,2022-05-16,30125.98000000,30132.48000000,27901.01000000,28615.57000000,2945.44608000
BTCEUR,2022-05-17,28615.07000000,29341.73000000,27961.91000000,28852.03000000,2326.60713000
BTCEUR,2022-05-18,28853.48000000,29068.59000000,27352.64000000,27413.33000000,2664.78378000
BTCEUR,2022-05-19,27391.16000000,28824.31000000,27346.94000000,28646.10000000,2640.97794000
BTCEUR,2022-05-20,28645.11000000,29048.00000000,27225.34000000,27656.63000000,2611.57876000
BTCEUR,2022-05-21,27656.63000000,28074.44000000,27420.02000000,27869.46000000,830.49593000
BTCEUR,2022-05-22,27869.60000000,28833.31000000,27700.02000000,28651.89000000,1626.53500000
BTCEUR,2022-05-23,28648.55000000,28916.00000000,27028.71000000,27241.85000000,2938.49645000
BTCEUR,2022-05-24,27247.97000000,27792.16000000,26727.99000000,27631.89000000,2377.41859000
BTCEUR,2022-05-25,27631.76000000,28191.59000000,27513.37000000,27644.54000000,2068.24168000
BTCEUR,2022-05-26,27644.53000000,27924.28000000,26211.77000000,27211.76000000,3103.89648000
BTCEUR,2022-05-27,27202.59000000,27379.89000000,26355.41000000,26652.74000000,2776.46880000
BTCEUR,2022-05-28,26664.45000000,27275.00000000,26569.39000000,27066.95000000,878.98455000
BTCEUR,2022-05-29,27066.94000000,27565.61000000,26890.00000000,27462.94000000,966.86543000
BTCEUR,2022-05-30,27464.05000000,29875.89000000,27301.92000000,29466.28000000,2769.09835000
BTCEUR,2022-05-31,29464.68000000,30189.85000000,29185.20000000,29616.68000000,2411.44709000
BTCEUR,2022-06-01,29623.86000000,29795.00000000,27537.03000000,27974.43000000,2578.76194000
BTCEUR,2022-06-02,27979.59000000,28554.68000000,27642.52000000,28333.25000000,2169.20501000
BTCEUR,2022-06-03,28331.83000000,28540.60000000,27305.49000000,27714.91000000,2123.51577000
BTCEUR,2022-06-04,27716.41000000,28005.00000000,27525.47000000,27891.11000000,753.80546000
BTCEUR,2022-06-05,27890.00000000,28400.00000000,27584.93000000,27906.45000000,978.78176000
BTCEUR,2022-06-06,27906.45000000,29676.07000000,27871.85000000,29348.80000000,2322.49925000
BTCEUR,2022-06-07,29348.64000000,29480.00000000,27375.10000000,29074.65000000,3651.95339000
BTCEUR,2022-06-08,29077.24000000,29254.63000000,27924.27000000,28184.97000000,2773.56169000
BTCEUR,2022-06-09,28186.36000000,28646.90000000,27914.44000000,28340.11000000,2331.43214000
BTCEUR,2022-06-10,28340.11000000,28545.31000000,27447.53000000,27667.01000000,2678.89352000
BTCEUR,2022-06-11,27664.30000000,27998.91000000,26767.47000000,27049.36000000,1653.70159000
BTCEUR,2022-06-12,27056.29000000,27166.96000000,25309.01000000,25337.45000000,2474.38899000
BTCEUR,2022-06-13,25316.38000000,25608.13000000,21100.00000000,21628.26000000,7396.89732700
BTCEUR,2022-06-14,21608.37000000,22381.49000000,20050.70000000,21194.09000000,7542.45649000
BTCEUR,2022-06-15,21217.97000000,21842.44000000,19194.00000000,21603.65000000,8684.86470400
BTCEUR,2022-06-16,21606.69000000,21985.00000000,19210.00000000,19375.54000000,4155.84751000
BTCEUR,2022-06-17,19373.34000000,20333.75000000,19228.00000000,19523.33000000,2866.27878000
BTCEUR,2022-06-18,19522.86000000,19810.10000000,16850.00000000,18154.18000000,6302.00175100
BTCEUR,2022-06-19,18153.18000000,19888.13000000,17191.35000000,19646.83000000,4751.39431000
BTCEUR,2022-06-20,19645.07000000,20000.00000000,18746.23000000,19541.66000000,3868.24484000
BTCEUR,2022-06-21,19542.71000000,20563.41000000,19308.32000000,19674.15000000,2990.56435200
BTCEUR,2022-06-22,19680.14000000,19772.47000000,18710.00000000,18911.57000000,2951.02652000
BTCEUR,2022-06-23,18910.61000000,20156.35000000,18818.76000000,20054.52000000,2108.28706000
BTCEUR,2022-06-24,20055.67000000,20416.99000000,19676.91000000,20115.31000000,2147.17959000
BTCEUR,2022-06-25,20128.66000000,20496.98000000,19840.00000000,20383.52000000,956.42570000
BTCEUR,2022-06-26,20386.17000000,20760.86000000,19859.41000000,19917.27000000,1246.35106000
BTCEUR,2022-06-27,19915.41000000,20350.00000000,19366.09000000,19574.45000000,2016.99625000
BTCEUR,2022-06-28,19587.93000000,20058.28000000,19191.00000000,19257.21000000,1748.34849000
BTCEUR,2022-06-29,19253.85000000,19550.00000000,18863.66000000,19230.09000000,1931.49855000
BTCEUR,2022-06-30,19240.34000000,19286.09000000,17785.98000000,19054.98000000,2725.94952000
BTCEUR,2022-07-01,19060.51000000,19936.32000000,18152.00000000,18477.19000000,3072.89277000
BTCEUR,2022-07-02,18476.96000000,18664.01000000,18219.59000000,18463.72000000,1047.63910000
BTCEUR,2022-07-03,18466.73000000,18849.00000000,18011.50000000,18510.15000000,1303.61309000
BTCEUR,2022-07-04,18510.21000000,19485.71000000,18255.34000000,19382.55000000,2014.07667000
BTCEUR,2022-07-05,19382.82000000,20174.58000000,18740.78000000,19643.00000000,2459.03218000
BTCEUR,2022-07-06,19635.94000000,20277.70000000,19231.72000000,20169.85000000,2091.60246000
BTCEUR,2022-07-07,20170.88000000,21486.06000000,19831.61000000,21247.33000000,2239.28422000
BTCEUR,2022-07-08,21252.72000000,22012.00000000,20901.00000000,21201.06000000,3260.62935000
BTCEUR,2022-07-09,21207.97000000,21574.52000000,20950.01000000,21214.07000000,1661.16180000
BTCEUR,2022-07-10,21209.24000000,21221.60000000,20275.97000000,20514.69000000,1748.92196000
BTCEUR,2022-07-11,20520.05000000,20618.18000000,19789.47000000,19864.33000000,1788.71452000
BTCEUR,2022-07-12,19863.77000000,20025.48000000,19180.00000000,19264.35000000,2540.30598000
BTCEUR,2022-07-13,19269.46000000,20223.49000000,18900.00000000,20170.50000000,3116.00149000
BTCEUR,2022-07-14,20168.33000000,20833.24000000,19617.67000000,20512.39000000,2167.84937000
BTCEUR,2022-07-15,20514.86000000,21020.85000000,20321.14000000,20656.76000000,1762.05809000
BTCEUR,2022-07-16,20648.49000000,21400.00000000,20307.92000000,21000.57000000,1226.10465000
BTCEUR,2022-07-17,20996.17000000,21479.30000000,20543.89000000,20584.47000000,989.34178000
BTCEUR,2022-07-18,20581.98000000,22410.11000000,20554.48000000,22109.72000000,2644.92648000
BTCEUR,2022-07-19,22124.02000000,23289.00000000,21185.40000000,22873.64000000,3979.56840000
BTCEUR,2022-07-20,22868.55000000,23818.03000000,22392.00000000,22813.80000000,3114.51852000
BTCEUR,2022-07-21,22804.63000000,23008.00000000,21959.00000000,22659.10000000,2848.00126000
BTCEUR,2022-07-22,22664.82000000,23293.55000000,22040.97000000,22253.26000000,2325.60742000
BTCEUR,2022-07-23,22246.04000000,22551.37000000,21532.60000000,22012.15000000,979.37083000
BTCEUR,2022-07-24,22018.82000000,22534.58000000,21820.22000000,22147.67000000,896.05669000
BTCEUR,2022-07-25,22145.50000000,22234.34000000,20814.24000000,20860.50000000,1831.64939000
BTCEUR,2022-07-26,20863.14000000,21042.56000000,20387.67000000,20993.01000000,1600.54700000
BTCEUR,2022-07-27,20996.14000000,22656.26000000,20761.06000000,22486.98000000,2690.83225000
BTCEUR,2022-07-28,22490.61000000,23750.00000000,22248.54000000,23396.16000000,2544.58016000
BTCEUR,2022-07-29,23402.17000000,23850.00000000,23053.69000000,23260.00000000,2174.93573000
BTCEUR,2022-07-30,23266.56000000,24149.98000000,23035.76000000,23170.61000000,1474.22069000
BTCEUR,2022-07-31,23170.61000000,23677.71000000,22764.23000000,22854.54000000,1155.59972000
BTCEUR,2022-08-01,22846.22000000,22954.66000000,22314.62000000,22694.30000000,1641.28475000
BTCEUR,2022-08-02,22696.37000000,23019.75000000,22151.35000000,22635.57000000,1777.32459000
BTCEUR,2022-08-03,22646.26000000,23234.63000000,22352.09000000,22496.53000000,1514.18253000
BTCEUR,2022-08-04,22488.66000000,22844.82000000,21980.00000000,22138.84000000,1809.79233000
BTCEUR,2022-08-05,22135.34000000,22956.76000000,22105.92000000,22912.33000000,1888.76201000
BTCEUR,2022-08-06,22915.92000000,22944.66000000,22515.96000000,22552.18000000,502.02314000
BTCEUR,2022-08-07,22551.72000000,23013.77000000,22460.00000000,22796.36000000,695.25657000
BTCEUR,2022-08-08,22797.51000000,23798.80000000,22783.52000000,23382.82000000,1741.77425000
BTCEUR,2022-08-09,23387.01000000,23494.35000000,22400.78000000,22712.40000000,1876.64147000
BTCEUR,2022-08-10,22712.40000000,23551.12000000,22246.88000000,23287.96000000,2622.66664000
BTCEUR,2022-08-11,23291.14000000,24125.00000000,23151.70000000,23241.01000000,2716.45139000
BTCEUR,2022-08-12,23244.14000000,23849.00000000,22960.00000000,23789.39000000,1995.42382000
BTCEUR,2022-08-13,23794.16000000,24235.37000000,23666.00000000,23848.48000000,1634.92142000
BTCEUR,2022-08-14,23851.03000000,24400.00000000,23582.04000000,23733.76000000,1578.95074000
BTCEUR,2022-08-15,23737.26000000,24594.54000000,23347.20000000,23715.55000000,2430.51045000
BTCEUR,2022-08-16,23714.31000000,23887.04000000,23275.11000000,23463.44000000,1588.29363000
BTCEUR,2022-08-17,23469.81000000,24030.00000000,22785.00000000,22952.91000000,2288.30336000
BTCEUR,2022-08-18,22951.65000000,23243.99000000,22884.26000000,22995.57000000,1286.73047000
BTCEUR,2022-08-19,22995.57000000,23020.50000000,20722.59000000,20767.64000000,3488.47690000
BTCEUR,2022-08-20,20773.58000000,21314.58000000,20701.61000000,21084.10000000,1366.78896000
BTCEUR,2022-08-21,21082.05000000,21760.00000000,21021.31000000,21479.32000000,1427.75388000
BTCEUR,2022-08-22,21480.29000000,21695.67000000,20915.95000000,21524.51000000,1860.73959000
BTCEUR,2022-08-23,21531.91000000,21725.00000000,21067.54000000,21600.26000000,1820.84705000
BTCEUR,2022-08-24,21610.39000000,21961.00000000,21268.00000000,21446.89000000,1683.89412000
BTCEUR,2022-08-25,21458.69000000,21846.05000000,21384.61000000,21629.20000000,1957.92636000
BTCEUR,2022-08-26,21628.58000000,21811.99000000,20232.45000000,20358.05000000,3260.66364000
BTCEUR,2022-08-27,20359.88000000,20521.27000000,19931.94000000,20153.25000000,1427.43865000
BTCEUR,2022-08-28,20146.40000000,20264.63000000,19678.00000000,19713.93000000,915.52146000
BTCEUR,2022-08-29,19714.21000000,20458.09000000,19705.13000000,20292.71000000,1874.75525000
BTCEUR,2022-08-30,20293.72000000,20597.38000000,19529.83000000,19780.00000000,2688.27834000
BTCEUR,2022-08-31,19784.33000000,20450.00000000,19770.00000000,19989.56000000,2444.01828000
BTCEUR,2022-09-01,19987.89000000,20289.77000000,19697.00000000,20217.60000000,1996.51253000
BTCEUR,2022-09-02,20215.00000000,20428.41000000,19855.69000000,20072.48000000,2268.39539000
BTCEUR,2022-09-03,20064.95000000,20170.00000000,19771.71000000,19938.86000000,864.40522000
BTCEUR,2022-09-04,19936.16000000,20189.99000000,19702.07000000,20166.20000000,1167.33016000
BTCEUR,2022-09-05,20165.20000000,20213.21000000,19794.41000000,19910.00000000,1688.13707000
BTCEUR,2022-09-06,19912.33000000,20240.00000000,18870.00000000,19006.17000000,3518.07734000
BTCEUR,2022-09-07,19005.19000000,19492.61000000,18767.00000000,19319.78000000,2587.46118000
BTCEUR,2022-09-08,19319.74000000,19477.97000000,19092.61000000,19310.01000000,2155.30968000
BTCEUR,2022-09-09,19313.67000000,21430.00000000,19241.86000000,21231.40000000,3980.32103000
BTCEUR,2022-09-10,21232.77000000,21683.55000000,20963.36000000,21522.33000000,2184.79565000
BTCEUR,2022-09-11,21519.80000000,21756.19000000,21220.76000000,21657.93000000,1938.10371000
BTCEUR,2022-09-12,21652.96000000,22235.14000000,21367.14000000,22116.76000000,3435.46791000
BTCEUR,2022-09-13,22114.25000000,22423.19000000,19956.94000000,20239.66000000,4853.84493000
BTCEUR,2022-09-14,20235.94000000,20572.88000000,19668.23000000,20269.78000000,2923.31686000
BTCEUR,2022-09-15,20271.58000000,20416.69000000,19518.50000000,19746.94000000,3124.04961000
BTCEUR,2022-09-16,19753.54000000,19967.66000000,19339.23000000,19797.25000000,2432.09408000
BTCEUR,2022-09-17,19798.53000000,20186.96000000,19743.90000000,20105.01000000,1340.05211000
BTCEUR,2022-09-18,20108.33000000,20112.14000000,19343.00000000,19391.19000000,1756.15722000
BTCEUR,2022-09-19,19391.16000000,19653.78000000,18301.82000000,19499.14000000,4693.69595000
BTCEUR,2022-09-20,19492.49000000,19569.31000000,18812.85000000,18943.85000000,3704.92733000
BTCEUR,2022-09-21,18944.69000000,20099.00000000,18482.00000000,18793.90000000,5682.17243000
BTCEUR,2022-09-22,18788.49000000,19833.63000000,18716.16000000,19707.15000000,3879.29546000
BTCEUR,2022-09-23,19707.81000000,19999.30000000,19051.50000000,19882.62000000,3840.17789000
BTCEUR,2022-09-24,19878.28000000,19904.50000000,19394.41000000,19512.39000000,2132.42477000
BTCEUR,2022-09-25,19509.55000000,19768.00000000,19241.78000000,19417.30000000,2371.74996000
BTCEUR,2022-09-26,19415.04000000,20032.82000000,19350.00000000,19981.00000000,3816.46966000
BTCEUR,2022-09-27,19984.32000000,21142.99000000,19645.73000000,19888.61000000,6270.86083000
BTCEUR,2022-09-28,19888.59000000,20300.00000000,19346.25000000,19996.65000000,5581.86009000
BTCEUR,2022-09-29,19999.40000000,20248.83000000,19370.00000000,19931.04000000,4177.14627000
BTCEUR,2022-09-30,19931.03000000,20572.09000000,19635.00000000,19828.58000000,3927.36574000
BTCEUR,2022-10-01,19825.91000000,19889.26000000,19555.01000000,19721.98000000,1369.96480000
BTCEUR,2022-10-02,19719.02000000,19800.14000000,19334.92000000,19473.70000000,1861.21662000
BTCEUR,2022-10-03,19475.82000000,20049.83000000,19392.00000000,19960.04000000,2482.20273000
BTCEUR,2022-10-04,19962.01000000,20490.00000000,19864.89000000,20382.15000000,3444.85612000
BTCEUR,2022-10-05,20376.79000000,20579.27000000,20076.69000000,20338.46000000,2978.14470000
BTCEUR,2022-10-06,20338.01000000,20649.00000000,20211.53000000,20388.03000000,3102.25975000
BTCEUR,2022-10-07,20387.00000000,20488.24000000,19802.38000000,20062.30000000,2760.59619000
BTCEUR,2022-10-08,20055.49000000,20566.63000000,19777.00000000,19957.00000000,1158.22622000
BTCEUR,2022-10-09,19946.88000000,20086.53000000,19850.64000000,19975.46000000,865.71692000
BTCEUR,2022-10-10,19975.60000000,20050.00000000,19638.12000000,19710.00000000,1690.07788000
BTCEUR,2022-10-11,19703.00000000,19850.34000000,19461.19000000,19658.23000000,1996.16875000
BTCEUR,2022-10-12,19656.62000000,19820.15000000,19582.24000000,19731.73000000,1358.34648000
BTCEUR,2022-10-13,19734.08000000,19950.00000000,18894.21000000,19852.46000000,4024.83587000
BTCEUR,2022-10-14,19840.07000000,20358.34000000,19630.00000000,19736.00000000,2801.64377000
BTCEUR,2022-10-15,19740.72000000,19785.28000000,19552.63000000,19638.62000000,644.95280000
BTCEUR,2022-10-16,19638.62000000,19999.00000000,19638.62000000,19775.38000000,850.33491000
BTCEUR,2022-10-17,19773.50000000,20093.00000000,19666.25000000,19873.65000000,1640.81290000
BTCEUR,2022-10-18,19869.25000000,19992.00000000,19400.47000000,19611.03000000,2610.37117000
BTCEUR,2022-10-19,19607.19000000,19728.10000000,19493.44000000,19592.38000000,1928.51830000
BTCEUR,2022-10-20,19590.91000000,19671.42000000,19366.23000000,19484.37000000,3028.22787000
BTCEUR,2022-10-21,19478.99000000,19566.70000000,19201.00000000,19446.36000000,3157.14231000
BTCEUR,2022-10-22,19446.54000000,19529.99000000,19388.90000000,19478.22000000,981.52145000
BTCEUR,2022-10-23,19480.02000000,19953.18000000,19358.19000000,19841.03000000,1864.70673000
BTCEUR,2022-10-24,19845.46000000,19881.77000000,19435.74000000,19553.70000000,3119.57942000
BTCEUR,2022-10-25,19554.87000000,20464.81000000,19470.00000000,20149.14000000,4085.98621000
BTCEUR,2022-10-26,20147.42000000,20972.91000000,20129.28000000,20579.23000000,4996.06938000
BTCEUR,2022-10-27,20584.81000000,20774.63000000,20277.00000000,20368.50000000,4141.52689000
BTCEUR,2022-10-28,20368.71000000,20892.47000000,20130.01000000,20685.89000000,3941.47985000
BTCEUR,2022-10-29,20687.00000000,21150.57000000,20645.74000000,20882.72000000,2536.67973000
BTCEUR,2022-10-30,20881.40000000,21003.84000000,20623.74000000,20734.19000000,1709.17796000
BTCEUR,2022-10-31,20727.92000000,20960.00000000,20481.04000000,20732.00000000,3236.23186000
BTCEUR,2022-11-01,20730.01000000,20842.06000000,20502.03000000,20751.74000000,2638.40603000
BTCEUR,2022-11-02,20749.41000000,20910.47000000,20451.70000000,20539.00000000,4675.64694000
BTCEUR,2022-11-03,20540.53000000,20849.91000000,20512.84000000,20738.26000000,3641.24569000
BTCEUR,2022-11-04,20738.25000000,21440.80000000,20691.46000000,21261.20000000,5439.30251000
BTCEUR,2022-11-05,21265.06000000,21575.00000000,21200.00000000,21422.88000000,1721.42502000
BTCEUR,2022-11-06,21422.48000000,21482.41000000,21077.31000000,21107.97000000,2305.79200000
BTCEUR,2022-11-07,21107.83000000,21234.00000000,20386.00000000,20579.59000000,4362.19091000
BTCEUR,2022-11-08,20577.27000000,20656.24000000,17842.31000000,18482.98000000,10314.04220000
BTCEUR,2022-11-09,18481.76000000,18900.00000000,15666.00000000,15958.24000000,11135.48026400
BTCEUR,2022-11-10,15958.25000000,17882.18000000,15827.91000000,17303.00000000,11341.14275000
BTCEUR,2022-11-11,17298.58000000,17411.12000000,15800.00000000,16557.43000000,5482.77002000
BTCEUR,2022-11-12,16559.95000000,16603.07000000,16157.22000000,16351.88000000,1839.68539000
BTCEUR,2022-11-13,16351.90000000,16489.51000000,15756.03000000,15834.07000000,2765.40077000
BTCEUR,2022-11-14,15835.00000000,17250.00000000,15336.36000000,16095.80000000,5858.66060100
BTCEUR,2022-11-15,16085.03000000,16459.44000000,15999.51000000,16302.70000000,3294.36267000
BTCEUR,2022-11-16,16294.29000000,16386.00000000,15760.60000000,16019.68000000,2907.85960000
BTCEUR,2022-11-17,16029.17000000,16174.74000000,15814.84000000,16098.85000000,2354.97013000
BTCEUR,2022-11-18,16108.29000000,16384.48000000,16002.42000000,16165.61000000,2944.11146000
BTCEUR,2022-11-19,16165.20000000,16257.76000000,16024.28000000,16141.39000000,1173.75196000
BTCEUR,2022-11-20,16139.32000000,16190.00000000,15651.95000000,15740.56000000,2133.68372000
BTCEUR,2022-11-21,15744.41000000,15863.36000000,15120.00000000,15379.21000000,5473.47398000
BTCEUR,2022-11-22,15387.42000000,15845.54000000,15232.86000000,15731.23000000,4267.50672000
BTCEUR,2022-11-23,15729.85000000,16161.64000000,15663.05000000,15930.83000000,3720.04371000
BTCEUR,2022-11-24,15927.67000000,16113.15000000,15792.00000000,15937.57000000,2557.51558000
BTCEUR,2022-11-25,15942.26000000,15983.43000000,15690.00000000,15874.78000000,2400.36384000
BTCEUR,2022-11-26,15875.20000000,16043.95000000,15750.00000000,15815.66000000,1647.55636000
BTCEUR,2022-11-27,15810.26000000,15978.99000000,15800.00000000,15835.27000000,1493.93053000
BTCEUR,2022-11-28,15836.40000000,15879.28000000,15404.10000000,15669.00000000,3944.86563000
BTCEUR,2022-11-29,15670.83000000,15996.15000000,15553.29000000,15931.22000000,3391.89663000
BTCEUR,2022-11-30,15930.23000000,16573.00000000,15901.54000000,16473.17000000,5020.86267000
BTCEUR,2022-12-01,16472.75000000,16533.29000000,16027.32000000,16128.59000000,3289.55095000
BTCEUR,2022-12-02,16132.69000000,16248.12000000,16045.47000000,16227.38000000,2688.74616000
BTCEUR,2022-12-03,16231.01000000,16305.10000000,16020.93000000,16043.58000000,1369.89675000
BTCEUR,2022-12-04,16040.56000000,16334.49000000,16035.00000000,16239.78000000,1741.59661000
BTCEUR,2022-12-05,16237.16000000,16495.64000000,16092.63000000,16169.02000000,3249.05248000
BTCEUR,2022-12-06,16176.53000000,16350.00000000,16102.49000000,16334.46000000,2621.09504000
BTCEUR,2022-12-07,16334.33000000,16390.00000000,15947.01000000,16028.37000000,2617.95276000
BTCEUR,2022-12-08,16025.60000000,16387.10000000,15950.00000000,16317.62000000,2850.28553000
BTCEUR,2022-12-09,16325.50000000,16438.31000000,16188.95000000,16263.78000000,2135.32114000
BTCEUR,2022-12-10,16267.82000000,16352.78000000,16231.80000000,16260.78000000,788.46640000
BTCEUR,2022-12-11,16259.00000000,16390.00000000,16206.83000000,16244.94000000,1169.76788000
BTCEUR,2022-12-12,16244.78000000,16356.09000000,16028.49000000,16325.00000000,2314.50537000
BTCEUR,2022-12-13,16322.51000000,17150.00000000,16187.65000000,16721.41000000,4211.32620000
BTCEUR,2022-12-14,16723.35000000,17209.98000000,16553.81000000,16675.35000000,3514.51070000
BTCEUR,2022-12-15,16678.50000000,16729.41000000,16255.00000000,16311.90000000,2280.52260000
BTCEUR,2022-12-16,16311.80000000,16443.77000000,15610.02000000,15721.83000000,3539.49578000
BTCEUR,2022-12-17,15717.34000000,15882.60000000,15674.96000000,15862.95000000,1396.72136000
BTCEUR,2022-12-18,15863.03000000,15921.10000000,15750.00000000,15809.06000000,993.19891000
BTCEUR,2022-12-19,15805.78000000,15871.55000000,15355.00000000,15492.34000000,2120.28229000
BTCEUR,2022-12-20,15493.55000000,16020.95000000,15460.76000000,15907.58000000,2856.78568000
BTCEUR,2022-12-21,15908.01000000,15946.81000000,15768.64000000,15860.27000000,1744.42167000
BTCEUR,2022-12-22,15860.00000000,15891.31000000,15652.12000000,15858.79000000,1663.02827000
BTCEUR,2022-12-23,15860.01000000,15977.84000000,15800.02000000,15805.00000000,1567.59969000
BTCEUR,2022-12-24,15803.84000000,15876.57000000,15801.90000000,15833.90000000,500.63341000
BTCEUR,2022-12-25,15832.08000000,15854.98000000,15727.42000000,15843.93000000,551.22331000
BTCEUR,2022-12-26,15846.31000000,15924.69000000,15750.00000000,15852.77000000,827.43846000
BTCEUR,2022-12-27,15852.06000000,15900.00000000,15590.62000000,15701.30000000,1521.42623000
BTCEUR,2022-12-28,15704.11000000,15749.00000000,15496.99000000,15546.41000000,1820.09839000
BTCEUR,2022-12-29,15546.60000000,15647.82000000,15496.00000000,15605.57000000,1564.64532000
BTCEUR,2022-12-30,15605.56000000,15612.26000000,15306.59000000,15515.05000000,1788.70590000
BTCEUR,2022-12-31,15515.09000000,15525.92000000,15356.18000000,15425.26000000,989.02399000
BTCEUR,2023-01-01,15425.08000000,15487.35000000,15377.15000000,15469.80000000,706.36148000
BTCEUR,2023-01-02,15467.46000000,15700.33000000,15416.11000000,15586.86000000,1481.43946000
BTCEUR,2023-01-03,15585.88000000,15870.13000000,15563.69000000,15801.07000000,1452.26914000
BTCEUR,2023-01-04,15803.30000000,16031.64000000,15771.00000000,15889.31000000,1781.13850000
BTCEUR,2023-01-05,15886.01000000,16034.95000000,15797.24000000,15993.84000000,1271.42180000
BTCEUR,2023-01-06,15993.84000000,16015.00000000,15809.07000000,15924.82000000,1418.74607000
BTCEUR,2023-01-07,15924.83000000,15954.45000000,15889.11000000,15917.02000000,420.30997000
BTCEUR,2023-01-08,15916.00000000,16100.00000000,15885.56000000,16061.86000000,803.36468000
BTCEUR,2023-01-09,16062.16000000,16202.07000000,15961.07000000,16013.28000000,2437.92647000
BTCEUR,2023-01-10,16010.68000000,16300.00000000,15993.31000000,16253.31000000,1885.37526000
BTCEUR,2023-01-11,16253.31000000,16721.00000000,16100.00000000,16672.66000000,2290.91147000
BTCEUR,2023-01-12,16669.35000000,17620.00000000,16638.84000000,17361.55000000,5207.44326000
BTCEUR,2023-01-13,17361.56000000,18487.45000000,17237.68000000,18415.13000000,3854.72393000
BTCEUR,2023-01-14,18416.97000000,19601.67000000,18380.00000000,19339.74000000,5788.50253000
BTCEUR,2023-01-15,19337.75000000,19409.36000000,18961.21000000,19285.97000000,3091.42859000
BTCEUR,2023-01-16,19284.65000000,19840.78000000,19064.16000000,19574.42000000,4165.95024000
BTCEUR,2023-01-17,19578.39000000,19880.37000000,19280.00000000,19605.60000000,3476.33781000
BTCEUR,2023-01-18,19605.59000000,19900.00000000,18869.83000000,19152.42000000,4297.51331000
BTCEUR,2023-01-19,19155.49000000,19562.41000000,19117.68000000,19458.45000000,1981.78354000
BTCEUR,2023-01-20,19462.51000000,20976.82000000,19262.26000000,20896.96000000,4294.28176000
BTCEUR,2023-01-21,20896.84000000,21526.28000000,20669.99000000,20995.44000000,4353.96603000
BTCEUR,2023-01-22,20995.44000000,21256.00000000,20540.58000000,20896.92000000,2806.31327000
BTCEUR,2023-01-23,20896.92000000,21334.85000000,20738.00000000,21095.28000000,4248.08387000
BTCEUR,2023-01-24,21089.96000000,21299.40000000,20650.00000000,20808.69000000,3907.42272000
BTCEUR,2023-01-25,20804.52000000,21828.68000000,20516.19000000,21125.67000000,5156.42120000
BTCEUR,2023-01-26,21128.24000000,21337.40000000,20979.00000000,21132.03000000,4030.32493000
BTCEUR,2023-01-27,21133.69000000,21623.63000000,20710.00000000,21252.27000000,3758.38348000
BTCEUR,2023-01-28,21248.08000000,21354.69000000,21070.05000000,21199.76000000,1168.40209000
BTCEUR,2023-01-29,21194.19000000,22051.12000000,21145.00000000,21843.50000000,3634.06807000
BTCEUR,2023-01-30,21844.19000000,21895.16000000,20750.00000000,21054.03000000,3363.06727000
BTCEUR,2023-01-31,21056.63000000,21463.39000000,20947.11000000,21303.83000000,2215.17495000
BTCEUR,2023-02-01,21301.27000000,21680.00000000,20900.00000000,21557.95000000,3628.66867000
BTCEUR,2023-02-02,21558.00000000,22122.00000000,21450.00000000,21549.65000000,4574.39570000
BTCEUR,2023-02-03,21549.65000000,21877.03000000,21385.99000000,21703.77000000,2639.13255000
BTCEUR,2023-02-04,21707.82000000,21840.23000000,21549.74000000,21602.94000000,1035.98851000
BTCEUR,2023-02-05,21600.12000000,21693.00000000,21094.73000000,21276.26000000,1645.17302000
BTCEUR,2023-02-06,21276.43000000,21578.66000000,20992.65000000,21229.51000000,2165.38151000
BTCEUR,2023-02-07,21229.51000000,21731.07000000,21210.00000000,21675.25000000,2366.56202000
BTCEUR,2023-02-08,21675.36000000,21840.00000000,21156.78000000,21432.59000000,2120.23931000
BTCEUR,2023-02-09,21430.96000000,21473.19000000,20213.41000000,20312.05000000,2855.55881000
BTCEUR,2023-02-10,20317.82000000,20477.86000000,20104.72000000,20270.05000000,2086.45328000
BTCEUR,2023-02-11,20270.03000000,20508.55000000,20243.95000000,20465.19000000,732.72502000
BTCEUR,2023-02-12,20469.31000000,20694.44000000,20265.74000000,20411.25000000,1171.77258000
BTCEUR,2023-02-13,20412.04000000,20512.69000000,19940.00000000,20309.78000000,2003.17520000
BTCEUR,2023-02-14,20314.64000000,20778.32000000,20120.99000000,20684.31000000,2919.43634000
BTCEUR,2023-02-15,20682.42000000,22790.78000000,20572.00000000,22734.59000000,4753.55492000
BTCEUR,2023-02-16,22729.00000000,23653.78000000,22040.78000000,22052.41000000,5623.18215000
BTCEUR,2023-02-17,22053.16000000,23421.55000000,21894.74000000,23013.61000000,4845.79932000
BTCEUR,2023-02-18,23012.04000000,23266.06000000,22861.19000000,23046.53000000,1195.72637000
BTCEUR,2023-02-19,23046.53000000,23549.00000000,22665.08000000,22736.62000000,2238.89825000
BTCEUR,2023-02-20,22736.23000000,23502.19000000,22352.05000000,23263.17000000,3129.31475000
BTCEUR,2023-02-21,23265.97000000,23645.00000000,22754.29000000,22977.09000000,3097.51041000
BTCEUR,2023-02-22,22972.21000000,22995.48000000,22205.84000000,22818.63000000,2939.82574000
BTCEUR,2023-02-23,22813.03000000,23155.00000000,22288.94000000,22597.45000000,2838.27676000
BTCEUR,2023-02-24,22602.80000000,22758.99000000,21700.65000000,22018.00000000,3163.40102000
BTCEUR,2023-02-25,22024.23000000,22050.34000000,21600.00000000,21995.90000000,1094.59857000
BTCEUR,2023-02-26,21995.89000000,22493.56000000,21903.63000000,22349.00000000,1358.74095000
BTCEUR,2023-02-27,22351.42000000,22640.00000000,21923.00000000,22271.94000000,2535.22519000
BTCEUR,2023-02-28,22274.68000000,22424.74000000,22008.12000000,22121.61000000,2264.71466000
BTCEUR,2023-03-01,22121.61000000,22707.00000000,22008.00000000,22294.72000000,2581.29843000
BTCEUR,2023-03-02,22290.61000000,22438.23000000,22041.99000000,22239.99000000,2469.58614000
BTCEUR,2023-03-03,22239.66000000,22250.00000000,20975.00000000,21224.64000000,3989.13249000
BTCEUR,2023-03-04,21224.64000000,21300.35000000,21027.70000000,21214.99000000,1191.93042000
BTCEUR,2023-03-05,21210.31000000,21483.00000000,21052.96000000,21244.31000000,1856.89702000
BTCEUR,2023-03-06,21244.51000000,21329.62000000,21007.96000000,21038.64000000,2055.77746000
BTCEUR,2023-03-07,21043.74000000,21250.61000000,20773.01000000,21091.84000000,3494.20664000
BTCEUR,2023-03-08,21091.84000000,21173.84000000,20513.23000000,20624.41000000,2559.84725000
BTCEUR,2023-03-09,20628.79000000,20710.06000000,19020.27000000,19377.36000000,4750.30910000
BTCEUR,2023-03-10,19377.78000000,19379.84000000,18603.30000000,19007.07000000,5061.09271000
BTCEUR,2023-03-11,19016.27000000,19623.36000000,18603.57000000,19070.66000000,3597.81908000
BTCEUR,2023-03-12,19068.43000000,20778.40000000,18927.12000000,20679.99000000,4465.40523000
BTCEUR,2023-03-13,20672.63000000,22947.57000000,20347.97000000,22399.78000000,7857.07619000
BTCEUR,2023-03-14,22402.03000000,24586.23000000,22308.71000000,22985.84000000,7990.78918000
BTCEUR,2023-03-15,22993.36000000,23860.76000000,22645.02000000,23026.80000000,5120.11961000
BTCEUR,2023-03-16,23028.79000000,23818.36000000,22829.69000000,23665.73000000,3615.53650000
BTCEUR,2023-03-17,23663.25000000,26171.00000000,23559.63000000,25789.77000000,6042.81640000
BTCEUR,2023-03-18,25786.41000000,26145.14000000,25111.51000000,25373.59000000,3672.35675000
BTCEUR,2023-03-19,25371.26000000,26850.00000000,25250.00000000,26474.44000000,3940.89165000
BTCEUR,2023-03-20,26468.50000000,26906.96000000,25605.89000000,26082.53000000,4288.89009000
BTCEUR,2023-03-21,26067.81000000,26558.02000000,25700.00000000,26324.74000000,4051.90711000
BTCEUR,2023-03-22,26324.72000000,26850.00000000,24670.60000000,25342.45000000,2977.15333000
BTCEUR,2023-03-23,25351.14000000,26599.99000000,25132.25000000,26260.20000000,2056.22677000
BTCEUR,2023-03-24,26259.50000000,26349.74000000,25301.36000000,25746.57000000,1430.59858000
BTCEUR,2023-03-25,25753.81000000,26017.99000000,25439.10000000,25735.12000000,719.56325000
BTCEUR,2023-03-26,25728.93000000,26350.00000000,25682.17000000,26076.46000000,1094.07901000
BTCEUR,2023-03-27,26072.21000000,26133.52000000,24743.77000000,25267.76000000,1862.12772000
BTCEUR,2023-03-28,25266.51000000,25435.37000000,24673.21000000,25189.56000000,1354.89122000
BTCEUR,2023-03-29,25192.70000000,26517.00000000,25178.72000000,26188.76000000,1850.60349000
BTCEUR,2023-03-30,26191.24000000,26950.00000000,25514.65000000,25798.34000000,1849.15679000
BTCEUR,2023-03-31,25798.64000000,26471.00000000,25383.03000000,26332.77000000,1384.96450000
BTCEUR,2023-04-01,26330.62000000,26633.95000000,26127.13000000,26315.71000000,494.04749000
BTCEUR,2023-04-02,26319.67000000,26403.97000000,25828.00000000,26184.72000000,571.36554000
BTCEUR,2023-04-03,26187.25000000,26349.00000000,25221.16000000,25662.56000000,1681.40230000
BTCEUR,2023-04-04,25662.15000000,26182.85000000,25488.59000000,25795.05000000,1008.78663000
BTCEUR,2023-04-05,25798.36000000,26300.00000000,25595.29000000,25925.89000000,1116.75151000
BTCEUR,2023-04-06,25923.74000000,25942.55000000,25506.82000000,25788.01000000,948.61396000
BTCEUR,2023-04-07,25787.54000000,25852.59000000,25551.15000000,25680.84000000,581.11544000
BTCEUR,2023-04-08,25680.84000000,25870.58000000,25609.28000000,25691.97000000,388.80034000
BTCEUR,2023-04-09,25692.02000000,26231.39000000,25560.82000000,26018.14000000,525.97833000
BTCEUR,2023-04-10,26019.14000000,27397.09000000,25945.02000000,27270.39000000,1085.63068000
BTCEUR,2023-04-11,27276.26000000,28100.00000000,27212.54000000,27791.57000000,1371.89709000
BTCEUR,2023-04-12,27795.24000000,27944.28000000,27188.43000000,27321.99000000,1284.35600000
BTCEUR,2023-04-13,27320.57000000,27847.64000000,27298.80000000,27626.63000000,930.82357000
BTCEUR,2023-04-14,27630.20000000,28172.30000000,27463.00000000,27792.51000000,1287.41431000
BTCEUR,2023-04-15,27792.50000000,27900.73000000,27594.57000000,27675.56000000,468.39631000
BTCEUR,2023-04-16,27673.60000000,27829.05000000,27512.41000000,27710.94000000,521.80253000
BTCEUR,2023-04-17,27709.25000000,27716.77000000,26790.89000000,27005.15000000,1213.59335000
BTCEUR,2023-04-18,27005.14000000,27882.56000000,26720.00000000,27774.93000000,1256.49619000
BTCEUR,2023-04-19,27774.92000000,27799.95000000,26215.39000000,26413.32000000,1473.06479000
BTCEUR,2023-04-20,26413.32000000,26627.23000000,25650.79000000,25838.38000000,1143.60874000
BTCEUR,2023-04-21,25841.86000000,25962.30000000,24800.00000000,24902.06000000,1365.36607000
BTCEUR,2023-04-22,24899.01000000,25458.15000000,24758.25000000,25381.46000000,871.88613000
BTCEUR,2023-04-23,25381.79000000,25381.79000000,24924.00000000,25186.44000000,687.59348000
BTCEUR,2023-04-24,25188.91000000,25574.14000000,24506.26000000,24974.82000000,1147.42213000
BTCEUR,2023-04-25,24975.52000000,25945.77000000,24725.00000000,25849.99000000,1090.39632000
BTCEUR,2023-04-26,25852.94000000,27265.92000000,24775.52000000,25807.91000000,2676.87734000
BTCEUR,2023-04-27,25813.48000000,27181.04000000,25778.08000000,26775.19000000,2136.62413000
BTCEUR,2023-04-28,26782.12000000,26965.50000000,26274.91000000,26654.99000000,1112.77487000
BTCEUR,2023-04-29,26656.00000000,26730.00000000,26333.48000000,26516.50000000,505.05277000
BTCEUR,2023-04-30,26519.00000000,27180.00000000,26365.70000000,26612.67000000,696.70635000
BTCEUR,2023-05-01,26618.00000000,26711.00000000,25292.91000000,25690.29000000,1326.62043000
BTCEUR,2023-05-02,25690.11000000,26327.00000000,25447.36000000,26130.78000000,1206.37132000
BTCEUR,2023-05-03,26132.71000000,26502.57000000,25533.13000000,26288.99000000,1399.56618000
BTCEUR,2023-05-04,26291.09000000,26621.77000000,26055.27000000,26250.84000000,835.42823000
BTCEUR,2023-05-05,26252.97000000,27000.00000000,26238.40000000,26760.01000000,1138.85466000
BTCEUR,2023-05-06,26760.02000000,27055.99000000,25696.41000000,26139.15000000,928.10555000
BTCEUR,2023-05-07,26139.14000000,26445.99000000,25853.34000000,25882.00000000,837.63757000
BTCEUR,2023-05-08,25882.03000000,26074.84000000,24877.01000000,25275.30000000,1608.66757000
BTCEUR,2023-05-09,25275.92000000,25513.16000000,25023.51000000,25290.78000000,993.04844000
BTCEUR,2023-05-10,25290.20000000,25886.66000000,24512.00000000,25241.03000000,1332.39043000
BTCEUR,2023-05-11,25241.01000000,25337.22000000,24555.00000000,24798.99000000,980.82967000
BTCEUR,2023-05-12,24798.99000000,24888.14000000,23870.06000000,24733.21000000,1361.68546000
BTCEUR,2023-05-13,24741.69000000,25041.22000000,24635.49000000,24806.63000000,511.79587000
BTCEUR,2023-05-14,24798.83000000,25179.38000000,24626.87000000,24894.00000000,487.24807000
BTCEUR,2023-05-15,24891.22000000,25513.33000000,24708.00000000,25069.00000000,838.94063000
BTCEUR,2023-05-16,25062.51000000,25172.00000000,24767.65000000,24931.99000000,702.62560000
BTCEUR,2023-05-17,24930.81000000,25418.54000000,24585.98000000,25340.45000000,694.94767000
BTCEUR,2023-05-18,25340.99000000,25443.49000000,24557.00000000,24956.58000000,722.71902000
BTCEUR,2023-05-19,24956.57000000,25167.48000000,24683.08000000,24948.21000000,732.82696000
BTCEUR,2023-05-20,24948.20000000,25190.00000000,24897.96000000,25129.45000000,307.65796000
BTCEUR,2023-05-21,25129.45000000,25282.74000000,24701.45000000,24772.00000000,583.93367000
BTCEUR,2023-05-22,24772.00000000,25090.69000000,24581.05000000,24880.91000000,957.54571000
BTCEUR,2023-05-23,24881.67000000,25453.37000000,24825.29000000,25281.39000000,1098.79629000
BTCEUR,2023-05-24,25281.39000000,25285.60000000,24311.73000000,24551.00000000,1452.03006000
BTCEUR,2023-05-25,24550.96000000,24868.88000000,24155.52000000,24717.78000000,1150.28400000
BTCEUR,2023-05-26,24717.78000000,25185.97000000,24557.00000000,24981.70000000,1040.46259000
BTCEUR,2023-05-27,24979.12000000,25132.31000000,24830.22000000,25099.11000000,474.38429000
BTCEUR,2023-05-28,25101.66000000,26351.93000000,25022.02000000,26182.00000000,878.72552000
BTCEUR,2023-05-29,26199.65000000,26526.70000000,25733.96000000,25940.95000000,706.84695000
BTCEUR,2023-05-30,25942.00000000,26166.83000000,25750.00000000,25871.01000000,707.95505000
BTCEUR,2023-05-31,25872.28000000,26004.06000000,25243.79000000,25514.83000000,960.58362000
BTCEUR,2023-06-01,25516.90000000,25643.45000000,24848.09000000,24991.26000000,966.02695000
BTCEUR,2023-06-02,24991.80000000,25549.99000000,24706.01000000,25504.45000000,764.67500000
BTCEUR,2023-06-03,25503.87000000,25576.63000000,25194.73000000,25337.50000000,216.86069000
BTCEUR,2023-06-04,25337.66000000,25699.98000000,25232.52000000,25404.89000000,274.13084000
BTCEUR,2023-06-05,25395.82000000,25419.46000000,23850.00000000,24159.46000000,1206.29969000
BTCEUR,2023-06-06,24159.22000000,25650.77000000,23850.01000000,25536.98000000,1231.90697000
BTCEUR,2023-06-07,25546.03000000,25666.40000000,24481.68000000,24678.18000000,955.36094000
BTCEUR,2023-06-08,24678.13000000,24967.99000000,24535.36000000,24655.06000000,674.47352000
BTCEUR,2023-06-09,24655.05000000,24935.71000000,24456.26000000,24707.95000000,627.80900000
BTCEUR,2023-06-10,24709.65000000,24753.67000000,23935.45000000,24385.91000000,844.26719000
BTCEUR,2023-06-11,24386.25000000,24593.73000000,24161.37000000,24333.55000000,453.99001000
BTCEUR,2023-06-12,24335.76000000,24405.42000000,23970.00000000,24167.79000000,584.35060000
BTCEUR,2023-06-13,24169.22000000,24558.25000000,23943.97000000,24150.81000000,797.09216000
BTCEUR,2023-06-14,24150.80000000,24253.35000000,23010.01000000,23374.13000000,953.90839000
BTCEUR,2023-06-15,23372.72000000,23617.94000000,22866.73000000,23456.81000000,1068.95935000
BTCEUR,2023-06-16,23456.14000000,24306.92000000,23089.81000000,24160.00000000,1031.45178000
BTCEUR,2023-06-17,24156.90000000,24622.77000000,23999.60000000,24310.39000000,504.57009000
BTCEUR,2023-06-18,24310.40000000,24499.38000000,24091.58000000,24164.50000000,383.92827000
BTCEUR,2023-06-19,24164.64000000,24872.54000000,24077.77000000,24671.56000000,936.96894000
BTCEUR,2023-06-20,24663.76000000,26069.99000000,24502.44000000,25976.25000000,1483.46999000
BTCEUR,2023-06-21,25976.08000000,28130.37000000,25939.30000000,27349.45000000,1867.71888000
BTCEUR,2023-06-22,27355.35000000,27808.07000000,26995.62000000,27342.01000000,1151.33281000
BTCEUR,2023-06-23,27342.01000000,28919.99000000,27281.34000000,28276.69000000,1224.88927000
BTCEUR,2023-06-24,28280.04000000,28362.47000000,27858.01000000,28111.41000000,449.71983000
BTCEUR,2023-06-25,28108.28000000,28573.87000000,27844.52000000,28004.43000000,528.08943000
BTCEUR,2023-06-26,28007.56000000,28173.48000000,27500.00000000,27805.57000000,808.96720000
BTCEUR,2023-06-27,27804.77000000,28373.31000000,27732.69000000,28084.20000000,731.52771000
BTCEUR,2023-06-28,28080.58000000,28100.89000000,27440.20000000,27652.90000000,831.44337000
BTCEUR,2023-06-29,27650.19000000,28375.95000000,27640.29000000,28097.30000000,848.30808000
BTCEUR,2023-06-30,28096.23000000,28788.87000000,27150.00000000,27931.62000000,1686.80497000
BTCEUR,2023-07-01,27930.80000000,28176.82000000,27788.74000000,28087.23000000,354.09066000
BTCEUR,2023-07-02,28089.22000000,28242.00000000,27672.22000000,28083.88000000,501.34492000
BTCEUR,2023-07-03,28085.11000000,28811.00000000,28061.85000000,28615.64000000,921.39664000
BTCEUR,2023-07-04,28617.30000000,28774.62000000,28215.00000000,28364.46000000,752.73462000
BTCEUR,2023-07-05,28364.47000000,28459.99000000,27795.31000000,28159.47000000,763.55827000
BTCEUR,2023-07-06,28157.22000000,29000.00000000,27500.00000000,27533.75000000,1580.74667000
BTCEUR,2023-07-07,27527.36000000,27955.15000000,27372.00000000,27764.85000000,1018.87781000
BTCEUR,2023-07-08,27764.66000000,27801.14000000,27480.00000000,27724.30000000,301.71748000
BTCEUR,2023-07-09,27722.38000000,27875.58000000,27527.86000000,27616.53000000,306.63337000
BTCEUR,2023-07-10,27619.46000000,28270.00000000,27436.21000000,27686.11000000,975.32409000
BTCEUR,2023-07-11,27686.43000000,28094.83000000,27630.78000000,27888.79000000,784.88976000
BTCEUR,2023-07-12,27889.96000000,28145.24000000,27220.94000000,27368.29000000,971.54715000
BTCEUR,2023-07-13,27362.80000000,28397.36000000,27240.31000000,28098.85000000,1540.35230000
BTCEUR,2023-07-14,28099.00000000,28216.48000000,26727.01000000,27086.27000000,1172.60452000
BTCEUR,2023-07-15,27086.26000000,27184.39000000,27023.05000000,27135.09000000,294.25322000
BTCEUR,2023-07-16,27135.04000000,27255.22000000,26913.69000000,27061.05000000,461.31876000
BTCEUR,2023-07-17,27058.67000000,27139.99000000,26500.00000000,26926.60000000,1052.68358000
BTCEUR,2023-07-18,26927.62000000,26999.00000000,26411.12000000,26679.17000000,1075.52596000
BTCEUR,2023-07-19,26678.62000000,26963.36000000,26657.38000000,26784.78000000,851.73495000
BTCEUR,2023-07-20,26779.32000000,27225.20000000,26672.01000000,26849.35000000,843.38915000
BTCEUR,2023-07-21,26849.35000000,27100.00000000,26784.90000000,26972.57000000,570.57836000
BTCEUR,2023-07-22,26973.57000000,27059.98000000,26731.00000000,26877.08000000,265.15719000
BTCEUR,2023-07-23,26882.20000000,27400.00000000,26823.96000000,27139.48000000,449.27201000
BTCEUR,2023-07-24,27139.66000000,27148.38000000,26165.26000000,26482.87000000,1065.92592000
BTCEUR,2023-07-25,26482.48000000,26699.99000000,26336.30000000,26543.64000000,657.62220000
BTCEUR,2023-07-26,26544.61000000,26872.99000000,26436.47000000,26593.06000000,866.98380000
BTCEUR,2023-07-27,26592.36000000,26898.95000000,26503.18000000,26715.06000000,470.75714000
BTCEUR,2023-07-28,26712.72000000,26885.45000000,26600.01000000,26715.62000000,477.92058000
BTCEUR,2023-07-29,26715.17000000,26800.00000000,26670.00000000,26777.00000000,177.39641000
BTCEUR,2023-07-30,26777.01000000,26870.21000000,26504.74000000,26682.94000000,316.99922000
BTCEUR,2023-07-31,26682.81000000,26895.00000000,26575.01000000,26678.08000000,579.34760000
BTCEUR,2023-08-01,26676.54000000,27087.42000000,26170.65000000,27066.95000000,981.01577000
BTCEUR,2023-08-02,27072.39000000,27394.36000000,26500.00000000,26737.92000000,820.79767000
BTCEUR,2023-08-03,26733.95000000,26985.89000000,26539.94000000,26768.52000000,558.82788000
BTCEUR,2023-08-04,26763.73000000,26875.00000000,26550.00000000,26837.27000000,784.52500000
BTCEUR,2023-08-05,26838.32000000,26877.03000000,26686.10000000,26791.37000000,271.73926000
BTCEUR,2023-08-06,26791.88000000,26881.98000000,26700.50000000,26803.85000000,257.99333000
BTCEUR,2023-08-07,26803.84000000,27132.47000000,26495.02000000,27042.42000000,830.90967000
BTCEUR,2023-08-08,27046.09000000,28112.82000000,26869.48000000,27690.67000000,798.73330000
BTCEUR,2023-08-09,27686.02000000,27900.00000000,27284.00000000,27503.51000000,534.69468000
BTCEUR,2023-08-10,27511.83000000,27571.22000000,27007.40000000,27257.96000000,501.65102000
BTCEUR,2023-08-11,27259.49000000,27363.33000000,27119.60000000,27303.80000000,333.50783000
BTCEUR,2023-08-12,27304.44000000,27340.19000000,27066.92000000,27096.41000000,158.35772000
BTCEUR,2023-08-13,27095.72000000,27133.32000000,26914.58000000,27036.26000000,164.08492000
BTCEUR,2023-08-14,27031.69000000,27538.23000000,26852.12000000,27375.16000000,423.72495000
BTCEUR,2023-08-15,27374.70000000,27378.74000000,26845.98000000,26968.59000000,516.92502000
BTCEUR,2023-08-16,26966.06000000,27015.32000000,26598.01000000,26599.86000000,526.85525000
BTCEUR,2023-08-17,26599.75000000,26665.23000000,24000.00000000,24733.80000000,1534.56720000
BTCEUR,2023-08-18,24730.59000000,25265.57000000,24105.00000000,24492.58000000,1242.51355000
BTCEUR,2023-08-19,24488.93000000,24708.99000000,24194.64000000,24444.82000000,489.01916000
BTCEUR,2023-08-20,24445.89000000,24590.96000000,24259.17000000,24368.70000000,322.92402000
BTCEUR,2023-08-21,24370.91000000,24370.91000000,23873.14000000,24085.05000000,621.68989000
BTCEUR,2023-08-22,24089.14000000,24119.85000000,23489.25000000,24109.38000000,824.92347000
BTCEUR,2023-08-23,24112.12000000,24750.00000000,23970.01000000,24390.77000000,832.26191000
BTCEUR,2023-08-24,24387.22000000,24531.41000000,23952.15000000,24261.14000000,609.28891000
BTCEUR,2023-08-25,24262.38000000,24337.71000000,23993.38000000,24208.61000000,602.40253000
BTCEUR,2023-08-26,24207.52000000,24281.86000000,24115.00000000,24163.05000000,124.15098000
BTCEUR,2023-08-27,24162.20000000,24299.98000000,24117.99000000,24224.95000000,102.51900000
BTCEUR,2023-08-28,24221.95000000,24323.24000000,23966.18000000,24127.39000000,322.09127000
BTCEUR,2023-08-29,24127.39000000,25969.92000000,24013.46000000,25555.73000000,914.47712000
BTCEUR,2023-08-30,25552.31000000,25600.00000000,24790.27000000,25039.20000000,598.79167000
BTCEUR,2023-08-31,25035.72000000,25411.18000000,23770.00000000,24004.09000000,846.15041000
BTCEUR,2023-09-01,24007.09000000,24203.81000000,23592.61000000,24024.18000000,529.07281000
BTCEUR,2023-09-02,24028.30000000,24177.51000000,23971.89000000,24073.64000000,192.36201000
BTCEUR,2023-09-03,24072.95000000,24300.00000000,23980.47000000,24176.95000000,191.45055000
BTCEUR,2023-09-04,24174.66000000,24278.02000000,23769.64000000,23956.22000000,420.95576000
BTCEUR,2023-09-05,23958.65000000,24187.98000000,23740.50000000,24084.06000000,437.12158000
BTCEUR,2023-09-06,24084.06000000,24278.50000000,23699.01000000,24052.92000000,422.93025000
BTCEUR,2023-09-07,24052.92000000,24726.55000000,23979.10000000,24562.82000000,544.95174000
BTCEUR,2023-09-08,24564.20000000,24709.59000000,24008.27000000,24259.22000000,480.64447000
BTCEUR,2023-09-09,24258.74000000,24282.47000000,24150.01000000,24248.74000000,135.45969000
BTCEUR,2023-09-10,24249.98000000,24362.29000000,23959.22000000,24150.91000000,279.81322000
BTCEUR,2023-09-11,24152.48000000,24196.29000000,23222.00000000,23468.24000000,1031.06646000
BTCEUR,2023-09-12,23468.53000000,24767.74000000,23441.13000000,24054.01000000,1102.67202000
BTCEUR,2023-09-13,24054.43000000,24618.55000000,23987.72000000,24475.15000000,508.69498000
BTCEUR,2023-09-14,24474.30000000,25262.09000000,24370.94000000,24965.70000000,549.37223000
BTCEUR,2023-09-15,24968.30000000,25251.87000000,24604.16000000,24990.86000000,329.35257000
BTCEUR,2023-09-16,24990.70000000,25147.08000000,24826.11000000,24920.43000000,170.43737000
BTCEUR,2023-09-17,24920.16000000,24970.50000000,24734.65000000,24873.85000000,139.54101000
BTCEUR,2023-09-18,24876.69000000,25749.89000000,24742.80000000,25066.62000000,618.44437000
BTCEUR,2023-09-19,25060.09000000,25750.82000000,24971.46000000,25507.20000000,568.34945000
BTCEUR,2023-09-20,25517.74000000,25668.53000000,25106.11000000,25493.15000000,541.38104000
BTCEUR,2023-09-21,25495.42000000,25558.96000000,24790.08000000,24945.14000000,478.95756000
BTCEUR,2023-09-22,24940.17000000,25127.38000000,24871.00000000,25009.44000000,410.84837000
BTCEUR,2023-09-23,25009.44000000,25056.88000000,24946.39000000,25006.90000000,134.95916000
BTCEUR,2023-09-24,25005.92000000,25153.47000000,24565.04000000,24677.93000000,257.63396000
BTCEUR,2023-09-25,24670.67000000,24981.41000000,24425.06000000,24844.53000000,522.43852000
BTCEUR,2023-09-26,24844.53000000,24956.29000000,24663.13000000,24809.95000000,384.40801000
BTCEUR,2023-09-27,24811.45000000,25459.99000000,24803.78000000,25099.43000000,615.20974000
BTCEUR,2023-09-28,25105.69000000,25838.63000000,25060.22000000,25604.18000000,548.43945000
BTCEUR,2023-09-29,25607.86000000,25710.20000000,25223.49000000,25469.98000000,422.83215000
BTCEUR,2023-09-30,25471.09000000,25647.44000000,25446.45000000,25534.98000000,126.76103000
BTCEUR,2023-10-01,25534.98000000,26666.55000000,25526.86000000,26519.71000000,261.13834000
BTCEUR,2023-10-02,26521.07000000,27174.83000000,26071.69000000,26255.30000000,882.50802000
BTCEUR,2023-10-03,26251.41000000,26439.38000000,25975.57000000,26216.80000000,533.21309000
BTCEUR,2023-10-04,26214.30000000,26509.71000000,26000.00000000,26464.64000000,547.41075000
BTCEUR,2023-10-05,26464.63000000,26738.05000000,25988.74000000,26012.81000000,377.35963000
BTCEUR,2023-10-06,26018.62000000,26746.21000000,25927.02000000,26429.94000000,461.03678000
BTCEUR,2023-10-07,26427.47000000,26522.49000000,26347.60000000,26465.36000000,97.38806000
BTCEUR,2023-10-08,26466.78000000,26592.13000000,26216.50000000,26457.16000000,190.35489000
BTCEUR,2023-10-09,26460.71000000,26528.33000000,25879.17000000,26101.17000000,493.56977000
BTCEUR,2023-10-10,26103.47000000,26246.20000000,25779.64000000,25846.30000000,384.07669000
BTCEUR,2023-10-11,25845.49000000,25919.95000000,25071.76000000,25318.58000000,393.47097000
BTCEUR,2023-10-12,25316.94000000,25435.15000000,25130.81000000,25413.17000000,346.93969000
BTCEUR,2023-10-13,25411.26000000,25833.69000000,25388.81000000,25583.59000000,421.66279000
BTCEUR,2023-10-14,25583.80000000,25705.98000000,25545.00000000,25593.88000000,118.32236000
BTCEUR,2023-10-15,25593.80000000,25965.87000000,25555.80000000,25831.52000000,205.82651000
BTCEUR,2023-10-16,25841.18000000,28597.43000000,25806.00000000,27047.14000000,727.54801000
BTCEUR,2023-10-17,27044.15000000,27134.30000000,26628.01000000,26892.39000000,533.54323000
BTCEUR,2023-10-18,26885.84000000,27422.14000000,26714.84000000,26908.68000000,479.99976000
BTCEUR,2023-10-19,26907.08000000,27316.63000000,26720.11000000,27166.72000000,467.67215000
BTCEUR,2023-10-20,27164.16000000,28565.41000000,27074.74000000,28035.90000000,550.76028000
BTCEUR,2023-10-21,28039.76000000,28698.18000000,27848.64000000,28280.73000000,197.13028000
BTCEUR,2023-10-22,28277.56000000,28578.99000000,28019.38000000,28345.39000000,231.77889000
BTCEUR,2023-10-23,28351.52000000,32832.00000000,28252.03000000,30992.13000000,894.54174000
BTCEUR,2023-10-24,30994.93000000,33009.03000000,30783.94000000,32031.74000000,774.53336000
BTCEUR,2023-10-25,32032.50000000,33238.96000000,31840.23000000,32689.87000000,478.51710000
BTCEUR,2023-10-26,32683.37000000,33035.06000000,32052.25000000,32358.18000000,384.45141000
BTCEUR,2023-10-27,32358.20000000,32466.59000000,31636.34000000,32099.63000000,419.10198000
BTCEUR,2023-10-28,32099.63000000,32663.83000000,32060.02000000,32315.74000000,146.93647000
BTCEUR,2023-10-29,32314.82000000,32975.41000000,32174.84000000,32756.20000000,242.03149000
BTCEUR,2023-10-30,32760.32000000,32937.15000000,32178.46000000,32531.23000000,557.29572000
BTCEUR,2023-10-31,32530.59000000,32857.12000000,32069.82000000,32790.79000000,436.56368000
BTCEUR,2023-11-01,32790.78000000,33723.94000000,32314.96000000,33518.23000000,471.18959000
BTCEUR,2023-11-02,33522.15000000,33995.05000000,32350.88000000,32962.83000000,468.54550000
BTCEUR,2023-11-03,32963.52000000,32968.28000000,32020.01000000,32419.90000000,393.99784000
BTCEUR,2023-11-04,32418.71000000,32945.58000000,32298.90000000,32760.83000000,141.93769000
BTCEUR,2023-11-05,32757.68000000,33031.20000000,32164.54000000,32672.60000000,215.54686000
BTCEUR,2023-11-06,32668.86000000,32863.56000000,32383.29000000,32713.63000000,250.88667000
BTCEUR,2023-11-07,32718.04000000,33570.28000000,32354.54000000,33126.60000000,381.52372000
BTCEUR,2023-11-08,33135.87000000,33747.19000000,32869.15000000,33306.05000000,379.71201000
BTCEUR,2023-11-09,33307.53000000,35481.18000000,33222.14000000,34436.47000000,832.53321000
BTCEUR,2023-11-10,34438.05000000,35189.44000000,34061.65000000,34967.12000000,357.31811000
BTCEUR,2023-11-11,34979.40000000,35069.84000000,34414.00000000,34842.25000000,190.07323000
BTCEUR,2023-11-12,34848.91000000,34921.45000000,34481.75000000,34735.56000000,152.20377000
BTCEUR,2023-11-13,34748.53000000,35080.54000000,34000.00000000,34104.60000000,327.21222000
BTCEUR,2023-11-14,34117.05000000,34382.84000000,32050.01000000,32739.18000000,528.21481000
BTCEUR,2023-11-15,32728.25000000,35032.98000000,32543.98000000,34941.08000000,584.76780000
BTCEUR,2023-11-16,34943.26000000,35008.60000000,32714.43000000,33378.71000000,450.98345000
BTCEUR,2023-11-17,33378.06000000,33877.08000000,33035.84000000,33607.46000000,471.53795000
BTCEUR,2023-11-18,33615.24000000,33870.74000000,33240.56000000,33614.37000000,155.13581000
BTCEUR,2023-11-19,33624.21000000,34412.24000000,33429.47000000,34283.67000000,219.99914000
BTCEUR,2023-11-20,34290.62000000,34559.08000000,33650.68000000,34262.68000000,382.90985000
BTCEUR,2023-11-21,34262.69000000,34397.41000000,32773.96000000,32773.96000000,419.05344000
BTCEUR,2023-11-22,32779.10000000,34799.55000000,32686.00000000,34364.76000000,410.55477000
BTCEUR,2023-11-23,34372.45000000,34492.94000000,33864.09000000,34207.57000000,237.04773000
BTCEUR,2023-11-24,34207.37000000,35145.05000000,34172.93000000,34486.71000000,292.78358000
BTCEUR,2023-11-25,34497.98000000,34609.80000000,34184.07000000,34446.30000000,88.26153000
BTCEUR,2023-11-26,34452.94000000,34500.00000000,33766.12000000,34188.11000000,116.93861000
BTCEUR,2023-11-27,34203.62000000,34300.00000000,33600.00000000,34014.09000000,200.42685000
BTCEUR,2023-11-28,34017.93000000,34936.77000000,33687.41000000,34392.73000000,300.31355000
BTCEUR,2023-11-29,34401.62000000,35060.58000000,34262.64000000,34520.98000000,267.28301000
BTCEUR,2023-11-30,34521.92000000,34776.99000000,34384.97000000,34650.78000000,260.22185000
BTCEUR,2023-12-01,34663.82000000,35890.00000000,34549.51000000,35583.44000000,327.86248000
BTCEUR,2023-12-02,35582.14000000,36532.00000000,35541.55000000,36298.10000000,184.04350000
BTCEUR,2023-12-03,36296.31000000,37000.00000000,36125.98000000,36733.48000000,187.28613000
BTCEUR,2023-12-04,36734.38000000,39176.16000000,36734.19000000,38784.40000000,669.12221000
BTCEUR,2023-12-05,38783.39000000,41249.96000000,38279.00000000,40869.18000000,627.03088000
BTCEUR,2023-12-06,40887.70000000,41077.49000000,40259.78000000,40677.82000000,491.18032000
BTCEUR,2023-12-07,40687.63000000,40963.12000000,39756.73000000,40153.31000000,433.56900000
BTCEUR,2023-12-08,40153.32000000,41574.46000000,37500.00000000,41109.83000000,457.76306000
BTCEUR,2023-12-09,41123.35000000,41297.72000000,40561.59000000,40690.71000000,130.79773000
BTCEUR,2023-12-10,40702.89000000,40990.30000000,40508.84000000,40717.97000000,127.38022000
BTCEUR,2023-12-11,40718.04000000,40725.53000000,37363.34000000,38353.21000000,555.23747000
BTCEUR,2023-12-12,38353.03000000,39059.98000000,37720.45000000,38446.35000000,359.82282000
BTCEUR,2023-12-13,38454.01000000,40050.69000000,37655.64000000,39472.43000000,400.46392000
BTCEUR,2023-12-14,39472.46000000,39697.97000000,38160.00000000,39151.11000000,317.01659000
BTCEUR,2023-12-15,39158.21000000,39300.00000000,38248.38000000,38521.35000000,236.72360000
BTCEUR,2023-12-16,38547.32000000,39174.98000000,38270.00000000,38753.14000000,142.51271000
BTCEUR,2023-12-17,38767.06000000,38839.44000000,37856.27000000,37965.95000000,209.59922000
BTCEUR,2023-12-18,37974.63000000,39130.99000000,37159.01000000,39037.34000000,289.23886000
BTCEUR,2023-12-19,39043.44000000,39758.00000000,38099.53000000,38501.36000000,266.41336000
BTCEUR,2023-12-20,38512.95000000,40391.74000000,38485.91000000,39923.44000000,320.52250000
BTCEUR,2023-12-21,39933.58000000,40289.99000000,39500.00000000,39883.76000000,462.78987000
BTCEUR,2023-12-22,39884.89000000,40409.97000000,39430.01000000,40023.67000000,296.79007000
BTCEUR,2023-12-23,40032.99000000,40047.34000000,39375.18000000,39944.37000000,167.70160000
BTCEUR,2023-12-24,39944.35000000,40167.30000000,39000.00000000,39404.30000000,150.40807000
BTCEUR,2023-12-25,39394.84000000,40047.33000000,39151.62000000,39705.00000000,138.34561000
BTCEUR,2023-12-26,39710.03000000,39727.13000000,37802.32000000,38564.22000000,293.25234000
BTCEUR,2023-12-27,38564.21000000,39390.26000000,38219.72000000,39144.69000000,308.24813000
BTCEUR,2023-12-28,39153.84000000,39488.79000000,38191.68000000,38547.43000000,231.30673000
BTCEUR,2023-12-29,38547.78000000,39074.62000000,37550.00000000,38233.18000000,513.31240000
BTCEUR,2023-12-30,38230.31000000,38727.25000000,37749.45000000,38330.84000000,147.17255000
BTCEUR,2023-12-31,38330.27000000,38960.00000000,38165.49000000,38422.26000000,156.29004000
BTCEUR,2024-01-01,38423.69000000,40133.79000000,38353.53000000,40113.43000000,187.75262000
BTCEUR,2024-01-02,40117.27000000,41901.99000000,40084.23000000,41145.87000000,458.23221000
BTCEUR,2024-01-03,41167.60000000,41627.40000000,38000.00000000,39384.84000000,675.63593000
BTCEUR,2024-01-04,39383.52000000,40980.70000000,39068.99000000,40438.60000000,560.91742000
BTCEUR,2024-01-05,40447.20000000,40678.98000000,38965.00000000,40463.66000000,517.90345000
BTCEUR,2024-01-06,40492.40000000,40552.44000000,39855.93000000,40336.49000000,182.88290000
BTCEUR,2024-01-07,40334.36000000,40869.11000000,40000.00000000,40264.51000000,212.10749000
BTCEUR,2024-01-08,40271.85000000,43214.00000000,39559.51000000,42943.93000000,645.57597000
BTCEUR,2024-01-09,42945.19000000,43952.00000000,41190.20000000,42255.65000000,614.80628000
BTCEUR,2024-01-10,42252.60000000,43539.99000000,40564.90000000,42569.94000000,801.18226000
BTCEUR,2024-01-11,42593.80000000,44776.01000000,41642.00000000,42270.75000000,586.93271000
BTCEUR,2024-01-12,42267.01000000,42439.72000000,38051.00000000,39190.23000000,530.39979000
BTCEUR,2024-01-13,39201.96000000,39691.81000000,38882.50000000,39272.03000000,180.35107000
BTCEUR,2024-01-14,39281.04000000,39508.22000000,38177.00000000,38185.16000000,178.19547000
BTCEUR,2024-01-15,38185.16000000,39640.18000000,38165.16000000,38854.64000000,380.19673000
BTCEUR,2024-01-16,38858.51000000,40091.35000000,38723.96000000,39699.47000000,320.17317000
BTCEUR,2024-01-17,39694.19000000,39741.74000000,38872.94000000,39313.07000000,302.25093000
BTCEUR,2024-01-18,39313.07000000,39412.17000000,37411.60000000,37991.71000000,483.79110000
BTCEUR,2024-01-19,38002.29000000,38731.54000000,37030.00000000,38257.94000000,440.24899000
BTCEUR,2024-01-20,38262.23000000,38526.87000000,38036.63000000,38308.02000000,179.85454000
BTCEUR,2024-01-21,38318.37000000,38487.94000000,38130.68000000,38201.42000000,103.41474000
BTCEUR,2024-01-22,38201.44000000,38264.04000000,36232.60000000,36381.56000000,537.38980000
BTCEUR,2024-01-23,36381.64000000,36883.80000000,35473.04000000,36786.45000000,550.41447000
BTCEUR,2024-01-24,36786.42000000,37218.51000000,36320.00000000,36844.02000000,505.53893000
BTCEUR,2024-01-25,36844.02000000,37022.98000000,36464.21000000,36865.01000000,313.52039000
BTCEUR,2024-01-26,36861.08000000,38909.23000000,36759.99000000,38570.30000000,473.88296000
BTCEUR,2024-01-27,38574.95000000,38981.36000000,38175.65000000,38918.72000000,110.04092000
BTCEUR,2024-01-28,38918.73000000,39531.66000000,38413.24000000,38793.92000000,238.93601000
BTCEUR,2024-01-29,38786.60000000,40100.00000000,38649.03000000,39997.27000000,330.28956000
BTCEUR,2024-01-30,39997.27000000,40492.58000000,39406.67000000,39638.18000000,342.99577000
BTCEUR,2024-01-31,39638.07000000,40334.92000000,39129.29000000,39413.05000000,521.86661000
BTCEUR,2024-02-01,39407.46000000,39830.00000000,38725.76000000,39645.97000000,396.28664000
BTCEUR,2024-02-02,39647.49000000,40256.41000000,39267.00000000,40022.71000000,272.25016000
BTCEUR,2024-02-03,40018.25000000,40186.23000000,39736.64000000,39884.06000000,84.77310000
BTCEUR,2024-02-04,39893.28000000,39991.33000000,39200.00000000,39540.15000000,126.64002000
BTCEUR,2024-02-05,39544.75000000,40532.62000000,39248.97000000,39737.11000000,292.91185000
BTCEUR,2024-02-06,39737.11000000,40348.47000000,39599.30000000,40039.20000000,202.03452000
BTCEUR,2024-02-07,40055.17000000,41223.88000000,39745.01000000,41129.17000000,299.24217000
BTCEUR,2024-02-08,41143.13000000,42332.11000000,41125.55000000,42059.86000000,265.64675000
BTCEUR,2024-02-09,42059.61000000,44660.00000000,42015.77000000,43686.74000000,544.72698000
BTCEUR,2024-02-10,43686.67000000,44560.00000000,43383.38000000,44205.40000000,279.56528000
BTCEUR,2024-02-11,44206.94000000,44850.00000000,44001.00000000,44605.89000000,271.36221000
BTCEUR,2024-02-12,44621.99000000,46692.71000000,44100.00000000,46274.78000000,412.78447000
BTCEUR,2024-02-13,46274.79000000,46708.57000000,45076.51000000,46421.92000000,384.74697000
BTCEUR,2024-02-14,46429.06000000,48585.00000000,45989.62000000,48354.88000000,431.24663000
BTCEUR,2024-02-15,48354.88000000,49072.04000000,47709.49000000,48224.79000000,389.65930000
BTCEUR,2024-02-16,48218.28000000,48968.53000000,47914.55000000,48428.50000000,275.99902000
BTCEUR,2024-02-17,48428.50000000,48463.38000000,46950.00000000,47978.74000000,186.57298000
BTCEUR,2024-02-18,47978.74000000,48636.66000000,47529.80000000,48384.23000000,149.84993000
BTCEUR,2024-02-19,48392.53000000,48724.20000000,48000.01000000,48083.61000000,168.13143000
BTCEUR,2024-02-20,48089.66000000,49028.75000000,47000.00000000,48372.02000000,351.35612000
BTCEUR,2024-02-21,48372.30000000,48478.79000000,46891.31000000,47969.03000000,238.66122000
BTCEUR,2024-02-22,47964.14000000,48156.98000000,47050.00000000,47407.85000000,229.44529000
BTCEUR,2024-02-23,47410.09000000,47631.61000000,46731.06000000,46920.72000000,247.72024000
BTCEUR,2024-02-24,46934.63000000,47785.77000000,46776.46000000,47638.91000000,179.86073000
BTCEUR,2024-02-25,47638.91000000,48000.00000000,47390.96000000,47784.06000000,99.98363000
BTCEUR,2024-02-26,47780.79000000,50600.00000000,46992.56000000,50198.43000000,416.21988000
BTCEUR,2024-02-27,50198.43000000,53130.99000000,50172.00000000,52617.38000000,573.87567000
BTCEUR,2024-02-28,52612.09000000,59037.18000000,52329.83000000,57572.10000000,1314.51976000
BTCEUR,2024-02-29,57571.66000000,58550.00000000,55555.00000000,56276.27000000,627.86585000
BTCEUR,2024-03-01,56199.10000000,58249.00000000,56031.65000000,57582.66000000,331.78766000
BTCEUR,2024-03-02,57592.97000000,57643.18000000,56803.07000000,57232.82000000,186.66372000
BTCEUR,2024-03-03,57235.04000000,58358.64000000,56592.87000000,58240.78000000,189.67269000
BTCEUR,2024-03-04,58231.05000000,63143.56000000,57333.00000000,62836.25000000,847.71311200
BTCEUR,2024-03-05,62862.29000000,63530.00000000,52960.00000000,58809.63000000,1139.06180000
BTCEUR,2024-03-06,58820.69000000,62318.57000000,57933.82000000,60713.19000000,714.67890000
BTCEUR,2024-03-07,60719.43000000,62375.00000000,60209.58000000,61162.23000000,416.60686000
BTCEUR,2024-03-08,61161.39000000,63987.56000000,60459.98000000,62455.93000000,549.29015000
BTCEUR,2024-03-09,62457.93000000,62811.42000000,62214.92000000,62575.41000000,189.32364000
BTCEUR,2024-03-10,62578.01000000,63975.23000000,62279.23000000,63108.39000000,314.81289000
BTCEUR,2024-03-11,63104.82000000,66500.00000000,61300.00000000,65323.43000000,761.88423300
BTCEUR,2024-03-12,65321.46000000,66555.00000000,62500.00000000,65433.53000000,641.95622000
BTCEUR,2024-03-13,65420.75000000,67324.65000000,65302.57000000,66794.50000000,415.96010000
BTCEUR,2024-03-14,66806.95000000,67462.84000000,63006.20000000,65641.37000000,598.90993000
BTCEUR,2024-03-15,65641.38000000,66588.41000000,60161.67000000,63932.39000000,685.40152000
BTCEUR,2024-03-16,63950.11000000,64440.12000000,59621.00000000,60105.98000000,315.17555000
BTCEUR,2024-03-17,60102.67000000,63373.20000000,59384.93000000,62937.54000000,376.96286000
BTCEUR,2024-03-18,62937.54000000,63359.59000000,61245.35000000,62222.61000000,310.45425000
BTCEUR,2024-03-19,62243.04000000,62696.13000000,56666.01000000,57075.31000000,877.81496000
BTCEUR,2024-03-20,57058.96000000,62437.10000000,55956.11000000,62170.25000000,720.79018000
BTCEUR,2024-03-21,62175.99000000,62475.44000000,59473.66000000,60353.57000000,438.52225000
BTCEUR,2024-03-22,60353.10000000,61465.63000000,57683.00000000,59107.50000000,390.13730000
BTCEUR,2024-03-23,59122.16000000,61159.19000000,58341.19000000,59318.45000000,201.88279000
BTCEUR,2024-03-24,59282.53000000,62602.69000000,59095.94000000,62205.12000000,197.83813000
BTCEUR,2024-03-25,62239.25000000,65650.00000000,61401.28000000,64371.27000000,419.23772000
BTCEUR,2024-03-26,64384.65000000,65980.16000000,63999.99000000,64683.46000000,269.45322000
BTCEUR,2024-03-27,64681.45000000,66399.88000000,63200.00000000,64307.59000000,395.89379000
BTCEUR,2024-03-28,64304.38000000,66261.90000000,63664.43000000,65601.25000000,238.96100000
BTCEUR,2024-03-29,65631.31000000,65775.72000000,64052.80000000,64905.93000000,196.52897000
BTCEUR,2024-03-30,64905.94000000,65254.74000000,64534.33000000,64617.19000000,121.17451000
BTCEUR,2024-03-31,64607.24000000,66200.00000000,64588.13000000,66147.46000000,118.97783000
BTCEUR,2024-04-01,66130.96000000,66147.86000000,63445.21000000,64953.50000000,269.47002000
BTCEUR,2024-04-02,64927.55000000,64936.61000000,60036.03000000,60915.25000000,683.69876000
BTCEUR,2024-04-03,60933.45000000,62014.40000000,60022.74000000,60953.61000000,391.59381000
BTCEUR,2024-04-04,60964.14000000,63904.00000000,60100.00000000,63280.30000000,378.06087000
BTCEUR,2024-04-05,63307.91000000,63503.99000000,61093.15000000,62681.04000000,336.51584000
BTCEUR,2024-04-06,62686.31000000,64388.00000000,62348.04000000,63657.12000000,110.25852000
BTCEUR,2024-04-07,63668.88000000,64968.75000000,63586.87000000,64102.84000000,185.79112000
BTCEUR,2024-04-08,64103.42000000,67035.26000000,63821.70000000,65656.33000000,330.68556000
BTCEUR,2024-04-09,65669.07000000,65783.33000000,62900.00000000,63746.99000000,368.38635000
BTCEUR,2024-04-10,63727.10000000,66000.00000000,62314.29000000,65457.09000000,295.60161000
BTCEUR,2024-04-11,65464.12000000,66215.00000000,64830.81000000,65276.33000000,273.94966000
BTCEUR,2024-04-12,65272.44000000,66500.00000000,61200.00000000,63380.98000000,447.71112000
BTCEUR,2024-04-13,63375.92000000,64341.60000000,57900.00000000,60987.39000000,847.83843000
BTCEUR,2024-04-14,61012.22000000,62335.74000000,58923.37000000,62007.40000000,742.47484000
BTCEUR,2024-04-15,62002.67000000,62947.20000000,58733.00000000,59723.58000000,508.53495000
BTCEUR,2024-04-16,59769.74000000,60686.15000000,58076.00000000,60154.13000000,480.32757000
BTCEUR,2024-04-17,60149.10000000,60801.56000000,56178.00000000,57506.20000000,426.60101000
BTCEUR,2024-04-18,57517.07000000,60284.41000000,56953.01000000,59735.57000000,285.53089000
BTCEUR,2024-04-19,59735.56000000,61516.74000000,56216.62000000,60004.21000000,454.35352000
BTCEUR,2024-04-20,60004.38000000,61607.44000000,59337.55000000,61169.85000000,111.58932000
BTCEUR,2024-04-21,61168.75000000,61853.59000000,60404.93000000,61052.42000000,112.24805000
BTCEUR,2024-04-22,61052.55000000,63168.04000000,60539.70000000,62774.60000000,250.57125000
BTCEUR,2024-04-23,62763.22000000,63089.93000000,61721.39000000,62136.71000000,211.66130000
BTCEUR,2024-04-24,62130.40000000,62700.00000000,59480.01000000,60124.40000000,293.66202000
BTCEUR,2024-04-25,60124.39000000,60880.19000000,58807.36000000,60189.23000000,306.72548000
BTCEUR,2024-04-26,60188.41000000,60590.14000000,59286.92000000,59649.89000000,198.60148000
BTCEUR,2024-04-27,59683.16000000,59820.24000000,58420.00000000,59431.51000000,111.66024000
BTCEUR,2024-04-28,59444.59000000,60293.83000000,58695.66000000,58999.63000000,79.57772000
BTCEUR,2024-04-29,59017.09000000,59930.11000000,57786.84000000,59621.51000000,230.85738000
BTCEUR,2024-04-30,59629.75000000,60399.99000000,55201.00000000,56886.99000000,426.37436000
BTCEUR,2024-05-01,56886.98000000,57023.11000000,53030.56000000,54551.80000000,463.40521000
BTCEUR,2024-05-02,54552.89000000,55651.00000000,53230.00000000,55120.01000000,385.26252000
BTCEUR,2024-05-03,55120.01000000,58905.67000000,54850.01000000,58487.62000000,359.82359000
BTCEUR,2024-05-04,58516.93000000,60007.00000000,58195.00000000,59407.39000000,148.49370000
BTCEUR,2024-05-05,59438.11000000,60066.68000000,58485.00000000,59489.61000000,91.61065000
BTCEUR,2024-05-06,59509.74000000,60892.75000000,58256.27000000,58694.78000000,203.46269000
BTCEUR,2024-05-07,58708.96000000,59875.00000000,57954.22000000,58011.98000000,135.29220000
BTCEUR,2024-05-08,58013.66000000,58656.62000000,56600.15000000,56897.98000000,144.23902000
BTCEUR,2024-05-09,56894.20000000,58813.00000000,56500.00000000,58524.06000000,179.78377000
BTCEUR,2024-05-10,58516.87000000,58900.00000000,55876.96000000,56526.58000000,230.03650000
BTCEUR,2024-05-11,56550.71000000,57173.86000000,56227.88000000,56528.80000000,31.70465000
BTCEUR,2024-05-12,56543.09000000,57510.00000000,56350.00000000,57088.94000000,42.96946000
BTCEUR,2024-05-13,57127.03000000,58779.27000000,56450.00000000,58303.72000000,165.80342000
BTCEUR,2024-05-14,58351.13000000,58499.00000000,56543.90000000,56951.98000000,156.71465000
BTCEUR,2024-05-15,56966.02000000,61073.44000000,56736.91000000,60769.23000000,318.38325000
BTCEUR,2024-05-16,60769.96000000,61400.00000000,59385.35000000,59994.29000000,233.36727000
BTCEUR,2024-05-17,60034.75000000,61951.57000000,59942.78000000,61679.71000000,170.24253000
BTCEUR,2024-05-18,61643.17000000,62000.00000000,61304.63000000,61551.82000000,74.24332000
BTCEUR,2024-05-19,61599.09000000,62264.15000000,60568.96000000,60932.29000000,60.99778000
BTCEUR,2024-05-20,60914.74000000,64815.00000000,60709.44000000,64642.33000000,261.83263000
BTCEUR,2024-05-21,64692.79000000,65600.00000000,63040.04000000,64157.04000000,376.03650000
BTCEUR,2024-05-22,64196.79000000,65128.02000000,63564.30000000,63796.48000000,134.29904000
BTCEUR,2024-05-23,63862.80000000,64586.78000000,61379.81000000,62851.70000000,175.85705000
BTCEUR,2024-05-24,62835.92000000,63850.99000000,61572.64000000,63221.60000000,117.14655000
BTCEUR,2024-05-25,63263.67000000,64175.60000000,63200.00000000,63891.97000000,49.66955000
BTCEUR,2024-05-26,63911.21000000,64096.63000000,62753.71000000,63103.54000000,65.49933000
BTCEUR,2024-05-27,63114.25000000,65000.80000000,62871.01000000,63864.30000000,157.49916000
BTCEUR,2024-05-28,63853.21000000,63929.29000000,61938.18000000,62967.85000000,175.19656000
BTCEUR,2024-05-29,62998.28000000,63481.96000000,62100.03000000,62628.13000000,82.24806000
BTCEUR,2024-05-30,62596.53000000,64100.00000000,62140.01000000,63137.31000000,121.20399000
BTCEUR,2024-05-31,63123.60000000,63569.06000000,61504.68000000,62257.03000000,162.95886000
BTCEUR,2024-06-01,62268.91000000,62551.00000000,62167.01000000,62440.89000000,31.38876000
BTCEUR,2024-06-02,62430.38000000,63055.18000000,62001.00000000,62467.00000000,52.80462000
BTCEUR,2024-06-03,62452.83000000,64698.59000000,62310.27000000,63120.25000000,150.44922000
BTCEUR,2024-06-04,63133.80000000,65215.00000000,62945.02000000,64746.13000000,195.50365000
BTCEUR,2024-06-05,64736.79000000,65999.73000000,64634.60000000,65273.40000000,167.76325000
BTCEUR,2024-06-06,65271.14000000,65833.84000000,64407.52000000,65024.30000000,169.27508000
BTCEUR,2024-06-07,65025.60000000,66082.08000000,63414.83000000,64287.01000000,264.26589000
BTCEUR,2024-06-08,64287.00000000,64525.69000000,64156.86000000,64248.82000000,56.13022000
BTCEUR,2024-06-09,64269.99000000,64806.39000000,64100.00000000,64651.42000000,49.70299000
BTCEUR,2024-06-10,64656.40000000,65350.25000000,64332.80000000,64635.75000000,101.80254000
BTCEUR,2024-06-11,64620.45000000,64667.02000000,61575.78000000,62736.40000000,293.32652000
BTCEUR,2024-06-12,62730.84000000,64595.00000000,62254.95000000,63166.18000000,231.55401000
BTCEUR,2024-06-13,63173.56000000,63399.99000000,61695.93000000,62204.16000000,155.73830000
BTCEUR,2024-06-14,62228.92000000,63142.96000000,60842.11000000,61769.86000000,164.22005000
BTCEUR,2024-06-15,61767.82000000,62109.86000000,61561.01000000,61895.93000000,51.82294000
BTCEUR,2024-06-16,61881.73000000,62540.66000000,61727.66000000,62242.43000000,37.00128000
BTCEUR,2024-06-17,62239.80000000,62737.99000000,60761.07000000,61959.44000000,155.36903000
BTCEUR,2024-06-18,61954.38000000,62026.91000000,59740.00000000,60715.68000000,240.98641000
BTCEUR,2024-06-19,60729.57000000,61242.41000000,60247.34000000,60500.86000000,134.69646000
BTCEUR,2024-06-20,60500.86000000,61978.79000000,60297.67000000,60584.78000000,208.24581000
BTCEUR,2024-06-21,60590.07000000,60733.35000000,59307.90000000,60015.80000000,142.11784000
BTCEUR,2024-06-22,60024.05000000,60387.64000000,59840.05000000,60100.04000000,33.12221000
BTCEUR,2024-06-23,60104.06000000,60349.36000000,59000.00000000,59096.20000000,66.75165000
BTCEUR,2024-06-24,59055.42000000,59228.27000000,54467.99000000,56215.30000000,294.11855000
BTCEUR,2024-06-25,56206.37000000,58285.98000000,56163.16000000,57754.78000000,210.06041000
BTCEUR,2024-06-26,57754.78000000,58339.41000000,56850.00000000,56984.28000000,118.88831000
BTCEUR,2024-06-27,56972.48000000,58225.99000000,56673.98000000,57615.92000000,139.65901000
BTCEUR,2024-06-28,57615.91000000,58169.17000000,56050.51000000,56401.26000000,172.35586000
BTCEUR,2024-06-29,56400.53000000,57155.72000000,56000.00000000,56937.99000000,63.63691000
BTCEUR,2024-06-30,56937.99000000,58686.84000000,56667.91000000,58446.39000000,88.01305000
BTCEUR,2024-07-01,58459.44000000,59527.49000000,58104.00000000,58584.12000000,150.98429000
BTCEUR,2024-07-02,58566.13000000,58939.62000000,57560.36000000,57788.39000000,143.47910000
BTCEUR,2024-07-03,57787.78000000,57897.75000000,55000.00000000,55800.48000000,224.12537000
BTCEUR,2024-07-04,55800.48000000,56043.78000000,52586.83000000,52816.24000000,347.44059000
BTCEUR,2024-07-05,52802.14000000,53218.98000000,49526.60000000,52360.15000000,608.72542000
BTCEUR,2024-07-06,52347.36000000,54019.08000000,51793.36000000,53805.82000000,178.34440000
BTCEUR,2024-07-07,53800.09000000,53995.93000000,51522.90000000,51646.71000000,136.92292000
BTCEUR,2024-07-08,51637.96000000,53779.38000000,50195.40000000,52410.75000000,278.69423000
BTCEUR,2024-07-09,52393.55000000,53924.00000000,51992.60000000,53707.77000000,192.63069000
BTCEUR,2024-07-10,53707.55000000,54971.38000000,52841.49000000,53380.00000000,193.41445000
BTCEUR,2024-07-11,53321.33000000,54800.00000000,52653.77000000,52774.63000000,205.43089000
BTCEUR,2024-07-12,52794.79000000,53748.16000000,52090.00000000,53141.29000000,156.68357000
BTCEUR,2024-07-13,53176.66000000,54615.00000000,52800.00000000,54050.72000000,155.99852000
BTCEUR,2024-07-14,54053.26000000,56359.84000000,53590.28000000,55810.82000000,149.08153000
BTCEUR,2024-07-15,55845.35000000,59599.46000000,55698.43000000,59442.39000000,245.81527000
BTCEUR,2024-07-16,59430.42000000,60016.45000000,57234.32000000,59742.06000000,236.16203000
BTCEUR,2024-07-17,59733.82000000,60690.96000000,58511.67000000,58647.02000000,210.46354000
BTCEUR,2024-07-18,58664.04000000,59652.17000000,58065.77000000,58739.30000000,125.68418000
BTCEUR,2024-07-19,58718.99000000,61934.86000000,58141.16000000,61248.81000000,192.93450000
BTCEUR,2024-07-20,61230.55000000,62064.50000000,60800.01000000,61648.68000000,75.32092000
BTCEUR,2024-07-21,61664.89000000,62584.06000000,60402.12000000,62075.38000000,191.42082000
BTCEUR,2024-07-22,62117.22000000,62730.53000000,61190.50000000,62084.61000000,128.78463000
BTCEUR,2024-07-23,62027.52000000,62248.57000000,60250.18000000,60734.26000000,183.85980000
BTCEUR,2024-07-24,60733.96000000,61786.80000000,60100.00000000,60343.33000000,116.81591000
BTCEUR,2024-07-25,60343.83000000,61034.20000000,58560.01000000,60680.01000000,135.14398000
BTCEUR,2024-07-26,60699.99000000,62849.57000000,60603.34000000,62551.72000000,156.32043000
BTCEUR,2024-07-27,62563.95000000,63871.67000000,61363.60000000,62490.99000000,188.83103000
BTCEUR,2024-07-28,62490.97000000,62897.69000000,61715.03000000,62893.43000000,70.73056000
BTCEUR,2024-07-29,62823.68000000,64647.96000000,61388.60000000,61753.16000000,315.33650000
BTCEUR,2024-07-30,61744.29000000,61951.85000000,60450.01000000,61257.20000000,148.82333000
BTCEUR,2024-07-31,61237.82000000,61824.80000000,59638.59000000,59749.19000000,149.10422000
BTCEUR,2024-08-01,59731.52000000,60821.34000000,57752.15000000,60551.52000000,276.77132000
BTCEUR,2024-08-02,60567.30000000,60797.73000000,56202.23000000,56633.83000000,309.05118000
BTCEUR,2024-08-03,56623.67000000,57258.83000000,55114.77000000,55905.89000000,228.21683000
BTCEUR,2024-08-04,55913.54000000,56183.81000000,52636.83000000,53438.59000000,245.02050000
BTCEUR,2024-08-05,53448.10000000,53609.24000000,45249.00000000,49564.11000000,1660.36257000
BTCEUR,2024-08-06,49563.69000000,52329.89000000,49495.83000000,51413.78000000,551.12396000
BTCEUR,2024-08-07,51406.16000000,52963.18000000,50013.76000000,50464.48000000,361.46425000
BTCEUR,2024-08-08,50498.75000000,57516.06000000,50128.01000000,56586.70000000,310.90264000
BTCEUR,2024-08-09,56579.02000000,56618.64000000,54558.30000000,55825.86000000,167.26152000
BTCEUR,2024-08-10,55823.99000000,56373.91000000,55283.48000000,55932.57000000,72.55735000
BTCEUR,2024-08-11,55951.97000000,56776.91000000,53501.60000000,53861.14000000,176.14714000
BTCEUR,2024-08-12,53865.39000000,55590.45000000,52835.02000000,54327.19000000,217.13333000
BTCEUR,2024-08-13,54322.48000000,56152.02000000,53550.00000000,55165.84000000,165.26790000
BTCEUR,2024-08-14,55180.38000000,56120.06000000,53103.87000000,53355.00000000,244.08378000
BTCEUR,2024-08-15,53342.25000000,54487.98000000,51200.06000000,52482.04000000,274.50015000
BTCEUR,2024-08-16,52488.52000000,54334.31000000,52074.31000000,53437.39000000,152.72394000
BTCEUR,2024-08-17,53443.82000000,54261.15000000,53390.59000000,54078.40000000,39.82773000
BTCEUR,2024-08-18,54089.60000000,54772.25000000,53056.85000000,53057.22000000,68.97731000
BTCEUR,2024-08-19,53073.90000000,53827.55000000,52451.00000000,53675.93000000,135.38855000
BTCEUR,2024-08-20,53675.96000000,55437.31000000,52760.02000000,53083.29000000,238.97661000
BTCEUR,2024-08-21,53076.72000000,55430.86000000,52886.17000000,54804.09000000,225.47294000
BTCEUR,2024-08-22,54802.03000000,55186.94000000,53590.76000000,54357.15000000,132.07954000
BTCEUR,2024-08-23,54368.96000000,58129.82000000,54337.29000000,57215.96000000,276.98027000
BTCEUR,2024-08-24,57218.42000000,57613.78000000,56765.22000000,57273.94000000,98.41308000
BTCEUR,2024-08-25,57277.94000000,58049.99000000,56579.30000000,57276.20000000,136.30546000
BTCEUR,2024-08-26,57276.20000000,57515.72000000,56303.97000000,56342.22000000,138.89992000
BTCEUR,2024-08-27,56314.73000000,56655.07000000,51992.89000000,53243.79000000,233.85586000
BTCEUR,2024-08-28,53247.97000000,54231.79000000,52130.16000000,53113.91000000,238.65179000
BTCEUR,2024-08-29,53125.92000000,55272.57000000,52956.25000000,53645.07000000,173.71657000
BTCEUR,2024-08-30,53621.28000000,54099.99000000,52270.00000000,53558.38000000,151.31900000
BTCEUR,2024-08-31,53572.85000000,53855.99000000,53167.45000000,53361.85000000,41.39938000
BTCEUR,2024-09-01,53356.60000000,53445.74000000,51843.91000000,51969.10000000,124.47833000
BTCEUR,2024-09-02,51937.70000000,53724.00000000,51757.69000000,53467.26000000,151.84647000
BTCEUR,2024-09-03,53485.50000000,54062.65000000,51995.00000000,52069.25000000,178.52463000
BTCEUR,2024-09-04,52051.56000000,52860.34000000,50383.33000000,52367.18000000,304.78224000
BTCEUR,2024-09-05,52370.99000000,52680.83000000,50100.00000000,50576.57000000,210.14104000
BTCEUR,2024-09-06,50585.73000000,51390.24000000,47480.00000000,48908.49000000,373.83766000
BTCEUR,2024-09-07,48906.43000000,49623.00000000,48688.73000000,48994.27000000,108.71809000
BTCEUR,2024-09-08,49020.75000000,50059.53000000,48500.00000000,49591.03000000,114.06536000
BTCEUR,2024-09-09,49614.62000000,52641.82000000,49375.86000000,51724.70000000,211.16149000
BTCEUR,2024-09-10,51717.12000000,52672.15000000,51119.56000000,52324.50000000,149.27505000
BTCEUR,2024-09-11,52326.25000000,52631.51000000,50510.32000000,52094.62000000,205.56384000
BTCEUR,2024-09-12,52093.63000000,53100.00000000,51967.95000000,52512.59000000,213.05052000
BTCEUR,2024-09-13,52512.59000000,54737.94000000,52026.99000000,54615.82000000,305.55879000
BTCEUR,2024-09-14,54615.82000000,54716.50000000,53604.85000000,54137.15000000,101.27703000
BTCEUR,2024-09-15,54139.29000000,54497.21000000,52985.84000000,53362.39000000,105.12709000
BTCEUR,2024-09-16,53355.56000000,53424.64000000,51660.42000000,52262.76000000,243.31167000
BTCEUR,2024-09-17,52280.95000000,55150.00000000,51775.00000000,54234.64000000,318.26849000
BTCEUR,2024-09-18,54251.41000000,55596.76000000,53268.23000000,55582.38000000,253.59012000
BTCEUR,2024-09-19,55595.00000000,57250.00000000,55426.44000000,56376.57000000,314.71160000
BTCEUR,2024-09-20,56389.99000000,57395.14000000,55899.99000000,56648.45000000,160.56863000
BTCEUR,2024-09-21,56630.23000000,56965.80000000,56237.49000000,56787.26000000,45.33780000
BTCEUR,2024-09-22,56808.72000000,57359.00000000,55930.36000000,56983.17000000,88.10170000
BTCEUR,2024-09-23,56999.99000000,57963.00000000,56105.26000000,57014.05000000,156.27797000
BTCEUR,2024-09-24,57084.96000000,57800.00000000,56294.36000000,57436.25000000,173.52623000
BTCEUR,2024-09-25,57452.19000000,57936.96000000,56563.20000000,56756.30000000,112.88443000
BTCEUR,2024-09-26,56756.31000000,58932.86000000,56319.12000000,58323.89000000,252.66793000
BTCEUR,2024-09-27,58326.86000000,59500.00000000,58031.49000000,58960.04000000,197.09247000
BTCEUR,2024-09-28,58961.82000000,59377.73000000,58632.54000000,59032.59000000,69.81642000
BTCEUR,2024-09-29,59022.72000000,59211.83000000,58641.32000000,58766.59000000,59.59983000
BTCEUR,2024-09-30,58777.91000000,58777.91000000,56451.35000000,56900.96000000,207.43778000
BTCEUR,2024-10-01,56899.92000000,57728.12000000,54400.00000000,55018.95000000,252.80330000
BTCEUR,2024-10-02,54982.13000000,56499.99000000,54340.21000000,54927.78000000,206.06119000
BTCEUR,2024-10-03,54916.45000000,55737.34000000,54277.50000000,55100.47000000,176.44823000
BTCEUR,2024-10-04,55094.47000000,56967.95000000,54826.31000000,56593.11000000,174.07982000
BTCEUR,2024-10-05,56630.53000000,56877.25000000,56225.84000000,56563.39000000,65.00054000
BTCEUR,2024-10-06,56565.97000000,57382.39000000,56335.45000000,57257.50000000,78.98134000
BTCEUR,2024-10-07,57264.13000000,58746.44000000,56640.00000000,56727.15000000,187.16265000
BTCEUR,2024-10-08,56721.11000000,57593.21000000,56422.47000000,56653.42000000,143.29470000
BTCEUR,2024-10-09,56630.53000000,57013.64000000,55134.20000000,55412.68000000,147.63376000
BTCEUR,2024-10-10,55409.74000000,56065.57000000,53956.14000000,55164.80000000,222.02072000
BTCEUR,2024-10-11,55162.85000000,57984.93000000,54949.74000000,57105.71000000,188.96326000
BTCEUR,2024-10-12,57115.80000000,57937.78000000,57020.80000000,57662.55000000,104.93717000
BTCEUR,2024-10-13,57662.55000000,57735.56000000,56502.50000000,57341.52000000,122.69673000
BTCEUR,2024-10-14,57330.78000000,60882.35000000,57021.85000000,60495.60000000,443.14018000
BTCEUR,2024-10-15,60497.73000000,62218.83000000,59420.00000000,61564.08000000,310.68910000
BTCEUR,2024-10-16,61564.12000000,62782.83000000,61266.81000000,62180.01000000,248.82755000
BTCEUR,2024-10-17,62180.66000000,62464.03000000,61452.15000000,62150.77000000,242.23178000
BTCEUR,2024-10-18,62144.81000000,63487.97000000,61935.48000000,62952.65000000,231.05035000
BTCEUR,2024-10-19,62956.20000000,63181.50000000,62545.66000000,62842.78000000,81.32770000
BTCEUR,2024-10-20,62850.99000000,63600.00000000,62500.01000000,63281.01000000,148.58275000
BTCEUR,2024-10-21,63280.80000000,63866.38000000,61639.04000000,62233.28000000,275.47824000
BTCEUR,2024-10-22,62239.70000000,62774.54000000,61500.00000000,62416.41000000,197.30365000
BTCEUR,2024-10-23,62409.22000000,62437.32000000,60550.02000000,61825.13000000,232.98970000
BTCEUR,2024-10-24,61818.28000000,63551.00000000,61666.66000000,62980.00000000,190.57506000
BTCEUR,2024-10-25,63029.14000000,63481.87000000,60836.01000000,61907.00000000,263.74110000
BTCEUR,2024-10-26,61900.85000000,62545.11000000,61613.62000000,62220.22000000,113.76497000
BTCEUR,2024-10-27,62222.61000000,63253.04000000,62064.30000000,62961.58000000,78.21233000
BTCEUR,2024-10-28,62966.00000000,64825.00000000,62654.84000000,64491.00000000,290.32448000
BTCEUR,2024-10-29,64494.96000000,67987.99000000,64320.02000000,67126.55000000,634.37321000
BTCEUR,2024-10-30,67139.08000000,67212.40000000,65952.18000000,66642.34000000,288.73644000
BTCEUR,2024-10-31,66637.88000000,66905.12000000,64065.14000000,64598.02000000,284.09117000
BTCEUR,2024-11-01,64588.23000000,65957.62000000,63259.54000000,64207.92000000,298.17321000
BTCEUR,2024-11-02,64189.38000000,64553.65000000,63836.01000000,64225.50000000,82.89062000
BTCEUR,2024-11-03,64244.95000000,64244.95000000,62420.00000000,63378.34000000,228.57926000
BTCEUR,2024-11-04,63380.86000000,63863.87000000,61444.01000000,62429.62000000,286.43550000
BTCEUR,2024-11-05,62411.35000000,64659.07000000,62066.42000000,63527.24000000,361.35404000
BTCEUR,2024-11-06,63547.48000000,70802.38000000,63464.49000000,70054.71000000,1321.35468600
BTCEUR,2024-11-07,70054.70000000,71110.45000000,68963.39000000,70197.37000000,458.52877000
BTCEUR,2024-11-08,70210.36000000,71950.00000000,70092.23000000,71346.12000000,327.47429000
BTCEUR,2024-11-09,71346.16000000,71723.56000000,70576.70000000,71485.06000000,159.69372000
BTCEUR,2024-11-10,71484.98000000,75876.68000000,71317.13000000,74817.61000000,765.42111200
BTCEUR,2024-11-11,74819.86000000,82959.59000000,74657.70000000,82253.94000000,1019.43022300
BTCEUR,2024-11-12,82272.51000000,84200.00000000,77895.22000000,82148.94000000,1340.24758800
BTCEUR,2024-11-13,82116.32000000,88117.56000000,80200.03000000,85326.33000000,1051.58734300
BTCEUR,2024-11-14,85335.46000000,87068.15000000,82333.33000000,82934.78000000,671.34216000
BTCEUR,2024-11-15,82938.71000000,86874.99000000,82600.00000000,86083.64000000,487.23988000
BTCEUR,2024-11-16,86087.72000000,86750.60000000,84971.33000000,85507.00000000,289.78337000
BTCEUR,2024-11-17,85535.99000000,86230.20000000,83726.60000000,84915.15000000,298.45489000
BTCEUR,2024-11-18,84918.82000000,87526.30000000,84629.26000000,85432.65000000,513.20697000
BTCEUR,2024-11-19,85355.83000000,88643.00000000,85349.67000000,87168.44000000,450.70903000
BTCEUR,2024-11-20,87135.24000000,90009.00000000,86437.74000000,89331.86000000,483.50630900
BTCEUR,2024-11-21,89334.41000000,93727.00000000,89187.80000000,93406.68000000,838.00949700
BTCEUR,2024-11-22,93416.82000000,95093.50000000,92714.27000000,94396.99000000,649.50825000
BTCEUR,2024-11-23,94415.60000000,94426.28000000,92684.76000000,93205.20000000,329.72192000
BTCEUR,2024-11-24,93199.97000000,94064.00000000,91022.21000000,93417.04000000,416.25833000
BTCEUR,2024-11-25,93437.64000000,94359.76000000,88095.00000000,88904.13000000,534.15880000
BTCEUR,2024-11-26,88881.57000000,90744.98000000,86600.00000000,87609.69000000,969.41025000
BTCEUR,2024-11-27,87612.31000000,92155.39000000,87449.55000000,90783.86000000,483.10128000
BTCEUR,2024-11-28,90782.98000000,91545.96000000,89756.80000000,90617.18000000,239.06190000
BTCEUR,2024-11-29,90602.91000000,93449.99000000,90268.78000000,92081.58000000,292.60965000
BTCEUR,2024-11-30,92053.45000000,92059.84000000,90653.46000000,91030.87000000,151.99095000
BTCEUR,2024-12-01,91027.14000000,92476.48000000,90445.59000000,92024.64000000,211.31978000
BTCEUR,2024-12-02,92019.65000000,93035.27000000,90018.54000000,91246.94000000,438.47287000
BTCEUR,2024-12-03,91243.48000000,91733.32000000,89010.21000000,91108.07000000,398.91181000
BTCEUR,2024-12-04,91127.32000000,94062.69000000,89919.62000000,93780.93000000,487.15628000
BTCEUR,2024-12-05,93767.20000000,98485.00000000,87160.00000000,91718.54000000,1246.16845000
BTCEUR,2024-12-06,91715.63000000,96489.79000000,91176.48000000,94343.16000000,474.11848000
BTCEUR,2024-12-07,94330.30000000,94961.95000000,93510.02000000,94374.45000000,162.74693000
BTCEUR,2024-12-08,94374.45000000,95861.78000000,93294.96000000,95637.29000000,177.88696000
BTCEUR,2024-12-09,95637.35000000,95742.45000000,89234.00000000,92320.74000000,505.06122000
BTCEUR,2024-12-10,92293.43000000,93480.00000000,89703.36000000,92027.32000000,611.28161000
BTCEUR,2024-12-11,92027.47000000,96706.76000000,90958.88000000,96049.13000000,486.34075000
BTCEUR,2024-12-12,96055.84000000,97704.66000000,94724.00000000,95408.93000000,354.27590000
BTCEUR,2024-12-13,95392.59000000,97033.17000000,94678.87000000,96550.41000000,261.30224000
BTCEUR,2024-12-14,96540.20000000,97562.22000000,95702.32000000,96423.48000000,142.20265000
BTCEUR,2024-12-15,96423.48000000,99800.00000000,96251.07000000,99133.61000000,295.54281000
BTCEUR,2024-12-16,99134.88000000,102268.64000000,98390.00000000,100552.50000000,578.98150300
BTCEUR,2024-12-17,100567.65000000,103069.32000000,100236.35000000,101146.17000000,345.55877000
BTCEUR,2024-12-18,101144.48000000,101412.74000000,96610.10000000,96801.92000000,507.81465000
BTCEUR,2024-12-19,96782.82000000,98832.69000000,92254.46000000,94271.54000000,630.88482000
BTCEUR,2024-12-20,94271.54000000,94585.14000000,88596.00000000,94129.32000000,725.53318000
BTCEUR,2024-12-21,94125.80000000,95873.19000000,92556.86000000,93535.53000000,269.71757000
BTCEUR,2024-12-22,93536.40000000,93688.61000000,90483.55000000,91350.71000000,217.59879000
BTCEUR,2024-12-23,91348.15000000,92823.49000000,88872.01000000,91144.87000000,320.24625000
BTCEUR,2024-12-24,91144.63000000,95700.00000000,89847.83000000,94882.42000000,277.65378000
BTCEUR,2024-12-25,94868.33000000,95750.00000000,93932.03000000,95596.79000000,171.95700000
BTCEUR,2024-12-26,95589.74000000,96102.66000000,91376.70000000,91820.51000000,251.57054000
BTCEUR,2024-12-27,91822.38000000,93617.43000000,89700.00000000,90409.02000000,266.03906000
BTCEUR,2024-12-28,90383.28000000,91587.44000000,90240.63000000,91211.32000000,101.58523000
BTCEUR,2024-12-29,91211.28000000,91250.62000000,88900.00000000,89630.32000000,198.27871000
BTCEUR,2024-12-30,89630.50000000,91179.99000000,87820.00000000,89014.63000000,331.35679000
BTCEUR,2024-12-31,89019.04000000,92634.82000000,88270.26000000,90206.00000000,330.46481000
BTCEUR,2025-01-01,90197.71000000,91755.82000000,89617.41000000,91180.01000000,155.03695000
BTCEUR,2025-01-02,91180.64000000,95200.00000000,91000.00000000,94299.70000000,303.65815000
BTCEUR,2025-01-03,94299.71000000,95943.86000000,92997.10000000,94966.61000000,869.40877000
BTCEUR,2025-01-04,94967.86000000,95705.17000000,94545.46000000,95163.64000000,108.19431000
BTCEUR,2025-01-05,95165.70000000,95857.65000000,94284.84000000,95402.12000000,80.67431000
BTCEUR,2025-01-06,95404.00000000,98714.27000000,94903.20000000,98458.40000000,298.07473000
BTCEUR,2025-01-07,98460.54000000,98920.33000000,92954.66000000,93817.29000000,393.36593000
BTCEUR,2025-01-08,93794.03000000,94052.63000000,89840.74000000,92230.00000000,422.64004000
BTCEUR,2025-01-09,92230.00000000,92475.69000000,88626.52000000,90043.94000000,400.62722000
BTCEUR,2025-01-10,90041.78000000,93505.37000000,89939.80000000,92559.57000000,383.50147000
BTCEUR,2025-01-11,92528.89000000,92716.83000000,91620.13000000,92290.71000000,93.04547000
BTCEUR,2025-01-12,92273.67000000,93138.50000000,91459.96000000,92344.22000000,136.19900000
BTCEUR,2025-01-13,92343.90000000,93677.21000000,87571.22000000,92066.92000000,595.87622000
BTCEUR,2025-01-14,92075.91000000,94922.28000000,91960.29000000,93700.80000000,298.22595000
BTCEUR,2025-01-15,93700.72000000,97755.63000000,93611.94000000,97185.26000000,394.39909000
BTCEUR,2025-01-16,97170.22000000,97517.66000000,94490.68000000,96881.52000000,304.13163000
BTCEUR,2025-01-17,96881.81000000,102915.49000000,96847.94000000,100996.00000000,561.59826000
BTCEUR,2025-01-18,100996.00000000,101805.42000000,98911.43000000,100846.96000000,448.08408000
BTCEUR,2025-01-19,100836.29000000,103740.97000000,97109.03000000,98668.03000000,923.80869000
BTCEUR,2025-01-20,98666.66000000,105980.17000000,96764.49000000,98275.85000000,1099.79607900
BTCEUR,2025-01-21,98225.95000000,102845.90000000,96500.00000000,101926.59000000,461.39534000
BTCEUR,2025-01-22,101951.58000000,102036.09000000,99243.29000000,99654.75000000,288.31324000
BTCEUR,2025-01-23,99674.82000000,102768.73000000,97227.24000000,99855.50000000,666.63798000
BTCEUR,2025-01-24,99857.53000000,101913.42000000,98500.78000000,99958.00000000,333.10357000
BTCEUR,2025-01-25,99947.13000000,100533.93000000,99430.00000000,99935.95000000,162.52056000
BTCEUR,2025-01-26,99937.50000000,100700.00000000,98000.00000000,98073.92000000,146.56867000
BTCEUR,2025-01-27,98073.92000000,98691.24000000,93453.68000000,97793.50000000,714.05226000
BTCEUR,2025-01-28,97780.33000000,99432.08000000,96093.35000000,97210.99000000,356.12302000
BTCEUR,2025-01-29,97207.25000000,100600.00000000,97180.85000000,99446.46000000,336.19071000
BTCEUR,2025-01-30,99463.43000000,101863.73000000,99018.51000000,100562.76000000,237.65848000
BTCEUR,2025-01-31,100566.53000000,102000.00000000,98003.00000000,99049.21000000,282.38361000
BTCEUR,2025-02-01,99015.03000000,99350.64000000,97175.43000000,97528.13000000,140.60790000
BTCEUR,2025-02-02,97518.51000000,98381.36000000,93500.00000000,95523.60000000,530.30728000
BTCEUR,2025-02-03,95520.83000000,99407.88000000,89272.07000000,98355.61000000,1045.45530000
BTCEUR,2025-02-04,98357.84000000,98787.87000000,92722.39000000,94474.99000000,419.89313000
BTCEUR,2025-02-05,94477.88000000,95466.00000000,92513.45000000,92966.51000000,260.51952000
BTCEUR,2025-02-06,92966.27000000,95783.70000000,92224.87000000,93061.60000000,322.60980000
BTCEUR,2025-02-07,93057.34000000,96500.00000000,92658.41000000,93584.12000000,336.37671000
BTCEUR,2025-02-08,93578.69000000,93961.53000000,92865.30000000,93602.71000000,107.60516000
BTCEUR,2025-02-09,93602.88000000,94403.40000000,92137.57000000,93630.43000000,190.01033000
BTCEUR,2025-02-10,93628.84000000,95315.57000000,92546.77000000,94626.84000000,240.47325000
BTCEUR,2025-02-11,94626.84000000,95587.36000000,91513.89000000,92447.59000000,239.39904000
BTCEUR,2025-02-12,92466.36000000,94486.99000000,91183.52000000,94188.01000000,259.25513000
BTCEUR,2025-02-13,94186.28000000,94341.96000000,91355.70000000,92400.15000000,218.22013000
BTCEUR,2025-02-14,92399.97000000,94150.01000000,91762.83000000,92997.60000000,196.38829000
BTCEUR,2025-02-15,92997.59000000,93434.40000000,92728.16000000,93129.99000000,66.11427000
BTCEUR,2025-02-16,93118.63000000,93265.16000000,91672.86000000,91746.31000000,97.01933000
BTCEUR,2025-02-17,91716.50000000,92700.00000000,90908.52000000,91340.43000000,214.31878000
BTCEUR,2025-02-18,91340.45000000,92621.81000000,89470.64000000,91535.90000000,294.42847000
BTCEUR,2025-02-19,91551.76000000,92760.29000000,90953.25000000,92498.34000000,190.92773000
BTCEUR,2025-02-20,92496.90000000,94021.69000000,92254.47000000,93568.86000000,184.04068000
BTCEUR,2025-02-21,93568.20000000,94951.64000000,90660.78000000,91990.87000000,340.83588000
BTCEUR,2025-02-22,91992.13000000,92736.91000000,91611.58000000,92271.76000000,74.10543000
BTCEUR,2025-02-23,92266.55000000,92366.68000000,90964.00000000,91743.11000000,72.96028000
BTCEUR,2025-02-24,91759.36000000,91954.87000000,87370.01000000,87584.45000000,312.12407000
BTCEUR,2025-02-25,87552.77000000,88521.04000000,81774.33000000,84274.25000000,919.67622000
BTCEUR,2025-02-26,84265.25000000,85045.81000000,78296.10000000,80217.72000000,666.77417000
BTCEUR,2025-02-27,80225.71000000,83047.57000000,79452.03000000,81452.11000000,593.48152000
BTCEUR,2025-02-28,81452.28000000,82057.09000000,75175.64000000,81315.68000000,964.88603000
BTCEUR,2025-03-01,81320.22000000,83443.42000000,80803.53000000,83070.00000000,257.67827000
BTCEUR,2025-03-02,83051.42000000,93000.00000000,82083.86000000,90592.39000000,676.19150000
BTCEUR,2025-03-03,90606.35000000,90763.09000000,80993.10000000,82235.06000000,878.10772000
BTCEUR,2025-03-04,82230.76000000,83784.68000000,77612.16000000,82195.66000000,729.35427000
BTCEUR,2025-03-05,82184.69000000,84967.73000000,81349.78000000,83970.96000000,376.38799000
BTCEUR,2025-03-06,83973.29000000,86000.00000000,81442.78000000,83395.37000000,395.19498000
BTCEUR,2025-03-07,83420.84000000,84622.95000000,78529.44000000,80130.98000000,644.91009000
BTCEUR,2025-03-08,80098.72000000,80229.09000000,78680.54000000,79656.38000000,105.65770000
BTCEUR,2025-03-09,79627.49000000,79915.22000000,73705.15000000,74343.38000000,345.06813000
BTCEUR,2025-03-10,74356.32000000,77560.24000000,71510.00000000,72534.67000000,628.40833000
BTCEUR,2025-03-11,72533.61000000,76505.00000000,70639.92000000,76000.00000000,729.28664000
BTCEUR,2025-03-12,75993.71000000,77435.24000000,73889.45000000,76902.40000000,458.37814000
BTCEUR,2025-03-13,76896.37000000,77444.68000000,73607.03000000,74748.84000000,367.69672000
BTCEUR,2025-03-14,74748.85000000,78500.00000000,74459.54000000,77233.30000000,368.92197000
BTCEUR,2025-03-15,77238.59000000,77863.01000000,76927.32000000,77597.36000000,84.12256000
BTCEUR,2025-03-16,77597.33000000,78265.00000000,75362.46000000,75934.53000000,247.06170000
BTCEUR,2025-03-17,75934.53000000,77632.80000000,75636.25000000,76952.08000000,283.00282000
BTCEUR,2025-03-18,76952.08000000,76967.47000000,74237.15000000,75629.19000000,269.34855000
BTCEUR,2025-03-19,75620.14000000,79785.00000000,75494.62000000,79622.55000000,373.07782000
BTCEUR,2025-03-20,79622.06000000,80150.00000000,77078.67000000,77596.94000000,320.40540000
BTCEUR,2025-03-21,77587.47000000,78289.44000000,76787.96000000,77738.34000000,183.49635000
BTCEUR,2025-03-22,77738.34000000,78188.80000000,77369.01000000,77526.92000000,46.96459000
BTCEUR,2025-03-23,77526.93000000,79521.00000000,77484.68000000,79476.59000000,81.24623000
BTCEUR,2025-03-24,79469.98000000,82132.99000000,79024.05000000,81022.98000000,315.60009000
BTCEUR,2025-03-25,81037.28000000,82057.45000000,79935.30000000,81027.96000000,260.58845000
BTCEUR,2025-03-26,81044.64000000,81888.77000000,79878.92000000,80949.41000000,178.95779000
BTCEUR,2025-03-27,80961.18000000,81479.54000000,79548.40000000,80770.47000000,183.11154000
BTCEUR,2025-03-28,80770.47000000,81037.20000000,77222.00000000,77997.83000000,294.97698000
BTCEUR,2025-03-29,77996.81000000,78177.49000000,75480.01000000,76410.66000000,151.96117000
BTCEUR,2025-03-30,76412.27000000,77270.66000000,75480.01000000,76137.01000000,134.85880000
BTCEUR,2025-03-31,76157.73000000,77674.17000000,75051.00000000,76278.03000000,320.84079000
BTCEUR,2025-04-01,76266.76000000,79215.79000000,76122.27000000,78886.54000000,319.44682000
BTCEUR,2025-04-02,78886.54000000,81298.53000000,75626.47000000,75684.19000000,735.19159000
BTCEUR,2025-04-03,75679.14000000,76919.18000000,73105.51000000,75329.46000000,581.63128000
BTCEUR,2025-04-04,75353.36000000,77244.43000000,73900.00000000,76504.25000000,721.59785000
BTCEUR,2025-04-05,76508.03000000,76835.79000000,75123.40000000,76135.28000000,169.34831000
BTCEUR,2025-04-06,76143.43000000,76392.99000000,70076.94000000,71294.99000000,933.38655000
BTCEUR,2025-04-07,71302.12000000,78666.66000000,67526.67000000,72533.93000000,1746.16997000
BTCEUR,2025-04-08,72551.11000000,73747.02000000,69430.80000000,69489.10000000,647.79629000
BTCEUR,2025-04-09,69497.40000000,76350.00000000,67606.87000000,75428.82000000,1502.33236000
BTCEUR,2025-04-10,75445.87000000,75534.84000000,70084.10000000,70705.86000000,549.18253000
BTCEUR,2025-04-11,70713.00000000,74537.42000000,69787.00000000,73398.74000000,820.45138000
BTCEUR,2025-04-12,73398.74000000,75740.34000000,72900.30000000,75166.76000000,229.95884000
BTCEUR,2025-04-13,75157.04000000,75890.39000000,73310.25000000,73863.34000000,307.14206000
BTCEUR,2025-04-14,73870.98000000,75587.39000000,73634.68000000,74648.87000000,424.78729000
BTCEUR,2025-04-15,74648.87000000,76431.20000000,74069.31000000,74118.24000000,305.51416000
BTCEUR,2025-04-16,74106.37000000,75200.00000000,73084.20000000,73747.00000000,298.94201000
BTCEUR,2025-04-17,73747.00000000,75267.69000000,73651.89000000,74710.35000000,221.86151000
BTCEUR,2025-04-18,74715.93000000,74857.71000000,74057.30000000,74195.81000000,83.30328000
BTCEUR,2025-04-19,74181.04000000,75158.78000000,74091.98000000,74647.38000000,126.26704000
BTCEUR,2025-04-20,74660.77000000,74885.49000000,73755.08000000,74441.42000000,184.91424000
BTCEUR,2025-04-21,74435.55000000,76897.47000000,74335.78000000,76005.09000000,530.98636000
BTCEUR,2025-04-22,76005.09000000,82612.89000000,75755.26000000,82267.42000000,924.08933000
BTCEUR,2025-04-23,82267.43000000,83237.43000000,80807.83000000,82752.47000000,685.22122000
BTCEUR,2025-04-24,82716.21000000,82850.92000000,80621.80000000,82665.62000000,308.38656000
BTCEUR,2025-04-25,82668.01000000,84304.00000000,81844.01000000,83400.80000000,495.80687000
BTCEUR,2025-04-26,83386.90000000,83844.52000000,82700.77000000,83364.55000000,113.64230000
BTCEUR,2025-04-27,83365.74000000,83968.86000000,82476.01000000,82685.95000000,128.01265000
BTCEUR,2025-04-28,82685.63000000,84249.99000000,81808.78000000,83281.87000000,308.68593000
BTCEUR,2025-04-29,83333.30000000,83905.61000000,82380.52000000,82828.47000000,284.40594000
BTCEUR,2025-04-30,82801.10000000,83758.70000000,81793.63000000,83164.11000000,333.68123000
BTCEUR,2025-05-01,83161.48000000,86305.01000000,83117.33000000,85394.08000000,320.04279000
BTCEUR,2025-05-02,85389.73000000,86429.48000000,85004.02000000,85823.34000000,265.69555000
BTCEUR,2025-05-03,85823.33000000,85866.99000000,84873.07000000,84981.53000000,108.77754000
BTCEUR,2025-05-04,84957.76000000,85353.20000000,83233.95000000,83378.78000000,158.78964000
BTCEUR,2025-05-05,83347.89000000,84155.99000000,82475.00000000,83777.37000000,225.41393000
BTCEUR,2025-05-06,83783.62000000,85448.74000000,82277.40000000,85404.55000000,264.41976000
BTCEUR,2025-05-07,85412.24000000,86266.61000000,84500.01000000,85827.28000000,333.77493000
BTCEUR,2025-05-08,85838.36000000,92631.41000000,85616.16000000,91827.62000000,706.66065000
BTCEUR,2025-05-09,91824.05000000,92752.99000000,90795.65000000,91456.32000000,358.22083000
BTCEUR,2025-05-10,91456.34000000,93165.08000000,91280.00000000,93025.99000000,212.23955000
BTCEUR,2025-05-11,93024.98000000,93147.61000000,91666.66000000,92453.97000000,307.61809000
BTCEUR,2025-05-12,92447.09000000,94799.17000000,90870.01000000,92587.21000000,535.32928000
BTCEUR,2025-05-13,92590.59000000,93860.03000000,91324.85000000,93087.57000000,343.52272000
BTCEUR,2025-05-14,93075.42000000,93084.22000000,91592.81000000,92625.69000000,270.33866000
BTCEUR,2025-05-15,92618.51000000,93288.99000000,90673.48000000,92762.84000000,300.34064000
BTCEUR,2025-05-16,92770.38000000,93912.01000000,92070.70000000,92749.30000000,197.25329000
BTCEUR,2025-05-17,92745.32000000,93000.77000000,92005.08000000,92471.86000000,129.39224000
BTCEUR,2025-05-18,92472.49000000,95346.85000000,92124.00000000,95177.83000000,430.66646000
BTCEUR,2025-05-19,95165.11000000,95738.96000000,90727.60000000,93993.45000000,450.16556000
BTCEUR,2025-05-20,93988.71000000,95108.27000000,92683.36000000,94662.05000000,414.31245000
BTCEUR,2025-05-21,94643.26000000,97769.55000000,93500.00000000,96722.47000000,778.03185000
BTCEUR,2025-05-22,96719.11000000,99399.94000000,96010.00000000,98909.34000000,689.97944000
BTCEUR,2025-05-23,98916.27000000,98969.03000000,94023.63000000,94499.08000000,598.02180000
BTCEUR,2025-05-24,94483.33000000,96445.05000000,94105.00000000,94937.85000000,253.81214000
BTCEUR,2025-05-25,94935.26000000,96184.90000000,93944.20000000,95919.32000000,310.31238000
BTCEUR,2025-05-26,95921.26000000,97079.61000000,95490.98000000,96110.05000000,289.81505000
BTCEUR,2025-05-27,96110.05000000,97494.11000000,94324.17000000,96108.91000000,429.37054000
BTCEUR,2025-05-28,96100.00000000,96566.73000000,94648.51000000,96026.23000000,326.46867000
BTCEUR,2025-05-29,96022.44000000,96553.57000000,92650.00000000,92877.53000000,496.03431000
BTCEUR,2025-05-30,92865.52000000,93780.91000000,91397.98000000,91729.90000000,444.10928000
BTCEUR,2025-05-31,91740.69000000,92639.99000000,90965.10000000,92361.55000000,183.74534000
BTCEUR,2025-06-01,92362.99000000,93345.23000000,91635.66000000,93173.09000000,180.28492000
BTCEUR,2025-06-02,93176.13000000,93178.88000000,90750.02000000,92468.41000000,283.12910000
BTCEUR,2025-06-03,92476.04000000,93958.88000000,91938.86000000,92621.68000000,326.33842000
BTCEUR,2025-06-04,92621.67000000,93187.25000000,91276.02000000,91723.34000000,255.10741000
BTCEUR,2025-06-05,91725.51000000,92750.00000000,87755.21000000,88719.53000000,549.37761000
BTCEUR,2025-06-06,88720.89000000,92585.44000000,88358.15000000,91611.88000000,299.22735000
BTCEUR,2025-06-07,91632.04000000,92974.85000000,91265.28000000,92663.26000000,138.78440000
BTCEUR,2025-06-08,92668.43000000,93403.81000000,92200.01000000,92747.41000000,151.55882000
BTCEUR,2025-06-09,92733.37000000,96801.87000000,92233.01000000,96489.28000000,415.35479000
BTCEUR,2025-06-10,96480.84000000,96560.09000000,94881.55000000,96401.56000000,283.16739000
BTCEUR,2025-06-11,96407.01000000,96425.23000000,94016.64000000,94428.32000000,268.25460000
BTCEUR,2025-06-12,94423.61000000,94628.28000000,91158.86000000,91163.79000000,348.70323000
BTCEUR,2025-06-13,91158.85000000,92000.00000000,89086.99000000,91914.06000000,509.11755000
BTCEUR,2025-06-14,91912.62000000,92037.51000000,90409.05000000,91373.27000000,149.67219000
BTCEUR,2025-06-15,91386.28000000,91969.69000000,90575.00000000,91495.94000000,298.69781000
BTCEUR,2025-06-16,91505.10000000,94250.00000000,90944.86000000,92445.85000000,418.91882000
BTCEUR,2025-06-17,92447.21000000,93206.34000000,89888.77000000,91031.85000000,501.15167000
BTCEUR,2025-06-18,91040.95000000,91749.99000000,90132.36000000,91390.86000000,287.99400000
BTCEUR,2025-06-19,91395.43000000,91750.00000000,90560.17000000,90889.81000000,143.58272000
BTCEUR,2025-06-20,90890.80000000,92480.78000000,88784.80000000,89755.09000000,390.23340000
BTCEUR,2025-06-21,89755.10000000,90361.30000000,87663.31000000,88706.06000000,209.08262000
BTCEUR,2025-06-22,88728.21000000,89829.03000000,85411.45000000,87817.55000000,562.98370000
BTCEUR,2025-06-23,87813.18000000,91507.13000000,86510.76000000,90918.18000000,523.75766000
BTCEUR,2025-06-24,90911.56000000,91503.78000000,90317.97000000,91404.25000000,299.17802000
BTCEUR,2025-06-25,91408.45000000,93237.62000000,91113.69000000,91923.34000000,319.24901000
BTCEUR,2025-06-26,91920.23000000,92599.99000000,91115.37000000,91491.50000000,211.25298000
BTCEUR,2025-06-27,91495.97000000,92059.80000000,90760.20000000,91437.04000000,168.16192000
BTCEUR,2025-06-28,91445.69000000,91843.19000000,91254.72000000,91616.41000000,54.07619000
BTCEUR,2025-06-29,91616.54000000,92600.00000000,91505.13000000,92399.46000000,98.16638000
BTCEUR,2025-06-30,92399.60000000,92805.58000000,90773.00000000,90926.10000000,204.58690000
BTCEUR,2025-07-01,90926.10000000,91214.84000000,89318.01000000,89573.12000000,248.16713000
BTCEUR,2025-07-02,89569.30000000,93087.51000000,89083.83000000,92255.32000000,351.10719000
BTCEUR,2025-07-03,92250.72000000,93950.00000000,92000.00000000,93158.07000000,283.08873000
BTCEUR,2025-07-04,93158.07000000,93335.45000000,91148.27000000,91804.46000000,180.19422000
BTCEUR,2025-07-05,91804.46000000,92156.40000000,91595.96000000,91979.02000000,64.90576000
BTCEUR,2025-07-06,91979.03000000,93141.77000000,91618.96000000,92725.76000000,113.27881000
BTCEUR,2025-07-07,92725.77000000,93200.50000000,91912.28000000,92255.32000000,180.08428000
BTCEUR,2025-07-08,92250.71000000,93319.13000000,91504.85000000,92930.24000000,156.54165000
BTCEUR,2025-07-09,92930.24000000,95524.02000000,92551.29000000,94785.78000000,393.85701000
BTCEUR,2025-07-10,94785.78000000,99500.00000000,94435.65000000,98414.78000000,432.44785000
BTCEUR,2025-07-11,98409.87000000,101225.84000000,97951.01000000,100010.00000000,803.95387000
BTCEUR,2025-07-12,100009.99000000,100535.35000000,99312.51000000,99780.04000000,173.90994000
BTCEUR,2025-07-13,99784.58000000,101656.21000000,99603.82000000,101544.19000000,265.87518000
BTCEUR,2025-07-14,101544.19000000,104491.87000000,101342.59000000,102630.79000000,750.10681000
BTCEUR,2025-07-15,102630.79000000,102642.75000000,99420.34000000,101389.79000000,520.61480000
BTCEUR,2025-07-16,101392.66000000,103177.11000000,100740.16000000,101968.44000000,421.47216000
BTCEUR,2025-07-17,101968.45000000,104188.88000000,101225.86000000,102542.26000000,385.24602000
BTCEUR,2025-07-18,102541.46000000,103999.99000000,100470.14000000,101436.90000000,471.39704000
BTCEUR,2025-07-19,101438.44000000,101918.39000000,100882.36000000,101378.32000000,115.23861000
BTCEUR,2025-07-20,101379.62000000,102126.35000000,100000.00000000,100815.94000000,266.09022000
BTCEUR,2025-07-21,100807.21000000,102766.99000000,99738.16000000,100388.62000000,403.96551000
BTCEUR,2025-07-22,100392.34000000,102338.88000000,99377.34000000,102220.46000000,405.73952000
BTCEUR,2025-07-23,102225.54000000,102339.16000000,99711.62000000,100905.06000000,311.13716000
BTCEUR,2025-07-24,100905.06000000,101642.11000000,99615.39000000,100711.63000000,281.07957000
BTCEUR,2025-07-25,100712.98000000,100826.44000000,97672.54000000,100144.79000000,505.29451000
BTCEUR,2025-07-26,100136.41000000,100725.88000000,99733.55000000,100387.94000000,111.28007000
BTCEUR,2025-07-27,100395.75000000,101884.36000000,100317.57000000,101574.07000000,149.34105000
BTCEUR,2025-07-28,101574.60000000,102328.00000000,101189.88000000,101816.02000000,299.05922000
BTCEUR,2025-07-29,101803.02000000,103275.15000000,101276.81000000,102095.51000000,301.30370000
BTCEUR,2025-07-30,102100.60000000,103426.66000000,101359.88000000,103068.01000000,327.87558000
BTCEUR,2025-07-31,103059.29000000,104000.00000000,101201.49000000,101389.27000000,382.77577000
BTCEUR,2025-08-01,101389.27000000,101726.90000000,97377.47000000,97872.00000000,658.41522000
BTCEUR,2025-08-02,97872.00000000,98600.00000000,96783.63000000,97212.40000000,238.66135000
BTCEUR,2025-08-03,97216.47000000,99300.00000000,96668.67000000,98650.03000000,195.31862000
BTCEUR,2025-08-04,98657.10000000,100067.71000000,98495.36000000,99362.74000000,267.79738000
BTCEUR,2025-08-05,99367.71000000,99757.73000000,97399.00000000,98578.76000000,248.29163000
BTCEUR,2025-08-06,98585.68000000,99317.88000000,97775.07000000,98646.77000000,179.23456000
BTCEUR,2025-08-07,98646.00000000,100939.39000000,97948.21000000,100614.65000000,272.01781000
BTCEUR,2025-08-08,100611.47000000,100839.64000000,99378.77000000,100109.19000000,187.07361000
BTCEUR,2025-08-09,100109.20000000,100999.00000000,99534.75000000,99632.67000000,186.25036000
BTCEUR,2025-08-10,99632.66000000,102230.74000000,99615.36000000,102209.55000000,234.53754000
BTCEUR,2025-08-11,102211.20000000,104717.27000000,101650.00000000,102185.04000000,602.48555000
BTCEUR,2025-08-12,102179.07000000,102966.56000000,101774.20000000,102763.50000000,362.49813000
BTCEUR,2025-08-13,102761.28000000,105000.00000000,101701.00000000,104798.96000000,555.18801000
BTCEUR,2025-08-14,104798.96000000,105733.49000000,100690.00000000,101627.64000000,831.67083000
BTCEUR,2025-08-15,101627.63000000,102344.66000000,99894.58000000,100428.27000000,360.07728000
BTCEUR,2025-08-16,100420.31000000,100913.78000000,100269.53000000,100516.61000000,109.16975000
BTCEUR,2025-08-17,100516.61000000,101491.11000000,100311.92000000,100373.92000000,130.28707000
BTCEUR,2025-08-18,100379.05000000,100528.11000000,98200.01000000,99678.28000000,421.55617000
BTCEUR,2025-08-19,99683.95000000,100159.22000000,96830.60000000,96960.73000000,350.98033000
BTCEUR,2025-08-20,96951.21000000,98376.62000000,96407.33000000,98111.79000000,255.40785000
BTCEUR,2025-08-21,98106.88000000,98593.23000000,96500.15000000,96849.87000000,207.77559000
BTCEUR,2025-08-22,96852.69000000,100133.99000000,96189.59000000,99145.16000000,412.49443000
BTCEUR,2025-08-23,99145.17000000,99229.00000000,97211.96000000,97892.79000000,139.34273000
BTCEUR,2025-08-24,97883.05000000,98157.89000000,94160.00000000,96796.27000000,303.40058000
BTCEUR,2025-08-25,96797.77000000,97098.89000000,94117.73000000,94874.98000000,451.27867000
BTCEUR,2025-08-26,94873.16000000,96557.32000000,93375.20000000,96062.46000000,396.12074000
BTCEUR,2025-08-27,96059.78000000,97199.91000000,95253.96000000,95531.51000000,244.21277000
BTCEUR,2025-08-28,95531.51000000,97395.18000000,95227.78000000,96386.74000000,201.63502000
BTCEUR,2025-08-29,96370.79000000,96466.91000000,92039.56000000,92818.56000000,348.83884000
BTCEUR,2025-08-30,92827.69000000,93314.19000000,91976.60000000,93206.97000000,114.77802000
BTCEUR,2025-08-31,93206.97000000,93760.52000000,92484.02000000,92617.19000000,112.73000000
BTCEUR,2025-09-01,92614.07000000,93728.00000000,91623.52000000,93272.38000000,247.26262000
BTCEUR,2025-09-02,93273.70000000,95820.29000000,93030.30000000,95584.32000000,269.23606000
BTCEUR,2025-09-03,95586.33000000,96521.00000000,95037.24000000,95840.31000000,165.99676000
BTCEUR,2025-09-04,95831.85000000,96265.31000000,93970.02000000,95019.87000000,202.91317000
BTCEUR,2025-09-05,95015.46000000,96811.50000000,94020.92000000,94495.17000000,354.09181000
BTCEUR,2025-09-06,94499.89000000,95037.23000000,93933.01000000,94128.07000000,65.70765000
BTCEUR,2025-09-07,94128.07000000,95316.78000000,94114.82000000,94899.29000000,68.54871000
BTCEUR,2025-09-08,94892.32000000,96109.71000000,94467.94000000,95242.69000000,149.16340000
BTCEUR,2025-09-09,95236.40000000,96288.74000000,94405.96000000,95319.63000000,239.07145000
BTCEUR,2025-09-10,95326.02000000,97539.54000000,94829.19000000,97368.09000000,279.39020000
BTCEUR,2025-09-11,97368.09000000,98462.56000000,96769.07000000,98457.63000000,210.45693000
BTCEUR,2025-09-12,98457.64000000,99514.56000000,97950.00000000,98839.63000000,227.82924000
BTCEUR,2025-09-13,98843.54000000,99037.24000000,97827.17000000,98527.66000000,116.25853000
BTCEUR,2025-09-14,98524.60000000,98926.32000000,97888.63000000,98344.32000000,132.74450000
BTCEUR,2025-09-15,98338.80000000,99569.75000000,97235.70000000,98098.92000000,205.65667000
BTCEUR,2025-09-16,98093.54000000,98654.76000000,97051.44000000,98436.96000000,170.87178000
BTCEUR,2025-09-17,98437.32000000,99094.30000000,96750.00000000,98475.16000000,329.42967000
BTCEUR,2025-09-18,98478.24000000,100109.27000000,98232.04000000,99332.79000000,266.03053000
BTCEUR,2025-09-19,99348.48000000,99727.00000000,98063.01000000,98569.20000000,162.95456000
BTCEUR,2025-09-20,98568.33000000,99000.00000000,98384.89000000,98633.84000000,53.85511000
BTCEUR,2025-09-21,98633.85000000,98710.24000000,98169.01000000,98264.48000000,67.90774000
BTCEUR,2025-09-22,98254.70000000,98421.81000000,94997.77000000,95584.95000000,399.63280000
BTCEUR,2025-09-23,95581.13000000,96102.36000000,94446.18000000,94848.08000000,183.98685000
BTCEUR,2025-09-24,94848.08000000,97156.32000000,94188.53000000,96551.97000000,195.75057000
BTCEUR,2025-09-25,96557.10000000,96719.99000000,93239.79000000,93524.64000000,361.24547000
BTCEUR,2025-09-26,93524.34000000,94390.33000000,93108.03000000,93824.89000000,261.24537000
BTCEUR,2025-09-27,93824.75000000,93900.10000000,93340.01000000,93830.45000000,85.92199000
BTCEUR,2025-09-28,93830.45000000,96061.05000000,93420.69000000,95910.40000000,130.89395000
BTCEUR,2025-09-29,95919.27000000,97632.64000000,95175.09000000,97511.13000000,244.39069000
BTCEUR,2025-09-30,97510.49000000,97996.03000000,95929.69000000,97204.85000000,230.81392000
BTCEUR,2025-10-01,97205.68000000,101087.45000000,97116.70000000,101051.02000000,688.01272000
BTCEUR,2025-10-02,101056.02000000,103188.00000000,100710.61000000,102783.86000000,433.16128000
BTCEUR,2025-10-03,102786.02000000,105376.84000000,101497.54000000,104017.50000000,512.13968000
BTCEUR,2025-10-04,104020.86000000,104529.40000000,103100.01000000,103993.17000000,176.23209000
BTCEUR,2025-10-05,103993.16000000,106355.75000000,103538.00000000,105024.66000000,433.97844000
ETHEUR,2021-01-01,603.25000000,611.00000000,588.16000000,598.37000000,17999.46492000
ETHEUR,2021-01-02,598.60000000,639.00000000,570.37000000,623.61000000,37803.02913000
ETHEUR,2021-01-03,623.89000000,799.00000000,617.08000000,775.83000000,78259.51690000
ETHEUR,2021-01-04,776.86000000,906.88000000,725.00000000,847.61000000,118278.81836000
ETHEUR,2021-01-05,847.64000000,916.48000000,794.58000000,895.50000000,86946.31547000
ETHEUR,2021-01-06,895.50000000,987.00000000,862.48000000,980.49000000,77973.52980000
ETHEUR,2021-01-07,980.49000000,1050.10000000,930.28000000,994.35000000,78292.32639000
ETHEUR,2021-01-08,995.71000000,1040.00000000,870.14000000,989.81000000,84753.45183000
ETHEUR,2021-01-09,990.15000000,1052.00000000,956.66000000,1023.82000000,48831.41103000
ETHEUR,2021-01-10,1023.76000000,1082.20000000,905.30000000,1014.72000000,73996.65111000
ETHEUR,2021-01-11,1014.81000000,1019.17000000,750.99000000,896.32000000,186688.47540000
ETHEUR,2021-01-12,895.51000000,948.81000000,829.00000000,861.63000000,98939.13696000
ETHEUR,2021-01-13,861.88000000,936.86000000,810.00000000,929.71000000,69366.03578000
ETHEUR,2021-01-14,930.06000000,1026.34000000,897.24000000,1012.16000000,80471.16675000
ETHEUR,2021-01-15,1012.21000000,1034.74000000,886.22000000,968.82000000,92696.48813000
ETHEUR,2021-01-16,968.73000000,1068.89000000,955.18000000,1017.78000000,56407.89389000
ETHEUR,2021-01-17,1017.95000000,1047.34000000,968.39000000,1020.25000000,44877.16573000
ETHEUR,2021-01-18,1019.31000000,1043.59000000,981.75000000,1041.79000000,36931.73355000
ETHEUR,2021-01-19,1041.97000000,1190.09000000,1036.05000000,1130.97000000,92107.09654000
ETHEUR,2021-01-20,1130.64000000,1163.11000000,1022.00000000,1137.98000000,87706.22819000
ETHEUR,2021-01-21,1137.46000000,1147.76000000,894.00000000,914.37000000,114557.83231000
ETHEUR,2021-01-22,913.79000000,1050.00000000,855.00000000,1014.06000000,103027.01787000
ETHEUR,2021-01-23,1013.94000000,1048.13000000,986.57000000,1015.49000000,50716.84438000
ETHEUR,2021-01-24,1015.49000000,1150.24000000,1005.22000000,1145.66000000,61072.01442000
ETHEUR,2021-01-25,1145.76000000,1210.88000000,1070.01000000,1088.77000000,80310.60219000
ETHEUR,2021-01-26,1088.28000000,1137.62000000,1025.96000000,1124.10000000,71169.65408000
ETHEUR,2021-01-27,1124.43000000,1131.15000000,1001.96000000,1027.05000000,85526.87226000
ETHEUR,2021-01-28,1026.98000000,1123.62000000,1010.65000000,1099.55000000,61559.27552000
ETHEUR,2021-01-29,1099.49000000,1183.00000000,1065.00000000,1138.04000000,90711.27855000
ETHEUR,2021-01-30,1138.66000000,1160.05000000,1096.40000000,1137.66000000,37651.85289000
ETHEUR,2021-01-31,1137.60000000,1139.01000000,1060.53000000,1085.27000000,34644.21569000
ETHEUR,2021-02-01,1085.18000000,1141.90000000,1050.57000000,1140.02000000,39364.91959000
ETHEUR,2021-02-02,1140.02000000,1286.88000000,1128.11000000,1256.51000000,90496.09976000
ETHEUR,2021-02-03,1256.65000000,1389.70000000,1252.83000000,1384.91000000,80157.73387000
ETHEUR,2021-02-04,1385.10000000,1410.98000000,1300.00000000,1336.46000000,81736.75570000
ETHEUR,2021-02-05,1336.44000000,1469.48000000,1332.83000000,1430.54000000,73716.78899000
ETHEUR,2021-02-06,1431.13000000,1449.87000000,1367.76000000,1395.46000000,53474.24723000
ETHEUR,2021-02-07,1395.60000000,1409.44000000,1240.19000000,1341.95000000,74409.73540000
ETHEUR,2021-02-08,1342.57000000,1476.11000000,1302.67000000,1455.70000000,67501.75105000
ETHEUR,2021-02-09,1455.82000000,1510.34000000,1418.49000000,1464.80000000,63700.60617000
ETHEUR,2021-02-10,1465.06000000,1518.08000000,1385.64000000,1441.39000000,65764.30150000
ETHEUR,2021-02-11,1440.54000000,1497.81000000,1410.12000000,1475.39000000,43133.09105000
ETHEUR,2021-02-12,1475.62000000,1542.00000000,1438.52000000,1522.93000000,47241.94321000
ETHEUR,2021-02-13,1523.27000000,1548.00000000,1465.30000000,1504.07000000,30592.45810000
ETHEUR,2021-02-14,1504.91000000,1529.00000000,1479.57000000,1490.90000000,25622.38105000
ETHEUR,2021-02-15,1491.01000000,1517.98000000,1379.76000000,1470.63000000,53603.55858000
ETHEUR,2021-02-16,1470.91000000,1536.00000000,1431.31000000,1476.65000000,43238.73716000
ETHEUR,2021-02-17,1476.28000000,1544.37000000,1437.61000000,1539.12000000,42657.47806000
ETHEUR,2021-02-18,1539.50000000,1617.64000000,1539.11000000,1608.82000000,50110.93995000
ETHEUR,2021-02-19,1609.50000000,1628.94000000,1570.61000000,1615.60000000,48427.64308000
ETHEUR,2021-02-20,1616.01000000,1680.50000000,1485.18000000,1582.53000000,52336.46823000
ETHEUR,2021-02-21,1581.95000000,1631.00000000,1558.33000000,1597.00000000,33934.15989000
ETHEUR,2021-02-22,1597.19000000,1599.74000000,1275.00000000,1466.50000000,109716.51760000
ETHEUR,2021-02-23,1466.26000000,1469.54000000,1114.42000000,1300.91000000,169628.77860000
ETHEUR,2021-02-24,1300.99000000,1421.71000000,1237.37000000,1338.03000000,83763.13992000
ETHEUR,2021-02-25,1338.00000000,1367.49000000,1203.17000000,1223.41000000,57402.71260000
ETHEUR,2021-02-26,1223.33000000,1293.78000000,1158.13000000,1201.43000000,68554.83382000
ETHEUR,2021-02-27,1201.76000000,1268.66000000,1188.55000000,1214.98000000,34660.92417000
ETHEUR,2021-02-28,1215.02000000,1222.78000000,1077.84000000,1176.52000000,59362.50652000
ETHEUR,2021-03-01,1176.21000000,1307.67000000,1169.88000000,1305.52000000,50871.04810000
ETHEUR,2021-03-02,1305.55000000,1332.73000000,1206.71000000,1235.35000000,50591.07404000
ETHEUR,2021-03-03,1234.79000000,1373.70000000,1226.21000000,1305.15000000,45112.78997000
ETHEUR,2021-03-04,1304.82000000,1350.35000000,1260.13000000,1289.45000000,49238.13919000
ETHEUR,2021-03-05,1289.88000000,1300.62000000,1210.82000000,1284.44000000,45804.05748000
ETHEUR,2021-03-06,1284.15000000,1406.00000000,1273.07000000,1386.49000000,39296.73739000
ETHEUR,2021-03-07,1386.72000000,1454.82000000,1367.07000000,1447.97000000,34477.23250000
ETHEUR,2021-03-08,1447.95000000,1553.18000000,1405.27000000,1545.52000000,43570.92416000
ETHEUR,2021-03-09,1545.97000000,1574.16000000,1513.91000000,1574.15000000,35086.17920000
ETHEUR,2021-03-10,1574.15000000,1580.72000000,1480.00000000,1508.29000000,46227.86225000
ETHEUR,2021-03-11,1508.00000000,1541.82000000,1448.47000000,1524.03000000,39713.95876000
ETHEUR,2021-03-12,1524.41000000,1537.18000000,1443.97000000,1475.36000000,36687.05304000
ETHEUR,2021-03-13,1475.18000000,1601.49000000,1447.02000000,1578.65000000,37361.61280000
ETHEUR,2021-03-14,1578.95000000,1587.80000000,1528.57000000,1542.63000000,23845.52476000
ETHEUR,2021-03-15,1541.79000000,1576.53000000,1460.70000000,1508.80000000,53439.67890000
ETHEUR,2021-03-16,1508.06000000,1528.41000000,1441.37000000,1517.04000000,42787.75568000
ETHEUR,2021-03-17,1517.60000000,1537.63000000,1467.38000000,1520.95000000,34523.79773000
ETHEUR,2021-03-18,1520.95000000,1540.63000000,1479.56000000,1493.56000000,33014.20530000
ETHEUR,2021-03-19,1493.74000000,1546.64000000,1460.72000000,1523.57000000,29046.79565000
ETHEUR,2021-03-20,1523.07000000,1569.03000000,1516.16000000,1519.51000000,23603.88698000
ETHEUR,2021-03-21,1519.51000000,1529.36000000,1480.07000000,1504.39000000,23215.65952000
ETHEUR,2021-03-22,1504.42000000,1519.41000000,1395.12000000,1414.37000000,34135.92256000
ETHEUR,2021-03-23,1414.30000000,1454.86000000,1388.60000000,1410.90000000,32323.35711000
ETHEUR,2021-03-24,1410.67000000,1472.03000000,1308.30000000,1343.31000000,39922.81338000
ETHEUR,2021-03-25,1343.53000000,1376.93000000,1315.02000000,1349.07000000,43552.64831000
ETHEUR,2021-03-26,1349.02000000,1446.00000000,1349.02000000,1443.68000000,27956.94659000
ETHEUR,2021-03-27,1443.27000000,1466.46000000,1414.39000000,1452.00000000,16614.91408000
ETHEUR,2021-03-28,1452.18000000,1462.92000000,1409.24000000,1432.31000000,15312.45807000
ETHEUR,2021-03-29,1432.50000000,1559.89000000,1424.19000000,1542.19000000,29733.55753000
ETHEUR,2021-03-30,1542.05000000,1586.00000000,1518.08000000,1571.32000000,26132.34666000
ETHEUR,2021-03-31,1571.40000000,1658.71000000,1514.63000000,1635.39000000,41210.04957000
ETHEUR,2021-04-01,1635.47000000,1687.15000000,1605.43000000,1672.76000000,38325.22891000
ETHEUR,2021-04-02,1673.05000000,1826.31000000,1656.50000000,1814.55000000,41407.00912000
ETHEUR,2021-04-03,1813.84000000,1816.99000000,1707.84000000,1717.57000000,37201.95193000
ETHEUR,2021-04-04,1717.32000000,1786.03000000,1693.21000000,1768.43000000,22883.04104000
ETHEUR,2021-04-05,1769.30000000,1804.79000000,1710.27000000,1782.09000000,26138.39397000
ETHEUR,2021-04-06,1782.59000000,1817.96000000,1731.00000000,1783.79000000,38346.27687000
ETHEUR,2021-04-07,1784.15000000,1797.32000000,1631.48000000,1661.84000000,65863.05196000
ETHEUR,2021-04-08,1661.87000000,1752.02000000,1650.00000000,1749.10000000,42232.73524000
ETHEUR,2021-04-09,1749.06000000,1768.65000000,1725.00000000,1740.88000000,29709.87569000
ETHEUR,2021-04-10,1740.94000000,1824.60000000,1733.88000000,1791.18000000,36839.08944000
ETHEUR,2021-04-11,1790.97000000,1816.86000000,1768.57000000,1806.83000000,26393.49772000
ETHEUR,2021-04-12,1806.93000000,1849.40000000,1769.33000000,1793.46000000,41218.55448000
ETHEUR,2021-04-13,1793.16000000,1945.12000000,1791.65000000,1924.03000000,52825.41615000
ETHEUR,2021-04-14,1924.04000000,2046.48000000,1910.01000000,2033.42000000,71583.09683000
ETHEUR,2021-04-15,2033.72000000,2130.00000000,2006.33000000,2103.62000000,46614.44680000
ETHEUR,2021-04-16,2104.25000000,2132.77000000,1926.51000000,2028.15000000,70012.01657000
ETHEUR,2021-04-17,2028.17000000,2083.94000000,1947.00000000,1954.06000000,41131.56140000
ETHEUR,2021-04-18,1954.06000000,1969.90000000,1721.19000000,1880.72000000,90661.41167000
ETHEUR,2021-04-19,1880.57000000,1915.79000000,1740.61000000,1801.12000000,63558.17787000
ETHEUR,2021-04-20,1801.30000000,1955.58000000,1709.57000000,1941.81000000,66678.11022000
ETHEUR,2021-04-21,1941.61000000,2056.85000000,1867.37000000,1961.87000000,80678.85672000
ETHEUR,2021-04-22,1962.47000000,2200.00000000,1900.00000000,1998.13000000,122722.55878000
ETHEUR,2021-04-23,1998.50000000,2032.93000000,1745.01000000,1963.93000000,134816.34315000
ETHEUR,2021-04-24,1964.08000000,1964.92000000,1798.26000000,1841.40000000,49160.90285000
ETHEUR,2021-04-25,1841.53000000,1960.44000000,1802.00000000,1925.37000000,38929.20351000
ETHEUR,2021-04-26,1925.53000000,2107.00000000,1911.50000000,2100.45000000,56865.79933000
ETHEUR,2021-04-27,2100.03000000,2223.19000000,2060.30000000,2209.88000000,41967.45851000
ETHEUR,2021-04-28,2209.64000000,2282.68000000,2125.90000000,2269.03000000,51992.30288000
ETHEUR,2021-04-29,2269.45000000,2309.60000000,2205.00000000,2279.17000000,41819.68155000
ETHEUR,2021-04-30,2279.29000000,2320.00000000,2253.51000000,2306.42000000,33968.57083000
ETHEUR,2021-05-01,2306.28000000,2458.99000000,2291.27000000,2447.48000000,34607.36739000
ETHEUR,2021-05-02,2447.23000000,2485.26000000,2377.72000000,2457.03000000,30460.98724000
ETHEUR,2021-05-03,2457.03000000,2869.23000000,2457.03000000,2848.45000000,83237.66325000
ETHEUR,2021-05-04,2849.48000000,2938.77000000,2634.47000000,2704.13000000,129482.67311000
ETHEUR,2021-05-05,2702.93000000,2948.00000000,2677.73000000,2933.13000000,75925.65962000
ETHEUR,2021-05-06,2933.23000000,2996.00000000,2815.00000000,2897.04000000,57888.16344000
ETHEUR,2021-05-07,2897.76000000,2955.67000000,2788.00000000,2871.04000000,46304.93436000
ETHEUR,2021-05-08,2871.06000000,3264.88000000,2846.67000000,3223.97000000,60702.22961000
ETHEUR,2021-05-09,3224.31000000,3291.00000000,3080.00000000,3231.53000000,64106.12952000
ETHEUR,2021-05-10,3231.79000000,3470.93000000,2982.00000000,3269.74000000,105385.56840000
ETHEUR,2021-05-11,3269.59000000,3453.00000000,3121.25000000,3447.93000000,77230.07115000
ETHEUR,2021-05-12,3448.28000000,3620.85000000,3107.60000000,3175.12000000,115125.79880000
ETHEUR,2021-05-13,3172.88000000,3355.00000000,2939.55000000,3089.85000000,160996.75064000
ETHEUR,2021-05-14,3089.04000000,3448.91000000,3068.01000000,3367.05000000,72416.93668000
ETHEUR,2021-05-15,3367.05000000,3412.23000000,3000.00000000,3011.42000000,68051.63361000
ETHEUR,2021-05-16,3013.50000000,3193.99000000,2710.00000000,2956.69000000,98109.12846000
ETHEUR,2021-05-17,2956.00000000,2959.46000000,2550.22000000,2704.80000000,136188.59890000
ETHEUR,2021-05-18,2704.93000000,2929.55000000,2671.00000000,2773.02000000,101599.98789000
ETHEUR,2021-05-19,2774.36000000,2825.67000000,1510.00000000,2015.97000000,312255.92361000
ETHEUR,2021-05-20,2015.97000000,2481.27000000,1784.33000000,2278.00000000,216083.83139000
ETHEUR,2021-05-21,2277.69000000,2412.32000000,1738.11000000,2006.16000000,220670.33689000
ETHEUR,2021-05-22,2005.74000000,2050.88000000,1782.54000000,1893.06000000,167941.90377000
ETHEUR,2021-05-23,1893.92000000,1961.35000000,1425.44000000,1727.26000000,233572.42603000
ETHEUR,2021-05-24,1727.88000000,2200.00000000,1714.83000000,2178.00000000,178207.02451000
ETHEUR,2021-05-25,2178.00000000,2260.00000000,1945.01000000,2212.75000000,148348.07069000
ETHEUR,2021-05-26,2212.77000000,2382.51000000,2162.08000000,2373.56000000,114671.28674000
ETHEUR,2021-05-27,2373.53000000,2377.40000000,2171.93000000,2251.41000000,77493.60182000
ETHEUR,2021-05-28,2250.68000000,2266.00000000,1915.14000000,1985.88000000,106759.54033000
ETHEUR,2021-05-29,1985.30000000,2116.59000000,1819.41000000,1877.61000000,76917.21617000
ETHEUR,2021-05-30,1877.98000000,2044.87000000,1800.00000000,1962.82000000,64981.13359000
ETHEUR,2021-05-31,1962.95000000,2224.00000000,1870.89000000,2213.27000000,86263.06747000
ETHEUR,2021-06-01,2213.27000000,2240.75000000,2068.41000000,2157.11000000,79819.76643000
ETHEUR,2021-06-02,2156.76000000,2298.54000000,2088.63000000,2218.60000000,62743.89097000
ETHEUR,2021-06-03,2218.36000000,2372.94000000,2183.80000000,2358.42000000,62232.41972000
ETHEUR,2021-06-04,2358.42000000,2361.71000000,2107.75000000,2215.09000000,86091.86632000
ETHEUR,2021-06-05,2215.09000000,2323.67000000,2109.04000000,2169.54000000,67571.50902000
ETHEUR,2021-06-06,2169.57000000,2263.73000000,2157.88000000,2234.57000000,37340.88377000
ETHEUR,2021-06-07,2234.32000000,2343.44000000,2116.00000000,2134.05000000,58125.17703000
ETHEUR,2021-06-08,2133.18000000,2156.71000000,1892.32000000,2065.50000000,105212.51174000
ETHEUR,2021-06-09,2064.37000000,2159.58000000,1978.86000000,2145.49000000,76396.82599000
ETHEUR,2021-06-10,2146.21000000,2157.34000000,1996.00000000,2032.59000000,45867.64020000
ETHEUR,2021-06-11,2032.22000000,2054.00000000,1920.00000000,1947.00000000,40634.73986000
ETHEUR,2021-06-12,1946.76000000,2033.87000000,1870.00000000,1962.51000000,45607.26341000
ETHEUR,2021-06-13,1962.92000000,2105.76000000,1913.75000000,2069.20000000,41464.66807000
ETHEUR,2021-06-14,2069.20000000,2152.42000000,2033.88000000,2131.56000000,39387.48830000
ETHEUR,2021-06-15,2131.65000000,2178.27000000,2071.00000000,2099.85000000,38155.85999000
ETHEUR,2021-06-16,2100.01000000,2108.94000000,1961.34000000,1975.49000000,47320.28827000
ETHEUR,2021-06-17,1975.43000000,2057.38000000,1939.22000000,1994.87000000,41035.68221000
ETHEUR,2021-06-18,1994.87000000,1998.88000000,1804.54000000,1888.77000000,63499.65913000
ETHEUR,2021-06-19,1888.62000000,1924.00000000,1828.44000000,1830.78000000,40660.17453000
ETHEUR,2021-06-20,1830.95000000,1920.99000000,1728.12000000,1890.11000000,61915.64221000
ETHEUR,2021-06-21,1890.37000000,1903.99000000,1566.42000000,1583.24000000,131368.93199000
ETHEUR,2021-06-22,1583.57000000,1677.45000000,1430.00000000,1574.56000000,140456.41612000
ETHEUR,2021-06-23,1573.97000000,1718.85000000,1527.18000000,1651.08000000,85763.13398000
ETHEUR,2021-06-24,1651.55000000,1707.77000000,1581.52000000,1668.00000000,52940.87820000
ETHEUR,2021-06-25,1668.29000000,1691.91000000,1500.43000000,1519.60000000,84766.16059000
ETHEUR,2021-06-26,1519.60000000,1556.09000000,1443.83000000,1537.13000000,84715.77202000
ETHEUR,2021-06-27,1537.00000000,1662.70000000,1515.70000000,1660.98000000,49667.97585000
ETHEUR,2021-06-28,1660.99000000,1798.66000000,1642.86000000,1748.64000000,74640.50544000
ETHEUR,2021-06-29,1748.64000000,1888.73000000,1740.48000000,1819.77000000,65635.07404000
ETHEUR,2021-06-30,1819.32000000,1929.93000000,1754.19000000,1919.22000000,77016.91016000
ETHEUR,2021-07-01,1919.23000000,1919.58000000,1750.00000000,1779.00000000,72860.87808000
ETHEUR,2021-07-02,1779.00000000,1820.69000000,1705.96000000,1816.07000000,55619.27026000
ETHEUR,2021-07-03,1815.99000000,1888.60000000,1781.51000000,1875.31000000,34929.99645000
ETHEUR,2021-07-04,1875.60000000,2012.05000000,1842.97000000,1956.09000000,42825.30451000
ETHEUR,2021-07-05,1956.05000000,1957.63000000,1820.62000000,1852.39000000,54480.04715000
ETHEUR,2021-07-06,1852.90000000,1984.71000000,1850.10000000,1965.02000000,50857.05309000
ETHEUR,2021-07-07,1964.92000000,2038.63000000,1940.83000000,1967.00000000,40446.46223000
ETHEUR,2021-07-08,1966.77000000,1973.99000000,1761.34000000,1787.34000000,64434.56944000
ETHEUR,2021-07-09,1787.75000000,1845.55000000,1730.00000000,1809.71000000,49403.14959000
ETHEUR,2021-07-10,1809.38000000,1848.13000000,1750.00000000,1780.74000000,31982.26592000
ETHEUR,2021-07-11,1780.79000000,1831.28000000,1756.23000000,1802.97000000,22741.69468000
ETHEUR,2021-07-12,1803.04000000,1827.24000000,1695.23000000,1716.30000000,36317.35968000
ETHEUR,2021-07-13,1715.74000000,1731.48000000,1633.34000000,1659.65000000,48994.68551000
ETHEUR,2021-07-14,1659.32000000,1730.00000000,1596.01000000,1712.23000000,48921.29768000
ETHEUR,2021-07-15,1711.97000000,1752.10000000,1616.69000000,1647.22000000,53429.69643000
ETHEUR,2021-07-16,1646.87000000,1683.01000000,1576.68000000,1596.17000000,54104.24794000
ETHEUR,2021-07-17,1596.30000000,1643.95000000,1581.95000000,1624.19000000,34522.45638000
ETHEUR,2021-07-18,1624.27000000,1700.00000000,1610.00000000,1618.65000000,35777.81604000
ETHEUR,2021-07-19,1618.64000000,1645.27000000,1540.00000000,1559.50000000,39467.10354000
ETHEUR,2021-07-20,1559.86000000,1578.74000000,1477.12000000,1537.47000000,49152.83779000
ETHEUR,2021-07-21,1537.69000000,1738.55000000,1511.90000000,1713.57000000,96289.33423000
ETHEUR,2021-07-22,1713.65000000,1749.47000000,1672.32000000,1738.38000000,84267.27001000
ETHEUR,2021-07-23,1738.45000000,1827.23000000,1714.08000000,1821.03000000,41320.55477000
ETHEUR,2021-07-24,1821.45000000,1888.66000000,1802.67000000,1874.05000000,34771.81425000
ETHEUR,2021-07-25,1874.22000000,1883.25000000,1809.56000000,1875.39000000,32569.29060000
ETHEUR,2021-07-26,1875.36000000,2068.12000000,1859.00000000,1895.56000000,86856.40722000
ETHEUR,2021-07-27,1895.93000000,1987.97000000,1832.10000000,1963.00000000,62510.99455000
ETHEUR,2021-07-28,1962.50000000,1998.60000000,1915.35000000,1962.68000000,54170.38392000
ETHEUR,2021-07-29,1963.36000000,2037.85000000,1935.22000000,2024.07000000,32765.76250000
ETHEUR,2021-07-30,2024.15000000,2093.08000000,1968.20000000,2082.64000000,49524.60679000
ETHEUR,2021-07-31,2082.60000000,2171.65000000,2045.85000000,2152.84000000,34158.18046000
ETHEUR,2021-08-01,2152.99000000,2298.22000000,2137.08000000,2182.17000000,57112.56355000
ETHEUR,2021-08-02,2182.50000000,2272.25000000,2140.54000000,2221.90000000,46415.21076000
ETHEUR,2021-08-03,2221.89000000,2242.71000000,2080.00000000,2134.87000000,47285.42050000
ETHEUR,2021-08-04,2135.03000000,2365.23000000,2096.31000000,2326.18000000,55411.78469000
ETHEUR,2021-08-05,2326.27000000,2426.20000000,2171.24000000,2414.69000000,72587.81428000
ETHEUR,2021-08-06,2415.12000000,2528.62000000,2335.00000000,2480.60000000,50737.40499000
ETHEUR,2021-08-07,2480.51000000,2740.00000000,2459.42000000,2723.82000000,62628.27757000
ETHEUR,2021-08-08,2723.95000000,2748.60000000,2539.95000000,2603.61000000,55576.63476000
ETHEUR,2021-08-09,2604.07000000,2748.93000000,2492.68000000,2726.77000000,60643.56580000
ETHEUR,2021-08-10,2726.06000000,2790.81000000,2643.03000000,2715.32000000,45985.99307000
ETHEUR,2021-08-11,2715.01000000,2837.73000000,2696.54000000,2743.40000000,39540.26184000
ETHEUR,2021-08-12,2743.75000000,2808.03000000,2578.27000000,2639.48000000,42587.03434000
ETHEUR,2021-08-13,2639.16000000,2848.00000000,2629.66000000,2846.06000000,31568.52197000
ETHEUR,2021-08-14,2846.11000000,2861.20000000,2761.00000000,2801.27000000,26881.02518000
ETHEUR,2021-08-15,2800.93000000,2845.00000000,2680.38000000,2835.00000000,32049.42357000
ETHEUR,2021-08-16,2834.90000000,2856.22000000,2702.81000000,2714.98000000,31268.14015000
ETHEUR,2021-08-17,2715.45000000,2823.40000000,2589.00000000,2609.27000000,34286.65632000
ETHEUR,2021-08-18,2609.97000000,2704.08000000,2558.01000000,2610.60000000,29665.55180000
ETHEUR,2021-08-19,2610.19000000,2749.99000000,2569.04000000,2734.46000000,29989.08122000
ETHEUR,2021-08-20,2735.10000000,2824.59000000,2730.69000000,2809.54000000,28309.90821000
ETHEUR,2021-08-21,2809.89000000,2841.88000000,2757.22000000,2774.88000000,21736.03906000
ETHEUR,2021-08-22,2774.43000000,2811.38000000,2708.53000000,2789.73000000,19537.61017000
ETHEUR,2021-08-23,2789.40000000,2893.32000000,2779.41000000,2855.90000000,29518.76387000
ETHEUR,2021-08-24,2855.80000000,2881.83000000,2701.00000000,2734.43000000,28693.43633000
ETHEUR,2021-08-25,2734.79000000,2800.19000000,2658.48000000,2780.05000000,29558.66536000
ETHEUR,2021-08-26,2779.70000000,2798.40000000,2638.26000000,2670.82000000,31169.87773000
ETHEUR,2021-08-27,2670.61000000,2810.00000000,2643.93000000,2798.63000000,25424.99809000
ETHEUR,2021-08-28,2798.62000000,2807.92000000,2745.76000000,2770.79000000,15166.82960000
ETHEUR,2021-08-29,2771.73000000,2806.13000000,2693.18000000,2763.44000000,21261.80110000
ETHEUR,2021-08-30,2763.46000000,2857.00000000,2697.00000000,2772.00000000,32205.42607000
ETHEUR,2021-08-31,2772.11000000,2955.90000000,2740.00000000,2935.00000000,40392.90213000
ETHEUR,2021-09-01,2934.60000000,3267.00000000,2898.59000000,3255.52000000,44441.95676000
ETHEUR,2021-09-02,3254.42000000,3263.37000000,3146.00000000,3202.10000000,34808.12500000
ETHEUR,2021-09-03,3202.00000000,3408.10000000,3137.41000000,3340.00000000,36107.46763000
ETHEUR,2021-09-04,3341.28000000,3362.66000000,3247.88000000,3299.00000000,27056.94300000
ETHEUR,2021-09-05,3299.41000000,3370.37000000,3254.55000000,3342.72000000,25764.98860000
ETHEUR,2021-09-06,3342.69000000,3368.41000000,3282.08000000,3333.85000000,26119.91080000
ETHEUR,2021-09-07,3334.04000000,3351.05000000,2615.78000000,2957.77000000,72187.50561000
ETHEUR,2021-09-08,2959.73000000,3048.52000000,2754.68000000,2994.60000000,63181.83570000
ETHEUR,2021-09-09,2994.74000000,3051.63000000,2906.21000000,2928.89000000,39308.98040000
ETHEUR,2021-09-10,2928.47000000,3003.76000000,2693.58000000,2740.95000000,39249.75260000
ETHEUR,2021-09-11,2740.59000000,2856.74000000,2733.08000000,2790.25000000,29843.07380000
ETHEUR,2021-09-12,2789.98000000,2963.75000000,2760.80000000,2903.52000000,31368.21940000
ETHEUR,2021-09-13,2904.05000000,2925.39000000,2668.22000000,2804.14000000,43074.37040000
ETHEUR,2021-09-14,2804.26000000,2933.19000000,2789.89000000,2931.46000000,23190.96070000
ETHEUR,2021-09-15,2930.36000000,3074.84000000,2865.25000000,3073.09000000,28636.27940000
ETHEUR,2021-09-16,3072.84000000,3126.18000000,2968.29000000,3039.87000000,37389.67800000
ETHEUR,2021-09-17,3040.26000000,3061.54000000,2862.88000000,2904.00000000,29377.25170000
ETHEUR,2021-09-18,2904.00000000,3025.43000000,2878.60000000,2935.10000000,24658.02430000
ETHEUR,2021-09-19,2934.92000000,2955.37000000,2808.32000000,2848.03000000,24239.28930000
ETHEUR,2021-09-20,2848.48000000,2863.44000000,2502.07000000,2556.04000000,67889.46479000
ETHEUR,2021-09-21,2556.01000000,2668.56000000,2277.21000000,2377.53000000,72048.65693000
ETHEUR,2021-09-22,2377.32000000,2651.79000000,2354.00000000,2651.41000000,47131.35720000
ETHEUR,2021-09-23,2650.89000000,2721.36000000,2614.70000000,2704.02000000,37049.97430000
ETHEUR,2021-09-24,2703.50000000,2708.93000000,2345.67000000,2518.02000000,72877.07660000
ETHEUR,2021-09-25,2517.94000000,2549.76000000,2407.81000000,2511.25000000,48946.93760000
ETHEUR,2021-09-26,2510.70000000,2672.12000000,2355.50000000,2625.50000000,54674.77250000
ETHEUR,2021-09-27,2624.34000000,2714.56000000,2510.00000000,2510.98000000,41887.95980000
ETHEUR,2021-09-28,2510.77000000,2550.81000000,2405.50000000,2418.27000000,39782.14630000
ETHEUR,2021-09-29,2418.63000000,2537.67000000,2404.48000000,2465.62000000,33776.73990000
ETHEUR,2021-09-30,2465.99000000,2634.83000000,2454.50000000,2594.55000000,34834.20910000
ETHEUR,2021-10-01,2594.31000000,2872.17000000,2568.50000000,2853.70000000,41646.68151000
ETHEUR,2021-10-02,2853.83000000,2985.70000000,2809.85000000,2911.96000000,27667.52230000
ETHEUR,2021-10-03,2913.54000000,3000.00000000,2873.47000000,2936.73000000,23039.75120000
ETHEUR,2021-10-04,2937.46000000,2951.81000000,2816.45000000,2909.76000000,32692.33670000
ETHEUR,2021-10-05,2911.02000000,3047.14000000,2892.01000000,3014.20000000,31331.29190000
ETHEUR,2021-10-06,3014.93000000,3129.00000000,2881.01000000,3067.15000000,38669.36180000
ETHEUR,2021-10-07,3066.79000000,3131.45000000,2976.74000000,3075.30000000,36564.89190000
ETHEUR,2021-10-08,3075.56000000,3140.83000000,3035.15000000,3059.34000000,29782.01120000
ETHEUR,2021-10-09,3059.30000000,3121.17000000,3038.65000000,3075.95000000,15954.30200000
ETHEUR,2021-10-10,3075.48000000,3104.27000000,2947.47000000,2955.72000000,24400.39930000
ETHEUR,2021-10-11,2955.18000000,3134.89000000,2919.71000000,3070.60000000,26031.51760000
ETHEUR,2021-10-12,3070.28000000,3081.24000000,2954.97000000,3035.34000000,30073.99690000
ETHEUR,2021-10-13,3033.58000000,3116.64000000,2962.50000000,3109.98000000,22319.66130000
ETHEUR,2021-10-14,3110.60000000,3297.00000000,3092.13000000,3266.98000000,25461.88640000
ETHEUR,2021-10-15,3266.93000000,3360.00000000,3218.14000000,3328.40000000,28805.90430000
ETHEUR,2021-10-16,3327.40000000,3416.00000000,3272.51000000,3294.52000000,23484.84646000
ETHEUR,2021-10-17,3295.26000000,3370.30000000,3145.36000000,3313.93000000,28225.72420000
ETHEUR,2021-10-18,3314.35000000,3353.99000000,3173.82000000,3233.02000000,37398.09770000
ETHEUR,2021-10-19,3233.43000000,3341.19000000,3219.84000000,3333.12000000,32847.52530000
ETHEUR,2021-10-20,3333.32000000,3559.17000000,3290.00000000,3551.77000000,31870.44202000
ETHEUR,2021-10-21,3551.41000000,3748.63000000,3441.38000000,3483.91000000,53650.20862000
ETHEUR,2021-10-22,3484.55000000,3581.92000000,3350.00000000,3423.32000000,28671.86600000
ETHEUR,2021-10-23,3422.97000000,3593.87000000,3394.16000000,3590.63000000,22943.36590000
ETHEUR,2021-10-24,3590.99000000,3605.94000000,3412.30000000,3518.43000000,24938.67110000
ETHEUR,2021-10-25,3517.83000000,3653.11000000,3506.37000000,3639.79000000,20305.55430000
ETHEUR,2021-10-26,3640.50000000,3704.74000000,3543.52000000,3572.44000000,24484.14860000
ETHEUR,2021-10-27,3573.00000000,3720.00000000,3383.00000000,3394.50000000,49728.04870000
ETHEUR,2021-10-28,3394.95000000,3686.87000000,3367.19000000,3675.97000000,46462.05330000
ETHEUR,2021-10-29,3675.65000000,3846.30000000,3660.56000000,3816.72000000,38227.25997000
ETHEUR,2021-10-30,3816.81000000,3829.27000000,3680.00000000,3750.83000000,21745.23180000
ETHEUR,2021-10-31,3751.50000000,3811.70000000,3615.29000000,3722.79000000,28512.45410000
ETHEUR,2021-11-01,3722.79000000,3803.07000000,3603.53000000,3742.81000000,36065.68320000
ETHEUR,2021-11-02,3742.28000000,3976.47000000,3712.84000000,3966.53000000,30926.62742000
ETHEUR,2021-11-03,3967.36000000,4028.40000000,3850.00000000,3969.25000000,34759.26671000
ETHEUR,2021-11-04,3970.20000000,3972.81000000,3835.68000000,3929.00000000,30750.20610000
ETHEUR,2021-11-05,3928.77000000,3964.59000000,3866.04000000,3894.50000000,21172.67960000
ETHEUR,2021-11-06,3894.29000000,3943.00000000,3770.30000000,3925.96000000,24005.99640000
ETHEUR,2021-11-07,3926.73000000,4032.49000000,3915.03000000,4013.28000000,20875.88890000
ETHEUR,2021-11-08,4013.97000000,4163.99000000,4012.92000000,4150.98000000,25255.96473000
ETHEUR,2021-11-09,4151.19000000,4177.00000000,4073.01000000,4096.04000000,23537.28489000
ETHEUR,2021-11-10,4095.82000000,4221.00000000,3911.59000000,4046.00000000,39090.91139000
ETHEUR,2021-11-11,4044.90000000,4192.61000000,3995.70000000,4144.98000000,22555.15410000
ETHEUR,2021-11-12,4144.79000000,4219.18000000,3954.12000000,4094.34000000,37099.04810000
ETHEUR,2021-11-13,4094.04000000,4130.24000000,4024.26000000,4081.32000000,21459.53690000
ETHEUR,2021-11-14,4081.31000000,4126.83000000,3969.75000000,4066.73000000,29354.21610000
ETHEUR,2021-11-15,4066.33000000,4170.94000000,4000.95000000,4023.30000000,28172.77790000
ETHEUR,2021-11-16,4023.15000000,4023.15000000,3623.00000000,3730.22000000,57846.23420000
ETHEUR,2021-11-17,3729.82000000,3809.21000000,3600.41000000,3799.99000000,42434.29240000
ETHEUR,2021-11-18,3799.99000000,3845.47000000,3486.42000000,3518.91000000,45828.39720000
ETHEUR,2021-11-19,3519.25000000,3820.47000000,3499.57000000,3812.09000000,40883.73850000
ETHEUR,2021-11-20,3813.00000000,3947.38000000,3740.00000000,3925.22000000,29130.42250000
ETHEUR,2021-11-21,3924.94000000,3935.64000000,3770.30000000,3783.96000000,22327.75940000
ETHEUR,2021-11-22,3784.59000000,3833.56000000,3587.10000000,3639.02000000,38261.35920000
ETHEUR,2021-11-23,3639.65000000,3899.99000000,3609.41000000,3858.62000000,35492.00440000
ETHEUR,2021-11-24,3858.63000000,3888.44000000,3720.32000000,3816.34000000,31888.61260000
ETHEUR,2021-11-25,3816.69000000,4060.63000000,3796.86000000,4036.86000000,28394.88440000
ETHEUR,2021-11-26,4037.49000000,4060.91000000,3472.05000000,3585.00000000,47675.38490000
ETHEUR,2021-11-27,3585.35000000,3712.09000000,3573.60000000,3638.18000000,22767.70080000
ETHEUR,2021-11-28,3637.74000000,3815.50000000,3516.00000000,3813.00000000,24831.44140000
ETHEUR,2021-11-29,3812.51000000,3961.13000000,3796.50000000,3937.65000000,27361.52520000
ETHEUR,2021-11-30,3938.26000000,4172.20000000,3848.28000000,4087.89000000,54964.43060000
ETHEUR,2021-12-01,4087.89000000,4223.00000000,4001.68000000,4052.59000000,35668.47070000
ETHEUR,2021-12-02,4052.59000000,4088.31000000,3929.35000000,3997.50000000,33841.62500000
ETHEUR,2021-12-03,3996.89000000,4118.49000000,3590.00000000,3737.04000000,57536.26640000
ETHEUR,2021-12-04,3737.00000000,3756.36000000,3185.30000000,3680.65000000,80454.71440000
ETHEUR,2021-12-05,3680.22000000,3780.12000000,3586.79000000,3719.00000000,65133.72530000
ETHEUR,2021-12-06,3719.49000000,3882.98000000,3470.67000000,3861.00000000,47993.47080000
ETHEUR,2021-12-07,3859.51000000,3936.05000000,3781.08000000,3825.42000000,22486.29160000
ETHEUR,2021-12-08,3825.52000000,3938.89000000,3750.63000000,3916.00000000,23066.12890000
ETHEUR,2021-12-09,3916.54000000,3960.55000000,3615.03000000,3639.00000000,29417.33200000
ETHEUR,2021-12-10,3639.19000000,3755.71000000,3444.95000000,3456.00000000,35085.97190000
ETHEUR,2021-12-11,3454.88000000,3632.50000000,3398.45000000,3625.50000000,28327.49380000
ETHEUR,2021-12-12,3626.44000000,3694.77000000,3537.44000000,3657.00000000,18199.85750000
ETHEUR,2021-12-13,3656.16000000,3666.68000000,3256.00000000,3356.82000000,40395.73990000
ETHEUR,2021-12-14,3357.70000000,3450.60000000,3270.53000000,3430.86000000,30285.41380000
ETHEUR,2021-12-15,3430.85000000,3626.84000000,3240.71000000,3558.56000000,36103.78440000
ETHEUR,2021-12-16,3558.99000000,3639.45000000,3490.52000000,3495.40000000,25629.82060000
ETHEUR,2021-12-17,3495.97000000,3526.00000000,3275.00000000,3447.02000000,29966.60160000
ETHEUR,2021-12-18,3448.97000000,3560.39000000,3354.01000000,3526.65000000,20306.99950000
ETHEUR,2021-12-19,3526.49000000,3589.88000000,3457.50000000,3489.90000000,18169.35740000
ETHEUR,2021-12-20,3489.66000000,3541.00000000,3327.14000000,3497.29000000,25632.59370000
ETHEUR,2021-12-21,3497.49000000,3598.96000000,3470.26000000,3557.92000000,21357.50000000
ETHEUR,2021-12-22,3557.20000000,3610.00000000,3482.20000000,3517.23000000,15099.65620000
ETHEUR,2021-12-23,3517.44000000,3665.08000000,3438.75000000,3628.49000000,25426.61640000
ETHEUR,2021-12-24,3630.00000000,3658.70000000,3557.59000000,3581.84000000,12937.00670000
ETHEUR,2021-12-25,3582.26000000,3665.17000000,3558.30000000,3627.62000000,10747.55660000
ETHEUR,2021-12-26,3628.00000000,3634.79000000,3549.00000000,3594.61000000,10806.81060000
ETHEUR,2021-12-27,3594.71000000,3646.67000000,3562.01000000,3568.17000000,10042.55250000
ETHEUR,2021-12-28,3566.91000000,3566.91000000,3327.73000000,3358.08000000,21720.31330000
ETHEUR,2021-12-29,3358.31000000,3389.50000000,3178.71000000,3199.31000000,20081.18000000
ETHEUR,2021-12-30,3199.25000000,3331.38000000,3161.22000000,3278.97000000,18262.02640000
ETHEUR,2021-12-31,3278.86000000,3372.15000000,3184.31000000,3232.65000000,16174.26210000
ETHEUR,2022-01-01,3232.65000000,3327.40000000,3232.65000000,3318.37000000,9722.47630000
ETHEUR,2022-01-02,3318.20000000,3394.11000000,3276.75000000,3370.05000000,8893.22190000
ETHEUR,2022-01-03,3370.45000000,3398.13000000,3261.51000000,3332.50000000,13218.55740000
ETHEUR,2022-01-04,3332.46000000,3447.86000000,3286.64000000,3356.89000000,15329.84760000
ETHEUR,2022-01-05,3356.89000000,3405.00000000,3028.88000000,3135.67000000,24881.36430000
ETHEUR,2022-01-06,3135.65000000,3145.85000000,2922.00000000,3019.23000000,28640.94810000
ETHEUR,2022-01-07,3018.93000000,3027.67000000,2705.97000000,2818.97000000,40856.20310000
ETHEUR,2022-01-08,2819.05000000,2865.36000000,2646.00000000,2717.66000000,25682.66730000
ETHEUR,2022-01-09,2717.88000000,2834.45000000,2697.30000000,2780.66000000,17481.77700000
ETHEUR,2022-01-10,2780.67000000,2805.59000000,2596.48000000,2724.00000000,30525.54920000
ETHEUR,2022-01-11,2723.58000000,2875.00000000,2695.81000000,2854.80000000,17244.60340000
ETHEUR,2022-01-12,2854.31000000,2985.95000000,2823.00000000,2954.59000000,22259.73140000
ETHEUR,2022-01-13,2953.55000000,2974.52000000,2823.26000000,2832.00000000,18157.07390000
ETHEUR,2022-01-14,2832.13000000,2932.15000000,2785.83000000,2903.44000000,16283.43600000
ETHEUR,2022-01-15,2902.84000000,2961.37000000,2864.67000000,2919.75000000,9515.86770000
ETHEUR,2022-01-16,2919.35000000,2976.43000000,2874.39000000,2935.93000000,8868.56010000
ETHEUR,2022-01-17,2936.70000000,2945.50000000,2762.33000000,2819.32000000,17510.94810000
ETHEUR,2022-01-18,2818.84000000,2845.70000000,2724.27000000,2793.03000000,22269.47960000
ETHEUR,2022-01-19,2792.86000000,2806.47000000,2691.00000000,2723.19000000,23018.67900000
ETHEUR,2022-01-20,2723.50000000,2885.82000000,2645.30000000,2658.00000000,20358.96850000
ETHEUR,2022-01-21,2656.76000000,2683.58000000,2178.40000000,2271.21000000,50633.23350000
ETHEUR,2022-01-22,2270.15000000,2319.70000000,2030.40000000,2134.32000000,60406.36626000
ETHEUR,2022-01-23,2134.35000000,2258.69000000,2097.67000000,2244.53000000,38240.17250000
ETHEUR,2022-01-24,2244.81000000,2244.81000000,1911.17000000,2158.37000000,66099.92550000
ETHEUR,2022-01-25,2159.20000000,2222.83000000,2080.76000000,2178.38000000,26889.82020000
ETHEUR,2022-01-26,2178.30000000,2414.00000000,2139.98000000,2195.26000000,41430.19430000
ETHEUR,2022-01-27,2194.84000000,2262.26000000,2081.51000000,2176.33000000,32964.44540000
ETHEUR,2022-01-28,2177.29000000,2298.93000000,2119.86000000,2288.32000000,28400.66240000
ETHEUR,2022-01-29,2288.10000000,2372.50000000,2265.65000000,2341.18000000,18832.72340000
ETHEUR,2022-01-30,2340.72000000,2374.87000000,2288.28000000,2336.90000000,20063.02260000
ETHEUR,2022-01-31,2336.55000000,2412.00000000,2222.42000000,2393.78000000,26271.81620000
ETHEUR,2022-02-01,2393.84000000,2506.13000000,2382.58000000,2477.33000000,25491.99720000
ETHEUR,2022-02-02,2476.15000000,2490.65000000,2318.42000000,2377.22000000,29329.63780000
ETHEUR,2022-02-03,2378.19000000,2417.50000000,2254.00000000,2360.22000000,30642.44110000
ETHEUR,2022-02-04,2359.60000000,2619.46000000,2335.92000000,2618.67000000,41617.54390000
ETHEUR,2022-02-05,2618.66000000,2675.70000000,2587.00000000,2633.69000000,21892.54150000
ETHEUR,2022-02-06,2633.88000000,2686.62000000,2581.74000000,2669.60000000,16133.20820000
ETHEUR,2022-02-07,2669.86000000,2792.48000000,2615.42000000,2746.52000000,28691.35200000
ETHEUR,2022-02-08,2747.90000000,2833.00000000,2652.00000000,2733.83000000,34226.77180000
ETHEUR,2022-02-09,2733.82000000,2863.00000000,2675.16000000,2844.72000000,27052.23250000
ETHEUR,2022-02-10,2844.21000000,2872.17000000,2681.26000000,2694.34000000,35748.87540000
ETHEUR,2022-02-11,2694.48000000,2757.04000000,2538.89000000,2582.18000000,30310.88250000
ETHEUR,2022-02-12,2582.51000000,2633.09000000,2521.80000000,2575.72000000,18750.01910000
ETHEUR,2022-02-13,2574.95000000,2607.67000000,2505.24000000,2529.69000000,16160.34520000
ETHEUR,2022-02-14,2530.00000000,2624.72000000,2494.86000000,2593.32000000,22917.54030000
ETHEUR,2022-02-15,2593.45000000,2815.00000000,2577.86000000,2803.14000000,21367.14110000
ETHEUR,2022-02-16,2804.03000000,2804.47000000,2681.22000000,2745.91000000,18350.43860000
ETHEUR,2022-02-17,2745.93000000,2779.73000000,2511.73000000,2547.15000000,33529.56070000
ETHEUR,2022-02-18,2547.16000000,2591.79000000,2433.00000000,2457.45000000,27176.54580000
ETHEUR,2022-02-19,2457.80000000,2503.00000000,2383.74000000,2444.16000000,15232.43920000
ETHEUR,2022-02-20,2444.49000000,2444.79000000,2276.78000000,2317.90000000,20450.16180000
ETHEUR,2022-02-21,2317.51000000,2429.02000000,2265.00000000,2274.68000000,39590.80980000
ETHEUR,2022-02-22,2273.98000000,2351.00000000,2213.36000000,2329.60000000,33837.80880000
ETHEUR,2022-02-23,2329.74000000,2426.98000000,2280.00000000,2282.69000000,22931.56850000
ETHEUR,2022-02-24,2283.32000000,2447.17000000,2046.30000000,2317.13000000,60233.22720000
ETHEUR,2022-02-25,2317.43000000,2517.87000000,2302.42000000,2458.00000000,28883.43920000
ETHEUR,2022-02-26,2459.10000000,2553.14000000,2423.43000000,2468.50000000,15636.52070000
ETHEUR,2022-02-27,2469.22000000,2518.33000000,2296.01000000,2342.87000000,27140.31940000
ETHEUR,2022-02-28,2343.67000000,2627.99000000,2305.41000000,2605.50000000,33491.20980000
ETHEUR,2022-03-01,2605.42000000,2723.48000000,2551.50000000,2675.87000000,27878.82130000
ETHEUR,2022-03-02,2677.00000000,2738.33000000,2620.97000000,2652.96000000,29836.24280000
ETHEUR,2022-03-03,2652.96000000,2675.88000000,2522.05000000,2562.04000000,21660.34090000
ETHEUR,2022-03-04,2561.84000000,2563.72000000,2360.00000000,2402.21000000,25082.24480000
ETHEUR,2022-03-05,2401.52000000,2460.49000000,2373.14000000,2442.08000000,9958.44170000
ETHEUR,2022-03-06,2441.82000000,2452.00000000,2332.50000000,2346.45000000,12331.26100000
ETHEUR,2022-03-07,2346.23000000,2431.00000000,2255.68000000,2295.82000000,28453.97230000
ETHEUR,2022-03-08,2295.33000000,2399.44000000,2285.19000000,2364.86000000,29151.51950000
ETHEUR,2022-03-09,2364.79000000,2533.45000000,2356.91000000,2464.32000000,20222.32440000
ETHEUR,2022-03-10,2464.69000000,2470.71000000,2309.49000000,2369.12000000,24971.56580000
ETHEUR,2022-03-11,2369.77000000,2431.34000000,2296.50000000,2346.68000000,24807.89350000
ETHEUR,2022-03-12,2346.70000000,2400.00000000,2343.30000000,2360.17000000,8674.81700000
ETHEUR,2022-03-13,2360.43000000,2390.88000000,2292.46000000,2309.77000000,10507.87900000
ETHEUR,2022-03-14,2310.88000000,2389.92000000,2296.03000000,2368.82000000,24580.56480000
ETHEUR,2022-03-15,2369.44000000,2439.53000000,2285.45000000,2389.95000000,25098.94670000
ETHEUR,2022-03-16,2390.06000000,2529.60000000,2376.97000000,2517.84000000,30621.48010000
ETHEUR,2022-03-17,2517.82000000,2564.40000000,2490.60000000,2537.87000000,18299.44380000
ETHEUR,2022-03-18,2537.61000000,2703.01000000,2494.50000000,2664.64000000,20864.86760000
ETHEUR,2022-03-19,2664.79000000,2706.88000000,2619.31000000,2673.02000000,12082.40700000
ETHEUR,2022-03-20,2672.06000000,2685.00000000,2552.96000000,2595.34000000,13080.16790000
ETHEUR,2022-03-21,2595.57000000,2681.33000000,2563.99000000,2625.88000000,20370.44520000
ETHEUR,2022-03-22,2624.68000000,2775.58000000,2622.35000000,2694.76000000,22315.16790000
ETHEUR,2022-03-23,2694.72000000,2770.55000000,2652.40000000,2761.20000000,18647.17770000
ETHEUR,2022-03-24,2760.95000000,2845.45000000,2735.04000000,2830.28000000,21507.18520000
ETHEUR,2022-03-25,2828.40000000,2903.63000000,2803.47000000,2828.68000000,19308.58480000
ETHEUR,2022-03-26,2828.63000000,2874.55000000,2813.06000000,2869.05000000,5749.02630000
ETHEUR,2022-03-27,2868.49000000,3006.36000000,2851.68000000,3003.03000000,8677.97320000
ETHEUR,2022-03-28,3001.82000000,3127.75000000,2984.01000000,3030.54000000,15439.76880000
ETHEUR,2022-03-29,3034.10000000,3142.48000000,3017.39000000,3069.32000000,16842.81160000
ETHEUR,2022-03-30,3069.21000000,3092.99000000,3002.08000000,3034.84000000,12538.74270000
ETHEUR,2022-03-31,3035.15000000,3102.39000000,2948.27000000,2967.59000000,17388.13170000
ETHEUR,2022-04-01,2967.55000000,3156.19000000,2903.49000000,3132.99000000,22342.34580000
ETHEUR,2022-04-02,3132.79000000,3203.40000000,3112.99000000,3121.69000000,13280.09090000
ETHEUR,2022-04-03,3121.46000000,3243.94000000,3093.36000000,3190.87000000,11561.61870000
ETHEUR,2022-04-04,3191.81000000,3236.80000000,3110.82000000,3209.04000000,17509.82770000
ETHEUR,2022-04-05,3209.33000000,3243.45000000,3118.66000000,3126.58000000,14120.08300000
ETHEUR,2022-04-06,3126.99000000,3127.18000000,2905.00000000,2911.93000000,22478.24570000
ETHEUR,2022-04-07,2909.40000000,2997.54000000,2890.11000000,2972.68000000,20930.34430000
ETHEUR,2022-04-08,2970.41000000,3051.60000000,2922.97000000,2940.85000000,20624.39860000
ETHEUR,2022-04-09,2940.15000000,3010.57000000,2930.59000000,3001.75000000,8280.81160000
ETHEUR,2022-04-10,3002.15000000,3046.22000000,2936.32000000,2945.75000000,9270.13430000
ETHEUR,2022-04-11,2945.43000000,2954.33000000,2712.60000000,2738.66000000,21957.59980000
ETHEUR,2022-04-12,2740.32000000,2835.78000000,2717.72000000,2798.86000000,25283.74780000
ETHEUR,2022-04-13,2799.02000000,2881.83000000,2773.59000000,2864.72000000,17859.76270000
ETHEUR,2022-04-14,2865.09000000,2889.22000000,2754.27000000,2795.77000000,19600.43790000
ETHEUR,2022-04-15,2796.17000000,2833.35000000,2774.03000000,2821.11000000,13818.78870000
ETHEUR,2022-04-16,2821.11000000,2859.87000000,2790.93000000,2835.66000000,9239.84220000
ETHEUR,2022-04-17,2836.36000000,2857.42000000,2763.49000000,2767.31000000,11624.73430000
ETHEUR,2022-04-18,2767.00000000,2855.22000000,2678.36000000,2843.32000000,22221.68470000
ETHEUR,2022-04-19,2843.23000000,2906.41000000,2811.51000000,2878.01000000,20873.95330000
ETHEUR,2022-04-20,2877.80000000,2925.48000000,2804.34000000,2839.02000000,20752.12100000
ETHEUR,2022-04-21,2838.80000000,2922.38000000,2723.00000000,2759.04000000,20911.27490000
ETHEUR,2022-04-22,2758.86000000,2809.94000000,2722.62000000,2749.43000000,19549.11010000
ETHEUR,2022-04-23,2749.60000000,2764.13000000,2706.38000000,2721.28000000,7831.31050000
ETHEUR,2022-04-24,2721.80000000,2746.75000000,2701.31000000,2705.39000000,9925.33130000
ETHEUR,2022-04-25,2705.22000000,2825.92000000,2606.31000000,2807.65000000,26104.77170000
ETHEUR,2022-04-26,2808.22000000,2833.00000000,2604.34000000,2643.99000000,21270.32480000
ETHEUR,2022-04-27,2644.50000000,2768.28000000,2628.36000000,2737.22000000,19222.23890000
ETHEUR,2022-04-28,2737.00000000,2836.32000000,2717.82000000,2797.45000000,24024.80600000
ETHEUR,2022-04-29,2797.39000000,2805.42000000,2634.04000000,2674.13000000,24384.72200000
ETHEUR,2022-04-30,2674.05000000,2697.53000000,2584.09000000,2594.02000000,13715.96330000
ETHEUR,2022-05-01,2594.43000000,2700.93000000,2583.99000000,2679.59000000,16840.56240000
ETHEUR,2022-05-02,2679.57000000,2744.55000000,2644.95000000,2719.14000000,21540.05390000
ETHEUR,2022-05-03,2719.41000000,2723.72000000,2620.83000000,2647.33000000,17009.26440000
ETHEUR,2022-05-04,2647.32000000,2796.45000000,2637.34000000,2770.91000000,22382.13150000
ETHEUR,2022-05-05,2770.25000000,2782.00000000,2559.90000000,2610.23000000,23931.54830000
ETHEUR,2022-05-06,2610.28000000,2621.58000000,2493.63000000,2556.22000000,28810.76240000
ETHEUR,2022-05-07,2556.23000000,2568.72000000,2457.95000000,2502.38000000,16227.03650000
ETHEUR,2022-05-08,2502.62000000,2508.62000000,2360.00000000,2394.59000000,25442.10640000
ETHEUR,2022-05-09,2395.06000000,2405.75000000,2108.87000000,2111.86000000,51267.30550000
ETHEUR,2022-05-10,2112.38000000,2329.82000000,2085.04000000,2226.62000000,48974.72370000
ETHEUR,2022-05-11,2226.61000000,2325.00000000,1900.00000000,1976.49000000,63155.54871000
ETHEUR,2022-05-12,1973.91000000,2078.10000000,1532.88000000,1883.61000000,74938.65122000
ETHEUR,2022-05-13,1884.00000000,2069.19000000,1865.25000000,1930.38000000,39610.47180000
ETHEUR,2022-05-14,1930.81000000,1988.26000000,1875.50000000,1977.78000000,17463.21850000
ETHEUR,2022-05-15,1977.78000000,2084.29000000,1923.32000000,2063.36000000,13446.29280000
ETHEUR,2022-05-16,2063.24000000,2063.24000000,1898.53000000,1938.62000000,30891.26600000
ETHEUR,2022-05-17,1938.62000000,2014.19000000,1906.39000000,1981.91000000,23853.88020000
ETHEUR,2022-05-18,1981.53000000,1998.00000000,1821.61000000,1826.95000000,28477.70690000
ETHEUR,2022-05-19,1826.98000000,1925.75000000,1813.81000000,1908.02000000,32053.97730000
ETHEUR,2022-05-20,1907.79000000,1951.37000000,1821.80000000,1855.32000000,27815.81070000
ETHEUR,2022-05-21,1856.22000000,1884.58000000,1835.85000000,1869.35000000,12241.93950000
ETHEUR,2022-05-22,1869.27000000,1944.39000000,1860.98000000,1932.64000000,17750.48280000
ETHEUR,2022-05-23,1932.56000000,1961.93000000,1832.43000000,1846.36000000,29346.36430000
ETHEUR,2022-05-24,1847.02000000,1867.82000000,1783.29000000,1844.38000000,20136.68830000
ETHEUR,2022-05-25,1844.17000000,1885.83000000,1814.76000000,1817.52000000,19669.15410000
ETHEUR,2022-05-26,1817.20000000,1837.29000000,1624.65000000,1669.47000000,40432.92930000
ETHEUR,2022-05-27,1668.65000000,1700.26000000,1587.00000000,1608.82000000,53821.59660000
ETHEUR,2022-05-28,1608.71000000,1686.38000000,1604.32000000,1671.10000000,20675.80850000
ETHEUR,2022-05-29,1671.07000000,1702.15000000,1642.56000000,1690.25000000,19076.85800000
ETHEUR,2022-05-30,1690.19000000,1868.08000000,1680.50000000,1856.15000000,31618.50090000
ETHEUR,2022-05-31,1855.96000000,1871.68000000,1795.00000000,1808.32000000,32024.22800000
ETHEUR,2022-06-01,1809.09000000,1840.95000000,1656.63000000,1706.30000000,31326.28030000
ETHEUR,2022-06-02,1706.52000000,1725.10000000,1665.32000000,1706.32000000,32585.90330000
ETHEUR,2022-06-03,1706.13000000,1714.10000000,1622.49000000,1656.43000000,30641.61910000
ETHEUR,2022-06-04,1656.46000000,1695.73000000,1632.00000000,1685.38000000,12305.62270000
ETHEUR,2022-06-05,1685.30000000,1709.71000000,1656.78000000,1684.39000000,13841.95310000
ETHEUR,2022-06-06,1684.62000000,1791.74000000,1682.14000000,1740.14000000,33468.57680000
ETHEUR,2022-06-07,1740.17000000,1749.95000000,1616.79000000,1693.93000000,40150.33080000
ETHEUR,2022-06-08,1693.66000000,1716.16000000,1650.79000000,1671.74000000,26631.19620000
ETHEUR,2022-06-09,1672.17000000,1710.66000000,1659.11000000,1683.54000000,28755.15380000
ETHEUR,2022-06-10,1683.76000000,1695.94000000,1575.00000000,1581.19000000,34511.62420000
ETHEUR,2022-06-11,1581.43000000,1599.55000000,1429.65000000,1458.92000000,28772.91480000
ETHEUR,2022-06-12,1459.08000000,1477.76000000,1355.96000000,1367.30000000,37184.63102000
ETHEUR,2022-06-13,1366.39000000,1385.67000000,1119.13000000,1163.54000000,108575.80364000
ETHEUR,2022-06-14,1161.73000000,1216.57000000,1034.00000000,1157.64000000,112814.90579000
ETHEUR,2022-06-15,1158.05000000,1195.03000000,967.78000000,1184.14000000,124697.78225000
ETHEUR,2022-06-16,1183.50000000,1201.73000000,999.22000000,1014.42000000,66724.55420000
ETHEUR,2022-06-17,1014.81000000,1063.13000000,998.07000000,1036.23000000,47308.08210000
ETHEUR,2022-06-18,1036.78000000,1046.68000000,842.44000000,952.28000000,74764.95885000
ETHEUR,2022-06-19,952.06000000,1107.21000000,896.76000000,1077.38000000,65408.28900000
ETHEUR,2022-06-20,1077.30000000,1110.52000000,1004.58000000,1071.94000000,43799.62250000
ETHEUR,2022-06-21,1071.66000000,1130.21000000,1053.69000000,1068.81000000,28001.45200000
ETHEUR,2022-06-22,1069.17000000,1071.13000000,987.81000000,993.60000000,28703.51870000
ETHEUR,2022-06-23,993.70000000,1096.19000000,989.13000000,1087.04000000,26419.24990000
ETHEUR,2022-06-24,1087.18000000,1180.43000000,1073.94000000,1160.54000000,37119.97910000
ETHEUR,2022-06-25,1161.10000000,1191.48000000,1119.50000000,1178.14000000,14447.78170000
ETHEUR,2022-06-26,1178.50000000,1214.48000000,1130.57000000,1134.30000000,21182.68990000
ETHEUR,2022-06-27,1133.99000000,1171.63000000,1107.80000000,1125.82000000,26715.11410000
ETHEUR,2022-06-28,1125.80000000,1174.21000000,1079.31000000,1085.69000000,26965.70120000
ETHEUR,2022-06-29,1086.06000000,1097.69000000,1038.21000000,1051.83000000,28161.00470000
ETHEUR,2022-06-30,1051.96000000,1058.67000000,958.90000000,1023.16000000,34619.23450000
ETHEUR,2022-07-01,1023.53000000,1065.04000000,988.74000000,1015.39000000,37907.62830000
ETHEUR,2022-07-02,1015.63000000,1035.10000000,987.00000000,1023.51000000,21494.55530000
ETHEUR,2022-07-03,1023.62000000,1043.22000000,998.06000000,1029.29000000,18955.82300000
ETHEUR,2022-07-04,1029.45000000,1111.89000000,1002.28000000,1102.17000000,29893.73860000
ETHEUR,2022-07-05,1102.43000000,1137.21000000,1050.01000000,1102.49000000,33411.01560000
ETHEUR,2022-07-06,1102.29000000,1181.28000000,1081.47000000,1164.16000000,32939.11210000
ETHEUR,2022-07-07,1164.12000000,1234.01000000,1137.56000000,1215.59000000,31412.20260000
ETHEUR,2022-07-08,1216.36000000,1251.74000000,1176.05000000,1192.04000000,34009.47030000
ETHEUR,2022-07-09,1192.01000000,1212.00000000,1183.01000000,1195.31000000,48243.69700000
ETHEUR,2022-07-10,1195.48000000,1198.54000000,1132.30000000,1148.08000000,73683.20230000
ETHEUR,2022-07-11,1148.81000000,1153.19000000,1087.11000000,1091.04000000,56145.89630000
ETHEUR,2022-07-12,1090.95000000,1092.10000000,1029.50000000,1035.16000000,41688.47260000
ETHEUR,2022-07-13,1035.08000000,1115.00000000,1006.26000000,1111.24000000,48963.19080000
ETHEUR,2022-07-14,1110.93000000,1210.37000000,1070.95000000,1189.14000000,43592.73750000
ETHEUR,2022-07-15,1189.05000000,1276.86000000,1177.71000000,1221.22000000,42288.92460000
ETHEUR,2022-07-16,1220.78000000,1406.62000000,1182.60000000,1343.39000000,39844.28280000
ETHEUR,2022-07-17,1343.44000000,1373.27000000,1307.03000000,1324.76000000,33670.08330000
ETHEUR,2022-07-18,1325.12000000,1573.40000000,1321.59000000,1558.49000000,46458.03960000
ETHEUR,2022-07-19,1558.46000000,1605.66000000,1470.00000000,1508.52000000,49516.85830000
ETHEUR,2022-07-20,1508.23000000,1585.64000000,1461.35000000,1494.22000000,43171.77190000
ETHEUR,2022-07-21,1493.61000000,1570.39000000,1433.86000000,1542.47000000,42906.40770000
ETHEUR,2022-07-22,1542.21000000,1620.47000000,1486.00000000,1505.88000000,39657.92230000
ETHEUR,2022-07-23,1506.17000000,1565.06000000,1459.26000000,1518.30000000,24981.16550000
ETHEUR,2022-07-24,1518.39000000,1629.59000000,1516.13000000,1567.04000000,26978.80810000
ETHEUR,2022-07-25,1566.76000000,1578.74000000,1406.11000000,1410.36000000,39594.43210000
ETHEUR,2022-07-26,1410.42000000,1436.03000000,1342.00000000,1431.26000000,31874.25050000
ETHEUR,2022-07-27,1431.65000000,1610.36000000,1401.43000000,1602.45000000,37318.93310000
ETHEUR,2022-07-28,1602.76000000,1750.80000000,1570.01000000,1692.33000000,42985.93320000
ETHEUR,2022-07-29,1692.59000000,1727.00000000,1628.57000000,1684.46000000,37739.11410000
ETHEUR,2022-07-30,1685.27000000,1708.00000000,1640.10000000,1663.40000000,22025.73420000
ETHEUR,2022-07-31,1663.50000000,1716.21000000,1633.59000000,1646.61000000,18883.20070000
ETHEUR,2022-08-01,1646.11000000,1667.31000000,1566.17000000,1590.22000000,24934.23780000
ETHEUR,2022-08-02,1589.99000000,1647.00000000,1523.64000000,1606.45000000,28763.49480000
ETHEUR,2022-08-03,1606.52000000,1655.70000000,1567.14000000,1594.98000000,28601.45800000
ETHEUR,2022-08-04,1595.05000000,1636.73000000,1548.11000000,1573.78000000,28944.96200000
ETHEUR,2022-08-05,1573.40000000,1711.52000000,1571.21000000,1706.90000000,27595.83610000
ETHEUR,2022-08-06,1707.35000000,1719.08000000,1655.79000000,1661.20000000,15652.31560000
ETHEUR,2022-08-07,1661.20000000,1701.62000000,1640.00000000,1672.70000000,16797.96140000
ETHEUR,2022-08-08,1672.76000000,1783.00000000,1666.28000000,1745.24000000,22763.09280000
ETHEUR,2022-08-09,1744.83000000,1757.98000000,1634.52000000,1670.67000000,24634.88790000
ETHEUR,2022-08-10,1670.80000000,1833.00000000,1625.01000000,1802.59000000,31051.84960000
ETHEUR,2022-08-11,1802.40000000,1879.36000000,1799.01000000,1825.90000000,62546.20470000
ETHEUR,2022-08-12,1826.00000000,1915.19000000,1801.64000000,1909.67000000,45037.05680000
ETHEUR,2022-08-13,1909.75000000,1966.83000000,1897.83000000,1935.25000000,23072.52530000
ETHEUR,2022-08-14,1935.44000000,1978.67000000,1861.00000000,1889.82000000,21980.92240000
ETHEUR,2022-08-15,1889.97000000,1963.45000000,1833.73000000,1869.77000000,29950.78020000
ETHEUR,2022-08-16,1868.54000000,1890.90000000,1824.90000000,1846.09000000,24092.13090000
ETHEUR,2022-08-17,1846.15000000,1924.03000000,1791.39000000,1803.51000000,29560.13980000
ETHEUR,2022-08-18,1803.85000000,1863.08000000,1790.01000000,1831.25000000,19868.87210000
ETHEUR,2022-08-19,1830.60000000,1832.66000000,1598.21000000,1604.28000000,36382.58410000
ETHEUR,2022-08-20,1603.89000000,1655.01000000,1519.92000000,1571.69000000,23688.36760000
ETHEUR,2022-08-21,1571.78000000,1644.21000000,1559.09000000,1615.36000000,21538.84760000
ETHEUR,2022-08-22,1615.42000000,1638.65000000,1530.04000000,1634.43000000,30650.28180000
ETHEUR,2022-08-23,1634.34000000,1680.00000000,1576.98000000,1671.34000000,27752.71610000
ETHEUR,2022-08-24,1671.91000000,1700.00000000,1615.43000000,1663.17000000,22787.74980000
ETHEUR,2022-08-25,1663.17000000,1723.71000000,1661.18000000,1700.46000000,19817.66680000
ETHEUR,2022-08-26,1700.54000000,1701.00000000,1493.70000000,1517.36000000,32031.10950000
ETHEUR,2022-08-27,1517.29000000,1528.52000000,1455.74000000,1499.38000000,24105.72020000
ETHEUR,2022-08-28,1499.54000000,1518.99000000,1435.46000000,1439.28000000,16278.89880000
ETHEUR,2022-08-29,1439.15000000,1561.63000000,1433.23000000,1551.72000000,20710.28900000
ETHEUR,2022-08-30,1551.96000000,1602.33000000,1472.52000000,1521.86000000,25046.04410000
ETHEUR,2022-08-31,1522.33000000,1613.53000000,1522.28000000,1549.45000000,22770.15090000
ETHEUR,2022-09-01,1549.54000000,1606.11000000,1523.71000000,1592.69000000,19075.47960000
ETHEUR,2022-09-02,1592.55000000,1648.46000000,1555.83000000,1584.13000000,18583.13930000
ETHEUR,2022-09-03,1584.19000000,1592.20000000,1542.29000000,1566.02000000,10197.39380000
ETHEUR,2022-09-04,1565.87000000,1592.67000000,1549.82000000,1591.76000000,10100.81770000
ETHEUR,2022-09-05,1592.15000000,1640.00000000,1568.36000000,1626.99000000,14885.79110000
ETHEUR,2022-09-06,1626.98000000,1700.29000000,1572.48000000,1575.98000000,24585.83040000
ETHEUR,2022-09-07,1577.06000000,1657.39000000,1509.08000000,1632.22000000,22068.24310000
ETHEUR,2022-09-08,1632.18000000,1663.59000000,1598.44000000,1635.11000000,19395.82020000
ETHEUR,2022-09-09,1635.09000000,1738.17000000,1624.37000000,1707.58000000,31811.60380000
ETHEUR,2022-09-10,1707.86000000,1778.64000000,1695.53000000,1763.61000000,33169.35480000
ETHEUR,2022-09-11,1763.77000000,1778.75000000,1705.02000000,1752.71000000,32296.97090000
ETHEUR,2022-09-12,1752.73000000,1765.89000000,1672.42000000,1694.97000000,42817.44920000
ETHEUR,2022-09-13,1694.97000000,1731.21000000,1567.33000000,1579.29000000,51187.08430000
ETHEUR,2022-09-14,1579.29000000,1650.90000000,1558.49000000,1641.97000000,43137.73080000
ETHEUR,2022-09-15,1642.00000000,1660.39000000,1455.00000000,1475.97000000,56370.27600000
ETHEUR,2022-09-16,1476.49000000,1487.07000000,1406.24000000,1433.87000000,46302.35580000
ETHEUR,2022-09-17,1433.71000000,1476.16000000,1408.64000000,1468.27000000,30114.85930000
ETHEUR,2022-09-18,1468.30000000,1469.40000000,1325.31000000,1332.52000000,35159.37100000
ETHEUR,2022-09-19,1332.66000000,1390.56000000,1285.00000000,1373.12000000,50120.14600000
ETHEUR,2022-09-20,1372.99000000,1386.09000000,1318.43000000,1327.78000000,39850.31810000
ETHEUR,2022-09-21,1327.64000000,1430.00000000,1241.83000000,1268.34000000,43950.43130000
ETHEUR,2022-09-22,1268.20000000,1370.00000000,1261.48000000,1346.77000000,43967.59360000
ETHEUR,2022-09-23,1347.48000000,1382.04000000,1298.23000000,1367.78000000,45742.43440000
ETHEUR,2022-09-24,1368.10000000,1391.07000000,1347.27000000,1357.80000000,26312.40660000
ETHEUR,2022-09-25,1358.21000000,1379.38000000,1311.14000000,1336.76000000,26414.05090000
ETHEUR,2022-09-26,1336.22000000,1392.97000000,1326.68000000,1388.78000000,39816.64200000
ETHEUR,2022-09-27,1388.54000000,1452.60000000,1361.43000000,1384.23000000,48712.95130000
ETHEUR,2022-09-28,1384.38000000,1396.88000000,1315.82000000,1377.40000000,41597.18480000
ETHEUR,2022-09-29,1377.29000000,1394.87000000,1324.60000000,1358.95000000,39269.11460000
ETHEUR,2022-09-30,1359.10000000,1399.54000000,1342.95000000,1356.30000000,39846.41980000
ETHEUR,2022-10-01,1356.28000000,1361.39000000,1330.68000000,1339.57000000,17068.76950000
ETHEUR,2022-10-02,1339.31000000,1345.40000000,1298.18000000,1304.75000000,23836.59020000
ETHEUR,2022-10-03,1304.98000000,1357.45000000,1292.01000000,1345.91000000,36533.88620000
ETHEUR,2022-10-04,1345.78000000,1377.23000000,1342.38000000,1364.31000000,31285.05250000
ETHEUR,2022-10-05,1364.48000000,1379.61000000,1333.02000000,1364.42000000,25833.43180000
ETHEUR,2022-10-06,1364.61000000,1402.31000000,1364.02000000,1381.15000000,36499.31790000
ETHEUR,2022-10-07,1380.86000000,1389.99000000,1351.95000000,1366.73000000,29778.55700000
ETHEUR,2022-10-08,1367.01000000,1373.99000000,1339.67000000,1352.06000000,18607.21470000
ETHEUR,2022-10-09,1352.09000000,1365.05000000,1343.36000000,1359.90000000,16511.44020000
ETHEUR,2022-10-10,1359.92000000,1373.98000000,1327.25000000,1329.32000000,26838.74530000
ETHEUR,2022-10-11,1328.86000000,1333.49000000,1306.99000000,1319.74000000,28288.08890000
ETHEUR,2022-10-12,1319.74000000,1346.32000000,1316.05000000,1333.74000000,20909.62130000
ETHEUR,2022-10-13,1333.60000000,1337.66000000,1239.15000000,1318.27000000,30789.93720000
ETHEUR,2022-10-14,1318.04000000,1377.37000000,1314.01000000,1334.52000000,32891.71940000
ETHEUR,2022-10-15,1334.06000000,1339.83000000,1302.00000000,1313.41000000,21472.98630000
ETHEUR,2022-10-16,1313.39000000,1353.02000000,1312.75000000,1340.86000000,37783.52380000
ETHEUR,2022-10-17,1340.84000000,1366.47000000,1330.01000000,1353.24000000,23783.87190000
ETHEUR,2022-10-18,1353.28000000,1363.50000000,1307.24000000,1329.53000000,17117.19360000
ETHEUR,2022-10-19,1329.22000000,1336.74000000,1311.81000000,1316.52000000,38974.96790000
ETHEUR,2022-10-20,1316.52000000,1333.67000000,1301.00000000,1312.26000000,33680.52560000
ETHEUR,2022-10-21,1312.20000000,1325.57000000,1289.37000000,1318.94000000,19204.05500000
ETHEUR,2022-10-22,1319.08000000,1338.55000000,1313.00000000,1332.39000000,5635.75480000
ETHEUR,2022-10-23,1332.39000000,1388.88000000,1318.68000000,1383.02000000,12089.21130000
ETHEUR,2022-10-24,1383.19000000,1391.14000000,1343.11000000,1359.04000000,14997.45100000
ETHEUR,2022-10-25,1359.29000000,1528.56000000,1350.73000000,1464.26000000,69527.14000000
ETHEUR,2022-10-26,1464.39000000,1590.79000000,1462.90000000,1551.77000000,50793.50240000
ETHEUR,2022-10-27,1551.98000000,1579.27000000,1507.88000000,1519.47000000,29677.52430000
ETHEUR,2022-10-28,1519.91000000,1583.20000000,1490.00000000,1561.71000000,28912.95760000
ETHEUR,2022-10-29,1561.26000000,1669.00000000,1554.49000000,1625.12000000,24009.23570000
ETHEUR,2022-10-30,1625.13000000,1645.50000000,1582.72000000,1598.70000000,14259.00800000
ETHEUR,2022-10-31,1598.69000000,1645.60000000,1565.39000000,1591.26000000,23494.57340000
ETHEUR,2022-11-01,1591.23000000,1624.46000000,1580.21000000,1598.99000000,20137.21150000
ETHEUR,2022-11-02,1599.23000000,1629.39000000,1531.12000000,1548.22000000,26766.92120000
ETHEUR,2022-11-03,1547.91000000,1594.27000000,1545.06000000,1570.83000000,13493.02870000
ETHEUR,2022-11-04,1571.00000000,1689.66000000,1566.82000000,1653.81000000,20280.50510000
ETHEUR,2022-11-05,1654.10000000,1675.00000000,1630.65000000,1636.69000000,7503.70910000
ETHEUR,2022-11-06,1636.22000000,1680.00000000,1578.08000000,1583.96000000,32218.95120000
ETHEUR,2022-11-07,1582.96000000,1606.84000000,1545.95000000,1566.85000000,61553.78880000
ETHEUR,2022-11-08,1567.08000000,1574.06000000,1281.62000000,1329.35000000,109522.14660000
ETHEUR,2022-11-09,1328.93000000,1503.00000000,1079.00000000,1106.45000000,120467.20420000
ETHEUR,2022-11-10,1105.10000000,1350.00000000,1091.06000000,1277.54000000,96616.90580000
ETHEUR,2022-11-11,1277.09000000,1287.15000000,1100.00000000,1249.89000000,53585.26280000
ETHEUR,2022-11-12,1251.92000000,1252.64000000,1202.73000000,1222.71000000,29248.93260000
ETHEUR,2022-11-13,1222.67000000,1238.73000000,1165.29000000,1184.05000000,27978.05000000
ETHEUR,2022-11-14,1183.94000000,1251.17000000,1135.14000000,1204.28000000,39498.05010000
ETHEUR,2022-11-15,1203.59000000,1237.00000000,1196.68000000,1208.01000000,22603.46080000
ETHEUR,2022-11-16,1208.98000000,1220.56000000,1141.38000000,1169.63000000,18178.91830000
ETHEUR,2022-11-17,1169.53000000,1181.36000000,1139.57000000,1157.97000000,16828.19240000
ETHEUR,2022-11-18,1157.93000000,1187.71000000,1156.90000000,1173.67000000,11790.68230000
ETHEUR,2022-11-19,1173.63000000,1192.11000000,1159.38000000,1176.77000000,8136.00170000
ETHEUR,2022-11-20,1176.77000000,1185.18000000,1095.95000000,1104.37000000,16199.12230000
ETHEUR,2022-11-21,1104.30000000,1116.95000000,1053.40000000,1079.45000000,28991.56130000
ETHEUR,2022-11-22,1079.67000000,1112.21000000,1046.66000000,1104.44000000,19814.66320000
ETHEUR,2022-11-23,1104.53000000,1150.00000000,1093.89000000,1136.49000000,16493.71590000
ETHEUR,2022-11-24,1135.84000000,1165.97000000,1132.92000000,1156.00000000,11478.07250000
ETHEUR,2022-11-25,1155.78000000,1159.18000000,1122.02000000,1151.63000000,9897.34230000
ETHEUR,2022-11-26,1152.23000000,1186.50000000,1149.88000000,1158.41000000,7980.53270000
ETHEUR,2022-11-27,1158.40000000,1174.85000000,1146.00000000,1150.82000000,5455.23280000
ETHEUR,2022-11-28,1150.71000000,1154.87000000,1108.21000000,1128.75000000,13074.35310000
ETHEUR,2022-11-29,1128.75000000,1188.10000000,1119.32000000,1178.47000000,12731.15690000
ETHEUR,2022-11-30,1178.49000000,1258.03000000,1173.77000000,1242.99000000,13459.18630000
ETHEUR,2022-12-01,1242.67000000,1243.66000000,1203.65000000,1212.96000000,8087.70170000
ETHEUR,2022-12-02,1213.04000000,1232.00000000,1204.35000000,1229.95000000,7012.09540000
ETHEUR,2022-12-03,1230.42000000,1240.00000000,1174.60000000,1178.65000000,8995.02490000
ETHEUR,2022-12-04,1178.58000000,1222.20000000,1178.38000000,1214.53000000,7098.31520000
ETHEUR,2022-12-05,1214.53000000,1238.81000000,1189.79000000,1200.59000000,8835.05710000
ETHEUR,2022-12-06,1200.60000000,1218.41000000,1184.02000000,1215.10000000,6905.96190000
ETHEUR,2022-12-07,1214.97000000,1221.42000000,1162.12000000,1171.90000000,8421.07680000
ETHEUR,2022-12-08,1171.90000000,1223.13000000,1164.04000000,1213.25000000,21492.32190000
ETHEUR,2022-12-09,1213.26000000,1228.25000000,1193.00000000,1199.39000000,8787.57470000
ETHEUR,2022-12-10,1199.36000000,1218.21000000,1196.78000000,1202.08000000,2508.73330000
ETHEUR,2022-12-11,1202.09000000,1218.79000000,1193.39000000,1201.44000000,4766.39420000
ETHEUR,2022-12-12,1200.74000000,1213.95000000,1177.82000000,1209.57000000,5949.78300000
ETHEUR,2022-12-13,1209.99000000,1269.76000000,1189.43000000,1242.14000000,9983.51340000
ETHEUR,2022-12-14,1242.17000000,1266.06000000,1220.15000000,1224.66000000,18872.48880000
ETHEUR,2022-12-15,1224.83000000,1228.17000000,1182.00000000,1190.16000000,19380.08020000
ETHEUR,2022-12-16,1190.09000000,1200.45000000,1091.56000000,1102.99000000,12959.59900000
ETHEUR,2022-12-17,1102.57000000,1125.18000000,1098.56000000,1122.59000000,4533.23120000
ETHEUR,2022-12-18,1122.97000000,1131.31000000,1107.89000000,1116.97000000,3142.89020000
ETHEUR,2022-12-19,1118.38000000,1128.04000000,1085.00000000,1100.43000000,5440.01020000
ETHEUR,2022-12-20,1100.60000000,1155.35000000,1096.67000000,1145.92000000,9604.87410000
ETHEUR,2022-12-21,1145.86000000,1152.16000000,1134.42000000,1144.67000000,5271.36970000
ETHEUR,2022-12-22,1144.26000000,1165.64000000,1116.95000000,1148.02000000,6950.62140000
ETHEUR,2022-12-23,1148.17000000,1160.00000000,1143.46000000,1149.23000000,5776.89220000
ETHEUR,2022-12-24,1149.37000000,1154.68000000,1143.99000000,1147.59000000,2708.66040000
ETHEUR,2022-12-25,1147.59000000,1151.86000000,1123.36000000,1147.23000000,4012.59140000
ETHEUR,2022-12-26,1147.14000000,1153.13000000,1136.88000000,1150.65000000,3994.63150000
ETHEUR,2022-12-27,1150.36000000,1155.75000000,1129.64000000,1138.95000000,13532.37630000
ETHEUR,2022-12-28,1138.96000000,1142.34000000,1112.22000000,1118.25000000,21375.99730000
ETHEUR,2022-12-29,1118.42000000,1133.05000000,1115.27000000,1126.13000000,17105.85420000
ETHEUR,2022-12-30,1126.30000000,1127.47000000,1106.98000000,1120.79000000,17110.04420000
ETHEUR,2022-12-31,1120.94000000,1127.07000000,1112.09000000,1115.10000000,15239.84910000
ETHEUR,2023-01-01,1115.34000000,1122.56000000,1109.90000000,1117.41000000,7850.55430000
ETHEUR,2023-01-02,1117.33000000,1143.81000000,1111.25000000,1134.70000000,13972.84470000
ETHEUR,2023-01-03,1134.61000000,1153.88000000,1133.97000000,1151.20000000,14801.78690000
ETHEUR,2023-01-04,1151.19000000,1198.40000000,1148.43000000,1184.80000000,22230.56270000
ETHEUR,2023-01-05,1184.81000000,1192.16000000,1172.00000000,1189.00000000,13142.78960000
ETHEUR,2023-01-06,1189.07000000,1199.00000000,1176.39000000,1192.48000000,13151.09470000
ETHEUR,2023-01-07,1192.48000000,1194.21000000,1185.14000000,1187.21000000,2473.55080000
ETHEUR,2023-01-08,1187.50000000,1214.39000000,1181.62000000,1210.01000000,4341.82580000
ETHEUR,2023-01-09,1210.45000000,1251.98000000,1204.83000000,1230.80000000,11833.07190000
ETHEUR,2023-01-10,1230.74000000,1255.00000000,1228.28000000,1244.44000000,7335.93450000
ETHEUR,2023-01-11,1244.66000000,1297.77000000,1227.21000000,1290.49000000,7986.62680000
ETHEUR,2023-01-12,1290.90000000,1326.00000000,1268.93000000,1304.57000000,15225.11480000
ETHEUR,2023-01-13,1304.32000000,1353.51000000,1291.73000000,1341.04000000,9214.01250000
ETHEUR,2023-01-14,1341.03000000,1550.00000000,1339.22000000,1430.53000000,16895.65980000
ETHEUR,2023-01-15,1430.53000000,1444.70000000,1399.41000000,1434.34000000,7013.66990000
ETHEUR,2023-01-16,1433.99000000,1483.01000000,1406.88000000,1457.33000000,10283.96980000
ETHEUR,2023-01-17,1457.23000000,1482.29000000,1425.72000000,1452.26000000,9828.44670000
ETHEUR,2023-01-18,1451.86000000,1480.78000000,1389.00000000,1400.44000000,11808.02700000
ETHEUR,2023-01-19,1399.65000000,1443.99000000,1398.36000000,1432.74000000,5862.48910000
ETHEUR,2023-01-20,1432.44000000,1536.80000000,1423.64000000,1528.97000000,7937.07950000
ETHEUR,2023-01-21,1528.74000000,1548.67000000,1491.91000000,1497.98000000,8608.86230000
ETHEUR,2023-01-22,1498.52000000,1532.18000000,1479.00000000,1498.20000000,7149.99080000
ETHEUR,2023-01-23,1497.85000000,1517.57000000,1464.82000000,1497.20000000,8428.81920000
ETHEUR,2023-01-24,1496.93000000,1509.87000000,1413.52000000,1430.41000000,10179.58970000
ETHEUR,2023-01-25,1429.92000000,1503.16000000,1394.00000000,1475.19000000,13153.47900000
ETHEUR,2023-01-26,1476.44000000,1495.54000000,1453.14000000,1470.46000000,9265.64090000
ETHEUR,2023-01-27,1470.14000000,1492.18000000,1426.76000000,1471.49000000,10239.39940000
ETHEUR,2023-01-28,1471.49000000,1479.94000000,1433.06000000,1447.85000000,5022.63700000
ETHEUR,2023-01-29,1447.14000000,1528.00000000,1442.23000000,1513.34000000,10333.04980000
ETHEUR,2023-01-30,1513.33000000,1515.46000000,1418.12000000,1444.92000000,11607.54860000
ETHEUR,2023-01-31,1444.97000000,1478.52000000,1440.17000000,1460.35000000,8303.29350000
ETHEUR,2023-02-01,1460.48000000,1500.29000000,1429.26000000,1490.93000000,11219.47520000
ETHEUR,2023-02-02,1492.26000000,1570.81000000,1489.20000000,1507.20000000,38508.47190000
ETHEUR,2023-02-03,1507.78000000,1549.15000000,1495.90000000,1540.75000000,17861.81410000
ETHEUR,2023-02-04,1540.76000000,1569.98000000,1524.91000000,1543.34000000,5739.94460000
ETHEUR,2023-02-05,1543.16000000,1549.24000000,1492.59000000,1511.71000000,7283.46360000
ETHEUR,2023-02-06,1511.35000000,1545.34000000,1491.88000000,1505.61000000,8898.02710000
ETHEUR,2023-02-07,1505.57000000,1564.27000000,1504.41000000,1558.31000000,10725.07180000
ETHEUR,2023-02-08,1558.17000000,1581.07000000,1521.17000000,1540.22000000,26866.40180000
ETHEUR,2023-02-09,1540.60000000,1545.82000000,1422.07000000,1440.27000000,40798.77270000
ETHEUR,2023-02-10,1440.23000000,1450.60000000,1400.27000000,1418.10000000,34073.16580000
ETHEUR,2023-02-11,1418.08000000,1444.72000000,1410.95000000,1440.36000000,13483.87540000
ETHEUR,2023-02-12,1440.44000000,1450.01000000,1398.01000000,1419.13000000,15419.72920000
ETHEUR,2023-02-13,1419.57000000,1428.99000000,1365.52000000,1404.31000000,33896.07460000
ETHEUR,2023-02-14,1404.48000000,1459.51000000,1389.00000000,1449.79000000,24198.16610000
ETHEUR,2023-02-15,1449.55000000,1570.41000000,1439.56000000,1565.69000000,24639.76380000
ETHEUR,2023-02-16,1565.35000000,1632.14000000,1517.66000000,1536.04000000,32559.84290000
ETHEUR,2023-02-17,1535.91000000,1611.67000000,1529.50000000,1586.87000000,21212.22970000
ETHEUR,2023-02-18,1586.43000000,1601.98000000,1571.43000000,1582.92000000,9641.45500000
ETHEUR,2023-02-19,1582.92000000,1614.07000000,1560.31000000,1573.14000000,13223.07790000
ETHEUR,2023-02-20,1573.75000000,1610.00000000,1548.35000000,1595.67000000,14860.35470000
ETHEUR,2023-02-21,1595.67000000,1608.77000000,1542.00000000,1559.60000000,17916.29250000
ETHEUR,2023-02-22,1559.57000000,1566.03000000,1502.66000000,1550.14000000,21673.56120000
ETHEUR,2023-02-23,1550.40000000,1580.40000000,1537.57000000,1558.16000000,44598.70900000
ETHEUR,2023-02-24,1558.27000000,1569.74000000,1496.79000000,1527.26000000,32262.45060000
ETHEUR,2023-02-25,1527.32000000,1528.45000000,1480.01000000,1514.90000000,6624.82940000
ETHEUR,2023-02-26,1514.43000000,1567.24000000,1507.97000000,1557.31000000,6537.54620000
ETHEUR,2023-02-27,1557.63000000,1580.87000000,1525.49000000,1548.96000000,10592.95720000
ETHEUR,2023-02-28,1548.40000000,1567.22000000,1527.09000000,1534.37000000,10906.92640000
ETHEUR,2023-03-01,1534.63000000,1579.50000000,1525.00000000,1571.05000000,25718.96770000
ETHEUR,2023-03-02,1570.82000000,1582.25000000,1538.18000000,1561.46000000,31278.44950000
ETHEUR,2023-03-03,1561.46000000,1562.68000000,1465.57000000,1490.08000000,38587.25180000
ETHEUR,2023-03-04,1490.17000000,1497.27000000,1470.51000000,1487.28000000,12583.57970000
ETHEUR,2023-03-05,1487.28000000,1506.61000000,1473.05000000,1481.84000000,12025.96090000
ETHEUR,2023-03-06,1481.91000000,1489.94000000,1467.78000000,1470.19000000,9412.78600000
ETHEUR,2023-03-07,1470.16000000,1486.78000000,1452.11000000,1483.95000000,10919.43650000
ETHEUR,2023-03-08,1484.14000000,1491.93000000,1449.00000000,1456.54000000,11614.78630000
ETHEUR,2023-03-09,1456.13000000,1468.15000000,1337.42000000,1367.90000000,17180.59160000
ETHEUR,2023-03-10,1367.65000000,1367.65000000,1302.37000000,1346.15000000,27327.28500000
ETHEUR,2023-03-11,1345.00000000,1399.40000000,1325.50000000,1371.99000000,30152.59060000
ETHEUR,2023-03-12,1372.04000000,1490.74000000,1356.19000000,1484.26000000,21585.14130000
ETHEUR,2023-03-13,1485.55000000,1587.63000000,1462.23000000,1555.28000000,25632.77250000
ETHEUR,2023-03-14,1555.20000000,1657.31000000,1545.17000000,1584.57000000,26825.90030000
ETHEUR,2023-03-15,1583.72000000,1610.00000000,1529.81000000,1563.95000000,18004.30620000
ETHEUR,2023-03-16,1564.99000000,1600.61000000,1545.07000000,1584.18000000,13922.51010000
ETHEUR,2023-03-17,1583.75000000,1693.50000000,1573.99000000,1684.33000000,20142.70140000
ETHEUR,2023-03-18,1684.51000000,1735.41000000,1650.33000000,1658.18000000,18418.68780000
ETHEUR,2023-03-19,1658.17000000,1740.00000000,1657.07000000,1684.74000000,13925.98170000
ETHEUR,2023-03-20,1685.11000000,1702.69000000,1620.50000000,1630.03000000,15887.22870000
ETHEUR,2023-03-21,1629.50000000,1714.11000000,1615.42000000,1686.88000000,12874.36480000
ETHEUR,2023-03-22,1686.12000000,1699.02000000,1586.42000000,1612.79000000,16565.35030000
ETHEUR,2023-03-23,1612.49000000,1715.29000000,1600.56000000,1683.79000000,14349.39750000
ETHEUR,2023-03-24,1683.46000000,1688.56000000,1615.94000000,1640.71000000,15081.47530000
ETHEUR,2023-03-25,1640.71000000,1651.00000000,1605.36000000,1632.24000000,8428.14030000
ETHEUR,2023-03-26,1631.93000000,1682.00000000,1629.49000000,1653.94000000,9891.21990000
ETHEUR,2023-03-27,1653.50000000,1660.89000000,1574.14000000,1597.81000000,15639.75110000
ETHEUR,2023-03-28,1597.42000000,1659.70000000,1582.47000000,1638.20000000,14184.25180000
ETHEUR,2023-03-29,1639.29000000,1691.87000000,1637.82000000,1656.95000000,12821.39030000
ETHEUR,2023-03-30,1656.62000000,1689.70000000,1624.13000000,1651.02000000,14436.30450000
ETHEUR,2023-03-31,1651.09000000,1701.90000000,1640.12000000,1684.55000000,11766.16650000
ETHEUR,2023-04-01,1684.93000000,1702.81000000,1673.96000000,1683.94000000,6106.42090000
ETHEUR,2023-04-02,1683.76000000,1689.19000000,1642.01000000,1667.54000000,13064.51560000
ETHEUR,2023-04-03,1667.57000000,1693.85000000,1638.62000000,1670.77000000,14024.12930000
ETHEUR,2023-04-04,1670.95000000,1742.15000000,1660.59000000,1712.68000000,12542.92850000
ETHEUR,2023-04-05,1712.89000000,1777.00000000,1706.88000000,1756.74000000,11108.38290000
ETHEUR,2023-04-06,1756.46000000,1757.66000000,1706.29000000,1722.12000000,9696.27080000
ETHEUR,2023-04-07,1722.05000000,1731.86000000,1695.00000000,1715.01000000,5413.79420000
ETHEUR,2023-04-08,1715.11000000,1726.80000000,1697.78000000,1700.13000000,4086.19880000
ETHEUR,2023-04-09,1700.11000000,1722.64000000,1675.55000000,1707.93000000,5244.30920000
ETHEUR,2023-04-10,1707.86000000,1765.71000000,1697.63000000,1757.53000000,6585.44830000
ETHEUR,2023-04-11,1757.93000000,1777.52000000,1732.43000000,1739.14000000,8876.67250000
ETHEUR,2023-04-12,1739.14000000,1767.57000000,1705.25000000,1751.39000000,12345.46280000
ETHEUR,2023-04-13,1752.66000000,1842.50000000,1735.69000000,1829.78000000,14202.51620000
ETHEUR,2023-04-14,1830.07000000,1938.90000000,1827.53000000,1915.82000000,15888.75770000
ETHEUR,2023-04-15,1915.50000000,1925.73000000,1890.01000000,1909.93000000,6372.70640000
ETHEUR,2023-04-16,1909.48000000,1949.91000000,1893.71000000,1937.68000000,6624.80940000
ETHEUR,2023-04-17,1937.12000000,1938.46000000,1883.80000000,1903.07000000,8549.92080000
ETHEUR,2023-04-18,1903.62000000,1941.99000000,1883.67000000,1923.09000000,9408.10910000
ETHEUR,2023-04-19,1922.80000000,1923.93000000,1764.34000000,1773.78000000,16147.91930000
ETHEUR,2023-04-20,1773.16000000,1813.05000000,1752.55000000,1777.42000000,10735.37500000
ETHEUR,2023-04-21,1777.80000000,1790.91000000,1668.38000000,1688.83000000,11973.56360000
ETHEUR,2023-04-22,1688.42000000,1722.78000000,1678.65000000,1709.91000000,8566.81660000
ETHEUR,2023-04-23,1709.86000000,1716.19000000,1676.09000000,1699.68000000,8099.12240000
ETHEUR,2023-04-24,1699.68000000,1725.63000000,1641.38000000,1672.51000000,10955.10350000
ETHEUR,2023-04-25,1672.32000000,1716.09000000,1642.19000000,1704.65000000,12454.04840000
ETHEUR,2023-04-26,1704.79000000,1784.40000000,1625.00000000,1694.47000000,19069.47640000
ETHEUR,2023-04-27,1694.68000000,1761.11000000,1690.95000000,1733.88000000,14403.08160000
ETHEUR,2023-04-28,1734.06000000,1755.43000000,1700.86000000,1719.46000000,11098.48630000
ETHEUR,2023-04-29,1719.79000000,1741.83000000,1710.15000000,1730.73000000,5657.54200000
ETHEUR,2023-04-30,1730.72000000,1759.34000000,1700.00000000,1702.64000000,7798.44220000
ETHEUR,2023-05-01,1702.64000000,1717.70000000,1651.45000000,1675.70000000,9687.07690000
ETHEUR,2023-05-02,1675.68000000,1714.74000000,1664.01000000,1704.49000000,9370.69700000
ETHEUR,2023-05-03,1704.49000000,1735.44000000,1674.66000000,1725.00000000,10984.75410000
ETHEUR,2023-05-04,1725.42000000,1738.17000000,1699.63000000,1708.49000000,7847.46270000
ETHEUR,2023-05-05,1708.49000000,1818.02000000,1706.99000000,1807.85000000,11524.48140000
ETHEUR,2023-05-06,1807.91000000,1832.05000000,1686.00000000,1718.39000000,13227.21810000
ETHEUR,2023-05-07,1718.39000000,1754.09000000,1701.63000000,1703.44000000,11729.67660000
ETHEUR,2023-05-08,1702.44000000,1715.57000000,1651.00000000,1687.90000000,14274.53170000
ETHEUR,2023-05-09,1688.13000000,1703.30000000,1669.61000000,1690.25000000,9236.00840000
ETHEUR,2023-05-10,1690.24000000,1727.97000000,1639.04000000,1683.46000000,12590.49460000
ETHEUR,2023-05-11,1683.63000000,1687.09000000,1628.32000000,1650.03000000,12721.26700000
ETHEUR,2023-05-12,1650.02000000,1677.00000000,1597.44000000,1668.88000000,13963.78520000
ETHEUR,2023-05-13,1668.63000000,1677.68000000,1644.36000000,1662.91000000,5581.66980000
ETHEUR,2023-05-14,1662.90000000,1688.25000000,1658.36000000,1664.22000000,5063.64650000
ETHEUR,2023-05-15,1663.84000000,1703.74000000,1651.50000000,1676.03000000,8029.88050000
ETHEUR,2023-05-16,1675.14000000,1689.93000000,1657.01000000,1682.32000000,5172.61740000
ETHEUR,2023-05-17,1682.67000000,1696.06000000,1652.91000000,1684.18000000,6096.53440000
ETHEUR,2023-05-18,1684.84000000,1694.98000000,1650.00000000,1675.17000000,7395.59690000
ETHEUR,2023-05-19,1675.35000000,1694.00000000,1669.30000000,1682.07000000,7146.87960000
ETHEUR,2023-05-20,1682.14000000,1696.77000000,1677.02000000,1686.78000000,2883.63070000
ETHEUR,2023-05-21,1686.89000000,1695.71000000,1665.43000000,1671.53000000,3637.54640000
ETHEUR,2023-05-22,1671.42000000,1693.00000000,1659.59000000,1684.13000000,6178.91400000
ETHEUR,2023-05-23,1684.46000000,1734.64000000,1681.54000000,1722.15000000,10023.12380000
ETHEUR,2023-05-24,1722.16000000,1722.66000000,1655.42000000,1678.62000000,9526.73930000
ETHEUR,2023-05-25,1678.63000000,1698.69000000,1644.02000000,1686.03000000,8621.14350000
ETHEUR,2023-05-26,1686.18000000,1721.02000000,1677.68000000,1709.68000000,6874.45330000
ETHEUR,2023-05-27,1709.69000000,1716.99000000,1695.46000000,1710.55000000,2844.46250000
ETHEUR,2023-05-28,1710.87000000,1792.27000000,1704.44000000,1780.54000000,6476.01150000
ETHEUR,2023-05-29,1780.55000000,1798.35000000,1751.94000000,1769.84000000,6007.73460000
ETHEUR,2023-05-30,1769.87000000,1789.03000000,1758.03000000,1775.80000000,5781.68060000
ETHEUR,2023-05-31,1775.38000000,1783.48000000,1735.00000000,1756.78000000,5929.85860000
ETHEUR,2023-06-01,1756.82000000,1770.27000000,1726.00000000,1734.74000000,4968.68170000
ETHEUR,2023-06-02,1734.28000000,1787.28000000,1722.20000000,1784.94000000,5173.89080000
ETHEUR,2023-06-03,1784.93000000,1786.08000000,1760.29000000,1770.88000000,2348.64570000
ETHEUR,2023-06-04,1770.88000000,1791.06000000,1764.37000000,1770.27000000,2634.99490000
ETHEUR,2023-06-05,1769.03000000,1771.56000000,1665.00000000,1699.42000000,8394.39260000
ETHEUR,2023-06-06,1700.37000000,1781.44000000,1690.90000000,1766.95000000,9177.61240000
ETHEUR,2023-06-07,1766.96000000,1778.02000000,1706.56000000,1716.62000000,6728.22500000
ETHEUR,2023-06-08,1716.33000000,1733.08000000,1712.40000000,1717.20000000,4050.37250000
ETHEUR,2023-06-09,1717.22000000,1727.40000000,1700.00000000,1717.38000000,4054.11170000
ETHEUR,2023-06-10,1717.30000000,1721.57000000,1620.10000000,1652.71000000,9816.13740000
ETHEUR,2023-06-11,1652.71000000,1668.63000000,1634.01000000,1645.37000000,3903.25020000
ETHEUR,2023-06-12,1644.82000000,1646.35000000,1607.94000000,1625.72000000,6752.11630000
ETHEUR,2023-06-13,1625.77000000,1642.10000000,1604.30000000,1620.30000000,6375.76900000
ETHEUR,2023-06-14,1620.11000000,1627.03000000,1512.47000000,1535.58000000,7977.88950000
ETHEUR,2023-06-15,1535.75000000,1540.52000000,1498.36000000,1527.64000000,7096.75330000
ETHEUR,2023-06-16,1527.27000000,1585.36000000,1513.77000000,1575.34000000,5385.67990000
ETHEUR,2023-06-17,1575.32000000,1622.40000000,1571.59000000,1583.80000000,2795.40680000
ETHEUR,2023-06-18,1583.80000000,1603.43000000,1570.80000000,1578.52000000,2330.09130000
ETHEUR,2023-06-19,1578.76000000,1609.98000000,1561.00000000,1595.80000000,5202.22520000
ETHEUR,2023-06-20,1596.04000000,1648.16000000,1578.00000000,1644.60000000,6404.30510000
ETHEUR,2023-06-21,1645.30000000,1736.97000000,1640.56000000,1723.02000000,11383.92120000
ETHEUR,2023-06-22,1722.92000000,1762.00000000,1707.54000000,1712.42000000,6807.67680000
ETHEUR,2023-06-23,1712.43000000,1783.06000000,1705.37000000,1743.79000000,7451.82760000
ETHEUR,2023-06-24,1744.02000000,1752.08000000,1716.56000000,1726.20000000,3536.90560000
ETHEUR,2023-06-25,1726.21000000,1775.44000000,1720.81000000,1745.81000000,4990.43280000
ETHEUR,2023-06-26,1745.79000000,1753.70000000,1688.78000000,1707.63000000,6697.04850000
ETHEUR,2023-06-27,1707.62000000,1750.52000000,1704.21000000,1728.41000000,4920.62550000
ETHEUR,2023-06-28,1728.56000000,1729.30000000,1669.87000000,1680.81000000,7248.06840000
ETHEUR,2023-06-29,1680.81000000,1729.69000000,1679.71000000,1708.85000000,6375.81620000
ETHEUR,2023-06-30,1708.69000000,1785.91000000,1682.32000000,1772.48000000,12840.38020000
ETHEUR,2023-07-01,1772.85000000,1781.99000000,1750.10000000,1767.54000000,2967.43420000
ETHEUR,2023-07-02,1767.64000000,1796.83000000,1731.31000000,1777.17000000,4927.34710000
ETHEUR,2023-07-03,1778.31000000,1816.15000000,1773.56000000,1795.70000000,7352.37960000
ETHEUR,2023-07-04,1796.25000000,1809.23000000,1779.08000000,1784.98000000,5477.39150000
ETHEUR,2023-07-05,1784.99000000,1789.28000000,1743.17000000,1763.23000000,4908.34210000
ETHEUR,2023-07-06,1763.22000000,1800.78000000,1700.27000000,1700.27000000,8538.70150000
ETHEUR,2023-07-07,1700.23000000,1724.21000000,1682.78000000,1711.83000000,5821.57840000
ETHEUR,2023-07-08,1711.84000000,1713.13000000,1685.82000000,1707.35000000,2345.99540000
ETHEUR,2023-07-09,1707.36000000,1720.00000000,1699.79000000,1705.65000000,2846.96180000
ETHEUR,2023-07-10,1705.60000000,1735.63000000,1692.03000000,1711.53000000,5322.02340000
ETHEUR,2023-07-11,1711.53000000,1718.75000000,1697.00000000,1710.60000000,4149.38220000
ETHEUR,2023-07-12,1711.32000000,1727.00000000,1680.44000000,1685.75000000,5716.50700000
ETHEUR,2023-07-13,1685.99000000,1798.22000000,1677.74000000,1790.95000000,8673.98580000
ETHEUR,2023-07-14,1790.95000000,1810.58000000,1697.00000000,1732.01000000,7513.56960000
ETHEUR,2023-07-15,1731.84000000,1742.17000000,1721.14000000,1729.77000000,1852.42590000
ETHEUR,2023-07-16,1729.78000000,1740.16000000,1714.04000000,1720.50000000,3440.36390000
ETHEUR,2023-07-17,1720.05000000,1730.00000000,1673.70000000,1707.40000000,6110.56020000
ETHEUR,2023-07-18,1707.36000000,1712.24000000,1679.70000000,1695.27000000,5053.86100000
ETHEUR,2023-07-19,1695.72000000,1718.21000000,1685.73000000,1690.85000000,4365.85320000
ETHEUR,2023-07-20,1690.85000000,1725.87000000,1685.49000000,1704.03000000,4950.16080000
ETHEUR,2023-07-21,1704.35000000,1718.13000000,1698.65000000,1706.36000000,2623.87450000
ETHEUR,2023-07-22,1706.46000000,1710.77000000,1670.66000000,1684.23000000,1961.95810000
ETHEUR,2023-07-23,1684.40000000,1719.76000000,1677.11000000,1704.54000000,3071.48880000
ETHEUR,2023-07-24,1704.02000000,1704.83000000,1660.73000000,1678.95000000,6011.67480000
ETHEUR,2023-07-25,1678.95000000,1698.50000000,1673.10000000,1686.97000000,4513.85240000
ETHEUR,2023-07-26,1687.20000000,1708.79000000,1675.72000000,1695.74000000,5433.65680000
ETHEUR,2023-07-27,1695.71000000,1711.81000000,1683.01000000,1701.24000000,4360.97800000
ETHEUR,2023-07-28,1701.25000000,1711.99000000,1697.35000000,1707.96000000,3792.49210000
ETHEUR,2023-07-29,1708.00000000,1720.00000000,1704.03000000,1715.34000000,1816.73610000
ETHEUR,2023-07-30,1715.34000000,1720.20000000,1688.01000000,1696.48000000,3342.13300000
ETHEUR,2023-07-31,1696.09000000,1710.10000000,1689.34000000,1693.90000000,4107.81820000
ETHEUR,2023-08-01,1693.91000000,1708.40000000,1657.29000000,1707.27000000,6758.85220000
ETHEUR,2023-08-02,1707.30000000,1714.00000000,1669.02000000,1685.85000000,4703.80290000
ETHEUR,2023-08-03,1685.85000000,1701.93000000,1673.39000000,1682.98000000,5530.87330000
ETHEUR,2023-08-04,1682.70000000,1695.51000000,1673.70000000,1686.45000000,6008.53550000
ETHEUR,2023-08-05,1686.45000000,1695.71000000,1684.35000000,1692.17000000,2911.63840000
ETHEUR,2023-08-06,1692.19000000,1693.68000000,1681.19000000,1686.66000000,2243.74010000
ETHEUR,2023-08-07,1686.66000000,1701.40000000,1663.77000000,1693.39000000,9840.54360000
ETHEUR,2023-08-08,1693.65000000,1745.91000000,1685.18000000,1725.69000000,5231.07680000
ETHEUR,2023-08-09,1726.40000000,1732.99000000,1709.96000000,1724.99000000,4903.30080000
ETHEUR,2023-08-10,1724.99000000,1728.39000000,1698.33000000,1714.17000000,4929.48710000
ETHEUR,2023-08-11,1714.17000000,1719.12000000,1705.34000000,1715.64000000,3135.73530000
ETHEUR,2023-08-12,1715.67000000,1720.25000000,1700.00000000,1703.17000000,2086.45440000
ETHEUR,2023-08-13,1703.20000000,1709.75000000,1692.96000000,1698.14000000,2140.29670000
ETHEUR,2023-08-14,1697.78000000,1723.54000000,1692.87000000,1716.72000000,4463.01910000
ETHEUR,2023-08-15,1716.71000000,1716.81000000,1674.57000000,1689.04000000,5970.06060000
ETHEUR,2023-08-16,1689.06000000,1690.52000000,1661.85000000,1673.48000000,5177.29230000
ETHEUR,2023-08-17,1673.72000000,1676.77000000,1460.01000000,1561.57000000,14134.05620000
ETHEUR,2023-08-18,1562.37000000,1614.09000000,1542.61000000,1561.03000000,16083.42230000
ETHEUR,2023-08-19,1561.24000000,1592.98000000,1549.19000000,1563.92000000,9761.36090000
ETHEUR,2023-08-20,1563.92000000,1577.07000000,1553.49000000,1567.91000000,7493.92250000
ETHEUR,2023-08-21,1567.93000000,1568.14000000,1523.86000000,1537.00000000,8405.75390000
ETHEUR,2023-08-22,1537.61000000,1538.73000000,1464.00000000,1511.91000000,7560.15300000
ETHEUR,2023-08-23,1512.74000000,1569.28000000,1507.49000000,1549.78000000,6689.05630000
ETHEUR,2023-08-24,1549.63000000,1553.11000000,1514.62000000,1539.45000000,5144.04040000
ETHEUR,2023-08-25,1539.47000000,1550.40000000,1519.09000000,1536.08000000,5428.59080000
ETHEUR,2023-08-26,1536.22000000,1538.50000000,1525.54000000,1529.58000000,1330.83780000
ETHEUR,2023-08-27,1529.57000000,1540.94000000,1528.71000000,1539.09000000,1199.79010000
ETHEUR,2023-08-28,1538.74000000,1541.96000000,1503.69000000,1527.28000000,5369.64710000
ETHEUR,2023-08-29,1527.20000000,1611.71000000,1518.98000000,1594.54000000,10217.61720000
ETHEUR,2023-08-30,1594.33000000,1596.19000000,1554.00000000,1563.85000000,5455.48140000
ETHEUR,2023-08-31,1563.80000000,1592.76000000,1509.00000000,1523.40000000,7544.14070000
ETHEUR,2023-09-01,1523.40000000,1532.14000000,1492.01000000,1516.70000000,6303.59830000
ETHEUR,2023-09-02,1516.44000000,1530.56000000,1515.52000000,1522.93000000,2390.62880000
ETHEUR,2023-09-03,1522.93000000,1532.34000000,1510.63000000,1522.45000000,2869.97920000
ETHEUR,2023-09-04,1522.46000000,1530.37000000,1499.18000000,1512.65000000,5540.68980000
ETHEUR,2023-09-05,1512.65000000,1539.45000000,1494.70000000,1526.25000000,6305.54990000
ETHEUR,2023-09-06,1526.25000000,1555.88000000,1503.01000000,1524.57000000,7954.14530000
ETHEUR,2023-09-07,1524.60000000,1552.39000000,1519.55000000,1542.05000000,8217.18250000
ETHEUR,2023-09-08,1542.03000000,1550.49000000,1512.79000000,1532.09000000,4951.66240000
ETHEUR,2023-09-09,1532.05000000,1533.19000000,1525.46000000,1530.94000000,1531.57440000
ETHEUR,2023-09-10,1531.07000000,1531.35000000,1495.00000000,1511.45000000,3962.89300000
ETHEUR,2023-09-11,1511.63000000,1513.53000000,1427.72000000,1447.07000000,9955.00520000
ETHEUR,2023-09-12,1447.15000000,1518.92000000,1445.04000000,1483.30000000,6136.94130000
ETHEUR,2023-09-13,1483.02000000,1509.86000000,1473.70000000,1500.33000000,4961.07840000
ETHEUR,2023-09-14,1500.37000000,1546.77000000,1499.76000000,1530.75000000,5066.45500000
ETHEUR,2023-09-15,1531.19000000,1553.72000000,1512.14000000,1541.81000000,3228.91350000
ETHEUR,2023-09-16,1541.52000000,1552.47000000,1530.89000000,1533.78000000,1250.76970000
ETHEUR,2023-09-17,1533.77000000,1533.78000000,1513.09000000,1521.55000000,1165.18140000
ETHEUR,2023-09-18,1521.87000000,1567.09000000,1501.07000000,1533.12000000,5552.24670000
ETHEUR,2023-09-19,1531.91000000,1555.45000000,1522.90000000,1540.68000000,3487.90440000
ETHEUR,2023-09-20,1540.82000000,1546.14000000,1506.86000000,1525.19000000,5565.28500000
ETHEUR,2023-09-21,1525.03000000,1529.99000000,1473.75000000,1487.02000000,5167.32250000
ETHEUR,2023-09-22,1486.90000000,1505.35000000,1481.27000000,1499.06000000,4736.36630000
ETHEUR,2023-09-23,1499.06000000,1504.01000000,1493.61000000,1499.19000000,1183.24010000
ETHEUR,2023-09-24,1499.31000000,1506.14000000,1476.31000000,1486.05000000,2395.63770000
ETHEUR,2023-09-25,1485.10000000,1508.00000000,1469.43000000,1500.22000000,4679.87780000
ETHEUR,2023-09-26,1500.32000000,1509.95000000,1492.38000000,1508.12000000,3930.48590000
ETHEUR,2023-09-27,1508.47000000,1549.45000000,1504.85000000,1521.66000000,7524.81800000
ETHEUR,2023-09-28,1521.77000000,1579.94000000,1520.44000000,1566.42000000,6964.44790000
ETHEUR,2023-09-29,1566.41000000,1592.65000000,1559.33000000,1577.98000000,5597.38830000
ETHEUR,2023-09-30,1578.13000000,1603.45000000,1576.97000000,1582.49000000,1880.09340000
ETHEUR,2023-10-01,1582.50000000,1659.77000000,1579.99000000,1642.23000000,2854.73350000
ETHEUR,2023-10-02,1642.73000000,1651.00000000,1528.46000000,1586.46000000,5626.06050000
ETHEUR,2023-10-03,1587.06000000,1596.60000000,1570.81000000,1583.86000000,4545.77240000
ETHEUR,2023-10-04,1583.94000000,1584.60000000,1552.47000000,1568.67000000,5154.51440000
ETHEUR,2023-10-05,1568.82000000,1575.61000000,1527.33000000,1529.62000000,5154.72130000
ETHEUR,2023-10-06,1529.85000000,1572.96000000,1529.85000000,1556.57000000,4870.73610000
ETHEUR,2023-10-07,1556.32000000,1559.06000000,1542.80000000,1546.31000000,1136.47850000
ETHEUR,2023-10-08,1546.50000000,1554.12000000,1530.11000000,1547.63000000,2420.59140000
ETHEUR,2023-10-09,1547.87000000,1551.86000000,1470.00000000,1494.74000000,6545.31720000
ETHEUR,2023-10-10,1494.50000000,1510.38000000,1464.09000000,1478.92000000,5457.84020000
ETHEUR,2023-10-11,1479.15000000,1489.98000000,1457.64000000,1475.74000000,4898.46940000
ETHEUR,2023-10-12,1475.75000000,1476.97000000,1440.46000000,1462.26000000,5421.11540000
ETHEUR,2023-10-13,1461.88000000,1499.49000000,1459.18000000,1478.72000000,3753.63990000
ETHEUR,2023-10-14,1479.25000000,1488.05000000,1471.17000000,1481.99000000,1387.25240000
ETHEUR,2023-10-15,1481.99000000,1493.59000000,1477.12000000,1482.01000000,2335.93700000
ETHEUR,2023-10-16,1482.03000000,1559.25000000,1479.83000000,1517.56000000,5304.56650000
ETHEUR,2023-10-17,1517.59000000,1518.39000000,1470.05000000,1481.34000000,3920.35880000
ETHEUR,2023-10-18,1481.94000000,1503.96000000,1478.58000000,1485.12000000,4312.93980000
ETHEUR,2023-10-19,1485.13000000,1488.80000000,1464.97000000,1482.05000000,5525.95790000
ETHEUR,2023-10-20,1481.99000000,1541.05000000,1478.74000000,1516.27000000,4724.55990000
ETHEUR,2023-10-21,1516.28000000,1554.22000000,1505.23000000,1539.99000000,1548.54830000
ETHEUR,2023-10-22,1540.03000000,1576.37000000,1532.96000000,1572.50000000,2608.10270000
ETHEUR,2023-10-23,1573.00000000,1686.76000000,1567.02000000,1654.06000000,6545.34480000
ETHEUR,2023-10-24,1655.59000000,1746.89000000,1647.60000000,1685.73000000,6136.67440000
ETHEUR,2023-10-25,1685.66000000,1717.14000000,1662.74000000,1693.90000000,4036.59820000
ETHEUR,2023-10-26,1693.48000000,1769.60000000,1674.17000000,1709.29000000,5502.12050000
ETHEUR,2023-10-27,1708.52000000,1709.33000000,1650.63000000,1685.30000000,3746.52620000
ETHEUR,2023-10-28,1685.33000000,1708.02000000,1679.59000000,1684.03000000,1483.97860000
ETHEUR,2023-10-29,1684.42000000,1718.09000000,1671.77000000,1703.53000000,2409.68190000
ETHEUR,2023-10-30,1703.08000000,1728.51000000,1679.20000000,1707.04000000,7870.10770000
ETHEUR,2023-10-31,1707.03000000,1719.75000000,1680.77000000,1718.52000000,6495.13150000
ETHEUR,2023-11-01,1717.24000000,1758.99000000,1690.00000000,1747.49000000,5352.99340000
ETHEUR,2023-11-02,1747.64000000,1770.55000000,1683.62000000,1698.95000000,5598.78410000
ETHEUR,2023-11-03,1698.39000000,1712.83000000,1674.60000000,1711.04000000,4551.98010000
ETHEUR,2023-11-04,1711.11000000,1746.56000000,1703.15000000,1734.16000000,1511.21510000
ETHEUR,2023-11-05,1735.12000000,1785.99000000,1725.16000000,1766.35000000,3078.27440000
ETHEUR,2023-11-06,1765.60000000,1784.69000000,1743.00000000,1774.95000000,3413.55460000
ETHEUR,2023-11-07,1774.92000000,1783.99000000,1732.06000000,1763.95000000,4391.74000000
ETHEUR,2023-11-08,1764.24000000,1780.45000000,1754.03000000,1764.87000000,4577.95020000
ETHEUR,2023-11-09,1765.06000000,1999.99000000,1760.00000000,1990.45000000,9526.18780000
ETHEUR,2023-11-10,1990.22000000,2003.16000000,1936.68000000,1947.93000000,5380.11950000
ETHEUR,2023-11-11,1947.44000000,1962.02000000,1904.26000000,1927.42000000,2804.82800000
ETHEUR,2023-11-12,1927.33000000,1939.36000000,1889.17000000,1916.94000000,2868.94520000
ETHEUR,2023-11-13,1916.73000000,1981.69000000,1901.92000000,1920.93000000,6772.05010000
ETHEUR,2023-11-14,1920.58000000,1932.08000000,1783.43000000,1822.48000000,5832.74600000
ETHEUR,2023-11-15,1821.94000000,1904.43000000,1810.13000000,1899.87000000,5941.33410000
ETHEUR,2023-11-16,1899.88000000,1927.59000000,1787.00000000,1810.83000000,7439.78380000
ETHEUR,2023-11-17,1810.34000000,1836.48000000,1753.75000000,1800.63000000,7163.18940000
ETHEUR,2023-11-18,1800.36000000,1812.20000000,1758.10000000,1804.19000000,2722.48330000
ETHEUR,2023-11-19,1804.46000000,1849.90000000,1786.51000000,1845.88000000,4281.41550000
ETHEUR,2023-11-20,1845.89000000,1890.52000000,1824.00000000,1849.05000000,6396.83500000
ETHEUR,2023-11-21,1849.01000000,1859.04000000,1772.37000000,1772.37000000,5808.73510000
ETHEUR,2023-11-22,1773.20000000,1923.35000000,1766.93000000,1896.08000000,6011.40210000
ETHEUR,2023-11-23,1895.99000000,1914.05000000,1870.91000000,1891.56000000,4001.19770000
ETHEUR,2023-11-24,1891.70000000,1952.90000000,1888.00000000,1903.52000000,5280.87240000
ETHEUR,2023-11-25,1903.16000000,1910.94000000,1882.13000000,1899.32000000,1495.86240000
ETHEUR,2023-11-26,1899.09000000,1910.99000000,1855.15000000,1882.42000000,2632.65950000
ETHEUR,2023-11-27,1882.58000000,1891.30000000,1814.55000000,1851.13000000,4304.25130000
ETHEUR,2023-11-28,1851.84000000,1888.79000000,1822.61000000,1863.18000000,4142.65280000
ETHEUR,2023-11-29,1863.20000000,1893.04000000,1841.62000000,1850.79000000,3246.07510000
ETHEUR,2023-11-30,1850.02000000,1887.75000000,1843.95000000,1885.70000000,3911.54030000
ETHEUR,2023-12-01,1886.00000000,1941.74000000,1878.37000000,1919.75000000,6788.23970000
ETHEUR,2023-12-02,1919.95000000,2013.13000000,1918.48000000,1991.51000000,3370.96360000
ETHEUR,2023-12-03,1992.45000000,2040.00000000,1976.83000000,2015.18000000,2979.34260000
ETHEUR,2023-12-04,2015.26000000,2095.00000000,2013.76000000,2072.03000000,6968.89530000
ETHEUR,2023-12-05,2071.94000000,2142.40000000,2024.23000000,2126.40000000,7463.12810000
ETHEUR,2023-12-06,2126.59000000,2143.99000000,2064.00000000,2076.29000000,4912.36420000
ETHEUR,2023-12-07,2075.70000000,2210.26000000,2064.40000000,2185.84000000,5719.29800000
ETHEUR,2023-12-08,2185.72000000,2219.20000000,2016.01000000,2195.01000000,4946.05810000
ETHEUR,2023-12-09,2195.29000000,2236.75000000,2167.23000000,2179.29000000,2375.30150000
ETHEUR,2023-12-10,2179.57000000,2213.20000000,2160.99000000,2187.10000000,1736.96110000
ETHEUR,2023-12-11,2187.56000000,2189.60000000,2005.91000000,2069.04000000,3847.74540000
ETHEUR,2023-12-12,2068.69000000,2084.94000000,2008.00000000,2041.93000000,4298.39650000
ETHEUR,2023-12-13,2041.96000000,2104.73000000,1990.00000000,2080.33000000,5145.14330000
ETHEUR,2023-12-14,2080.92000000,2121.00000000,2050.00000000,2107.41000000,4979.20090000
ETHEUR,2023-12-15,2107.59000000,2110.29000000,2020.39000000,2039.90000000,2729.16660000
ETHEUR,2023-12-16,2041.57000000,2076.75000000,2032.75000000,2043.40000000,1583.97820000
ETHEUR,2023-12-17,2043.64000000,2051.45000000,2012.77000000,2015.91000000,1862.38820000
ETHEUR,2023-12-18,2017.07000000,2035.94000000,1941.67000000,2030.37000000,2501.73850000
ETHEUR,2023-12-19,2031.25000000,2060.51000000,1946.27000000,1983.73000000,2397.80460000
ETHEUR,2023-12-20,1983.81000000,2065.52000000,1972.93000000,2013.79000000,3204.23890000
ETHEUR,2023-12-21,2012.06000000,2076.95000000,1995.20000000,2036.43000000,4098.02570000
ETHEUR,2023-12-22,2036.74000000,2129.47000000,2030.00000000,2116.36000000,4009.53820000
ETHEUR,2023-12-23,2117.02000000,2121.96000000,2063.10000000,2109.71000000,2310.61090000
ETHEUR,2023-12-24,2109.86000000,2125.55000000,2056.33000000,2072.72000000,1483.29600000
ETHEUR,2023-12-25,2073.08000000,2106.83000000,2060.00000000,2068.75000000,1242.39670000
ETHEUR,2023-12-26,2068.63000000,2071.36000000,1981.43000000,2023.24000000,2688.16760000
ETHEUR,2023-12-27,2024.32000000,2155.10000000,2007.83000000,2143.20000000,3142.27280000
ETHEUR,2023-12-28,2143.83000000,2201.62000000,2115.45000000,2123.76000000,3089.39260000
ETHEUR,2023-12-29,2123.38000000,2161.88000000,2050.20000000,2089.48000000,3769.99040000
ETHEUR,2023-12-30,2089.47000000,2112.25000000,2061.92000000,2084.40000000,1283.43400000
ETHEUR,2023-12-31,2084.08000000,2111.86000000,2048.00000000,2073.81000000,1482.38250000
ETHEUR,2024-01-01,2073.89000000,2136.04000000,2060.16000000,2135.79000000,1218.62470000
ETHEUR,2024-01-02,2135.84000000,2206.00000000,2131.49000000,2155.78000000,3366.64920000
ETHEUR,2024-01-03,2155.27000000,2181.99000000,1964.08000000,2031.52000000,5992.44700000
ETHEUR,2024-01-04,2031.49000000,2103.54000000,2020.63000000,2076.89000000,3392.45950000
ETHEUR,2024-01-05,2076.92000000,2086.59000000,2021.99000000,2080.50000000,2902.39750000
ETHEUR,2024-01-06,2080.01000000,2081.74000000,2035.01000000,2054.25000000,947.92220000
ETHEUR,2024-01-07,2054.70000000,2072.28000000,2023.86000000,2036.52000000,1164.74470000
ETHEUR,2024-01-08,2034.38000000,2156.62000000,1985.00000000,2131.45000000,3087.91860000
ETHEUR,2024-01-09,2132.04000000,2174.19000000,2049.88000000,2148.77000000,3484.52950000
ETHEUR,2024-01-10,2148.78000000,2411.26000000,2144.59000000,2357.32000000,4604.96730000
ETHEUR,2024-01-11,2359.90000000,2461.96000000,2340.00000000,2388.20000000,3753.44810000
ETHEUR,2024-01-12,2388.20000000,2475.17000000,2250.48000000,2312.19000000,5155.48660000
ETHEUR,2024-01-13,2309.64000000,2374.70000000,2289.23000000,2362.14000000,1835.56380000
ETHEUR,2024-01-14,2364.16000000,2364.30000000,2260.00000000,2263.60000000,1527.91080000
ETHEUR,2024-01-15,2263.70000000,2333.28000000,2261.25000000,2295.71000000,2255.64070000
ETHEUR,2024-01-16,2296.64000000,2404.71000000,2291.87000000,2380.38000000,2159.18740000
ETHEUR,2024-01-17,2380.92000000,2385.45000000,2305.00000000,2325.18000000,2368.73550000
ETHEUR,2024-01-18,2325.25000000,2342.75000000,2233.40000000,2270.31000000,3026.12270000
ETHEUR,2024-01-19,2269.85000000,2299.39000000,2219.02000000,2288.54000000,2448.36310000
ETHEUR,2024-01-20,2288.39000000,2288.39000000,2256.61000000,2271.89000000,1643.13040000
ETHEUR,2024-01-21,2271.76000000,2282.00000000,2253.76000000,2256.60000000,856.04510000
ETHEUR,2024-01-22,2257.78000000,2262.79000000,2117.90000000,2126.96000000,3716.72080000
ETHEUR,2024-01-23,2127.32000000,2158.31000000,1995.17000000,2067.33000000,4358.03350000
ETHEUR,2024-01-24,2066.82000000,2078.75000000,2019.00000000,2054.36000000,3399.44100000
ETHEUR,2024-01-25,2054.73000000,2059.80000000,2005.00000000,2046.22000000,2720.36210000
ETHEUR,2024-01-26,2045.77000000,2102.80000000,2030.80000000,2090.78000000,2194.52930000
ETHEUR,2024-01-27,2092.26000000,2105.16000000,2076.99000000,2095.62000000,712.03910000
ETHEUR,2024-01-28,2095.50000000,2130.55000000,2066.88000000,2083.42000000,1679.09110000
ETHEUR,2024-01-29,2082.61000000,2145.53000000,2070.00000000,2141.20000000,2090.13250000
ETHEUR,2024-01-30,2140.77000000,2207.61000000,2119.99000000,2164.43000000,2173.94930000
ETHEUR,2024-01-31,2162.38000000,2170.81000000,2094.18000000,2112.90000000,3888.24790000
ETHEUR,2024-02-01,2112.90000000,2132.51000000,2073.41000000,2120.47000000,2041.55970000
ETHEUR,2024-02-02,2120.70000000,2150.88000000,2112.27000000,2139.31000000,1178.55920000
ETHEUR,2024-02-03,2139.11000000,2157.99000000,2125.45000000,2129.94000000,739.52140000
ETHEUR,2024-02-04,2130.21000000,2143.99000000,2104.03000000,2126.30000000,1086.13060000
ETHEUR,2024-02-05,2126.30000000,2174.90000000,2107.57000000,2141.54000000,1410.25170000
ETHEUR,2024-02-06,2141.36000000,2223.40000000,2138.62000000,2204.48000000,1509.40670000
ETHEUR,2024-02-07,2205.81000000,2269.55000000,2186.79000000,2248.92000000,1964.51780000
ETHEUR,2024-02-08,2251.02000000,2288.95000000,2234.00000000,2246.88000000,1861.63230000
ETHEUR,2024-02-09,2247.88000000,2343.98000000,2246.78000000,2304.00000000,3524.43290000
ETHEUR,2024-02-10,2305.34000000,2331.60000000,2289.48000000,2314.15000000,3351.01140000
ETHEUR,2024-02-11,2314.07000000,2348.22000000,2298.19000000,2316.46000000,3518.35890000
ETHEUR,2024-02-12,2316.49000000,2471.38000000,2293.33000000,2464.38000000,3270.37130000
ETHEUR,2024-02-13,2466.16000000,2495.68000000,2415.00000000,2466.43000000,3491.46350000
ETHEUR,2024-02-14,2466.67000000,2601.76000000,2446.44000000,2590.95000000,4132.52660000
ETHEUR,2024-02-15,2589.64000000,2661.72000000,2575.21000000,2623.06000000,4332.14390000
ETHEUR,2024-02-16,2623.75000000,2657.15000000,2551.94000000,2602.83000000,3884.21790000
ETHEUR,2024-02-17,2603.54000000,2604.67000000,2523.57000000,2587.12000000,1715.40100000
ETHEUR,2024-02-18,2588.13000000,2688.14000000,2568.38000000,2672.57000000,2679.86040000
ETHEUR,2024-02-19,2673.38000000,2771.17000000,2651.58000000,2734.23000000,3471.26840000
ETHEUR,2024-02-20,2734.23000000,2808.00000000,2664.06000000,2789.99000000,5897.23400000
ETHEUR,2024-02-21,2791.85000000,2792.81000000,2655.02000000,2745.80000000,5557.60650000
ETHEUR,2024-02-22,2745.80000000,2807.00000000,2686.44000000,2746.58000000,5164.96790000
ETHEUR,2024-02-23,2746.86000000,2768.37000000,2688.00000000,2701.42000000,3893.81400000
ETHEUR,2024-02-24,2702.30000000,2779.21000000,2687.72000000,2763.97000000,1924.66170000
ETHEUR,2024-02-25,2764.04000000,2883.76000000,2756.31000000,2875.00000000,3165.52450000
ETHEUR,2024-02-26,2875.77000000,2946.13000000,2802.39000000,2926.31000000,4034.51120000
ETHEUR,2024-02-27,2927.67000000,3031.82000000,2916.55000000,2989.71000000,5000.61850000
ETHEUR,2024-02-28,2990.63000000,3219.41000000,2770.32000000,3120.17000000,9357.21330000
ETHEUR,2024-02-29,3120.50000000,3250.00000000,3034.33000000,3069.93000000,6046.64340000
ETHEUR,2024-03-01,3071.97000000,3193.07000000,3070.46000000,3168.83000000,2368.68970000
ETHEUR,2024-03-02,3170.04000000,3194.83000000,3132.96000000,3157.11000000,2403.22780000
ETHEUR,2024-03-03,3157.81000000,3221.95000000,3103.29000000,3218.73000000,1681.42570000
ETHEUR,2024-03-04,3219.73000000,3354.99000000,3160.85000000,3341.42000000,5173.38190000
ETHEUR,2024-03-05,3342.76000000,3518.48000000,2900.00000000,3280.00000000,9356.35700000
ETHEUR,2024-03-06,3280.03000000,3590.39000000,3230.00000000,3508.34000000,8753.33080000
ETHEUR,2024-03-07,3509.65000000,3596.37000000,3429.60000000,3541.86000000,4618.18620000
ETHEUR,2024-03-08,3542.09000000,3650.00000000,3498.04000000,3560.16000000,5118.42790000
ETHEUR,2024-03-09,3560.42000000,3612.36000000,3546.68000000,3577.34000000,1978.96040000
ETHEUR,2024-03-10,3577.33000000,3629.90000000,3470.02000000,3549.80000000,2987.03780000
ETHEUR,2024-03-11,3548.95000000,3726.16000000,3423.00000000,3684.64000000,7912.56670000
ETHEUR,2024-03-12,3684.81000000,3710.00000000,3502.00000000,3643.77000000,7962.67450000
ETHEUR,2024-03-13,3645.13000000,3731.00000000,3590.30000000,3659.61000000,4374.76210000
ETHEUR,2024-03-14,3661.58000000,3668.39000000,3421.00000000,3569.22000000,6099.72920000
ETHEUR,2024-03-15,3569.33000000,3617.58000000,3271.22000000,3441.55000000,6616.72190000
ETHEUR,2024-03-16,3443.02000000,3476.68000000,3184.82000000,3241.85000000,3919.05250000
ETHEUR,2024-03-17,3241.50000000,3383.74000000,3140.40000000,3353.22000000,5335.17850000
ETHEUR,2024-03-18,3353.21000000,3353.27000000,3179.00000000,3241.37000000,3051.54360000
ETHEUR,2024-03-19,3241.07000000,3264.83000000,2902.00000000,2909.52000000,7817.47260000
ETHEUR,2024-03-20,2909.48000000,3241.19000000,2817.48000000,3222.09000000,9964.60270000
ETHEUR,2024-03-21,3223.83000000,3297.44000000,3143.18000000,3217.74000000,5025.88950000
ETHEUR,2024-03-22,3218.20000000,3267.44000000,3008.65000000,3088.97000000,4272.11560000
ETHEUR,2024-03-23,3090.00000000,3182.25000000,3029.13000000,3087.06000000,2148.95000000
ETHEUR,2024-03-24,3084.77000000,3213.56000000,3056.79000000,3198.07000000,1792.69310000
ETHEUR,2024-03-25,3199.68000000,3383.00000000,3164.92000000,3307.26000000,3013.60670000
ETHEUR,2024-03-26,3307.86000000,3392.52000000,3275.00000000,3315.97000000,2847.38210000
ETHEUR,2024-03-27,3315.14000000,3391.94000000,3200.00000000,3240.24000000,4338.89930000
ETHEUR,2024-03-28,3240.22000000,3344.07000000,3202.57000000,3299.42000000,2434.32870000
ETHEUR,2024-03-29,3300.53000000,3324.24000000,3221.12000000,3260.82000000,2183.69150000
ETHEUR,2024-03-30,3260.76000000,3310.68000000,3234.86000000,3253.60000000,2145.34940000
ETHEUR,2024-03-31,3254.37000000,3390.00000000,3254.35000000,3383.04000000,1750.75360000
ETHEUR,2024-04-01,3378.85000000,3379.21000000,3182.58000000,3265.24000000,3648.54250000
ETHEUR,2024-04-02,3267.75000000,3269.22000000,2989.00000000,3050.27000000,5048.01490000
ETHEUR,2024-04-03,3051.82000000,3121.10000000,2982.06000000,3059.88000000,3200.34800000
ETHEUR,2024-04-04,3060.06000000,3175.24000000,3002.97000000,3075.20000000,2754.95930000
ETHEUR,2024-04-05,3074.53000000,3092.89000000,2965.18000000,3066.89000000,2701.03140000
ETHEUR,2024-04-06,3065.31000000,3141.90000000,3060.00000000,3097.01000000,792.98050000
ETHEUR,2024-04-07,3098.70000000,3197.42000000,3091.23000000,3192.21000000,1046.67050000
ETHEUR,2024-04-08,3192.95000000,3415.00000000,3147.53000000,3386.21000000,2795.47880000
ETHEUR,2024-04-09,3388.60000000,3417.29000000,3185.13000000,3231.78000000,4222.04740000
ETHEUR,2024-04-10,3231.06000000,3306.45000000,3148.32000000,3284.38000000,3106.20010000
ETHEUR,2024-04-11,3286.69000000,3359.59000000,3240.00000000,3265.64000000,2322.41560000
ETHEUR,2024-04-12,3264.17000000,3317.70000000,2928.72000000,3057.25000000,5715.88950000
ETHEUR,2024-04-13,3057.90000000,3132.33000000,2721.00000000,2871.82000000,8969.47420000
ETHEUR,2024-04-14,2870.01000000,2996.11000000,2761.81000000,2980.17000000,9359.55560000
ETHEUR,2024-04-15,2977.17000000,3083.81000000,2850.70000000,2919.92000000,5842.40970000
ETHEUR,2024-04-16,2919.33000000,2951.54000000,2820.00000000,2907.86000000,5577.90390000
ETHEUR,2024-04-17,2909.44000000,2941.65000000,2743.00000000,2802.03000000,3171.32830000
ETHEUR,2024-04-18,2801.56000000,2908.40000000,2769.29000000,2882.88000000,2651.18500000
ETHEUR,2024-04-19,2882.85000000,2940.00000000,2701.76000000,2873.22000000,5019.21090000
ETHEUR,2024-04-20,2873.99000000,2985.41000000,2839.78000000,2973.58000000,1639.84430000
ETHEUR,2024-04-21,2972.01000000,3010.57000000,2931.02000000,2959.62000000,1387.72950000
ETHEUR,2024-04-22,2959.45000000,3036.48000000,2937.54000000,3006.50000000,2600.96190000
ETHEUR,2024-04-23,3005.74000000,3050.97000000,2953.61000000,3011.84000000,1863.60480000
ETHEUR,2024-04-24,3012.13000000,3087.14000000,2904.21000000,2937.65000000,2471.26170000
ETHEUR,2024-04-25,2937.03000000,2975.67000000,2866.97000000,2944.98000000,3492.16440000
ETHEUR,2024-04-26,2945.13000000,2962.02000000,2905.85000000,2929.86000000,1182.69770000
ETHEUR,2024-04-27,2931.18000000,3075.00000000,2870.82000000,3047.13000000,1276.81960000
ETHEUR,2024-04-28,3050.13000000,3143.44000000,3042.42000000,3049.32000000,1514.36020000
ETHEUR,2024-04-29,3049.39000000,3070.13000000,2915.00000000,3003.61000000,2045.29310000
ETHEUR,2024-04-30,3004.06000000,3033.28000000,2735.00000000,2824.57000000,3565.52680000
ETHEUR,2024-05-01,2824.58000000,2833.03000000,2642.77000000,2780.08000000,3005.86030000
ETHEUR,2024-05-02,2779.03000000,2820.66000000,2706.46000000,2786.76000000,1529.96610000
ETHEUR,2024-05-03,2788.72000000,2907.02000000,2758.64000000,2882.51000000,2023.87680000
ETHEUR,2024-05-04,2885.81000000,2946.37000000,2877.97000000,2899.03000000,984.68890000
ETHEUR,2024-05-05,2899.20000000,2949.00000000,2859.16000000,2915.26000000,1066.05890000
ETHEUR,2024-05-06,2915.03000000,2991.83000000,2829.40000000,2845.00000000,1906.15060000
ETHEUR,2024-05-07,2849.71000000,2909.95000000,2792.14000000,2795.48000000,1626.92870000
ETHEUR,2024-05-08,2797.00000000,2828.22000000,2730.90000000,2766.61000000,1556.45180000
ETHEUR,2024-05-09,2766.67000000,2836.64000000,2747.63000000,2816.87000000,1389.80550000
ETHEUR,2024-05-10,2814.72000000,2832.48000000,2674.34000000,2705.48000000,2003.50730000
ETHEUR,2024-05-11,2706.18000000,2738.25000000,2683.81000000,2707.98000000,924.44350000
ETHEUR,2024-05-12,2710.45000000,2745.09000000,2698.02000000,2720.38000000,819.04910000
ETHEUR,2024-05-13,2723.01000000,2778.58000000,2661.97000000,2734.82000000,1635.09930000
ETHEUR,2024-05-14,2735.63000000,2743.62000000,2646.01000000,2666.41000000,1786.56360000
ETHEUR,2024-05-15,2666.41000000,2790.90000000,2649.12000000,2783.60000000,2057.00670000
ETHEUR,2024-05-16,2783.23000000,2790.89000000,2688.23000000,2709.16000000,1825.14850000
ETHEUR,2024-05-17,2709.16000000,2866.91000000,2700.51000000,2844.16000000,2260.88400000
ETHEUR,2024-05-18,2842.73000000,2895.46000000,2838.04000000,2874.20000000,1281.12740000
ETHEUR,2024-05-19,2874.30000000,2885.99000000,2807.04000000,2822.08000000,1125.01330000
ETHEUR,2024-05-20,2823.89000000,3345.00000000,2800.55000000,3313.92000000,5312.25140000
ETHEUR,2024-05-21,3315.69000000,3520.68000000,3249.00000000,3465.36000000,9145.21940000
ETHEUR,2024-05-22,3465.49000000,3498.15000000,3370.11000000,3448.25000000,2709.36460000
ETHEUR,2024-05-23,3449.57000000,3638.78000000,3272.11000000,3498.55000000,6936.14210000
ETHEUR,2024-05-24,3499.68000000,3540.00000000,3354.15000000,3439.11000000,3620.39920000
ETHEUR,2024-05-25,3439.04000000,3483.90000000,3423.10000000,3458.08000000,1283.89320000
ETHEUR,2024-05-26,3457.82000000,3578.08000000,3440.97000000,3524.93000000,2034.50750000
ETHEUR,2024-05-27,3524.91000000,3659.16000000,3522.51000000,3581.30000000,3348.84400000
ETHEUR,2024-05-28,3580.59000000,3611.37000000,3475.09000000,3540.09000000,2692.66500000
ETHEUR,2024-05-29,3541.70000000,3581.23000000,3463.42000000,3489.11000000,2295.65120000
ETHEUR,2024-05-30,3487.33000000,3527.00000000,3426.96000000,3459.99000000,2005.44620000
ETHEUR,2024-05-31,3461.97000000,3543.82000000,3435.90000000,3468.45000000,2171.98420000
ETHEUR,2024-06-01,3467.97000000,3532.01000000,3458.87000000,3515.58000000,858.28520000
ETHEUR,2024-06-02,3515.03000000,3535.00000000,3457.34000000,3484.35000000,1149.06120000
ETHEUR,2024-06-03,3481.95000000,3543.29000000,3449.85000000,3455.84000000,1260.42400000
ETHEUR,2024-06-04,3455.61000000,3512.44000000,3422.71000000,3497.11000000,1449.14080000
ETHEUR,2024-06-05,3497.48000000,3568.59000000,3470.00000000,3548.57000000,2058.85020000
ETHEUR,2024-06-06,3548.39000000,3557.12000000,3453.70000000,3502.10000000,1802.91300000
ETHEUR,2024-06-07,3499.63000000,3529.33000000,3324.86000000,3410.77000000,2928.73240000
ETHEUR,2024-06-08,3409.00000000,3440.00000000,3394.59000000,3413.65000000,905.99420000
ETHEUR,2024-06-09,3411.98000000,3453.42000000,3400.06000000,3440.75000000,995.18490000
ETHEUR,2024-06-10,3440.00000000,3456.99000000,3384.99000000,3409.41000000,1067.38680000
ETHEUR,2024-06-11,3408.17000000,3413.58000000,3199.01000000,3260.16000000,3328.56510000
ETHEUR,2024-06-12,3259.78000000,3381.61000000,3226.68000000,3295.72000000,2504.35870000
ETHEUR,2024-06-13,3294.41000000,3295.31000000,3191.87000000,3231.50000000,2116.32510000
ETHEUR,2024-06-14,3236.05000000,3301.09000000,3145.00000000,3256.62000000,2406.42420000
ETHEUR,2024-06-15,3256.00000000,3358.09000000,3249.24000000,3335.30000000,884.45150000
ETHEUR,2024-06-16,3334.70000000,3410.39000000,3310.00000000,3383.47000000,617.00850000
ETHEUR,2024-06-17,3384.11000000,3395.67000000,3225.00000000,3273.03000000,1766.23410000
ETHEUR,2024-06-18,3272.46000000,3274.69000000,3137.00000000,3245.71000000,3109.79080000
ETHEUR,2024-06-19,3245.93000000,3339.99000000,3230.23000000,3315.92000000,1840.42510000
ETHEUR,2024-06-20,3315.45000000,3379.33000000,3256.71000000,3279.85000000,2232.21330000
ETHEUR,2024-06-21,3281.06000000,3317.00000000,3222.00000000,3291.64000000,1989.74070000
ETHEUR,2024-06-22,3295.18000000,3295.18000000,3252.41000000,3269.64000000,362.65050000
ETHEUR,2024-06-23,3269.55000000,3293.07000000,3185.00000000,3197.39000000,959.02750000
ETHEUR,2024-06-24,3197.11000000,3210.00000000,3024.19000000,3125.20000000,3172.56050000
ETHEUR,2024-06-25,3124.37000000,3201.21000000,3110.00000000,3173.00000000,1589.29420000
ETHEUR,2024-06-26,3172.15000000,3199.46000000,3114.09000000,3156.28000000,1065.21010000
ETHEUR,2024-06-27,3156.29000000,3245.00000000,3147.62000000,3220.33000000,1118.73590000
ETHEUR,2024-06-28,3221.38000000,3259.36000000,3140.76000000,3154.69000000,1588.40320000
ETHEUR,2024-06-29,3156.23000000,3180.03000000,3148.62000000,3152.97000000,324.86550000
ETHEUR,2024-06-30,3153.34000000,3220.88000000,3130.02000000,3201.62000000,562.39090000
ETHEUR,2024-07-01,3199.11000000,3274.45000000,3189.30000000,3205.19000000,1147.15330000
ETHEUR,2024-07-02,3204.88000000,3226.47000000,3168.39000000,3181.94000000,850.66930000
ETHEUR,2024-07-03,3181.75000000,3190.26000000,3012.26000000,3053.66000000,2266.90710000
ETHEUR,2024-07-04,3054.20000000,3070.00000000,2824.38000000,2830.47000000,3522.71070000
ETHEUR,2024-07-05,2831.05000000,2875.54000000,2601.53000000,2755.88000000,6910.84720000
ETHEUR,2024-07-06,2756.70000000,2848.86000000,2731.55000000,2833.33000000,1243.63090000
ETHEUR,2024-07-07,2833.34000000,2838.52000000,2702.41000000,2709.25000000,1372.00170000
ETHEUR,2024-07-08,2709.70000000,2855.87000000,2610.87000000,2790.03000000,3710.64170000
ETHEUR,2024-07-09,2790.08000000,2879.95000000,2776.02000000,2836.72000000,1697.56260000
ETHEUR,2024-07-10,2837.68000000,2912.86000000,2799.78000000,2865.70000000,2185.42150000
ETHEUR,2024-07-11,2864.80000000,2953.00000000,2821.81000000,2853.62000000,2163.89810000
ETHEUR,2024-07-12,2853.40000000,2899.12000000,2801.28000000,2876.61000000,1801.18770000
ETHEUR,2024-07-13,2878.13000000,2922.55000000,2835.91000000,2898.91000000,1501.80360000
ETHEUR,2024-07-14,2899.23000000,3000.00000000,2862.65000000,2978.69000000,1325.65580000
ETHEUR,2024-07-15,2979.17000000,3208.96000000,2969.80000000,3199.40000000,2118.21030000
ETHEUR,2024-07-16,3198.81000000,3212.16000000,3071.09000000,3162.08000000,2066.13930000
ETHEUR,2024-07-17,3162.46000000,3229.00000000,3094.42000000,3099.69000000,1547.99000000
ETHEUR,2024-07-18,3102.58000000,3197.37000000,3089.00000000,3146.44000000,954.65720000
ETHEUR,2024-07-19,3145.26000000,3254.82000000,3105.00000000,3219.00000000,1439.42650000
ETHEUR,2024-07-20,3217.84000000,3250.15000000,3195.90000000,3228.91000000,587.56150000
ETHEUR,2024-07-21,3230.22000000,3243.90000000,3133.13000000,3220.45000000,2210.80720000
ETHEUR,2024-07-22,3220.54000000,3258.63000000,3145.42000000,3160.89000000,992.79680000
ETHEUR,2024-07-23,3161.29000000,3257.96000000,3119.69000000,3206.33000000,2244.85690000
ETHEUR,2024-07-24,3207.84000000,3212.22000000,3046.69000000,3080.17000000,1240.19910000
ETHEUR,2024-07-25,3079.21000000,3084.88000000,2848.21000000,2928.53000000,2919.01170000
ETHEUR,2024-07-26,2926.80000000,3027.16000000,2924.78000000,3016.59000000,1568.42320000
ETHEUR,2024-07-27,3015.90000000,3061.84000000,2938.11000000,2989.50000000,1093.23300000
ETHEUR,2024-07-28,2989.30000000,3023.33000000,2943.27000000,3011.76000000,535.46300000
ETHEUR,2024-07-29,3011.71000000,3134.08000000,3009.07000000,3070.69000000,1858.91240000
ETHEUR,2024-07-30,3067.61000000,3114.94000000,2993.88000000,3034.96000000,1122.26450000
ETHEUR,2024-07-31,3034.87000000,3089.89000000,2971.28000000,2988.45000000,1465.10490000
ETHEUR,2024-08-01,2988.08000000,2997.64000000,2855.49000000,2968.61000000,2176.43100000
ETHEUR,2024-08-02,2968.61000000,2981.51000000,2723.14000000,2753.21000000,2514.15850000
ETHEUR,2024-08-03,2751.41000000,2775.00000000,2632.47000000,2674.15000000,2518.28990000
ETHEUR,2024-08-04,2672.69000000,2698.10000000,2421.00000000,2470.59000000,3272.02510000
ETHEUR,2024-08-05,2471.78000000,2478.61000000,1987.98000000,2218.97000000,20520.26520000
ETHEUR,2024-08-06,2220.36000000,2347.20000000,2216.85000000,2259.90000000,6084.06220000
ETHEUR,2024-08-07,2258.45000000,2340.12000000,2117.25000000,2145.23000000,4653.73190000
ETHEUR,2024-08-08,2142.91000000,2496.96000000,2125.92000000,2461.70000000,3640.07870000
ETHEUR,2024-08-09,2456.56000000,2480.42000000,2339.51000000,2384.45000000,1934.06780000
ETHEUR,2024-08-10,2378.23000000,2427.50000000,2364.69000000,2397.05000000,868.29180000
ETHEUR,2024-08-11,2396.97000000,2496.95000000,2331.82000000,2343.74000000,1405.34420000
ETHEUR,2024-08-12,2343.00000000,2517.87000000,2301.78000000,2491.94000000,2103.32350000
ETHEUR,2024-08-13,2491.81000000,2505.01000000,2392.70000000,2460.98000000,2027.54860000
ETHEUR,2024-08-14,2460.26000000,2523.35000000,2390.00000000,2419.78000000,2242.29730000
ETHEUR,2024-08-15,2419.05000000,2435.67000000,2297.11000000,2344.60000000,2487.30560000
ETHEUR,2024-08-16,2343.61000000,2397.02000000,2322.39000000,2353.63000000,1509.74640000
ETHEUR,2024-08-17,2351.27000000,2387.71000000,2349.84000000,2375.66000000,326.06880000
ETHEUR,2024-08-18,2377.15000000,2439.99000000,2358.59000000,2372.47000000,702.91870000
ETHEUR,2024-08-19,2371.30000000,2401.16000000,2322.01000000,2380.59000000,1112.00940000
ETHEUR,2024-08-20,2380.28000000,2434.19000000,2302.92000000,2314.90000000,1782.61560000
ETHEUR,2024-08-21,2316.25000000,2388.02000000,2283.03000000,2357.28000000,1737.43110000
ETHEUR,2024-08-22,2357.26000000,2377.68000000,2318.80000000,2361.27000000,1235.99950000
ETHEUR,2024-08-23,2360.83000000,2500.00000000,2358.01000000,2468.25000000,1958.82610000
ETHEUR,2024-08-24,2468.80000000,2519.00000000,2441.22000000,2471.55000000,1028.91320000
ETHEUR,2024-08-25,2472.15000000,2487.86000000,2427.64000000,2451.52000000,1072.02000000
ETHEUR,2024-08-26,2450.37000000,2462.73000000,2392.03000000,2403.71000000,1378.67640000
ETHEUR,2024-08-27,2402.61000000,2419.35000000,2143.59000000,2202.95000000,2773.89840000
ETHEUR,2024-08-28,2200.35000000,2300.99000000,2167.70000000,2274.57000000,2591.06550000
ETHEUR,2024-08-29,2275.61000000,2345.71000000,2259.21000000,2284.54000000,1312.75710000
ETHEUR,2024-08-30,2283.34000000,2305.00000000,2203.35000000,2287.79000000,1661.58400000
ETHEUR,2024-08-31,2288.69000000,2295.01000000,2255.47000000,2274.24000000,451.25140000
ETHEUR,2024-09-01,2273.32000000,2280.04000000,2175.00000000,2200.00000000,1414.37880000
ETHEUR,2024-09-02,2199.54000000,2317.56000000,2197.61000000,2295.13000000,2151.94920000
ETHEUR,2024-09-03,2296.71000000,2308.00000000,2187.50000000,2193.90000000,1453.20540000
ETHEUR,2024-09-04,2196.68000000,2247.52000000,2090.17000000,2213.92000000,2854.89230000
ETHEUR,2024-09-05,2212.98000000,2226.73000000,2115.46000000,2132.90000000,2192.62850000
ETHEUR,2024-09-06,2132.13000000,2167.70000000,1943.56000000,2017.50000000,4559.28170000
ETHEUR,2024-09-07,2016.41000000,2090.72000000,2013.45000000,2058.81000000,1347.67400000
ETHEUR,2024-09-08,2057.27000000,2109.30000000,2026.79000000,2076.76000000,1070.82620000
ETHEUR,2024-09-09,2077.19000000,2158.18000000,2060.64000000,2138.23000000,2055.09410000
ETHEUR,2024-09-10,2140.09000000,2177.96000000,2106.66000000,2167.88000000,933.91970000
ETHEUR,2024-09-11,2168.80000000,2168.80000000,2071.41000000,2125.46000000,1406.04360000
ETHEUR,2024-09-12,2126.67000000,2172.22000000,2098.95000000,2133.71000000,1030.15440000
ETHEUR,2024-09-13,2133.63000000,2224.52000000,2111.44000000,2202.17000000,1244.61370000
ETHEUR,2024-09-14,2202.97000000,2202.97000000,2135.00000000,2181.48000000,474.26030000
ETHEUR,2024-09-15,2182.24000000,2192.50000000,2063.10000000,2090.30000000,720.71470000
ETHEUR,2024-09-16,2089.70000000,2101.00000000,2033.33000000,2061.93000000,1536.42270000
ETHEUR,2024-09-17,2060.51000000,2152.26000000,2034.00000000,2106.60000000,1141.90300000
ETHEUR,2024-09-18,2103.87000000,2138.76000000,2047.44000000,2137.63000000,1314.06590000
ETHEUR,2024-09-19,2138.80000000,2235.24000000,2138.54000000,2207.65000000,1618.70610000
ETHEUR,2024-09-20,2208.14000000,2305.00000000,2184.05000000,2295.33000000,1246.92980000
ETHEUR,2024-09-21,2294.20000000,2350.00000000,2265.85000000,2344.55000000,508.85180000
ETHEUR,2024-09-22,2344.28000000,2360.25000000,2263.85000000,2314.24000000,748.12640000
ETHEUR,2024-09-23,2314.15000000,2430.61000000,2280.00000000,2383.86000000,1536.63480000
ETHEUR,2024-09-24,2384.89000000,2395.61000000,2322.90000000,2370.84000000,1573.93530000
ETHEUR,2024-09-25,2371.24000000,2390.00000000,2296.81000000,2318.46000000,1245.07340000
ETHEUR,2024-09-26,2318.29000000,2386.83000000,2299.36000000,2355.48000000,1197.44860000
ETHEUR,2024-09-27,2355.08000000,2446.31000000,2341.99000000,2416.08000000,1543.57080000
ETHEUR,2024-09-28,2415.62000000,2423.54000000,2376.47000000,2399.30000000,515.05200000
ETHEUR,2024-09-29,2398.04000000,2404.53000000,2360.00000000,2381.56000000,731.80270000
ETHEUR,2024-09-30,2380.90000000,2384.84000000,2314.38000000,2338.38000000,1466.28080000
ETHEUR,2024-10-01,2338.37000000,2387.96000000,2183.00000000,2214.66000000,2052.64750000
ETHEUR,2024-10-02,2211.51000000,2259.27000000,2131.00000000,2144.07000000,1783.52160000
ETHEUR,2024-10-03,2141.12000000,2179.22000000,2098.81000000,2130.91000000,1620.77770000
ETHEUR,2024-10-04,2131.06000000,2229.26000000,2121.62000000,2202.20000000,1450.30850000
ETHEUR,2024-10-05,2201.65000000,2213.25000000,2177.96000000,2201.15000000,467.44610000
ETHEUR,2024-10-06,2200.76000000,2238.90000000,2194.16000000,2224.11000000,450.24840000
ETHEUR,2024-10-07,2223.52000000,2297.37000000,2190.76000000,2208.63000000,1469.86510000
ETHEUR,2024-10-08,2209.51000000,2246.35000000,2191.84000000,2224.23000000,1147.11210000
ETHEUR,2024-10-09,2224.59000000,2256.05000000,2150.00000000,2166.52000000,1414.69890000
ETHEUR,2024-10-10,2166.23000000,2214.40000000,2133.58000000,2181.20000000,1770.70620000
ETHEUR,2024-10-11,2180.33000000,2259.63000000,2177.67000000,2227.05000000,1361.59220000
ETHEUR,2024-10-12,2227.92000000,2271.73000000,2222.11000000,2260.00000000,528.68890000
ETHEUR,2024-10-13,2260.80000000,2265.44000000,2218.91000000,2251.48000000,775.49750000
ETHEUR,2024-10-14,2251.43000000,2428.65000000,2234.57000000,2407.72000000,3652.40300000
ETHEUR,2024-10-15,2407.30000000,2461.37000000,2326.34000000,2393.24000000,2086.11770000
ETHEUR,2024-10-16,2393.42000000,2430.15000000,2377.20000000,2400.97000000,1258.45710000
ETHEUR,2024-10-17,2401.61000000,2436.77000000,2375.36000000,2400.89000000,1334.89040000
ETHEUR,2024-10-18,2400.50000000,2461.41000000,2393.58000000,2431.23000000,1650.00670000
ETHEUR,2024-10-19,2431.07000000,2449.49000000,2420.58000000,2434.31000000,591.29970000
ETHEUR,2024-10-20,2435.16000000,2528.30000000,2421.17000000,2518.80000000,1646.46440000
ETHEUR,2024-10-21,2518.25000000,2543.79000000,2450.00000000,2462.78000000,1907.16470000
ETHEUR,2024-10-22,2465.16000000,2467.46000000,2410.35000000,2425.73000000,2113.35810000
ETHEUR,2024-10-23,2430.57000000,2432.56000000,2275.00000000,2340.88000000,2544.17490000
ETHEUR,2024-10-24,2340.85000000,2373.47000000,2320.34000000,2341.68000000,1502.74860000
ETHEUR,2024-10-25,2342.01000000,2368.30000000,2210.22000000,2265.73000000,2919.50610000
ETHEUR,2024-10-26,2265.18000000,2325.11000000,2254.37000000,2302.14000000,1426.14510000
ETHEUR,2024-10-27,2302.14000000,2340.56000000,2284.09000000,2321.70000000,732.72270000
ETHEUR,2024-10-28,2320.71000000,2388.27000000,2291.30000000,2366.82000000,2056.76300000
ETHEUR,2024-10-29,2366.85000000,2479.76000000,2361.93000000,2435.04000000,3070.69930000
ETHEUR,2024-10-30,2435.75000000,2509.32000000,2398.35000000,2449.31000000,2908.85000000
ETHEUR,2024-10-31,2449.05000000,2460.55000000,2301.88000000,2314.77000000,2681.28900000
ETHEUR,2024-11-01,2314.13000000,2381.05000000,2268.63000000,2320.92000000,2250.84190000
ETHEUR,2024-11-02,2319.18000000,2329.25000000,2251.00000000,2308.76000000,1007.20720000
ETHEUR,2024-11-03,2308.77000000,2310.97000000,2231.38000000,2265.42000000,1885.81260000
ETHEUR,2024-11-04,2264.92000000,2288.93000000,2167.70000000,2206.92000000,2611.13460000
ETHEUR,2024-11-05,2205.80000000,2275.11000000,2190.00000000,2217.88000000,2545.16940000
ETHEUR,2024-11-06,2218.34000000,2535.76000000,2216.97000000,2522.19000000,7789.37470000
ETHEUR,2024-11-07,2523.10000000,2699.72000000,2509.11000000,2677.40000000,4828.87510000
ETHEUR,2024-11-08,2680.16000000,2780.00000000,2677.41000000,2762.18000000,3760.11040000
ETHEUR,2024-11-09,2762.53000000,2943.82000000,2756.45000000,2915.46000000,2745.21860000
ETHEUR,2024-11-10,2914.64000000,3021.28000000,2780.00000000,2964.42000000,8302.21390000
ETHEUR,2024-11-11,2963.51000000,3154.16000000,2895.94000000,3128.18000000,7597.53730000
ETHEUR,2024-11-12,3129.49000000,3219.40000000,2938.19000000,3030.59000000,13311.36380000
ETHEUR,2024-11-13,3029.54000000,3146.47000000,2901.64000000,3009.36000000,9202.34020000
ETHEUR,2024-11-14,3009.46000000,3063.63000000,2877.56000000,2905.43000000,4549.99380000
ETHEUR,2024-11-15,2904.37000000,2962.95000000,2859.80000000,2923.16000000,3825.66040000
ETHEUR,2024-11-16,2921.89000000,3043.95000000,2904.65000000,2958.09000000,2712.55380000
ETHEUR,2024-11-17,2958.39000000,2980.65000000,2870.34000000,2906.27000000,3263.41780000
ETHEUR,2024-11-18,2906.48000000,3043.65000000,2893.86000000,3028.88000000,4500.80860000
ETHEUR,2024-11-19,3029.16000000,3041.86000000,2896.05000000,2934.42000000,3427.53800000
ETHEUR,2024-11-20,2932.86000000,2994.18000000,2878.24000000,2908.48000000,3341.87930000
ETHEUR,2024-11-21,2908.21000000,3208.93000000,2875.30000000,3189.03000000,9144.01450000
ETHEUR,2024-11-22,3188.52000000,3264.06000000,3120.00000000,3177.53000000,5326.04250000
ETHEUR,2024-11-23,3176.93000000,3352.97000000,3159.72000000,3238.85000000,4717.44480000
ETHEUR,2024-11-24,3236.86000000,3291.69000000,3123.65000000,3207.36000000,3645.01640000
ETHEUR,2024-11-25,3208.46000000,3381.74000000,3148.21000000,3264.77000000,5549.60260000
ETHEUR,2024-11-26,3264.10000000,3305.83000000,3110.52000000,3167.93000000,8086.41470000
ETHEUR,2024-11-27,3165.25000000,3489.64000000,3148.11000000,3460.06000000,5354.99240000
ETHEUR,2024-11-28,3460.22000000,3469.97000000,3347.78000000,3390.35000000,3184.35190000
ETHEUR,2024-11-29,3390.35000000,3452.72000000,3339.60000000,3392.65000000,2393.74370000
ETHEUR,2024-11-30,3392.26000000,3529.01000000,3370.25000000,3497.22000000,2632.43330000
ETHEUR,2024-12-01,3496.91000000,3535.95000000,3459.05000000,3510.21000000,2048.45560000
ETHEUR,2024-12-02,3512.28000000,3567.14000000,3391.14000000,3469.63000000,4438.31050000
ETHEUR,2024-12-03,3469.99000000,3497.17000000,3330.10000000,3436.78000000,3629.88990000
ETHEUR,2024-12-04,3436.18000000,3699.62000000,3435.45000000,3650.35000000,5688.16660000
ETHEUR,2024-12-05,3650.97000000,3741.39000000,3512.50000000,3580.33000000,7547.38640000
ETHEUR,2024-12-06,3580.14000000,3871.77000000,3574.00000000,3782.42000000,5307.95290000
ETHEUR,2024-12-07,3782.21000000,3805.53000000,3752.15000000,3777.68000000,1850.16320000
ETHEUR,2024-12-08,3777.69000000,3798.12000000,3710.00000000,3787.92000000,1655.68660000
ETHEUR,2024-12-09,3788.60000000,3789.32000000,3333.00000000,3526.33000000,6640.37370000
ETHEUR,2024-12-10,3521.87000000,3588.28000000,3346.48000000,3456.73000000,6474.22830000
ETHEUR,2024-12-11,3455.39000000,3655.06000000,3387.21000000,3638.91000000,3553.59240000
ETHEUR,2024-12-12,3639.58000000,3801.00000000,3612.69000000,3703.39000000,3656.11330000
ETHEUR,2024-12-13,3703.25000000,3785.00000000,3675.79000000,3719.03000000,2273.07180000
ETHEUR,2024-12-14,3718.52000000,3749.30000000,3638.98000000,3679.78000000,1279.47170000
ETHEUR,2024-12-15,3678.00000000,3770.40000000,3641.13000000,3755.52000000,1788.11770000
ETHEUR,2024-12-16,3757.95000000,3889.00000000,3699.00000000,3780.00000000,4578.82350000
ETHEUR,2024-12-17,3780.74000000,3842.00000000,3666.00000000,3710.71000000,3065.36500000
ETHEUR,2024-12-18,3710.08000000,3731.00000000,3495.03000000,3505.32000000,5749.00500000
ETHEUR,2024-12-19,3503.37000000,3572.86000000,3205.91000000,3307.01000000,8868.10910000
ETHEUR,2024-12-20,3305.75000000,3356.17000000,2979.72000000,3344.38000000,10568.36790000
ETHEUR,2024-12-21,3341.86000000,3423.33000000,3167.77000000,3209.45000000,3757.51590000
ETHEUR,2024-12-22,3208.89000000,3270.31000000,3092.57000000,3147.02000000,2486.86260000
ETHEUR,2024-12-23,3149.84000000,3326.82000000,3087.47000000,3285.32000000,3565.16730000
ETHEUR,2024-12-24,3287.53000000,3404.00000000,3224.29000000,3359.35000000,1991.09470000
ETHEUR,2024-12-25,3358.51000000,3408.90000000,3309.99000000,3361.55000000,1175.87890000
ETHEUR,2024-12-26,3362.71000000,3378.89000000,3171.24000000,3197.02000000,1755.33680000
ETHEUR,2024-12-27,3196.74000000,3305.30000000,3172.03000000,3195.81000000,1993.70120000
ETHEUR,2024-12-28,3196.49000000,3279.03000000,3184.20000000,3258.24000000,947.27900000
ETHEUR,2024-12-29,3257.67000000,3265.52000000,3179.48000000,3208.90000000,1186.61050000
ETHEUR,2024-12-30,3207.86000000,3286.04000000,3169.18000000,3224.62000000,2405.92700000
ETHEUR,2024-12-31,3224.65000000,3320.37000000,3168.12000000,3217.72000000,2406.54630000
ETHEUR,2025-01-01,3215.90000000,3252.52000000,3197.92000000,3239.37000000,1316.09000000
ETHEUR,2025-01-02,3239.55000000,3396.19000000,3233.68000000,3359.97000000,2141.98390000
ETHEUR,2025-01-03,3359.90000000,3518.22000000,3314.46000000,3490.70000000,3684.25400000
ETHEUR,2025-01-04,3491.47000000,3556.78000000,3461.49000000,3542.76000000,1348.39500000
ETHEUR,2025-01-05,3543.16000000,3560.61000000,3484.30000000,3526.63000000,890.51450000
ETHEUR,2025-01-06,3529.74000000,3601.56000000,3478.77000000,3551.12000000,2175.34640000
ETHEUR,2025-01-07,3550.46000000,3562.93000000,3248.00000000,3271.38000000,3834.34250000
ETHEUR,2025-01-08,3270.44000000,3301.87000000,3116.29000000,3227.78000000,4546.60470000
ETHEUR,2025-01-09,3226.39000000,3255.16000000,3068.78000000,3132.68000000,2863.48930000
ETHEUR,2025-01-10,3132.06000000,3241.60000000,3117.12000000,3192.46000000,2888.06370000
ETHEUR,2025-01-11,3192.44000000,3240.00000000,3142.95000000,3202.16000000,983.77560000
ETHEUR,2025-01-12,3202.53000000,3218.35000000,3147.77000000,3190.04000000,973.49630000
ETHEUR,2025-01-13,3191.36000000,3258.62000000,2863.00000000,3056.14000000,5944.21300000
ETHEUR,2025-01-14,3055.72000000,3174.94000000,3049.26000000,3130.05000000,2235.84210000
ETHEUR,2025-01-15,3130.08000000,3372.44000000,3091.74000000,3337.45000000,3563.11500000
ETHEUR,2025-01-16,3338.63000000,3345.44000000,3168.62000000,3205.72000000,2881.77770000
ETHEUR,2025-01-17,3205.42000000,3425.48000000,3204.57000000,3371.16000000,3582.95500000
ETHEUR,2025-01-18,3371.70000000,3388.30000000,3129.54000000,3190.19000000,5182.10260000
ETHEUR,2025-01-19,3190.21000000,3362.35000000,3051.42000000,3131.20000000,13161.67810000
ETHEUR,2025-01-20,3130.33000000,3339.44000000,3055.93000000,3154.43000000,8710.83450000
ETHEUR,2025-01-21,3154.35000000,3228.16000000,3087.43000000,3196.33000000,3765.76900000
ETHEUR,2025-01-22,3196.01000000,3227.04000000,3098.38000000,3116.99000000,2659.34710000
ETHEUR,2025-01-23,3115.78000000,3217.44000000,3060.00000000,3208.07000000,3660.25610000
ETHEUR,2025-01-24,3209.07000000,3273.00000000,3140.85000000,3156.22000000,3893.17460000
ETHEUR,2025-01-25,3155.15000000,3201.65000000,3118.00000000,3166.67000000,1450.97820000
ETHEUR,2025-01-26,3167.61000000,3206.03000000,3087.25000000,3090.24000000,2000.43280000
ETHEUR,2025-01-27,3087.93000000,3110.88000000,2888.05000000,3047.62000000,6400.35050000
ETHEUR,2025-01-28,3048.45000000,3091.07000000,2915.71000000,2952.97000000,2637.63660000
ETHEUR,2025-01-29,2951.86000000,3052.48000000,2937.26000000,2986.01000000,2998.77780000
ETHEUR,2025-01-30,2986.16000000,3147.52000000,2963.51000000,3118.36000000,2512.96580000
ETHEUR,2025-01-31,3119.69000000,3306.79000000,3094.56000000,3191.73000000,4079.14460000
ETHEUR,2025-02-01,3190.83000000,3220.47000000,3005.39000000,3020.70000000,2064.01020000
ETHEUR,2025-02-02,3020.38000000,3066.65000000,2690.85000000,2806.19000000,7225.90970000
ETHEUR,2025-02-03,2806.86000000,2830.07000000,2105.19000000,2795.48000000,24483.05070000
ETHEUR,2025-02-04,2795.20000000,2804.16000000,2539.76000000,2640.49000000,8340.23150000
ETHEUR,2025-02-05,2639.26000000,2716.11000000,2602.37000000,2683.48000000,4967.16560000
ETHEUR,2025-02-06,2682.68000000,2759.88000000,2560.01000000,2590.58000000,4687.63480000
ETHEUR,2025-02-07,2589.78000000,2700.40000000,2484.86000000,2543.36000000,5502.83900000
ETHEUR,2025-02-08,2539.55000000,2586.47000000,2513.00000000,2554.44000000,2170.12010000
ETHEUR,2025-02-09,2555.63000000,2617.75000000,2452.75000000,2550.00000000,3391.59270000
ETHEUR,2025-02-10,2550.62000000,2613.98000000,2486.95000000,2584.09000000,3076.83530000
ETHEUR,2025-02-11,2583.90000000,2644.60000000,2472.01000000,2511.99000000,3889.69140000
ETHEUR,2025-02-12,2512.02000000,2691.00000000,2464.10000000,2635.33000000,4705.22370000
ETHEUR,2025-02-13,2636.03000000,2652.15000000,2510.00000000,2558.92000000,3611.42680000
ETHEUR,2025-02-14,2559.34000000,2658.60000000,2549.55000000,2599.51000000,3223.13000000
ETHEUR,2025-02-15,2599.74000000,2611.06000000,2542.06000000,2570.38000000,1304.20430000
ETHEUR,2025-02-16,2569.96000000,2601.98000000,2530.00000000,2540.65000000,1571.65180000
ETHEUR,2025-02-17,2538.21000000,2720.50000000,2516.33000000,2616.63000000,5126.94830000
ETHEUR,2025-02-18,2616.54000000,2628.32000000,2496.00000000,2556.64000000,4270.60790000
ETHEUR,2025-02-19,2555.79000000,2622.41000000,2542.82000000,2599.23000000,2401.55410000
ETHEUR,2025-02-20,2600.57000000,2652.83000000,2586.22000000,2605.31000000,2133.23200000
ETHEUR,2025-02-21,2607.83000000,2716.74000000,2502.50000000,2546.32000000,5349.64320000
ETHEUR,2025-02-22,2546.01000000,2673.59000000,2538.06000000,2641.20000000,2067.60450000
ETHEUR,2025-02-23,2640.89000000,2723.67000000,2624.06000000,2687.11000000,1642.98070000
ETHEUR,2025-02-24,2687.92000000,2705.01000000,2363.31000000,2404.03000000,5349.24280000
ETHEUR,2025-02-25,2403.58000000,2419.32000000,2215.05000000,2371.29000000,8666.42840000
ETHEUR,2025-02-26,2371.78000000,2385.82000000,2147.08000000,2224.27000000,5475.22000000
ETHEUR,2025-02-27,2224.87000000,2271.54000000,2143.42000000,2218.23000000,5112.51340000
ETHEUR,2025-02-28,2218.66000000,2224.88000000,1994.65000000,2156.48000000,10512.69340000
ETHEUR,2025-03-01,2157.33000000,2198.61000000,2068.84000000,2140.49000000,3385.73490000
ETHEUR,2025-03-02,2138.91000000,2453.81000000,2098.00000000,2420.53000000,7369.19920000
ETHEUR,2025-03-03,2421.06000000,2425.58000000,2002.69000000,2049.16000000,8791.00660000
ETHEUR,2025-03-04,2049.28000000,2092.53000000,1893.20000000,2043.70000000,10166.17350000
ETHEUR,2025-03-05,2044.02000000,2126.83000000,2008.76000000,2077.12000000,4415.94490000
ETHEUR,2025-03-06,2077.27000000,2146.51000000,2017.83000000,2042.97000000,4155.99520000
ETHEUR,2025-03-07,2042.97000000,2081.07000000,1950.00000000,1977.39000000,7345.36940000
ETHEUR,2025-03-08,1977.01000000,2063.94000000,1944.50000000,2035.46000000,2092.29830000
ETHEUR,2025-03-09,2035.04000000,2043.34000000,1833.94000000,1860.68000000,4618.96050000
ETHEUR,2025-03-10,1861.36000000,1986.87000000,1671.49000000,1720.75000000,10447.18470000
ETHEUR,2025-03-11,1721.26000000,1798.26000000,1618.42000000,1762.45000000,13382.79350000
ETHEUR,2025-03-12,1762.70000000,1792.08000000,1677.70000000,1753.13000000,8641.13240000
ETHEUR,2025-03-13,1754.77000000,1771.13000000,1677.70000000,1718.61000000,6177.50870000
ETHEUR,2025-03-14,1718.12000000,1788.91000000,1714.99000000,1757.16000000,4561.53240000
ETHEUR,2025-03-15,1757.91000000,1800.84000000,1751.05000000,1782.35000000,1636.83140000
ETHEUR,2025-03-16,1782.45000000,1785.65000000,1712.00000000,1735.60000000,3218.55280000
ETHEUR,2025-03-17,1735.23000000,1787.55000000,1727.88000000,1764.35000000,4192.21210000
ETHEUR,2025-03-18,1764.65000000,1769.14000000,1711.74000000,1765.91000000,3908.39440000
ETHEUR,2025-03-19,1766.12000000,1898.00000000,1761.82000000,1885.01000000,6508.23660000
ETHEUR,2025-03-20,1885.51000000,1895.18000000,1799.01000000,1827.72000000,4034.61780000
ETHEUR,2025-03-21,1827.28000000,1839.43000000,1787.02000000,1816.56000000,3493.61020000
ETHEUR,2025-03-22,1817.17000000,1855.58000000,1816.75000000,1831.46000000,962.91110000
ETHEUR,2025-03-23,1831.69000000,1868.13000000,1827.73000000,1851.94000000,1325.36430000
ETHEUR,2025-03-24,1852.20000000,1945.51000000,1827.60000000,1927.46000000,4745.96140000
ETHEUR,2025-03-25,1927.18000000,1942.88000000,1886.61000000,1915.66000000,3739.84110000
ETHEUR,2025-03-26,1915.98000000,1926.75000000,1843.85000000,1871.92000000,3121.90520000
ETHEUR,2025-03-27,1872.19000000,1891.79000000,1842.49000000,1854.83000000,2824.69420000
ETHEUR,2025-03-28,1855.37000000,1867.25000000,1720.65000000,1751.81000000,6347.64400000
ETHEUR,2025-03-29,1751.71000000,1767.85000000,1662.00000000,1690.05000000,3835.13080000
ETHEUR,2025-03-30,1690.32000000,1709.77000000,1636.00000000,1670.77000000,3613.23050000
ETHEUR,2025-03-31,1671.30000000,1716.88000000,1640.82000000,1684.00000000,6977.99690000
ETHEUR,2025-04-01,1683.90000000,1784.77000000,1679.59000000,1764.57000000,6406.94240000
ETHEUR,2025-04-02,1764.61000000,1797.00000000,1641.29000000,1646.53000000,11678.37580000
ETHEUR,2025-04-03,1646.23000000,1691.65000000,1575.80000000,1645.05000000,8051.12520000
ETHEUR,2025-04-04,1645.57000000,1669.40000000,1592.45000000,1657.03000000,8280.03700000
ETHEUR,2025-04-05,1657.15000000,1666.29000000,1609.05000000,1646.73000000,2139.27000000
ETHEUR,2025-04-06,1646.82000000,1656.42000000,1396.90000000,1437.23000000,11800.61150000
ETHEUR,2025-04-07,1437.53000000,1493.74000000,1281.27000000,1422.12000000,25443.75840000
ETHEUR,2025-04-08,1423.16000000,1476.02000000,1316.85000000,1341.58000000,13205.58970000
ETHEUR,2025-04-09,1341.75000000,1542.50000000,1255.60000000,1524.31000000,24783.24150000
ETHEUR,2025-04-10,1524.59000000,1524.80000000,1315.28000000,1352.11000000,12461.84130000
ETHEUR,2025-04-11,1352.18000000,1405.05000000,1330.00000000,1378.93000000,16098.86360000
ETHEUR,2025-04-12,1378.61000000,1470.42000000,1359.76000000,1449.59000000,7314.90590000
ETHEUR,2025-04-13,1449.23000000,1454.00000000,1379.10000000,1409.02000000,8424.88760000
ETHEUR,2025-04-14,1409.03000000,1488.03000000,1406.56000000,1432.98000000,9750.80590000
ETHEUR,2025-04-15,1433.32000000,1467.61000000,1402.80000000,1407.71000000,7650.36920000
ETHEUR,2025-04-16,1407.50000000,1421.27000000,1353.05000000,1383.83000000,8620.32120000
ETHEUR,2025-04-17,1384.23000000,1425.48000000,1375.02000000,1392.96000000,6184.32650000
ETHEUR,2025-04-18,1392.96000000,1405.53000000,1384.63000000,1395.42000000,2997.44510000
ETHEUR,2025-04-19,1395.42000000,1431.19000000,1392.50000000,1415.53000000,3430.36760000
ETHEUR,2025-04-20,1415.39000000,1420.82000000,1375.77000000,1387.14000000,4308.37070000
ETHEUR,2025-04-21,1387.01000000,1440.05000000,1357.48000000,1371.96000000,9136.12400000
ETHEUR,2025-04-22,1371.78000000,1559.20000000,1339.00000000,1546.14000000,15677.73760000
ETHEUR,2025-04-23,1546.48000000,1612.03000000,1531.79000000,1585.32000000,14589.86370000
ETHEUR,2025-04-24,1584.98000000,1588.63000000,1515.00000000,1556.27000000,7394.68640000
ETHEUR,2025-04-25,1556.84000000,1609.10000000,1533.10000000,1572.15000000,9063.78860000
ETHEUR,2025-04-26,1572.12000000,1622.00000000,1567.24000000,1603.35000000,5029.98220000
ETHEUR,2025-04-27,1604.39000000,1636.15000000,1570.46000000,1580.01000000,3729.64230000
ETHEUR,2025-04-28,1579.86000000,1611.72000000,1532.58000000,1578.21000000,8669.39900000
ETHEUR,2025-04-29,1578.74000000,1620.00000000,1564.52000000,1579.83000000,9272.35730000
ETHEUR,2025-04-30,1579.63000000,1598.43000000,1524.95000000,1584.18000000,9385.62320000
ETHEUR,2025-05-01,1584.59000000,1659.00000000,1582.59000000,1626.68000000,8909.25800000
ETHEUR,2025-05-02,1626.60000000,1652.87000000,1600.63000000,1632.18000000,6604.35450000
ETHEUR,2025-05-03,1631.86000000,1638.24000000,1605.00000000,1625.08000000,2995.00530000
ETHEUR,2025-05-04,1625.12000000,1639.82000000,1595.22000000,1599.42000000,3779.22480000
ETHEUR,2025-05-05,1599.06000000,1620.35000000,1573.07000000,1609.64000000,6753.57730000
ETHEUR,2025-05-06,1609.35000000,1613.84000000,1543.87000000,1602.32000000,8137.76190000
ETHEUR,2025-05-07,1603.01000000,1632.37000000,1575.49000000,1602.41000000,8794.49740000
ETHEUR,2025-05-08,1602.20000000,1980.00000000,1598.16000000,1962.88000000,27345.58020000
ETHEUR,2025-05-09,1962.66000000,2215.00000000,1942.95000000,2082.06000000,30377.43950000
ETHEUR,2025-05-10,2083.04000000,2308.59000000,2056.14000000,2292.77000000,19388.30840000
ETHEUR,2025-05-11,2292.20000000,2314.10000000,2161.54000000,2233.47000000,13581.51550000
ETHEUR,2025-05-12,2232.58000000,2354.81000000,2171.61000000,2247.63000000,18241.54560000
ETHEUR,2025-05-13,2247.67000000,2448.45000000,2175.22000000,2395.78000000,20296.97550000
ETHEUR,2025-05-14,2395.94000000,2435.61000000,2277.15000000,2335.16000000,13659.95810000
ETHEUR,2025-05-15,2335.16000000,2367.40000000,2217.18000000,2278.75000000,13588.00340000
ETHEUR,2025-05-16,2278.76000000,2365.52000000,2263.35000000,2275.27000000,10376.00020000
ETHEUR,2025-05-17,2274.36000000,2275.08000000,2193.22000000,2218.68000000,8695.86210000
ETHEUR,2025-05-18,2220.12000000,2317.50000000,2080.86000000,2232.00000000,15589.62060000
ETHEUR,2025-05-19,2232.54000000,2267.98000000,2096.79000000,2249.92000000,18343.37040000
ETHEUR,2025-05-20,2250.58000000,2301.47000000,2167.25000000,2236.18000000,16055.52960000
ETHEUR,2025-05-21,2236.25000000,2304.73000000,2164.14000000,2250.47000000,24204.42470000
ETHEUR,2025-05-22,2250.18000000,2382.15000000,2244.66000000,2359.19000000,20548.63620000
ETHEUR,2025-05-23,2359.36000000,2413.80000000,2204.43000000,2224.01000000,21538.92810000
ETHEUR,2025-05-24,2224.18000000,2268.39000000,2215.15000000,2229.28000000,6313.25230000
ETHEUR,2025-05-25,2229.28000000,2247.66000000,2170.58000000,2245.21000000,9867.90270000
ETHEUR,2025-05-26,2245.22000000,2282.33000000,2220.12000000,2251.82000000,9382.01740000
ETHEUR,2025-05-27,2251.62000000,2392.91000000,2201.02000000,2347.70000000,16781.79300000
ETHEUR,2025-05-28,2347.58000000,2390.35000000,2303.74000000,2388.98000000,11858.72540000
ETHEUR,2025-05-29,2388.80000000,2479.65000000,2304.01000000,2314.82000000,19221.38670000
ETHEUR,2025-05-30,2314.73000000,2336.33000000,2211.78000000,2233.17000000,15209.38250000
ETHEUR,2025-05-31,2232.43000000,2252.14000000,2185.00000000,2232.53000000,7664.68920000
ETHEUR,2025-06-01,2232.45000000,2249.67000000,2180.25000000,2239.83000000,7251.91010000
ETHEUR,2025-06-02,2239.70000000,2284.72000000,2167.55000000,2277.70000000,11304.58630000
ETHEUR,2025-06-03,2277.89000000,2333.67000000,2263.20000000,2279.96000000,10752.75430000
ETHEUR,2025-06-04,2279.36000000,2346.78000000,2271.42000000,2284.58000000,10990.95770000
ETHEUR,2025-06-05,2284.70000000,2311.86000000,2091.05000000,2110.02000000,15811.27790000
ETHEUR,2025-06-06,2110.03000000,2224.51000000,2081.29000000,2175.21000000,10264.66970000
ETHEUR,2025-06-07,2175.00000000,2233.40000000,2158.47000000,2216.16000000,3923.25920000
ETHEUR,2025-06-08,2216.27000000,2236.21000000,2186.65000000,2201.51000000,4819.70960000
ETHEUR,2025-06-09,2201.16000000,2357.98000000,2170.53000000,2345.40000000,8474.89690000
ETHEUR,2025-06-10,2345.48000000,2472.29000000,2270.00000000,2462.19000000,15581.52020000
ETHEUR,2025-06-11,2461.81000000,2506.29000000,2386.33000000,2409.12000000,11959.87050000
ETHEUR,2025-06-12,2409.01000000,2421.00000000,2261.00000000,2280.17000000,10156.74910000
ETHEUR,2025-06-13,2279.87000000,2281.79000000,2113.11000000,2234.87000000,21097.73520000
ETHEUR,2025-06-14,2235.15000000,2235.64000000,2157.54000000,2193.84000000,5651.19730000
ETHEUR,2025-06-15,2193.95000000,2214.94000000,2158.78000000,2207.59000000,6374.94290000
ETHEUR,2025-06-16,2207.57000000,2318.10000000,2179.10000000,2202.65000000,13145.34460000
ETHEUR,2025-06-17,2202.65000000,2264.89000000,2133.35000000,2185.00000000,15051.05810000
ETHEUR,2025-06-18,2185.26000000,2212.95000000,2144.99000000,2200.44000000,9803.29810000
ETHEUR,2025-06-19,2200.66000000,2219.35000000,2169.05000000,2189.12000000,4144.81160000
ETHEUR,2025-06-20,2189.54000000,2230.57000000,2052.80000000,2090.60000000,10740.28680000
ETHEUR,2025-06-21,2090.70000000,2127.44000000,1924.31000000,1994.80000000,9597.91890000
ETHEUR,2025-06-22,1995.17000000,2010.99000000,1837.00000000,1937.70000000,19438.12620000
ETHEUR,2025-06-23,1937.40000000,2104.47000000,1899.82000000,2080.64000000,18250.83950000
ETHEUR,2025-06-24,2081.09000000,2136.74000000,2051.66000000,2109.80000000,13472.02670000
ETHEUR,2025-06-25,2109.47000000,2124.76000000,2060.30000000,2070.96000000,9494.67120000
ETHEUR,2025-06-26,2071.07000000,2155.99000000,2046.83000000,2066.88000000,11679.02760000
ETHEUR,2025-06-27,2066.73000000,2104.65000000,2038.24000000,2069.70000000,7639.47970000
ETHEUR,2025-06-28,2069.80000000,2090.45000000,2055.30000000,2079.69000000,2661.95400000
ETHEUR,2025-06-29,2080.08000000,2152.58000000,2058.52000000,2132.54000000,5085.05740000
ETHEUR,2025-06-30,2132.37000000,2153.33000000,2074.95000000,2109.14000000,9564.23330000
ETHEUR,2025-07-01,2109.35000000,2121.35000000,2022.10000000,2038.31000000,9215.52690000
ETHEUR,2025-07-02,2038.30000000,2220.19000000,2010.84000000,2178.53000000,14549.84130000
ETHEUR,2025-07-03,2178.33000000,2241.40000000,2167.00000000,2202.53000000,11635.81490000
ETHEUR,2025-07-04,2202.64000000,2212.98000000,2102.21000000,2131.91000000,8750.16040000
ETHEUR,2025-07-05,2131.92000000,2150.15000000,2115.60000000,2139.26000000,3096.98410000
ETHEUR,2025-07-06,2139.48000000,2212.50000000,2128.00000000,2182.78000000,5721.34950000
ETHEUR,2025-07-07,2182.78000000,2206.80000000,2143.13000000,2166.09000000,9488.47210000
ETHEUR,2025-07-08,2166.01000000,2242.58000000,2149.29000000,2231.24000000,7499.79790000
ETHEUR,2025-07-09,2231.46000000,2383.32000000,2212.99000000,2358.94000000,13241.71050000
ETHEUR,2025-07-10,2359.20000000,2554.08000000,2346.48000000,2503.25000000,17999.36460000
ETHEUR,2025-07-11,2503.26000000,2589.98000000,2475.87000000,2517.33000000,20943.94510000
ETHEUR,2025-07-12,2517.04000000,2534.46000000,2468.00000000,2501.16000000,5262.39270000
ETHEUR,2025-07-13,2501.72000000,2561.83000000,2495.28000000,2534.32000000,5145.20550000
ETHEUR,2025-07-14,2534.40000000,2627.00000000,2528.31000000,2581.06000000,13434.48630000
ETHEUR,2025-07-15,2580.96000000,2707.08000000,2510.41000000,2702.33000000,13899.78380000
ETHEUR,2025-07-16,2702.05000000,2941.65000000,2669.49000000,2897.65000000,19817.59830000
ETHEUR,2025-07-17,2897.73000000,3030.73000000,2846.96000000,2991.20000000,17347.14820000
ETHEUR,2025-07-18,2991.29000000,3163.65000000,2975.44000000,3050.60000000,20108.80750000
ETHEUR,2025-07-19,3050.68000000,3103.28000000,3016.13000000,3090.07000000,5741.17130000
ETHEUR,2025-07-20,3090.07000000,3285.30000000,3079.19000000,3229.74000000,14708.81940000
ETHEUR,2025-07-21,3229.75000000,3300.33000000,3181.75000000,3217.65000000,14839.05010000
ETHEUR,2025-07-22,3218.03000000,3251.41000000,2905.00000000,3193.05000000,16363.69010000
ETHEUR,2025-07-23,3193.05000000,3208.54000000,2993.65000000,3082.50000000,15407.98450000
ETHEUR,2025-07-24,3082.80000000,3210.00000000,2982.78000000,3155.14000000,14881.44270000
ETHEUR,2025-07-25,3155.33000000,3196.29000000,3046.71000000,3171.31000000,14573.01690000
ETHEUR,2025-07-26,3171.89000000,3230.73000000,3147.36000000,3185.15000000,6684.09330000
ETHEUR,2025-07-27,3185.16000000,3299.82000000,3176.43000000,3293.56000000,7925.30460000
ETHEUR,2025-07-28,3293.75000000,3355.73000000,3238.51000000,3275.05000000,13222.54490000
ETHEUR,2025-07-29,3275.22000000,3361.36000000,3216.39000000,3284.61000000,13138.45980000
ETHEUR,2025-07-30,3284.41000000,3335.92000000,3220.45000000,3332.79000000,11467.36630000
ETHEUR,2025-07-31,3332.95000000,3383.76000000,3230.09000000,3239.31000000,10329.64320000
ETHEUR,2025-08-01,3239.37000000,3263.99000000,2964.06000000,3013.44000000,16960.75750000
ETHEUR,2025-08-02,3013.28000000,3056.16000000,2910.00000000,2931.44000000,10110.24000000
ETHEUR,2025-08-03,2931.41000000,3043.82000000,2897.07000000,3020.57000000,7924.48990000
ETHEUR,2025-08-04,3020.99000000,3230.37000000,3017.26000000,3213.67000000,10885.30220000
ETHEUR,2025-08-05,3213.76000000,3213.76000000,3050.19000000,3119.76000000,10266.82490000
ETHEUR,2025-08-06,3119.77000000,3195.00000000,3076.74000000,3159.61000000,7463.77970000
ETHEUR,2025-08-07,3159.60000000,3364.97000000,3131.22000000,3348.99000000,11397.20640000
ETHEUR,2025-08-08,3348.88000000,3494.77000000,3326.80000000,3439.88000000,14094.31680000
ETHEUR,2025-08-09,3440.14000000,3697.16000000,3437.52000000,3645.05000000,14128.96620000
ETHEUR,2025-08-10,3645.05000000,3703.13000000,3544.34000000,3641.72000000,9246.09130000
ETHEUR,2025-08-11,3641.92000000,3758.91000000,3580.85000000,3636.50000000,18825.94130000
ETHEUR,2025-08-12,3636.30000000,3969.88000000,3632.85000000,3926.98000000,22435.47140000
ETHEUR,2025-08-13,3926.74000000,4064.32000000,3904.09000000,4036.49000000,22643.09090000
ETHEUR,2025-08-14,4036.50000000,4087.58000000,3816.72000000,3905.84000000,28944.35410000
ETHEUR,2025-08-15,3905.86000000,3999.64000000,3735.62000000,3799.80000000,15018.42750000
ETHEUR,2025-08-16,3799.75000000,3843.37000000,3742.98000000,3785.98000000,7819.58260000
ETHEUR,2025-08-17,3786.07000000,3916.36000000,3762.65000000,3823.83000000,8360.12870000
ETHEUR,2025-08-18,3823.60000000,3832.94000000,3619.02000000,3699.11000000,20179.99610000
ETHEUR,2025-08-19,3699.12000000,3737.35000000,3493.84000000,3501.10000000,20563.64840000
ETHEUR,2025-08-20,3500.95000000,3757.81000000,3493.62000000,3722.28000000,16772.48320000
ETHEUR,2025-08-21,3722.63000000,3726.90000000,3622.80000000,3637.60000000,9161.91120000
ETHEUR,2025-08-22,3637.50000000,4160.00000000,3624.23000000,4096.48000000,25148.27190000
ETHEUR,2025-08-23,4096.53000000,4096.81000000,3954.54000000,4052.77000000,7791.33310000
ETHEUR,2025-08-24,4052.76000000,4208.44000000,4010.42000000,4076.74000000,12070.20250000
ETHEUR,2025-08-25,4077.00000000,4094.62000000,3731.26000000,3771.40000000,18030.80330000
ETHEUR,2025-08-26,3771.44000000,3981.48000000,3704.27000000,3954.62000000,14961.37350000
ETHEUR,2025-08-27,3954.62000000,4024.74000000,3850.00000000,3870.34000000,12671.50170000
ETHEUR,2025-08-28,3870.33000000,3981.58000000,3792.73000000,3863.00000000,7672.76560000
ETHEUR,2025-08-29,3863.00000000,3867.76000000,3652.66000000,3734.50000000,11292.92520000
ETHEUR,2025-08-30,3734.64000000,3782.71000000,3647.51000000,3746.47000000,5171.66430000
ETHEUR,2025-08-31,3746.62000000,3851.21000000,3745.76000000,3758.22000000,5326.63980000
ETHEUR,2025-09-01,3758.12000000,3832.34000000,3599.00000000,3683.68000000,7765.94270000
ETHEUR,2025-09-02,3683.76000000,3787.82000000,3659.07000000,3717.45000000,8241.31210000
ETHEUR,2025-09-03,3717.46000000,3847.92000000,3681.66000000,3818.34000000,6027.95740000
ETHEUR,2025-09-04,3817.82000000,3846.20000000,3662.96000000,3688.32000000,7376.22190000
ETHEUR,2025-09-05,3688.30000000,3830.00000000,3628.00000000,3678.22000000,10540.78120000
ETHEUR,2025-09-06,3678.43000000,3695.83000000,3617.85000000,3650.14000000,3118.53120000
ETHEUR,2025-09-07,3650.62000000,3703.13000000,3645.69000000,3676.84000000,2293.22490000
ETHEUR,2025-09-08,3676.84000000,3731.25000000,3641.71000000,3659.47000000,5015.18980000
ETHEUR,2025-09-09,3659.56000000,3725.02000000,3633.57000000,3683.08000000,5156.22950000
ETHEUR,2025-09-10,3683.08000000,3798.75000000,3663.10000000,3715.94000000,6449.24220000
ETHEUR,2025-09-11,3715.94000000,3834.10000000,3708.12000000,3801.62000000,6110.57670000
ETHEUR,2025-09-12,3801.62000000,4044.00000000,3795.93000000,4014.02000000,7928.52280000
ETHEUR,2025-09-13,4014.02000000,4058.44000000,3911.17000000,3966.82000000,5619.87690000
ETHEUR,2025-09-14,3966.80000000,3987.39000000,3890.00000000,3927.81000000,3772.94100000
ETHEUR,2025-09-15,3927.73000000,3982.68000000,3797.46000000,3846.81000000,6375.70430000
ETHEUR,2025-09-16,3846.81000000,3859.73000000,3739.66000000,3793.26000000,4877.30870000
ETHEUR,2025-09-17,3793.58000000,3906.01000000,3701.00000000,3882.24000000,8830.03710000
ETHEUR,2025-09-18,3882.62000000,3937.00000000,3862.80000000,3892.54000000,4791.84720000
ETHEUR,2025-09-19,3892.54000000,3923.70000000,3778.55000000,3809.08000000,5402.84010000
ETHEUR,2025-09-20,3809.11000000,3843.99000000,3797.76000000,3819.81000000,1804.30440000
ETHEUR,2025-09-21,3819.80000000,3833.48000000,3788.40000000,3790.68000000,2223.98120000
ETHEUR,2025-09-22,3790.67000000,3800.08000000,3471.13000000,3563.20000000,12096.32050000
ETHEUR,2025-09-23,3563.20000000,3586.01000000,3492.02000000,3526.71000000,6009.06920000
ETHEUR,2025-09-24,3526.66000000,3584.79000000,3455.10000000,3539.03000000,4889.25790000
ETHEUR,2025-09-25,3539.04000000,3545.77000000,3281.66000000,3324.00000000,14961.24020000
ETHEUR,2025-09-26,3324.43000000,3481.99000000,3317.26000000,3450.50000000,11962.79890000
ETHEUR,2025-09-27,3450.38000000,3457.10000000,3400.00000000,3438.84000000,3447.37370000
ETHEUR,2025-09-28,3438.96000000,3543.89000000,3392.84000000,3542.08000000,4247.74390000
ETHEUR,2025-09-29,3542.09000000,3614.64000000,3478.93000000,3595.68000000,6544.96450000
ETHEUR,2025-09-30,3595.59000000,3625.30000000,3483.03000000,3532.97000000,7551.68930000
ETHEUR,2025-10-01,3533.24000000,3710.96000000,3505.63000000,3705.14000000,12225.48390000
ETHEUR,2025-10-02,3705.15000000,3850.87000000,3693.40000000,3824.13000000,9009.68810000
ETHEUR,2025-10-03,3824.12000000,3904.99000000,3772.43000000,3839.92000000,9753.04820000
ETHEUR,2025-10-04,3840.06000000,3844.44000000,3769.83000000,3812.76000000,3532.97300000
ETHEUR,2025-10-05,3812.75000000,3905.87000000,3795.47000000,3839.16000000,6553.71490000
