timestamp,open,high,low,close,volume,Close time,Quote asset volume,Number of trades,Taker buy base,Taker buy quote,Ignore,symbol,bid_ask_spread,volume_24h,num_trades_24h
2020-01-01,7195.24000000,7255.00000000,7175.15000000,7200.85000000,16792.38816500,1577923199999,121214452.11606228,194010,8946.95553500,64597785.21233434,0,BTCUSDT,0.010000000009313226,18716.95589,5356958
2020-01-02,7200.77000000,7212.50000000,6924.74000000,6965.71000000,31951.48393200,1578009599999,225982341.30114030,302667,15141.61134000,107060829.07806464,0,BTCUSDT,0.00999999999476131,18715.8088,5356731
2020-01-03,6965.49000000,7405.00000000,6871.04000000,7344.96000000,68428.50045100,1578095999999,495098582.96203543,519854,35595.49627300,257713113.85172859,0,BTCUSDT,0.010000000009313226,18716.08195,5356637
2020-01-04,7345.00000000,7404.00000000,7272.21000000,7354.11000000,29987.97497700,1578182399999,219874240.93994811,279370,16369.38224800,120035111.72407165,0,BTCUSDT,0.00999999999476131,18716.02054,5356799
2020-01-05,7354.19000000,7495.00000000,7318.00000000,7358.75000000,38331.08560400,1578268799999,284848683.78917621,329209,19455.36956400,144600094.38965074,0,BTCUSDT,0.00999999999476131,18716.07971,5356868
2020-01-06,7357.64000000,7795.34000000,7346.76000000,7758.00000000,54635.69531600,1578355199999,413330481.22604919,449937,28853.76777000,218411610.65942464,0,BTCUSDT,0.00999999999476131,18716.33429,5357807
2020-01-07,7758.90000000,8207.68000000,7723.71000000,8145.28000000,91171.68466100,1578441599999,724202791.14296263,685315,46192.11154900,366866967.61393177,0,BTCUSDT,0.00999999999476131,18716.59201,5358069
2020-01-08,8145.92000000,8455.00000000,7870.00000000,8055.98000000,112622.64264000,1578527999999,926410232.60450582,830375,55071.10951400,453284250.45453957,0,BTCUSDT,0.00999999999476131,18716.9693,5358179
2020-01-09,8054.72000000,8055.96000000,7750.00000000,7817.76000000,64239.51983000,1578614399999,507258250.47487964,478800,31645.75922100,249899679.33440103,0,BTCUSDT,0.00999999999476131,18717.42978,5358509
2020-01-10,7817.74000000,8199.00000000,7672.00000000,8197.02000000,82406.77744800,1578700799999,652774220.38843703,606101,42361.75530700,335845385.67483303,0,BTCUSDT,0.00999999999476131,18718.50698,5358838
2020-01-11,8198.86000000,8286.34000000,8003.16000000,8020.01000000,54810.03266700,1578787199999,445034349.56470204,469131,27916.12497400,226716001.44288607,0,BTCUSDT,0.00999999999476131,18718.7843,5358917
2020-01-12,8020.01000000,8197.00000000,7960.00000000,8184.98000000,38131.49433600,1578873599999,309351920.45885002,350662,19718.54109600,159972663.99291870,0,BTCUSDT,0.010000000009313226,18718.89794,5358850
2020-01-13,8184.97000000,8196.00000000,8055.89000000,8110.34000000,31159.75568300,1578959999999,252656965.35815013,289144,15215.22650100,123407351.91807934,0,BTCUSDT,0.010000000009313226,18739.77986,5360492
2020-01-14,8110.34000000,8880.00000000,8105.54000000,8810.01000000,120399.12674200,1579046399999,1032735180.86587384,915328,62492.09667600,536081638.05418570,0,BTCUSDT,0.010000000009313226,18739.68704,5360418
2020-01-15,8814.64000000,8916.48000000,8564.00000000,8821.41000000,84816.29760600,1579132799999,743712237.27908164,764048,42493.55102600,372770745.17929917,0,BTCUSDT,0.00999999999476131,18742.71621,5360255
2020-01-16,8820.01000000,8859.81000000,8586.00000000,8720.01000000,51991.07428400,1579219199999,451752380.28108111,543064,25996.30135000,225914888.37777233,0,BTCUSDT,0.00999999999476131,18744.9977,5360622
2020-01-17,8720.15000000,9041.65000000,8672.44000000,8913.28000000,70897.73737700,1579305599999,629568740.70700897,676403,36139.80884500,320997160.95891669,0,BTCUSDT,0.010000000009313226,18746.04693,5360974
2020-01-18,8913.27000000,8988.88000000,8806.38000000,8915.96000000,38294.74654500,1579391999999,340852837.91608031,458182,19421.29531300,172895403.23974317,0,BTCUSDT,0.010000000009313226,18747.61946,5361073
2020-01-19,8915.09000000,9198.98000000,8466.00000000,8701.70000000,70676.88925900,1579478399999,623950864.27629280,615665,33655.94324100,297282818.09315907,0,BTCUSDT,0.010000000009313226,18749.05891,5361406
2020-01-20,8701.72000000,8746.99000000,8521.28000000,8642.35000000,38896.63974600,1579564799999,336447837.00180591,385006,19453.86378200,168293007.48754648,0,BTCUSDT,0.00999999999476131,18750.17208,5361995
2020-01-21,8642.35000000,8789.00000000,8488.00000000,8736.03000000,36494.68765900,1579651199999,316056704.98473800,365621,18731.87163700,162303157.94279355,0,BTCUSDT,0.00999999999476131,18749.24814,5361811
2020-01-22,8736.04000000,8818.00000000,8590.00000000,8682.36000000,29080.55713800,1579737599999,252638888.21492550,317424,14477.15751200,125794389.99554266,0,BTCUSDT,0.00999999999476131,18754.30278,5362270
2020-01-23,8682.77000000,8691.81000000,8306.39000000,8404.52000000,48165.94459700,1579823999999,407428808.67533703,464805,23287.71244400,196965082.04041370,0,BTCUSDT,0.010000000009313226,18754.39547,5362354
2020-01-24,8404.52000000,8528.02000000,8238.00000000,8439.00000000,41687.52952900,1579910399999,349874174.79003938,407271,21293.48958600,178752179.11477745,0,BTCUSDT,0.010000000009313226,18753.66379,5361587
2020-01-25,8438.99000000,8451.26000000,8254.90000000,8340.58000000,25521.15793200,1579996799999,212869245.63589778,283118,13076.75278600,109098245.22427255,0,BTCUSDT,0.010000000009313226,18755.10945,5361966
2020-01-26,8340.01000000,8618.13000000,8293.66000000,8615.00000000,31130.48516400,1580083199999,263941925.27299900,332612,15797.91126700,133936210.14356350,0,BTCUSDT,0.00999999999476131,18754.11877,5362264
2020-01-27,8614.39000000,9000.00000000,8535.00000000,8907.57000000,53973.54299600,1580169599999,473194952.80446884,514196,28592.32652100,250794158.80919072,0,BTCUSDT,0.00999999999476131,18757.21628,5362635
2020-01-28,8907.57000000,9400.00000000,8862.40000000,9374.21000000,74584.85376500,1580255999999,676593159.48233962,616678,38852.36324600,352558461.21538207,0,BTCUSDT,0.00999999999476131,18758.4295,5362835
2020-01-29,9375.34000000,9449.24000000,9216.00000000,9301.53000000,53864.06512200,1580342399999,503188568.83635783,492545,26615.65132900,248688826.41119043,0,BTCUSDT,0.00999999999476131,18761.57238,5363756
2020-01-30,9301.57000000,9578.00000000,9204.44000000,9513.21000000,60626.74425900,1580428799999,569652869.81968368,529570,30852.55545000,290043577.43928681,0,BTCUSDT,0.00999999999476131,18766.65253,5364323
2020-01-31,9511.52000000,9530.22000000,9210.01000000,9352.89000000,45552.02235200,1580515199999,425779010.40653666,428547,22482.47089900,210150300.22227438,0,BTCUSDT,0.00999999999476131,18811.04709,5367786
2020-02-01,9351.71000000,9464.53000000,9281.00000000,9384.61000000,28578.06735400,1580601599999,268137739.99333750,334972,14679.12630500,137764121.89168733,0,BTCUSDT,0.010000000009313226,18814.78073,5368370
2020-02-02,9384.41000000,9477.03000000,9120.00000000,9331.51000000,45690.91254000,1580687999999,428064088.69046830,446558,22588.40606000,211808205.79156946,0,BTCUSDT,0.010000000009313226,18829.0158,5370151
2020-02-03,9331.59000000,9618.79000000,9234.00000000,9292.24000000,50892.13345100,1580774399999,476379993.49247244,492124,24781.39769600,232065946.53854197,0,BTCUSDT,0.00999999999476131,18835.87624,5371140
2020-02-04,9291.35000000,9350.00000000,9093.01000000,9197.02000000,53308.17526600,1580860799999,491136137.21076251,528930,26103.43230700,240571508.24015159,0,BTCUSDT,0.00999999999476131,18837.39009,5371410
2020-02-05,9197.02000000,9744.45000000,9177.22000000,9612.04000000,64870.41561500,1580947199999,613540574.78183120,661758,35375.60520200,334620486.13736696,0,BTCUSDT,0.010000000009313226,18838.99758,5371828
2020-02-06,9612.03000000,9862.57000000,9526.35000000,9772.00000000,64949.70658800,1581033599999,631245079.82238119,682179,32143.45464700,312506614.38662455,0,BTCUSDT,0.00999999999476131,18839.38858,5371974
2020-02-07,9772.00000000,9885.00000000,9730.00000000,9813.73000000,43966.11463200,1581119999999,430744860.18143928,582249,22733.98818600,222761439.95578878,0,BTCUSDT,0.010000000009313226,18842.5777,5372986
2020-02-08,9813.87000000,9940.00000000,9667.11000000,9895.05000000,43600.84366600,1581206399999,427781790.20081596,514573,22664.38183700,222438123.84668740,0,BTCUSDT,0.010000000009313226,18845.87887,5373179
2020-02-09,9895.04000000,10166.00000000,9880.75000000,10151.75000000,43408.47561600,1581292799999,437441704.90539635,536848,22408.27732700,225799470.00274661,0,BTCUSDT,0.00999999999476131,18851.78503,5373682
2020-02-10,10151.72000000,10188.00000000,9756.00000000,9851.83000000,59573.08461900,1581379199999,590091358.44290697,690308,28618.88324500,283509329.43681316,0,BTCUSDT,0.010000000009313226,18854.46546,5374522
2020-02-11,9851.74000000,10323.59000000,9700.00000000,10223.08000000,62422.39522400,1581465599999,624970415.40547413,710170,31905.31642000,319373572.87250502,0,BTCUSDT,0.010000000009313226,18868.55791,5374902
2020-02-12,10223.08000000,10450.00000000,10223.08000000,10326.46000000,61008.06393000,1581551999999,629756037.51607864,857655,31141.80770000,321525481.54140180,0,BTCUSDT,0.010000000009313226,18868.99373,5374997
2020-02-13,10325.33000000,10500.00000000,10080.00000000,10229.63000000,79344.35875900,1581638399999,815507473.73536100,932802,38475.27254800,395629173.03862326,0,BTCUSDT,0.00999999999476131,18886.5902,5375824
2020-02-14,10227.78000000,10381.56000000,10111.37000000,10344.36000000,47038.48017300,1581724799999,482455622.00362595,622310,23697.00549300,243079257.30551489,0,BTCUSDT,0.00999999999476131,18887.84628,5375510
2020-02-15,10344.36000000,10375.00000000,9801.00000000,9904.72000000,57657.20294700,1581811199999,580845331.17478468,739781,26758.58032300,269731775.50315572,0,BTCUSDT,0.00999999999476131,18887.81131,5375022
2020-02-16,9904.46000000,10050.00000000,9638.12000000,9917.27000000,60023.99953700,1581897599999,592584876.90408609,708070,29406.13683900,290482773.25193714,0,BTCUSDT,0.010000000009313226,18887.7695,5375044
2020-02-17,9910.70000000,9964.16000000,9452.67000000,9706.00000000,70261.01190100,1581983999999,680009637.61599533,778058,33221.83924100,321724146.09734819,0,BTCUSDT,0.00999999999476131,18889.34631,5375334
2020-02-18,9706.00000000,10250.00000000,9576.01000000,10164.71000000,70604.12401900,1582070399999,696870122.81260796,723413,37303.99632600,368380176.64872573,0,BTCUSDT,0.010000000009313226,18889.76354,5374794
2020-02-19,10164.78000000,10250.00000000,9350.00000000,9593.79000000,55162.58689500,1582156799999,547679966.92922570,588760,25457.91648000,253188749.12823528,0,BTCUSDT,0.00999999999476131,18890.33267,5374903
2020-02-20,9594.65000000,9699.00000000,9400.00000000,9596.42000000,60152.34291400,1582243199999,576020107.46260181,667387,29843.20887500,285816414.87816031,0,BTCUSDT,0.00999999999476131,18890.34295,5374867
2020-02-21,9597.21000000,9755.51000000,9550.21000000,9677.05000000,42181.55452400,1582329599999,408286949.80352921,470599,21645.26761400,209532434.57633311,0,BTCUSDT,0.00999999999476131,18897.27088,5375399
2020-02-22,9677.05000000,9709.17000000,9560.02000000,9650.86000000,24636.75762300,1582415999999,237544283.22525856,319961,13267.24651100,127929552.99759819,0,BTCUSDT,0.010000000009313226,18897.48287,5375419
2020-02-23,9650.85000000,9990.00000000,9645.00000000,9936.40000000,37702.08984300,1582502399999,371815095.46744496,441935,20035.25054900,197592792.86246950,0,BTCUSDT,0.010000000009313226,18904.04501,5376353
2020-02-24,9936.40000000,9990.00000000,9473.56000000,9656.13000000,55796.59612000,1582588799999,542081527.64083289,589384,26426.93064400,256859539.02050738,0,BTCUSDT,0.010000000009313226,18904.51848,5376553
2020-02-25,9655.52000000,9675.00000000,9250.00000000,9315.84000000,54379.34455200,1582675199999,514946930.56602305,579079,26318.93415800,249358678.88131346,0,BTCUSDT,0.00999999999476131,18903.28026,5376481
2020-02-26,9316.48000000,9377.44000000,8633.63000000,8785.25000000,92130.34548200,1582761599999,830717784.37909491,871018,41928.87480900,378197861.58165483,0,BTCUSDT,0.00999999999476131,18905.04952,5376807
2020-02-27,8786.00000000,8971.77000000,8531.00000000,8823.21000000,72483.57876200,1582847999999,636955872.76254629,696646,35410.01449200,311229361.68385182,0,BTCUSDT,0.010000000009313226,18905.99807,5376796
2020-02-28,8823.25000000,8900.00000000,8445.00000000,8692.91000000,71155.20897700,1582934399999,615664817.01039124,655727,35295.60613500,305533926.98473354,0,BTCUSDT,0.00999999999476131,18909.60405,5377658
2020-02-29,8690.80000000,8790.00000000,8523.55000000,8523.61000000,36748.18303500,1583020799999,318585951.98853237,414175,18916.85455900,164044036.86872094,0,BTCUSDT,0.00999999999476131,18911.30759,5377711
2020-03-01,8523.61000000,8750.00000000,8411.00000000,8531.88000000,43892.20177900,1583107199999,375729315.25408258,472019,21838.36886600,186962259.70689059,0,BTCUSDT,0.010000000009313226,18922.76716,5378018
2020-03-02,8530.30000000,8965.75000000,8498.00000000,8915.24000000,60401.31773000,1583193599999,528906629.56281918,564535,31213.08060200,273395227.94832437,0,BTCUSDT,0.00999999999476131,18922.59217,5377743
2020-03-03,8911.18000000,8919.65000000,8651.00000000,8760.07000000,55154.99728200,1583279999999,484181096.32295575,512762,26954.22974500,236655810.14459231,0,BTCUSDT,0.00999999999476131,18922.49356,5377495
2020-03-04,8760.07000000,8848.29000000,8660.00000000,8750.87000000,38696.48257800,1583366399999,338849891.95293542,454817,19279.33119000,168832874.50723547,0,BTCUSDT,0.010000000009313226,18922.49648,5377263
2020-03-05,8750.99000000,9159.42000000,8746.54000000,9054.68000000,58201.86635500,1583452799999,524102029.20478296,619552,30482.08217100,274387102.91088936,0,BTCUSDT,0.00999999999476131,18922.08839,5377174
2020-03-06,9054.64000000,9170.00000000,8985.50000000,9131.88000000,43782.94804400,1583539199999,397598476.42056292,493216,22296.56050600,202484342.22117205,0,BTCUSDT,0.00999999999476131,18922.09568,5378556
2020-03-07,9130.89000000,9188.00000000,8835.00000000,8886.66000000,45422.20452500,1583625599999,409983263.78913797,485400,22281.71585500,201161181.30473225,0,BTCUSDT,0.00999999999476131,18924.60104,5378766
2020-03-08,8885.25000000,8886.76000000,8000.00000000,8033.31000000,77537.31516600,1583711999999,656931544.78216040,740741,34843.60784900,295351474.43544910,0,BTCUSDT,0.00999999999476131,18927.11948,5378927
2020-03-09,8034.76000000,8179.31000000,7632.01000000,7929.87000000,116968.86326800,1583798399999,918787729.08558386,929234,58020.95792700,455866837.30462256,0,BTCUSDT,0.00999999999476131,18927.19218,5379314
2020-03-10,7929.87000000,8149.00000000,7728.01000000,7894.56000000,86783.44387500,1583884799999,689700153.44909328,737528,43673.58402400,347117049.36196732,0,BTCUSDT,0.00999999999476131,18926.0535,5379532
2020-03-11,7894.57000000,7980.00000000,7590.00000000,7934.52000000,79942.41117200,1583971199999,624465167.36481883,699401,40497.89273800,316442882.75970132,0,BTCUSDT,0.00999999999476131,18926.00792,5379379
2020-03-12,7934.58000000,7966.17000000,4410.00000000,4800.00000000,261505.60865300,1584057599999,1628590104.22221324,1770812,119298.00619700,743481672.20376488,0,BTCUSDT,0.00999999999476131,18927.33107,5379458
2020-03-13,4800.01000000,5955.00000000,3782.13000000,5578.60000000,402201.67376400,1584143999999,2063819540.63899484,2309830,197511.95427300,1017423855.75574906,0,BTCUSDT,0.00999999999476131,18927.08504,5379726
2020-03-14,5576.05000000,5640.52000000,5055.13000000,5172.06000000,136910.13597400,1584230399999,736651880.92107893,1106125,66104.01972900,356020329.85217690,0,BTCUSDT,0.00999999999476131,18927.77545,5379865
2020-03-15,5172.48000000,5940.00000000,5093.10000000,5361.30000000,139916.14653400,1584316799999,753755706.42687720,1037714,70540.65095000,380499471.94982265,0,BTCUSDT,0.00999999999476131,18929.75377,5379864
2020-03-16,5360.33000000,5365.42000000,4442.12000000,5028.97000000,227276.92276000,1584403199999,1113690309.10158680,1608176,108901.96736600,533857910.81658686,0,BTCUSDT,0.00999999999476131,18929.82604,5379708
2020-03-17,5028.86000000,5525.00000000,4921.45000000,5312.64000000,150089.92631800,1584489599999,793147908.26849729,1069217,74698.37425400,394902319.12415861,0,BTCUSDT,0.00999999999476131,18930.17498,5379826
2020-03-18,5312.64000000,5436.17000000,5009.37000000,5393.04000000,137127.63489400,1584575999999,719748122.45301997,962843,65106.06777800,341970839.57798240,0,BTCUSDT,0.010000000009313226,18929.6712,5379729
2020-03-19,5393.26000000,6400.00000000,5252.53000000,6162.37000000,199020.87343900,1584662399999,1164739707.51423590,1403608,99011.94701100,579536547.75822434,0,BTCUSDT,0.010000000009313226,18927.24508,5379431
2020-03-20,6162.05000000,6900.00000000,5670.00000000,6208.36000000,219298.32951400,1584748799999,1401734013.17520213,1580069,104719.63918000,670117999.14814168,0,BTCUSDT,0.00999999999476131,18927.25752,5379716
2020-03-21,6204.57000000,6456.98000000,5860.02000000,6186.98000000,128913.66836300,1584835199999,794962136.63841710,990974,63326.09685200,390737241.11380974,0,BTCUSDT,0.00999999999476131,18927.83564,5380181
2020-03-22,6187.04000000,6407.87000000,5734.01000000,5816.19000000,119115.99052700,1584921599999,722895653.51006145,952259,57189.89834900,347411876.36095811,0,BTCUSDT,0.00999999999476131,18926.65009,5380028
2020-03-23,5816.05000000,6600.00000000,5688.00000000,6467.31000000,164674.21578500,1585007999999,1015525672.07438633,1099406,84136.01172800,519197453.13588756,0,BTCUSDT,0.00999999999476131,18926.34667,5380324
2020-03-24,6465.25000000,6833.00000000,6371.33000000,6744.72000000,151138.00987800,1585094399999,1001890515.23998861,1012669,72781.81732800,482659188.55276766,0,BTCUSDT,0.00999999999476131,18927.06468,5380349
2020-03-25,6744.69000000,6957.96000000,6450.00000000,6677.43000000,132155.73498900,1585180799999,880250736.90798865,912179,63515.16835000,423439621.64069462,0,BTCUSDT,0.010000000009313226,18930.41753,5381219
2020-03-26,6677.42000000,6780.00000000,6510.00000000,6737.36000000,83026.55521100,1585267199999,552537189.47935146,668467,41123.41050600,273834254.46692475,0,BTCUSDT,0.00999999999476131,18934.68825,5382164
2020-03-27,6737.27000000,6842.59000000,6261.00000000,6359.11000000,82914.96835400,1585353599999,551326113.85520389,643631,38439.27221600,255910741.81760174,0,BTCUSDT,0.00999999999476131,18936.88441,5382533
2020-03-28,6359.11000000,6360.00000000,6024.00000000,6236.65000000,93159.69342900,1585439999999,577986706.12893653,725588,44960.52343800,279053353.63500286,0,BTCUSDT,0.00999999999476131,18940.25132,5383165
2020-03-29,6236.65000000,6266.00000000,5866.56000000,5881.42000000,63311.62771400,1585526399999,383707122.50096294,496709,29080.96792200,176336037.90451324,0,BTCUSDT,0.00999999999476131,18946.16132,5383383
2020-03-30,5880.50000000,6599.00000000,5857.76000000,6394.38000000,118889.54999200,1585612799999,747569726.45441973,784034,58863.31298300,370039956.00738122,0,BTCUSDT,0.010000000009313226,18947.66423,5383540
2020-03-31,6394.45000000,6523.23000000,6321.40000000,6410.44000000,72337.59525900,1585699199999,465780496.62248718,538231,34730.90233400,223650665.24981058,0,BTCUSDT,0.00999999999476131,18950.34697,5383549
2020-04-01,6412.14000000,6679.94000000,6150.11000000,6642.92000000,97500.75240000,1585785599999,618527468.83416410,758061,49161.37019500,312180122.98026614,0,BTCUSDT,0.00999999999476131,18956.10711,5383939
2020-04-02,6643.36000000,7198.00000000,6551.00000000,6794.09000000,149299.90687100,1585871999999,1014494762.44164222,1101043,74722.16374800,508095825.95867690,0,BTCUSDT,0.00999999999476131,18958.23331,5384533
2020-04-03,6793.86000000,7048.00000000,6602.10000000,6734.10000000,104080.27693900,1585958399999,710254017.10027212,840456,51077.93867100,348762338.66686200,0,BTCUSDT,0.00999999999476131,18958.5137,5384600
2020-04-04,6732.97000000,6990.41000000,6650.01000000,6856.99000000,72990.86113900,1586044799999,495076283.52090415,659051,36419.05668400,247173793.29146553,0,BTCUSDT,0.00999999999476131,18958.95819,5384745
2020-04-05,6857.41000000,6895.54000000,6677.52000000,6772.78000000,49685.35698300,1586131199999,337062083.00202794,506433,23875.57831200,162008820.38877512,0,BTCUSDT,0.00999999999476131,18965.0441,5385225
2020-04-06,6772.78000000,7355.14000000,6765.00000000,7329.90000000,118052.00083200,1586217599999,837357664.65192143,956586,59322.20887300,420706756.20827898,0,BTCUSDT,0.010000000009313226,18965.14622,5385147
2020-04-07,7329.90000000,7459.69000000,7077.00000000,7197.32000000,103585.16891800,1586303999999,757201786.69766315,924436,48811.26778900,357008427.72553911,0,BTCUSDT,0.010000000009313226,18962.0713,5385027
2020-04-08,7197.32000000,7420.00000000,7150.00000000,7361.28000000,76059.14583800,1586390399999,555122600.27502590,750516,39000.55256500,284685809.77746603,0,BTCUSDT,0.00999999999476131,18963.5208,5386634
2020-04-09,7360.26000000,7371.92000000,7108.08000000,7283.54000000,61094.87241700,1586476799999,444741085.90375861,686207,28801.89285100,209718590.14289618,0,BTCUSDT,0.00999999999476131,18964.5599,5387490
2020-04-10,7283.54000000,7295.75000000,6739.98000000,6858.92000000,104674.62337500,1586563199999,727281590.77193982,949050,47958.96080500,333222230.69815031,0,BTCUSDT,4.259999999994761,18965.67524,5387684
2020-04-11,6858.92000000,6944.30000000,6760.00000000,6876.83000000,45470.29320600,1586649599999,311699573.51667396,484618,21157.12838100,145036158.54711846,0,BTCUSDT,0.00999999999476131,18978.44628,5388133
2020-04-12,6876.84000000,7177.00000000,6780.00000000,6903.79000000,73868.66650100,1586735999999,516235035.18651132,648323,35637.95868700,249206873.18271956,0,BTCUSDT,0.010000000009313226,18977.19595,5388545
2020-04-13,6903.79000000,6903.79000000,6575.00000000,6837.91000000,96415.47657300,1586822399999,649390681.24850258,804179,44648.49218700,300780988.70993096,0,BTCUSDT,0.00999999999476131,18977.46605,5388623
2020-04-14,6838.04000000,6978.00000000,6754.28000000,6868.70000000,69068.62328500,1586908799999,474794776.19211112,608665,32019.32233700,220122993.72657639,0,BTCUSDT,0.00999999999476131,18975.90878,5388535
2020-04-15,6868.57000000,6933.00000000,6605.00000000,6621.24000000,61571.38499400,1586995199999,416947490.61569572,581374,29866.89225000,202324176.16003710,0,BTCUSDT,0.00999999999476131,18977.63693,5388713
2020-04-16,6621.25000000,7190.00000000,6468.27000000,7101.94000000,125009.85753900,1587081599999,865277543.39469342,971163,63251.20433100,438475139.10829708,0,BTCUSDT,0.00999999999476131,18975.85995,5388439
2020-04-17,7101.99000000,7148.12000000,6972.98000000,7027.55000000,54126.50976300,1587167999999,382334236.16947893,537554,25973.97067700,183489537.17453394,0,BTCUSDT,0.00999999999476131,18973.91395,5388090
2020-04-18,7026.78000000,7293.08000000,7014.40000000,7248.60000000,49488.54281900,1587254399999,354845083.77618894,494670,23980.64473100,171950110.37011601,0,BTCUSDT,0.010000000009313226,18974.29626,5388365
2020-04-19,7248.60000000,7266.15000000,7055.60000000,7120.74000000,45664.86393000,1587340799999,326485586.93173834,483574,21519.03097600,153854417.37068870,0,BTCUSDT,0.00999999999476131,18973.44521,5388273
2020-04-20,7121.40000000,7220.00000000,6751.00000000,6826.83000000,90149.49137000,1587427199999,629612368.74768921,785174,40427.51593300,282531224.31281103,0,BTCUSDT,0.010000000009313226,18972.06702,5388360
2020-04-21,6828.98000000,6940.00000000,6762.00000000,6841.37000000,60109.71080800,1587513599999,411800606.08159712,555797,27732.16439800,190003705.32072503,0,BTCUSDT,0.010000000009313226,18972.76892,5388974
2020-04-22,6841.36000000,7156.38000000,6818.00000000,7125.14000000,61486.37733400,1587599999999,431271646.17559905,508659,28258.85992200,198241315.96185334,0,BTCUSDT,0.00999999999476131,18971.19782,5388879
2020-04-23,7125.12000000,7738.00000000,7020.00000000,7482.39000000,102773.56956100,1587686399999,756320213.58585215,881099,52475.59854100,386041564.82445067,0,BTCUSDT,0.00999999999476131,18973.0729,5388102
2020-04-24,7483.96000000,7615.96000000,7388.00000000,7505.00000000,60182.11993900,1587772799999,452118137.79400162,601093,29412.50914300,220931579.32065317,0,BTCUSDT,0.00999999999476131,18971.6454,5387878
2020-04-25,7505.00000000,7705.00000000,7431.07000000,7538.67000000,43874.42772600,1587859199999,331292050.77197311,521943,21111.14094600,159480178.37989961,0,BTCUSDT,0.00999999999476131,18969.44899,5388025
2020-04-26,7539.03000000,7700.00000000,7480.00000000,7693.10000000,50522.61620900,1587945599999,384202783.27470957,554480,24707.49422500,187939788.77144254,0,BTCUSDT,0.00999999999476131,18969.84227,5388296
2020-04-27,7693.10000000,7792.02000000,7606.00000000,7774.62000000,65441.33957600,1588031999999,504025811.65125354,637800,31594.10659600,243380424.90896012,0,BTCUSDT,0.00999999999476131,18971.65485,5388745
2020-04-28,7773.51000000,7780.00000000,7659.12000000,7738.98000000,46302.75263800,1588118399999,357391780.93076267,499414,21305.50136000,164468534.08844884,0,BTCUSDT,0.00999999999476131,18971.71864,5389066
2020-04-29,7738.58000000,8952.89000000,7710.05000000,8778.57000000,183546.88751400,1588204799999,1536390177.04494896,1433128,91462.00561700,765292175.06718837,0,BTCUSDT,0.010000000009313226,18974.34012,5389183
2020-04-30,8778.58000000,9460.00000000,8401.00000000,8620.00000000,206277.21412400,1588291199999,1839283907.46251938,1661554,99484.47637700,887675398.17769395,0,BTCUSDT,0.010000000009313226,18972.91344,5389110
2020-05-01,8620.00000000,9059.18000000,8613.56000000,8826.96000000,91468.81505900,1588377599999,805640126.63087045,865960,44763.35448100,394216389.90386545,0,BTCUSDT,0.00999999999476131,18989.94626,5389490
2020-05-02,8825.67000000,9010.00000000,8753.00000000,8972.05000000,59002.08755000,1588463999999,523838859.54424918,637884,30400.35344900,269917468.34160132,0,BTCUSDT,0.00999999999476131,18988.68554,5389619
2020-05-03,8972.58000000,9200.00000000,8712.00000000,8894.16000000,90126.06564300,1588550399999,808427095.93215912,877460,44321.37040000,397824441.80123721,0,BTCUSDT,0.00999999999476131,18989.58768,5390277
2020-05-04,8894.15000000,8950.00000000,8522.00000000,8871.96000000,84418.51233100,1588636799999,738343818.69392538,848802,39118.38022200,342180074.58001776,0,BTCUSDT,0.00999999999476131,18989.34057,5390454
2020-05-05,8871.92000000,9118.58000000,8760.00000000,9021.83000000,76480.76534200,1588723199999,683083018.87798085,812543,37454.51837900,334700993.43285028,0,BTCUSDT,0.00999999999476131,18988.31633,5390455
2020-05-06,9021.36000000,9395.00000000,8906.21000000,9142.92000000,105925.30242000,1588809599999,972793508.46490739,1007661,51189.79089300,470167656.56560318,0,BTCUSDT,0.010000000009313226,18986.20194,5390443
2020-05-07,9143.40000000,10067.00000000,9021.00000000,9986.40000000,147154.61137800,1588895999999,1409783462.00636428,1254835,74602.19311200,715407978.19610432,0,BTCUSDT,0.00999999999476131,18987.12513,5390780
2020-05-08,9986.30000000,10035.96000000,9705.00000000,9800.01000000,100683.79640000,1588982399999,997005843.74047920,967816,46207.63759400,457701324.85886588,0,BTCUSDT,0.00999999999476131,18986.23476,5391108
2020-05-09,9800.02000000,9914.25000000,9520.00000000,9539.40000000,81950.67956700,1589068799999,795001351.67970229,839384,36738.67924400,356475632.65892539,0,BTCUSDT,0.00999999999476131,18985.42522,5391105
2020-05-10,9539.10000000,9574.83000000,8117.00000000,8722.77000000,183865.18202800,1589155199999,1594996476.97563696,1565771,84376.58077400,731417660.35199514,0,BTCUSDT,0.00999999999476131,18985.10018,5391376
2020-05-11,8722.77000000,9168.00000000,8200.00000000,8561.52000000,168807.25183200,1589241599999,1468392820.76080359,1367382,81474.59506700,708958944.15865879,0,BTCUSDT,0.00999999999476131,18983.11702,5390764
2020-05-12,8562.04000000,8978.26000000,8528.78000000,8810.79000000,86522.78006600,1589327999999,760195457.05095863,784859,40570.31740100,356508014.18846761,0,BTCUSDT,0.00999999999476131,18988.31589,5391117
2020-05-13,8810.99000000,9398.00000000,8792.99000000,9309.37000000,92466.27401800,1589414399999,839725719.96020766,869216,43648.35465500,396713970.04433138,0,BTCUSDT,0.010000000009313226,18987.22534,5391443
2020-05-14,9309.35000000,9939.00000000,9256.76000000,9791.98000000,129565.37747000,1589500799999,1247456797.81366625,1199530,63438.51099300,611313934.39132358,0,BTCUSDT,0.010000000009313226,18987.5135,5390920
2020-05-15,9791.97000000,9845.62000000,9150.00000000,9316.42000000,115890.76151600,1589587199999,1099721375.89190578,1055630,55397.12343400,525813199.33664916,0,BTCUSDT,0.00999999999476131,18988.1014,5391153
2020-05-16,9315.96000000,9588.00000000,9220.00000000,9381.27000000,59587.62786200,1589673599999,560547005.02590862,692028,28861.36820000,271542836.21380133,0,BTCUSDT,0.00999999999476131,18989.29807,5390995
2020-05-17,9380.81000000,9888.00000000,9322.10000000,9680.04000000,68647.76432300,1589759999999,663088800.81527807,722718,34734.03499300,335478915.97643693,0,BTCUSDT,0.00999999999476131,18989.16737,5391237
2020-05-18,9681.11000000,9950.00000000,9464.23000000,9733.93000000,82006.60358300,1589846399999,797622297.32616827,794292,40242.84298600,391957586.20057755,0,BTCUSDT,0.00999999999476131,18990.09037,5391675
2020-05-19,9733.93000000,9897.21000000,9474.00000000,9775.53000000,78539.76045400,1589932799999,760713946.00854609,773581,37821.71930800,366745428.20816091,0,BTCUSDT,0.00999999999476131,18990.12345,5391397
2020-05-20,9775.13000000,9842.00000000,9326.00000000,9511.43000000,74923.73809000,1590019199999,721190802.76340253,731189,33481.79667800,322416331.96245272,0,BTCUSDT,0.00999999999476131,18986.6861,5391183
2020-05-21,9511.43000000,9578.47000000,8815.00000000,9068.65000000,108928.78096900,1590105599999,1002046265.94125970,951971,49914.08113800,459089374.16887958,0,BTCUSDT,0.00999999999476131,18984.08753,5391001
2020-05-22,9067.51000000,9271.00000000,8933.52000000,9170.00000000,58943.13102400,1590191999999,537847834.49670863,693694,28987.31589600,264538897.25902512,0,BTCUSDT,0.00999999999476131,18988.94944,5391110
2020-05-23,9170.00000000,9307.85000000,9070.00000000,9179.15000000,43526.29696600,1590278399999,400407195.62892234,512460,21377.61633200,196682791.17593565,0,BTCUSDT,0.00999999999476131,18989.89251,5391202
2020-05-24,9179.01000000,9298.00000000,8700.00000000,8720.34000000,70379.86645000,1590364799999,636787240.37332477,774088,32046.41144400,290362268.47214719,0,BTCUSDT,0.00999999999476131,18991.08784,5391777
2020-05-25,8718.14000000,8979.66000000,8642.72000000,8900.35000000,62833.91094900,1590451199999,553545285.91401386,733557,30771.88874400,271166770.94493836,0,BTCUSDT,0.00999999999476131,18991.75687,5392195
2020-05-26,8900.35000000,9017.67000000,8700.00000000,8841.18000000,58299.77013800,1590537599999,516455128.89068804,678304,28242.17008300,250278944.16497476,0,BTCUSDT,0.00999999999476131,18993.84916,5392433
2020-05-27,8841.00000000,9225.00000000,8811.73000000,9204.07000000,68910.35551400,1590623999999,624660855.78003700,662850,33532.62026500,304057334.99150484,0,BTCUSDT,0.00999999999476131,18993.68239,5392490
2020-05-28,9204.07000000,9625.47000000,9110.00000000,9575.89000000,74110.78766200,1590710399999,693930106.18138250,738725,37974.89960900,355720464.86308430,0,BTCUSDT,0.010000000009313226,18993.85667,5392528
2020-05-29,9575.87000000,9605.26000000,9330.00000000,9427.07000000,57374.36296100,1590796799999,542758086.60647017,593705,26819.21289400,253696538.73175294,0,BTCUSDT,0.010000000009313226,18994.54528,5392868
2020-05-30,9426.60000000,9740.00000000,9331.23000000,9697.72000000,55665.27254000,1590883199999,530598690.07145047,651290,29252.67990400,279016030.13117991,0,BTCUSDT,0.00999999999476131,18994.18638,5392573
2020-05-31,9697.72000000,9700.00000000,9381.41000000,9448.27000000,48333.78640300,1590969599999,461272298.85252054,651473,22778.00116900,217450165.01806332,0,BTCUSDT,0.00999999999476131,18995.13897,5392844
2020-06-01,9448.27000000,10380.00000000,9421.67000000,10200.77000000,76649.12696000,1591055999999,749707596.65935731,826964,41530.41231700,406777189.28314986,0,BTCUSDT,0.00999999999476131,18995.98195,5392884
2020-06-02,10202.71000000,10228.99000000,9266.00000000,9518.04000000,108970.77315100,1591142399999,1070060237.13020932,1004312,49354.90796900,485973112.19351892,0,BTCUSDT,0.00999999999476131,18995.69827,5392888
2020-06-03,9518.02000000,9690.00000000,9365.21000000,9666.24000000,46252.64493900,1591228799999,441928818.04301561,562784,22656.30815000,216537558.01685119,0,BTCUSDT,0.00999999999476131,18995.62073,5392447
2020-06-04,9666.32000000,9881.63000000,9450.00000000,9789.06000000,57456.10096900,1591315199999,557234945.64673886,665881,28778.23737100,279263924.70782905,0,BTCUSDT,0.010000000009313226,19002.84383,5392802
2020-06-05,9788.14000000,9854.75000000,9581.00000000,9621.16000000,47788.05005000,1591401599999,465200788.20363384,566062,22329.10711900,217444468.95052851,0,BTCUSDT,0.00999999999476131,19003.19862,5393011
2020-06-06,9621.17000000,9735.00000000,9531.05000000,9666.30000000,32752.95089300,1591487999999,315604867.23614906,435796,15832.69376500,152610794.94554911,0,BTCUSDT,0.00999999999476131,19006.75205,5393434
2020-06-07,9666.85000000,9802.00000000,9372.46000000,9746.99000000,57952.84838500,1591574399999,556919603.79154480,637766,28426.59512900,273242856.19134752,0,BTCUSDT,0.00999999999476131,19006.46109,5393010
2020-06-08,9746.99000000,9800.00000000,9633.00000000,9782.01000000,40664.66412500,1591660799999,395459395.82133724,485139,19744.03912400,192037951.04548972,0,BTCUSDT,0.00999999999476131,19006.55083,5392885
2020-06-09,9782.00000000,9877.00000000,9570.00000000,9772.43000000,46024.00128900,1591747199999,447208895.83869834,551863,21901.19095000,212965408.67782809,0,BTCUSDT,0.00999999999476131,19006.54925,5392797
2020-06-10,9772.44000000,9992.72000000,9704.18000000,9885.00000000,47130.76298200,1591833599999,462384305.35119935,560909,23128.16103200,226982635.61915444,0,BTCUSDT,0.00999999999476131,19007.22447,5393147
2020-06-11,9885.22000000,9964.00000000,9113.00000000,9280.40000000,94418.98473000,1591919999999,902075648.54538493,966502,40972.06474900,391689549.65796588,0,BTCUSDT,0.00999999999476131,19006.46788,5392914
2020-06-12,9278.88000000,9557.12000000,9232.51000000,9465.13000000,50119.06693200,1592006399999,472007894.37567532,553203,24344.81637000,229325970.87113216,0,BTCUSDT,0.00999999999476131,19007.49704,5393209
2020-06-13,9464.96000000,9494.73000000,9351.00000000,9473.34000000,27759.78485100,1592092799999,261673162.25847242,392763,13531.00721400,127577168.31734001,0,BTCUSDT,0.010000000009313226,19007.94855,5393086
2020-06-14,9473.34000000,9480.99000000,9245.00000000,9342.10000000,30055.50660800,1592179199999,282131272.38006622,415568,14465.41615100,135811554.06421556,0,BTCUSDT,0.00999999999476131,19008.49543,5393724
2020-06-15,9342.10000000,9495.00000000,8910.45000000,9426.02000000,86107.92470700,1592265599999,793518842.55098446,839521,41630.74752900,384031123.18172884,0,BTCUSDT,0.00999999999476131,19010.65658,5394238
2020-06-16,9426.05000000,9589.00000000,9373.09000000,9525.59000000,52052.44692700,1592351999999,494458269.13979110,543481,25692.83962500,244097412.88280761,0,BTCUSDT,0.010000000009313226,19007.87808,5393957
2020-06-17,9526.97000000,9565.00000000,9236.61000000,9465.14000000,48046.41115200,1592438399999,453209812.22578060,536158,22842.83127600,215532725.63392767,0,BTCUSDT,0.00999999999476131,19008.19166,5393974
2020-06-18,9465.13000000,9489.00000000,9280.00000000,9386.32000000,37381.95376500,1592524799999,351649555.07253869,475074,17940.40525300,168801558.37933228,0,BTCUSDT,0.010000000009313226,19008.25889,5393706
2020-06-19,9386.32000000,9438.30000000,9215.79000000,9310.23000000,45330.98367300,1592611199999,423086965.19273827,503484,22055.96904600,205898368.34014912,0,BTCUSDT,0.010000000009313226,19008.33939,5393719
2020-06-20,9310.23000000,9395.00000000,9170.95000000,9358.95000000,30329.06538400,1592697599999,282120360.55675261,382778,15125.08176900,140741525.62068328,0,BTCUSDT,0.00999999999476131,19008.59239,5394179
2020-06-21,9358.95000000,9422.00000000,9281.54000000,9294.69000000,24316.92623400,1592783999999,227467940.61021120,321015,11779.79718200,110215504.55537862,0,BTCUSDT,0.010000000009313226,19016.09594,5394636
2020-06-22,9294.69000000,9780.00000000,9277.09000000,9685.69000000,57895.46834300,1592870399999,550995799.06947046,588704,30738.20037500,292712778.14347612,0,BTCUSDT,0.00999999999476131,19015.97904,5394698
2020-06-23,9685.69000000,9720.00000000,9577.03000000,9624.89000000,41031.02938000,1592956799999,395487616.46087799,474319,19112.60621600,184247416.84941235,0,BTCUSDT,0.00999999999476131,18973.4831,5393101
2020-06-24,9624.33000000,9670.00000000,9208.00000000,9296.49000000,61571.56146400,1593043199999,579426702.79668215,572362,26903.54406100,253131387.59992126,0,BTCUSDT,0.010000000009313226,18973.79722,5392842
2020-06-25,9298.33000000,9340.00000000,9009.69000000,9249.49000000,55831.61915600,1593129599999,514396747.40478276,536205,26546.39556300,244659133.88502359,0,BTCUSDT,0.00999999999476131,18973.7439,5392980
2020-06-26,9249.49000000,9298.00000000,9045.45000000,9162.21000000,50292.29827700,1593215999999,461347064.82950308,510947,23307.90347500,213866832.83863124,0,BTCUSDT,0.00999999999476131,18973.29047,5392680
2020-06-27,9162.21000000,9196.24000000,8833.00000000,9012.00000000,46290.93011300,1593302399999,419606802.23720138,499415,21056.87686000,191013780.26087574,0,BTCUSDT,0.00999999999476131,18973.20332,5392727
2020-06-28,9012.00000000,9191.00000000,8948.06000000,9116.35000000,30688.17642100,1593388799999,278721674.92211122,374404,14982.80452800,136093615.81906539,0,BTCUSDT,0.010000000009313226,18974.73052,5392207
2020-06-29,9116.16000000,9238.00000000,9024.67000000,9192.56000000,42120.29326100,1593475199999,384206326.47068040,434299,20449.09779600,186542867.41056208,0,BTCUSDT,0.010000000009313226,18973.9509,5391615
2020-06-30,9192.93000000,9205.00000000,9064.89000000,9138.55000000,31463.16280100,1593561599999,287781334.51701579,328083,15267.74746700,139674651.10276634,0,BTCUSDT,0.00999999999476131,18976.25241,5391889
2020-07-01,9138.08000000,9292.00000000,9080.10000000,9232.00000000,38488.52869900,1593647999999,354087627.16966118,374832,19068.83170500,175429466.28921979,0,BTCUSDT,0.00999999999476131,18969.84488,5391426
2020-07-02,9231.99000000,9261.96000000,8940.00000000,9086.54000000,45725.16807600,1593734399999,417724468.88735677,470292,21637.63048900,197709875.24815683,0,BTCUSDT,0.00999999999476131,18964.80148,5391244
2020-07-03,9086.54000000,9125.00000000,9037.47000000,9058.26000000,28943.42017700,1593820799999,263123750.46717236,343189,13719.52451700,124722413.06761462,0,BTCUSDT,0.00999999999476131,18964.07661,5390902
2020-07-04,9057.79000000,9190.00000000,9040.04000000,9135.46000000,26441.96848400,1593907199999,240576054.91572312,335225,13588.81960000,123666216.06517515,0,BTCUSDT,0.010000000009313226,18970.49372,5390839
2020-07-05,9135.00000000,9145.24000000,8893.03000000,9069.41000000,34073.65362700,1593993599999,308410443.65921520,384500,16276.23427000,147339875.53843993,0,BTCUSDT,0.00999999999476131,18970.75404,5390929
2020-07-06,9069.41000000,9375.00000000,9055.92000000,9344.20000000,54463.13227700,1594079999999,502548376.20946366,533540,28132.94222200,259636973.33594599,0,BTCUSDT,0.010000000009313226,18970.82746,5391003
2020-07-07,9342.47000000,9379.42000000,9203.00000000,9257.39000000,34587.33667800,1594166399999,320576525.35534977,433481,16284.84900200,150931441.59977534,0,BTCUSDT,0.00999999999476131,18967.19197,5390739
2020-07-08,9257.40000000,9470.00000000,9231.00000000,9436.06000000,56140.51778100,1594252799999,525344876.69992350,652605,28067.68064200,262723969.14964063,0,BTCUSDT,0.00999999999476131,18967.47191,5390987
2020-07-09,9436.06000000,9440.79000000,9160.00000000,9232.43000000,48044.45064500,1594339199999,447640493.54432978,575491,22644.91550100,210991009.74510143,0,BTCUSDT,0.010000000009313226,18969.20287,5390990
2020-07-10,9232.42000000,9317.48000000,9125.00000000,9288.34000000,38295.49400600,1594425599999,352238898.76948255,525484,18360.61316800,168904319.25502697,0,BTCUSDT,0.010000000009313226,18969.38803,5391131
2020-07-11,9288.34000000,9299.28000000,9178.25000000,9234.03000000,22561.36600000,1594511999999,208410250.50959371,413452,10815.47329300,99921646.88340026,0,BTCUSDT,0.010000000009313226,18968.42591,5391651
2020-07-12,9234.02000000,9345.00000000,9157.50000000,9302.75000000,30872.70228600,1594598399999,285591381.49153138,484875,14980.18770400,138584259.00133508,0,BTCUSDT,0.00999999999476131,18967.49047,5391361
2020-07-13,9303.31000000,9343.82000000,9200.89000000,9242.62000000,42740.06911500,1594684799999,396614086.79626994,642552,19689.44333700,182734051.95071439,0,BTCUSDT,0.00999999999476131,18966.66972,5391249
2020-07-14,9242.61000000,9279.54000000,9113.00000000,9255.85000000,45772.55250900,1594771199999,421789086.45494741,613139,21666.53695100,199673293.75001954,0,BTCUSDT,0.00999999999476131,18965.9691,5390964
2020-07-15,9255.85000000,9276.49000000,9160.57000000,9197.60000000,39053.57966500,1594857599999,360201683.49480513,554780,17977.67974700,165822998.03166477,0,BTCUSDT,0.00999999999476131,18965.90245,5390681
2020-07-16,9197.60000000,9226.15000000,9047.25000000,9133.72000000,43375.57119100,1594943999999,395883667.02480033,681807,20410.13000900,186271268.49276469,0,BTCUSDT,0.00999999999476131,18968.08289,5390958
2020-07-17,9133.72000000,9186.83000000,9089.81000000,9154.32000000,28054.35874100,1595030399999,256360345.57676793,470991,13397.53780500,122434361.70789555,0,BTCUSDT,0.010000000009313226,18967.43125,5391127
2020-07-18,9154.31000000,9219.30000000,9121.10000000,9170.28000000,22554.54145700,1595116799999,206628105.36278893,430377,11502.70482900,105387979.46391492,0,BTCUSDT,0.010000000009313226,18975.44228,5391666
2020-07-19,9170.30000000,9232.27000000,9101.35000000,9208.99000000,26052.01941700,1595203199999,238521988.03132549,440449,12873.37349300,117870221.42492930,0,BTCUSDT,0.00999999999476131,18976.8089,5392540
2020-07-20,9208.99000000,9221.52000000,9131.00000000,9160.78000000,35458.76408200,1595289599999,325297289.27265834,557096,16527.69288600,151623269.70394643,0,BTCUSDT,0.00999999999476131,19014.76082,5395405
2020-07-21,9160.78000000,9437.73000000,9152.80000000,9390.00000000,60413.58248600,1595375999999,563360524.79942825,782959,29470.51205100,274802209.58012802,0,BTCUSDT,0.00999999999476131,19024.73034,5396109
2020-07-22,9390.00000000,9544.00000000,9261.00000000,9518.16000000,48815.00410700,1595462399999,457776105.61557141,663029,23362.19379000,219166005.90788166,0,BTCUSDT,0.010000000009313226,19037.04949,5397797
2020-07-23,9518.16000000,9664.00000000,9440.33000000,9603.27000000,51856.23350000,1595548799999,494282948.73368242,735371,24461.26546800,233235064.19448092,0,BTCUSDT,0.00999999999476131,19038.62008,5398220
2020-07-24,9603.27000000,9637.00000000,9463.44000000,9537.80000000,43931.13620500,1595635199999,419240263.52182820,677725,20416.29997300,194861143.58552908,0,BTCUSDT,0.5700000000069849,19038.91805,5397502
2020-07-25,9538.10000000,9732.90000000,9513.00000000,9700.42000000,40679.54541600,1595721599999,391431695.71682177,675222,19626.60889300,188907762.75214630,0,BTCUSDT,0.010000000009313226,19056.06247,5398865
2020-07-26,9700.42000000,10111.00000000,9650.00000000,9931.54000000,65279.26931900,1595807999999,644607634.48177705,945611,33748.33180700,333445554.97564465,0,BTCUSDT,0.010000000009313226,19066.75028,5399339
2020-07-27,9931.54000000,11394.86000000,9917.21000000,11029.96000000,150188.93314400,1595894399999,1580355372.09917984,1901088,76650.61005100,806266386.38878950,0,BTCUSDT,0.00999999999476131,19068.79087,5399644
2020-07-28,11029.96000000,11242.23000000,10565.00000000,10906.27000000,97267.73418700,1595980799999,1065375500.18918874,1475636,46575.43053400,510271018.98956396,0,BTCUSDT,0.00999999999476131,19069.25561,5399633
2020-07-29,10906.27000000,11342.82000000,10812.00000000,11100.53000000,76838.09423300,1596067199999,853242253.61582377,1127302,36218.47706500,402507227.08882376,0,BTCUSDT,0.010000000009313226,19069.53416,5399913
2020-07-30,11100.52000000,11170.00000000,10831.00000000,11099.61000000,60794.82645600,1596153599999,669779541.88728343,879960,28272.69876500,311567992.00352517,0,BTCUSDT,0.00999999999476131,19070.2689,5399722
2020-07-31,11099.79000000,11444.00000000,10960.00000000,11335.46000000,70063.66097400,1596239999999,786344325.85523136,971584,34068.14336500,382632611.44135526,0,BTCUSDT,0.010000000009313226,19065.79994,5398956
2020-08-01,11335.46000000,11861.00000000,11220.00000000,11801.17000000,85087.48512600,1596326399999,987817017.31863258,1174252,40523.73352400,470714480.01113470,0,BTCUSDT,0.00999999999476131,19078.50622,5399894
2020-08-02,11801.17000000,12123.46000000,10518.50000000,11071.35000000,97553.07760400,1596412799999,1105757335.52816180,1459900,45974.78641500,521934340.83176615,0,BTCUSDT,0.00999999999476131,19088.26615,5400578
2020-08-03,11071.36000000,11473.00000000,10936.00000000,11219.81000000,56931.84147500,1596499199999,641127593.26145174,919185,27133.03513600,305554713.93730703,0,BTCUSDT,0.00999999999476131,19090.74788,5401539
2020-08-04,11219.68000000,11414.98000000,11000.00000000,11191.97000000,58629.11370900,1596585599999,658084242.67972216,863692,27861.61566100,312734273.79301878,0,BTCUSDT,0.00999999999476131,19092.92338,5401412
2020-08-05,11191.99000000,11780.93000000,11093.00000000,11744.91000000,74970.25685200,1596671999999,861433645.42443967,964637,36130.38455100,415113460.07729001,0,BTCUSDT,0.00999999999476131,19099.51955,5401396
2020-08-06,11744.91000000,11900.00000000,11562.50000000,11762.46000000,63529.08502000,1596758399999,746479211.71559485,919918,30044.20329700,353083043.84203576,0,BTCUSDT,0.010000000009313226,19100.24144,5401454
2020-08-07,11762.47000000,11909.94000000,11322.00000000,11594.23000000,65755.92602200,1596844799999,767005529.28212083,940045,29993.01871000,349862123.74910678,0,BTCUSDT,0.00999999999476131,19100.81436,5401550
2020-08-08,11594.36000000,11808.27000000,11512.00000000,11761.41000000,41858.16104000,1596931199999,489087264.36028091,779318,20448.35261800,238996465.92770352,0,BTCUSDT,0.00999999999476131,19102.44949,5401581
2020-08-09,11761.02000000,11797.11000000,11521.97000000,11681.68000000,41493.06734200,1597017599999,483708602.89638040,853386,19031.22331400,221877538.80726916,0,BTCUSDT,0.00999999999476131,19103.17948,5401761
2020-08-10,11681.69000000,12067.35000000,11450.00000000,11892.92000000,84952.33788700,1597103999999,1009169063.38321293,1340835,42058.72245500,499909664.32169164,0,BTCUSDT,0.00999999999476131,19104.89143,5402331
2020-08-11,11892.90000000,11935.00000000,11125.00000000,11392.08000000,90748.28463400,1597190399999,1049615697.13794155,1343979,41221.96100900,476990926.57705579,0,BTCUSDT,0.00999999999476131,19103.00242,5402287
2020-08-12,11392.09000000,11617.52000000,11150.00000000,11564.33000000,64909.61364400,1597276799999,743303608.09998264,1104096,30943.67211400,354308405.99191444,0,BTCUSDT,0.00999999999476131,19110.8321,5403262
2020-08-13,11564.34000000,11792.96000000,11270.36000000,11780.00000000,70132.49150200,1597363199999,809611114.21324839,1243382,34841.79060200,402381474.75042979,0,BTCUSDT,0.00999999999476131,19112.40009,5403297
2020-08-14,11779.77000000,11850.00000000,11634.03000000,11760.54000000,59818.85269700,1597449599999,702273220.69641574,1011746,28464.66955300,334192256.65110328,0,BTCUSDT,0.010000000009313226,19116.92854,5404644
2020-08-15,11760.55000000,11980.00000000,11680.00000000,11852.40000000,56237.90505000,1597535999999,667446824.06412957,1018956,27303.96632100,324138943.41775912,0,BTCUSDT,0.00999999999476131,19118.00656,5404709
2020-08-16,11852.40000000,11931.72000000,11686.00000000,11911.00000000,41368.23690600,1597622399999,489731524.63694357,790240,19342.04531200,229032803.39445427,0,BTCUSDT,0.00999999999476131,19120.42421,5404937
2020-08-17,11910.99000000,12468.00000000,11769.78000000,12281.13000000,84734.21154000,1597708799999,1026883452.89477197,1210228,42291.08619900,512410754.09037578,0,BTCUSDT,0.00999999999476131,19124.96138,5405314
2020-08-18,12281.15000000,12387.77000000,11817.93000000,11945.01000000,75923.83552700,1597795199999,920402307.17681052,1189390,35954.34997500,436020475.31834663,0,BTCUSDT,0.00999999999476131,19125.89443,5405872
2020-08-19,11945.10000000,12020.08000000,11561.00000000,11754.59000000,73940.16960600,1597881599999,870612801.52956932,1258060,34861.13596900,410547222.25978079,0,BTCUSDT,0.00999999999476131,19125.12217,5405624
2020-08-20,11754.38000000,11888.00000000,11668.00000000,11853.55000000,46085.25435100,1597967999999,543576025.04851070,798027,21992.90754100,259381062.46462872,0,BTCUSDT,0.00999999999476131,19126.21423,5405742
2020-08-21,11853.54000000,11878.00000000,11485.81000000,11531.34000000,64448.30614200,1598054399999,755451999.65409131,1189668,30531.73286600,357993659.71852440,0,BTCUSDT,0.00999999999476131,19136.92446,5406581
2020-08-22,11531.23000000,11686.00000000,11376.81000000,11662.96000000,43678.70164600,1598140799999,504305451.41086398,809328,21605.07092200,249466430.90999061,0,BTCUSDT,0.010000000009313226,19141.35414,5407658
2020-08-23,11663.51000000,11718.07000000,11514.13000000,11648.13000000,37900.00469000,1598227199999,440406018.65187866,627352,18514.62752500,215154211.01204568,0,BTCUSDT,0.00999999999476131,19146.41524,5408080
2020-08-24,11648.12000000,11824.90000000,11585.09000000,11748.20000000,46212.39186700,1598313599999,542298951.53829801,656584,22780.41948800,267322530.43232628,0,BTCUSDT,0.00999999999476131,19148.70156,5408632
2020-08-25,11748.19000000,11767.85000000,11117.64000000,11318.42000000,69590.92327200,1598399999999,797034671.64528012,996668,33126.45198000,379562265.55902560,0,BTCUSDT,0.010000000009313226,19149.64066,5408884
2020-08-26,11318.42000000,11539.32000000,11244.00000000,11461.43000000,53998.23123100,1598486399999,615452789.96733745,862654,25622.53674000,291999409.36174106,0,BTCUSDT,0.010000000009313226,19149.5662,5408840
2020-08-27,11461.42000000,11592.20000000,11125.00000000,11330.38000000,63246.03638300,1598572799999,717474981.66401255,959270,30793.18066800,349359723.85775900,0,BTCUSDT,0.00999999999476131,19148.81954,5408863
2020-08-28,11330.38000000,11542.65000000,11276.89000000,11526.91000000,45953.90836500,1598659199999,525606229.65425099,719985,21714.20285900,248344753.12808140,0,BTCUSDT,0.010000000009313226,19150.36456,5409105
2020-08-29,11526.90000000,11580.02000000,11417.04000000,11465.84000000,32973.79920000,1598745599999,379228275.27072239,611834,15709.30998500,180675288.37511048,0,BTCUSDT,0.010000000009313226,19151.73362,5409504
2020-08-30,11465.84000000,11719.00000000,11458.00000000,11711.16000000,43177.87905400,1598831999999,501375342.93503890,756541,22258.11590200,258461346.45546267,0,BTCUSDT,0.00999999999476131,19153.45162,5408733
2020-08-31,11711.17000000,11800.77000000,11570.00000000,11649.51000000,55353.61774400,1598918399999,646723855.57145354,822062,26579.94028400,310534861.61639537,0,BTCUSDT,0.010000000009313226,19155.93925,5409036
2020-09-01,11649.51000000,12050.85000000,11515.00000000,11921.97000000,78148.19366800,1599004799999,928047313.48896665,1321492,37476.01938200,444996773.66832210,0,BTCUSDT,0.010000000009313226,19156.26254,5408964
2020-09-02,11921.97000000,11954.57000000,11160.10000000,11388.54000000,87221.84560200,1599091199999,1005391012.13387515,1373524,39972.30988700,460939443.22481512,0,BTCUSDT,0.010000000009313226,19156.78106,5409320
2020-09-03,11388.54000000,11462.60000000,9960.80000000,10140.85000000,121950.10601500,1599177599999,1325106403.31586748,1611610,54266.83286000,590230451.11230783,0,BTCUSDT,0.00999999999476131,19170.26938,5409662
2020-09-04,10138.29000000,10627.05000000,9875.50000000,10446.25000000,92733.59911300,1599263999999,959925718.35127546,1434860,42707.83466600,442163704.19721961,0,BTCUSDT,0.00999999999476131,19170.7963,5410229
2020-09-05,10446.25000000,10565.68000000,9825.00000000,10166.69000000,90001.60556800,1599350399999,917578408.87611822,1476782,43478.13232300,443342852.18707489,0,BTCUSDT,0.010000000009313226,19182.25348,5410413
2020-09-06,10166.69000000,10347.14000000,9994.86000000,10256.20000000,56368.78881500,1599436799999,574903000.23517457,1053192,28033.43882700,285904912.75096270,0,BTCUSDT,0.00999999999476131,19182.25573,5410223
2020-09-07,10255.89000000,10410.75000000,9875.00000000,10373.44000000,62620.23067600,1599523199999,634278537.81510948,927363,30576.70067300,309796338.54525116,0,BTCUSDT,0.00999999999476131,19175.83838,5410325
2020-09-08,10373.45000000,10438.00000000,9850.00000000,10126.65000000,73491.87841800,1599609599999,742947901.97123937,1048125,34410.81447000,348048428.88372554,0,BTCUSDT,0.00999999999476131,19176.14924,5410347
2020-09-09,10126.66000000,10343.00000000,9981.01000000,10219.20000000,49347.11377600,1599695999999,503082625.21479094,755560,23815.41242700,242759702.91500349,0,BTCUSDT,0.00999999999476131,19174.93959,5410159
2020-09-10,10219.29000000,10483.35000000,10070.83000000,10336.87000000,58253.75375000,1599782399999,602390078.49228073,851877,27690.11249800,286362452.83931564,0,BTCUSDT,0.00999999999476131,19184.59697,5411402
2020-09-11,10336.86000000,10397.60000000,10200.00000000,10387.89000000,43830.25446700,1599868799999,451241002.66033623,637869,21231.61072700,218592078.02890880,0,BTCUSDT,0.00999999999476131,19189.23156,5411532
2020-09-12,10387.89000000,10477.97000000,10269.25000000,10440.92000000,35379.15309600,1599955199999,366912671.44372690,577724,17560.76888500,182148657.45690611,0,BTCUSDT,0.010000000009313226,19199.48421,5411457
2020-09-13,10440.67000000,10580.11000000,10200.00000000,10332.83000000,43837.60986500,1600041599999,455338605.32914889,692439,20785.51732800,215965189.31612750,0,BTCUSDT,0.010000000009313226,19202.55069,5411745
2020-09-14,10332.84000000,10750.00000000,10212.34000000,10671.77000000,67059.29136100,1600127999999,706175591.38661278,828957,31880.36315700,335719021.03890433,0,BTCUSDT,0.00999999999476131,19203.13988,5411931
2020-09-15,10671.77000000,10930.04000000,10606.48000000,10785.31000000,61822.45278600,1600214399999,666457161.14913774,893852,29744.08727700,320640236.40587628,0,BTCUSDT,0.010000000009313226,19204.15315,5412770
2020-09-16,10785.23000000,11093.00000000,10661.22000000,10954.01000000,64991.51244000,1600300799999,708644989.48306988,884153,31740.51169100,346117690.57309232,0,BTCUSDT,0.00999999999476131,19203.08265,5412529
2020-09-17,10954.01000000,11045.46000000,10745.83000000,10939.99000000,55601.61452900,1600387199999,605010288.77992461,829137,27029.92703500,294147097.61187047,0,BTCUSDT,0.00999999999476131,19205.03573,5412638
2020-09-18,10940.00000000,11038.03000000,10812.84000000,10933.39000000,47266.72827500,1600473599999,516147935.66922837,717371,23044.91988600,251654627.23674528,0,BTCUSDT,0.00999999999476131,19205.21621,5412877
2020-09-19,10933.40000000,11179.79000000,10887.37000000,11080.65000000,38440.03685800,1600559999999,423651901.15773042,620127,19923.05926700,219623766.31297809,0,BTCUSDT,0.00999999999476131,19205.36482,5413256
2020-09-20,11080.64000000,11080.64000000,10723.00000000,10920.28000000,39157.92256500,1600646399999,426815210.75551225,646329,19437.69436300,211845335.51564800,0,BTCUSDT,0.00999999999476131,19207.45219,5413051
2020-09-21,10920.28000000,10988.86000000,10296.35000000,10417.22000000,70683.43117900,1600732799999,751020795.23588369,1028531,33628.93058900,357346575.16901842,0,BTCUSDT,0.00999999999476131,19217.01516,5413801
2020-09-22,10417.22000000,10572.71000000,10353.00000000,10529.61000000,43991.23547600,1600819199999,460362500.72840808,738576,21497.46158900,224981251.32868055,0,BTCUSDT,0.010000000009313226,19221.082,5414103
2020-09-23,10529.61000000,10537.15000000,10136.82000000,10241.46000000,51876.56807900,1600905599999,539362015.15746196,774391,25012.70681900,260045385.65157037,0,BTCUSDT,0.00999999999476131,19233.82504,5414393
2020-09-24,10241.46000000,10795.24000000,10190.93000000,10736.32000000,57676.61942700,1600991999999,604520870.05563795,789282,27946.80432500,292936072.98704616,0,BTCUSDT,0.010000000009313226,19234.90712,5414186
2020-09-25,10736.33000000,10760.53000000,10556.24000000,10686.67000000,48101.11700800,1601078399999,512647249.14932008,733430,23566.33033700,251168863.92711731,0,BTCUSDT,0.00999999999476131,19238.01922,5414409
2020-09-26,10686.57000000,10820.94000000,10644.68000000,10728.60000000,28420.83665900,1601164799999,304511477.68085537,502670,14314.53134500,153391173.49799378,0,BTCUSDT,0.00999999999476131,19250.116,5414726
2020-09-27,10728.59000000,10799.00000000,10594.82000000,10774.25000000,30549.48325300,1601251199999,327169249.45499568,516004,15101.03977000,161737536.90897186,0,BTCUSDT,0.00999999999476131,19251.57709,5414721
2020-09-28,10774.26000000,10950.00000000,10626.00000000,10696.12000000,50095.25173400,1601337599999,544463219.59780924,686664,25219.07331500,274111924.66132492,0,BTCUSDT,0.00999999999476131,19257.63534,5416042
2020-09-29,10696.11000000,10867.54000000,10635.87000000,10840.48000000,41874.89839900,1601423999999,449345822.46022889,587576,19896.07620900,213544159.85659414,0,BTCUSDT,0.00999999999476131,19257.42485,5415621
2020-09-30,10840.58000000,10849.34000000,10665.13000000,10776.59000000,39596.02732200,1601510399999,425279696.28526338,595383,18712.05971100,200976719.44085080,0,BTCUSDT,0.00999999999476131,19258.80581,5416260
2020-10-01,10776.59000000,10920.00000000,10437.00000000,10619.13000000,60866.33289300,1601596799999,652168989.46173484,794855,28449.97510300,304779535.38197477,0,BTCUSDT,0.00999999999476131,19255.0357,5416069
2020-10-02,10619.13000000,10664.64000000,10374.00000000,10570.40000000,50130.39370500,1601683199999,526864379.30936534,777193,24123.90254500,253507685.50358702,0,BTCUSDT,0.010000000009313226,19251.22794,5415821
2020-10-03,10570.40000000,10603.56000000,10496.46000000,10542.06000000,22298.22134100,1601769599999,235160884.60853616,381329,10752.46288200,113392722.76217199,0,BTCUSDT,0.00999999999476131,19251.57046,5415990
2020-10-04,10542.07000000,10696.87000000,10517.87000000,10666.63000000,23212.00159500,1601855999999,246252050.90681072,377553,12123.27565000,128619845.13152086,0,BTCUSDT,0.010000000009313226,19255.90079,5416514
2020-10-05,10666.62000000,10798.00000000,10615.64000000,10792.21000000,34025.76165300,1601942399999,364158510.23798056,483340,15551.58438700,166457546.86846151,0,BTCUSDT,32.61000000000058,19257.54705,5416489
2020-10-06,10792.20000000,10800.00000000,10525.00000000,10599.66000000,48674.74047100,1602028799999,520051256.08219917,734526,23189.68990000,247740447.63670599,0,BTCUSDT,0.010000000009313226,19310.74453,5419797
2020-10-07,10599.65000000,10681.87000000,10546.17000000,10666.39000000,32811.99027900,1602115199999,348298562.85686264,503440,15783.35568400,167548410.82933536,0,BTCUSDT,0.00999999999476131,19319.51435,5420428
2020-10-08,10666.40000000,10950.00000000,10530.41000000,10925.57000000,51959.69157200,1602201599999,559311760.44148029,659291,26482.59952900,285240420.95776404,0,BTCUSDT,0.00999999999476131,19328.49493,5421094
2020-10-09,10925.44000000,11104.64000000,10829.00000000,11050.64000000,48240.07323700,1602287999999,530822321.51623468,635681,25658.63139600,282409996.00931151,0,BTCUSDT,0.010000000009313226,19334.45581,5422384
2020-10-10,11050.64000000,11491.00000000,11050.51000000,11293.22000000,43648.03694300,1602374399999,494785212.23087354,698561,22807.20465100,258432465.79040960,0,BTCUSDT,0.010000000009313226,19335.30885,5422654
2020-10-11,11293.22000000,11445.00000000,11221.00000000,11369.02000000,29043.85133900,1602460799999,329927755.03808506,509714,14470.44426900,164384653.13411286,0,BTCUSDT,0.00999999999476131,19330.32432,5422737
2020-10-12,11369.02000000,11720.01000000,11172.00000000,11528.25000000,52825.28371000,1602547199999,604779845.79201771,740823,26865.92932100,307665447.33923441,0,BTCUSDT,0.00999999999476131,19332.1988,5423011
2020-10-13,11528.24000000,11557.00000000,11300.00000000,11420.56000000,42205.28370900,1602633599999,482663390.72403579,618262,19346.15860500,221257357.56527471,0,BTCUSDT,0.00999999999476131,19336.42835,5423983
2020-10-14,11420.57000000,11547.98000000,11280.00000000,11417.89000000,41415.10601500,1602719999999,472007015.72093425,590025,19070.05730700,217375960.31094741,0,BTCUSDT,2.5500000000029104,19335.89239,5424430
2020-10-15,11417.89000000,11617.34000000,11250.83000000,11505.12000000,48760.71767900,1602806399999,556436445.55762819,662386,24019.23766900,274171016.90668138,0,BTCUSDT,0.00999999999476131,19376.45425,5426223
2020-10-16,11505.13000000,11541.15000000,11200.00000000,11319.32000000,48797.74950200,1602892799999,553211001.61225689,693210,22821.59348400,258752919.33224074,0,BTCUSDT,0.00999999999476131,19398.73168,5426661
2020-10-17,11319.24000000,11402.42000000,11255.00000000,11360.20000000,22368.91524100,1602979199999,253582775.96265448,365973,10318.02461400,116996094.14462668,0,BTCUSDT,0.00999999999476131,19399.5406,5426627
2020-10-18,11360.31000000,11505.00000000,11346.22000000,11503.14000000,23284.04119100,1603065599999,266150824.34809863,346946,12396.12709900,141743879.12841902,0,BTCUSDT,0.010000000009313226,19418.41867,5427745
2020-10-19,11503.14000000,11823.99000000,11407.96000000,11751.47000000,47414.53469200,1603151999999,550728683.79927939,650960,24716.39513600,287236347.54906069,0,BTCUSDT,0.00999999999476131,19421.17421,5428637
2020-10-20,11751.46000000,12038.38000000,11677.59000000,11909.99000000,62134.75066300,1603238399999,737425592.08197176,906111,31911.70883200,378905888.96006281,0,BTCUSDT,0.00999999999476131,19424.30156,5428857
2020-10-21,11910.00000000,13217.68000000,11886.95000000,12780.96000000,114584.45676700,1603324799999,1437122186.63399548,1453620,59033.67175600,740274649.28079579,0,BTCUSDT,0.010000000009313226,19424.92314,5428658
2020-10-22,12780.75000000,13185.00000000,12678.08000000,12968.52000000,70038.82414400,1603411199999,905778888.87029065,1035811,33259.49504400,430203750.01892518,0,BTCUSDT,0.00999999999476131,19425.45428,5428974
2020-10-23,12968.84000000,13027.69000000,12720.08000000,12923.07000000,50386.99984100,1603497599999,650680239.11014686,699313,24685.92549500,318827712.19820076,0,BTCUSDT,0.010000000009313226,19428.22565,5428395
2020-10-24,12923.06000000,13166.73000000,12870.00000000,13111.73000000,35952.20907000,1603583999999,468299521.76966531,536821,18382.74457900,239455378.09125662,0,BTCUSDT,0.010000000009313226,19431.64552,5428968
2020-10-25,13111.73000000,13350.00000000,12888.00000000,13028.83000000,38481.57950400,1603670399999,502672049.22905163,610498,17988.76710000,235115943.82713218,0,BTCUSDT,0.00999999999476131,19434.24536,5430510
2020-10-26,13029.64000000,13238.81000000,12765.00000000,13052.19000000,60951.67298600,1603756799999,794395722.45334551,818144,29609.99469800,385986654.65788211,0,BTCUSDT,0.00999999999476131,19435.82464,5430893
2020-10-27,13052.15000000,13789.29000000,13019.87000000,13636.17000000,80811.01945000,1603843199999,1085403903.12596636,1003615,39833.89054100,534896062.83588014,0,BTCUSDT,0.00999999999476131,19440.89307,5430990
2020-10-28,13636.16000000,13859.48000000,12888.00000000,13266.40000000,94440.56122600,1603929599999,1263487952.99515693,1234511,43387.69227500,580505216.87260939,0,BTCUSDT,0.00999999999476131,19441.90979,5431320
2020-10-29,13266.40000000,13642.91000000,12920.77000000,13455.70000000,74872.60213200,1604015999999,997867948.86097431,1008433,37203.24565800,495772429.35476798,0,BTCUSDT,0.00999999999476131,19444.82182,5431133
2020-10-30,13455.69000000,13669.98000000,13115.00000000,13560.10000000,70657.77888100,1604102399999,946818817.55750918,1060387,34438.58889000,461667557.39357111,0,BTCUSDT,0.010000000009313226,19450.88735,5432041
2020-10-31,13560.10000000,14100.00000000,13411.50000000,13791.00000000,67339.23851500,1604188799999,927048458.54236180,1022202,35823.22565000,493309455.83898129,0,BTCUSDT,0.00999999999476131,19451.9677,5432207
2020-11-01,13791.00000000,13895.00000000,13603.00000000,13761.50000000,36285.64852600,1604275199999,499124369.07532642,606248,17839.54476000,245432626.61531792,0,BTCUSDT,0.010000000009313226,19453.08431,5432766
2020-11-02,13761.49000000,13830.00000000,13195.05000000,13549.37000000,64566.42190800,1604361599999,873629993.83139279,869850,29243.23366400,395698601.61694086,0,BTCUSDT,0.00999999999476131,19451.78325,5432670
2020-11-03,13549.63000000,14066.11000000,13284.99000000,14023.53000000,74115.63078700,1604447999999,1009402087.71046155,1052569,38332.71333000,522431362.88788262,0,BTCUSDT,0.00999999999476131,19453.32979,5432799
2020-11-04,14023.53000000,14259.00000000,13525.00000000,14144.01000000,93016.98826200,1604534399999,1293872665.41796188,1212959,45333.66159600,630831907.07329258,0,BTCUSDT,0.00999999999476131,19456.87054,5433733
2020-11-05,14144.01000000,15750.00000000,14093.56000000,15590.02000000,143741.52267300,1604620799999,2131865609.29089107,1736055,72196.12711800,1071067716.59486903,0,BTCUSDT,0.00999999999476131,19462.37909,5433754
2020-11-06,15590.02000000,15960.00000000,15166.00000000,15579.92000000,122618.19769500,1604707199999,1909660728.82292043,1654968,58528.76053300,911733812.27929558,0,BTCUSDT,0.010000000009313226,19464.24704,5433754
2020-11-07,15579.93000000,15753.52000000,14344.22000000,14818.30000000,101431.20655300,1604793599999,1536510177.09147370,1557021,46204.87062100,700220031.30034720,0,BTCUSDT,0.00999999999476131,19464.32343,5433612
2020-11-08,14818.30000000,15650.00000000,14703.88000000,15475.10000000,65547.17857400,1604879999999,998031373.83978030,998773,31175.66089200,474978556.38937917,0,BTCUSDT,0.00999999999476131,19465.13383,5433840
2020-11-09,15475.10000000,15840.00000000,14805.54000000,15328.41000000,108976.33413400,1604966399999,1670447935.51417895,1505441,51350.44664100,787324390.76709841,0,BTCUSDT,0.00999999999476131,19465.59095,5435004
2020-11-10,15328.41000000,15460.00000000,15072.46000000,15297.21000000,61681.91960600,1605052799999,943615126.08915049,1093466,28945.76656700,442891690.01260021,0,BTCUSDT,0.00999999999476131,19467.12505,5435815
2020-11-11,15297.21000000,15965.00000000,15272.68000000,15684.24000000,78469.74645800,1605139199999,1226425496.36185528,1247167,40030.00217300,625865373.37834106,0,BTCUSDT,0.00999999999476131,19469.4554,5436886
2020-11-12,15684.25000000,16340.70000000,15440.64000000,16291.86000000,102196.35659200,1605225599999,1628755508.67419840,1472049,50444.97887400,804204066.43862830,0,BTCUSDT,0.00999999999476131,19474.48667,5437316
2020-11-13,16291.85000000,16480.00000000,15952.35000000,16320.70000000,75691.88101400,1605311999999,1230358611.12488923,1208773,35301.73094000,574048021.73652388,0,BTCUSDT,0.010000000009313226,19475.19389,5437732
2020-11-14,16320.04000000,16326.99000000,15670.00000000,16070.45000000,59116.34717900,1605398399999,944765868.60941899,931424,27724.76780100,443001467.22337944,0,BTCUSDT,0.010000000009313226,19475.51666,5437932
2020-11-15,16069.56000000,16180.00000000,15774.72000000,15957.00000000,43596.84151300,1605484799999,696651729.74525343,854441,20853.27084600,333239080.64181383,0,BTCUSDT,0.00999999999476131,19480.25983,5437911
2020-11-16,15957.00000000,16880.00000000,15864.00000000,16713.57000000,81300.67592400,1605571199999,1335728013.90576045,1202386,41370.21365900,679593360.64957386,0,BTCUSDT,0.00999999999476131,19484.03691,5438479
2020-11-17,16713.08000000,17858.82000000,16538.00000000,17659.38000000,115221.40310200,1605657599999,1982752071.45051193,1646652,58262.06259700,1003081009.61604291,0,BTCUSDT,0.00999999999476131,19485.04863,5439208
2020-11-18,17659.38000000,18476.93000000,17214.45000000,17776.12000000,149019.78813400,1605743999999,2663337935.50029849,2091832,73412.73627800,1312369471.65248184,0,BTCUSDT,0.00999999999476131,19486.59627,5439946
2020-11-19,17777.75000000,18179.80000000,17335.65000000,17802.82000000,93009.56100800,1605830399999,1656794228.85376354,1513304,45376.57785100,808306886.97419079,0,BTCUSDT,0.00999999999476131,19487.24352,5440449
2020-11-20,17802.81000000,18815.22000000,17740.04000000,18655.67000000,88423.01848900,1605916799999,1623135138.59107146,1444692,43549.51207000,799574963.80587161,0,BTCUSDT,0.00999999999476131,19488.19811,5441071
2020-11-21,18655.66000000,18965.90000000,18308.58000000,18703.80000000,75577.45839400,1606003199999,1413641591.28417115,1451352,36788.09469300,688352207.11315332,0,BTCUSDT,0.00999999999476131,19488.42129,5441214
2020-11-22,18703.80000000,18750.00000000,17610.86000000,18414.43000000,81645.73777800,1606089599999,1497662550.05404281,1528524,39164.42638000,718709271.13717676,0,BTCUSDT,0.00999999999476131,19488.92562,5441214
2020-11-23,18413.88000000,18766.00000000,18000.00000000,18368.00000000,82961.50609300,1606175999999,1529064319.66944352,1629379,39611.36061700,730350629.71705125,0,BTCUSDT,0.010000000009313226,19491.56993,5441812
2020-11-24,18368.01000000,19418.97000000,18018.00000000,19160.01000000,113581.50924100,1606262399999,2145301450.45794128,2179862,58179.20088200,1098976481.12570495,0,BTCUSDT,0.00999999999476131,19492.49256,5441989
2020-11-25,19160.00000000,19484.21000000,18500.27000000,18719.11000000,93266.57688700,1606348799999,1774870796.28823277,1785408,44575.07675800,848724583.33005267,0,BTCUSDT,0.00999999999476131,19490.42215,5441986
2020-11-26,18718.83000000,18915.03000000,16188.00000000,17149.47000000,181005.24669300,1606435199999,3127314143.10457491,2770483,84478.80913100,1459155975.95315027,0,BTCUSDT,0.00999999999476131,19492.34098,5443023
2020-11-27,17149.47000000,17457.62000000,16438.08000000,17139.52000000,85297.02478700,1606521599999,1446670351.43508800,1572299,42507.35843300,720985570.34073767,0,BTCUSDT,0.00999999999476131,19491.89234,5443050
2020-11-28,17139.53000000,17880.49000000,16865.56000000,17719.85000000,64910.69997000,1606607999999,1128061605.10722507,1209385,31785.70689800,552044705.36061018,0,BTCUSDT,0.00999999999476131,19493.06524,5443892
2020-11-29,17719.84000000,18360.05000000,17517.00000000,18184.99000000,55329.01630300,1606694399999,996743798.86492166,1141289,27883.98529600,502287686.11938401,0,BTCUSDT,0.010000000009313226,19495.11316,5444833
2020-11-30,18185.00000000,19863.16000000,18184.99000000,19695.87000000,115463.46688800,1606780799999,2205929119.50533619,1744149,61033.41490300,1166943549.18424454,0,BTCUSDT,0.00999999999476131,19498.19351,5445710
2020-12-01,19695.87000000,19888.00000000,18001.12000000,18764.96000000,127698.76265200,1606867199999,2446070334.82879867,2023802,63805.39289800,1223282816.31921670,0,BTCUSDT,0.010000000009313226,19497.1455,5446365
2020-12-02,18764.96000000,19342.00000000,18330.00000000,19204.09000000,75911.01347800,1606953599999,1436895344.82594950,1566635,36421.69039800,689901298.57006888,0,BTCUSDT,0.00999999999476131,19502.95416,5447071
2020-12-03,19204.08000000,19598.00000000,18867.20000000,19421.90000000,66689.39127900,1607039999999,1286548310.82670579,1242229,33868.34169800,653783366.90459527,0,BTCUSDT,0.010000000009313226,19508.55233,5447170
2020-12-04,19422.34000000,19527.00000000,18565.31000000,18650.52000000,71283.66820000,1607126399999,1358079975.02549805,1286657,32363.45371500,616745259.31451114,0,BTCUSDT,0.00999999999476131,19509.98324,5447591
2020-12-05,18650.51000000,19177.00000000,18500.00000000,19147.66000000,42922.74857300,1607212799999,813445434.13081420,932124,21360.26028100,405002656.06997130,0,BTCUSDT,0.00999999999476131,19511.90419,5447927
2020-12-06,19147.66000000,19420.00000000,18857.00000000,19359.40000000,37043.09186100,1607299199999,709558933.58290580,820382,19009.40766300,364303500.95709817,0,BTCUSDT,0.00999999999476131,19511.47423,5447556
2020-12-07,19358.67000000,19420.91000000,18902.88000000,19166.90000000,41372.29629300,1607385599999,793517668.68394607,840954,18881.80601400,362249650.05341632,0,BTCUSDT,0.010000000009313226,19514.23459,5447739
2020-12-08,19166.90000000,19294.84000000,18200.00000000,18324.11000000,61626.94761400,1607471999999,1160658077.40465900,1143181,27811.37851000,524064471.55038376,0,BTCUSDT,0.00999999999476131,19516.10536,5447790
2020-12-09,18324.11000000,18639.57000000,17650.00000000,18541.28000000,79585.55380100,1607558399999,1450130664.06458426,1302476,36809.00928700,671042442.47453077,0,BTCUSDT,0.00999999999476131,19516.87768,5448078
2020-12-10,18541.29000000,18557.32000000,17911.12000000,18254.63000000,52890.67509400,1607644799999,966149529.00060708,891151,25604.60806900,467840780.52674688,0,BTCUSDT,0.00999999999476131,19517.99828,5448398
2020-12-11,18254.81000000,18292.73000000,17572.33000000,18036.53000000,72610.72425900,1607731199999,1301081647.30790015,1117810,34194.98847100,612882050.91672730,0,BTCUSDT,0.010000000009313226,19519.04545,5448251
2020-12-12,18036.53000000,18948.66000000,18020.70000000,18808.69000000,49519.97843200,1607817599999,915552835.90618337,891810,26056.33264800,481756117.71600103,0,BTCUSDT,0.00999999999476131,19520.77138,5448431
2020-12-13,18808.69000000,19411.00000000,18711.12000000,19174.99000000,56560.82174400,1607903999999,1083520569.09485384,938022,29593.46510000,566907850.62331193,0,BTCUSDT,0.00999999999476131,19522.07843,5448655
2020-12-14,19174.99000000,19349.00000000,19000.00000000,19273.14000000,47257.20129400,1607990399999,906101687.73959502,842382,22657.46340100,434506325.32761055,0,BTCUSDT,0.00999999999476131,19522.53446,5448419
2020-12-15,19273.69000000,19570.00000000,19050.00000000,19426.43000000,61834.36601100,1608076799999,1196361527.92580183,1046423,31194.16084900,603826364.41392185,0,BTCUSDT,0.00999999999476131,19520.90363,5448483
2020-12-16,19426.43000000,21560.00000000,19278.60000000,21335.52000000,114306.33557000,1608163199999,2325135958.64184128,1659135,61245.26237500,1245917122.17202102,0,BTCUSDT,0.010000000009313226,19520.65888,5449138
2020-12-17,21335.52000000,23800.00000000,21230.00000000,22797.16000000,184882.47674800,1608249599999,4196645567.42587731,2795084,92409.40507900,2097021808.62956590,0,BTCUSDT,0.00999999999476131,19530.21739,5449936
2020-12-18,22797.15000000,23285.18000000,22350.00000000,23107.39000000,79646.13431500,1608335999999,1820875361.29459761,1613775,38359.30215800,877296889.51146859,0,BTCUSDT,0.00999999999476131,19528.52057,5450137
2020-12-19,23107.39000000,24171.47000000,22750.00000000,23821.61000000,86045.06467700,1608422399999,2018969878.88686757,1678611,42709.11149800,1002105538.85929248,0,BTCUSDT,0.00999999999476131,19527.33228,5450249
2020-12-20,23821.60000000,24295.00000000,23060.00000000,23455.52000000,76690.14568500,1608508799999,1810862074.73030801,1743225,37124.11535800,877166936.60573439,0,BTCUSDT,0.00999999999476131,19527.7433,5450425
2020-12-21,23455.54000000,24102.77000000,21815.00000000,22719.71000000,88030.29724300,1608595199999,2035446293.92897096,1593949,41983.04610300,971417184.68964446,0,BTCUSDT,0.00999999999476131,19528.08201,5450522
2020-12-22,22719.88000000,23837.10000000,22353.40000000,23810.79000000,87033.12616000,1608681599999,2010758620.24352682,1496277,42681.32670800,986428672.73760714,0,BTCUSDT,0.00999999999476131,19528.56985,5450606
2020-12-23,23810.79000000,24100.00000000,22600.00000000,23232.76000000,119047.25973300,1608767999999,2797688007.07187929,2194611,56660.20196100,1332358610.26840513,0,BTCUSDT,0.00999999999476131,19529.2123,5450961
2020-12-24,23232.39000000,23794.43000000,22703.42000000,23729.20000000,69013.83425200,1608854399999,1602394244.07677159,1421257,35789.11131900,831484211.69867196,0,BTCUSDT,0.010000000009313226,19526.4399,5450863
2020-12-25,23728.99000000,24789.86000000,23433.60000000,24712.47000000,79519.94356900,1608940799999,1919766316.66773676,1504426,41219.08816400,995215944.57256813,0,BTCUSDT,0.010000000009313226,19526.15978,5450749
2020-12-26,24712.47000000,26867.03000000,24500.00000000,26493.39000000,97806.51338600,1609027199999,2496533065.17558060,1735574,49839.03407200,1272279529.88706064,0,BTCUSDT,0.00999999999476131,19526.92294,5451200
2020-12-27,26493.40000000,28422.00000000,25700.00000000,26281.66000000,148455.58621400,1609113599999,4028928683.88202470,2438493,72649.34048400,1972635486.18350649,0,BTCUSDT,0.00999999999476131,19527.47931,5451951
2020-12-28,26281.54000000,27500.00000000,26101.00000000,27079.41000000,79721.74249600,1609199999999,2151806808.57435257,1508204,37895.34562100,1023061029.36558971,0,BTCUSDT,0.00999999999476131,19526.25922,5452094
2020-12-29,27079.42000000,27410.00000000,25880.00000000,27385.00000000,69411.59260600,1609286399999,1851617219.76823461,1605166,34276.92260100,914954320.83476055,0,BTCUSDT,0.010000000009313226,19526.97637,5452097
2020-12-30,27385.00000000,28996.00000000,27320.00000000,28875.54000000,95356.05782600,1609372799999,2683953237.46027089,1916095,48057.90636600,1352877359.65147360,0,BTCUSDT,0.010000000009313226,19528.37298,5452210
2020-12-31,28875.55000000,29300.00000000,27850.00000000,28923.63000000,75508.50515200,1609459199999,2173600125.42007393,1552793,36431.62208000,1049389143.55620635,0,BTCUSDT,0.00999999999476131,19531.90937,5452945
2021-01-01,28923.63000000,29600.00000000,28624.57000000,29331.69000000,54182.92501100,1609545599999,1582526989.16187265,1314910,27455.80172500,802247744.54510409,0,BTCUSDT,0.00999999999476131,19538.23937,5454252
2021-01-02,29331.70000000,33300.00000000,28946.53000000,32178.33000000,129993.87336200,1609631999999,4073842163.67154117,2245922,67446.30524600,2110334723.88714587,0,BTCUSDT,0.00999999999476131,19543.36984,5454549
2021-01-03,32176.45000000,34778.11000000,31962.99000000,33000.05000000,120957.56675000,1609718399999,4057598425.49201649,2369698,59750.33287100,2004428433.93184622,0,BTCUSDT,0.00999999999476131,19552.32904,5454377
2021-01-04,33000.05000000,33600.00000000,28130.00000000,31988.71000000,140899.88569000,1609804799999,4429010349.69534487,2642408,69088.46923000,2173435409.01698791,0,BTCUSDT,0.00999999999476131,19554.1478,5454606
2021-01-05,31989.75000000,34360.00000000,29900.00000000,33949.53000000,116049.99703800,1609891199999,3743617144.64691529,2526851,59691.75475500,1927195093.64154965,0,BTCUSDT,0.010000000009313226,19558.07393,5455472
2021-01-06,33949.53000000,36939.21000000,33288.00000000,36769.36000000,127139.20131000,1609977599999,4431954248.51961439,2591783,63052.91465200,2199632470.22154891,0,BTCUSDT,0.010000000009313226,19558.49602,5455041
2021-01-07,36769.36000000,40365.00000000,36300.00000000,39432.28000000,132825.70043700,1610063999999,5062569943.38337156,2814686,65055.10713600,2482583239.85649706,0,BTCUSDT,0.010000000009313226,19563.63268,5455850
2021-01-08,39432.48000000,41950.00000000,36500.00000000,40582.81000000,139789.95749900,1610150399999,5568443208.73136537,2925632,67300.15521600,2684975445.97890497,0,BTCUSDT,0.00999999999476131,19566.39986,5456210
2021-01-09,40586.96000000,41380.00000000,38720.00000000,40088.22000000,75785.97967500,1610236799999,3054779029.16177669,1998156,37007.32190900,1491990705.55169908,0,BTCUSDT,0.010000000009313226,19568.06198,5456658
2021-01-10,40088.22000000,41350.00000000,35111.11000000,38150.02000000,118209.54450300,1610323199999,4604034729.50707020,2628050,55451.34467300,2160976896.82802737,0,BTCUSDT,0.010000000009313226,19568.08884,5456572
2021-01-11,38150.02000000,38264.74000000,30420.00000000,35404.47000000,251156.13828700,1610409599999,8497730017.89850578,4472957,123241.58878200,4171891522.05678609,0,BTCUSDT,0.00999999999476131,19568.0914,5456340
2021-01-12,35410.37000000,36628.00000000,32531.00000000,34051.24000000,133948.15199600,1610495999999,4651302423.48411635,2674145,65098.31019600,2261732478.83005161,0,BTCUSDT,0.00999999999476131,19569.14632,5456265
2021-01-13,34049.15000000,37850.00000000,32380.00000000,37371.38000000,124477.91493800,1610582399999,4322876606.41962586,2514289,63981.03830600,2222872691.37191206,0,BTCUSDT,0.00999999999476131,19569.84887,5456821
2021-01-14,37371.38000000,40100.00000000,36701.23000000,39144.50000000,102950.38942100,1610668799999,3974826638.14508874,2297466,51264.46709200,1979442593.04999946,0,BTCUSDT,0.010000000009313226,19571.70476,5457618
2021-01-15,39145.21000000,39747.76000000,34408.00000000,36742.22000000,118300.92091600,1610755199999,4371588898.68163653,2560801,57738.03422000,2133723812.75986223,0,BTCUSDT,0.010000000009313226,19573.53157,5457996
2021-01-16,36737.43000000,37950.00000000,35357.80000000,35994.98000000,86348.43150800,1610841599999,3178840336.14928450,2066363,42420.42373600,1563160122.01133437,0,BTCUSDT,0.00999999999476131,19579.53498,5458313
2021-01-17,35994.98000000,36852.50000000,33850.00000000,35828.61000000,80157.72738400,1610927999999,2843103040.24066405,1860642,39513.63856100,1402648632.85122460,0,BTCUSDT,0.00999999999476131,19579.8801,5458735
2021-01-18,35824.99000000,37469.83000000,34800.00000000,36631.27000000,70698.11875000,1611014399999,2554843260.52439897,1707766,35621.50604800,1289347187.16652892,0,BTCUSDT,0.010000000009313226,19580.47183,5458862
2021-01-19,36622.46000000,37850.00000000,35844.06000000,35891.49000000,79611.30776900,1611100799999,2935348499.34421406,1939371,38704.68162000,1428235709.85196932,0,BTCUSDT,0.010000000009313226,19581.38779,5459635
2021-01-20,35901.94000000,36415.31000000,33400.00000000,35468.23000000,89368.42291800,1611187199999,3126721093.52077622,2234539,42546.63407700,1489289968.43647013,0,BTCUSDT,0.00999999999476131,19582.48961,5459845
2021-01-21,35468.23000000,35600.00000000,30071.00000000,30850.13000000,135004.07665800,1611273599999,4386783586.50422555,2881505,63256.21044800,2057240516.61919266,0,BTCUSDT,0.010000000009313226,19592.71322,5460274
2021-01-22,30851.99000000,33826.53000000,28850.00000000,32945.17000000,142971.68404900,1611359999999,4483295872.02227268,2707810,70150.18845500,2201161570.49867076,0,BTCUSDT,0.010000000009313226,19597.42441,5460208
2021-01-23,32950.00000000,33456.00000000,31390.16000000,32078.00000000,64595.28767500,1611446399999,2089098295.75843661,1700056,32680.77612800,1057114174.55222724,0,BTCUSDT,0.00999999999476131,19598.30577,5460911
2021-01-24,32078.00000000,33071.00000000,30900.00000000,32259.90000000,57978.03796600,1611532799999,1864609665.36570168,1528287,27826.11919700,895721122.01695440,0,BTCUSDT,0.010000000009313226,19599.00348,5461102
2021-01-25,32259.45000000,34875.00000000,31910.00000000,32254.20000000,88499.22692100,1611619199999,2958759288.56356839,2106548,44489.52413200,1488432034.49242141,0,BTCUSDT,0.010000000009313226,19599.28152,5461106
2021-01-26,32254.19000000,32921.88000000,30837.37000000,32467.77000000,84972.20691000,1611705599999,2708545364.49464120,2010392,42402.31291700,1352678098.86632097,0,BTCUSDT,0.010000000009313226,19599.78611,5461280
2021-01-27,32464.01000000,32557.29000000,29241.72000000,30366.15000000,95911.96171100,1611791999999,2958081421.64155914,2065953,46664.38163800,1440079785.12051182,0,BTCUSDT,0.00999999999476131,19599.91105,5461367
2021-01-28,30362.19000000,33783.98000000,29842.10000000,33364.86000000,92621.14561700,1611878399999,2953553214.06568187,2060660,46067.78232600,1468956156.48507130,0,BTCUSDT,0.010000000009313226,19605.5929,5462041
2021-01-29,33368.18000000,38531.90000000,31915.40000000,34252.20000000,231827.00562600,1611964799999,8195593336.22846664,4403349,116537.24784700,4121941033.63732514,0,BTCUSDT,0.00999999999476131,19605.68821,5461179
2021-01-30,34246.28000000,34933.00000000,32825.00000000,34262.88000000,84889.68134000,1612051199999,2884500062.93807842,2201040,42418.46709900,1441981400.65363825,0,BTCUSDT,0.00999999999476131,19609.94858,5462279
2021-01-31,34262.89000000,34342.69000000,32171.67000000,33092.98000000,68742.28038400,1612137599999,2289641045.75801233,1707064,32480.44735800,1082502551.52057114,0,BTCUSDT,0.00999999999476131,19610.07314,5463364
2021-02-01,33092.97000000,34717.27000000,32296.16000000,33526.37000000,82718.27688200,1612223999999,2791776658.00560560,1810492,41855.84148600,1413158966.72809792,0,BTCUSDT,0.00999999999476131,19610.55951,5464026
2021-02-02,33517.09000000,35984.33000000,33418.00000000,35466.24000000,78056.65988000,1612310399999,2716321896.31760851,1789672,39216.56310600,1364790964.63689959,0,BTCUSDT,0.010000000009313226,19610.85398,5463925
2021-02-03,35472.71000000,37662.63000000,35362.38000000,37618.87000000,80784.33366300,1612396799999,2951232788.18430528,1881740,39863.07506000,1456248046.14191715,0,BTCUSDT,0.00999999999476131,19611.98085,5464199
2021-02-04,37620.26000000,38708.27000000,36161.95000000,36936.66000000,92080.73589800,1612483199999,3452669022.15329251,2211866,45516.21369000,1707710013.88953844,0,BTCUSDT,0.00999999999476131,19612.66801,5465429
2021-02-05,36936.65000000,38310.12000000,36570.00000000,38290.24000000,66681.33427500,1612569599999,2509278291.75158661,1853253,32756.38503100,1232713879.83813833,0,BTCUSDT,0.010000000009313226,19617.07879,5466578
2021-02-06,38289.32000000,40955.51000000,38215.94000000,39186.94000000,98757.31118300,1612655999999,3922095148.92815047,2291646,52015.51336200,2065180747.34722405,0,BTCUSDT,0.00999999999476131,19620.38996,5467012
2021-02-07,39181.01000000,39700.00000000,37351.00000000,38795.69000000,84363.67976300,1612742399999,3256521384.24061093,1976357,40764.38895900,1574482907.56390225,0,BTCUSDT,0.00999999999476131,19620.00178,5467212
2021-02-08,38795.69000000,46794.45000000,37988.89000000,46374.87000000,138597.53691400,1612828799999,5881536976.63569947,3230961,72345.89156800,3069313839.44113577,0,BTCUSDT,0.00999999999476131,19620.56742,5467683
2021-02-09,46374.86000000,48142.19000000,44961.09000000,46420.42000000,115499.86171200,1612915199999,5386255398.01718726,3119034,57429.56434700,2679451036.49180349,0,BTCUSDT,0.010000000009313226,19621.70712,5468036
2021-02-10,46420.42000000,47310.00000000,43727.00000000,44807.58000000,97154.18220000,1613001599999,4431650130.25110525,2891592,47971.98573100,2190231238.81758670,0,BTCUSDT,0.00999999999476131,19621.94181,5468151
2021-02-11,44807.58000000,48678.90000000,43994.02000000,47969.51000000,89561.08145400,1613087999999,4185630934.41089499,2570949,46138.33674000,2158335922.69232338,0,BTCUSDT,0.00999999999476131,19622.33712,5468276
2021-02-12,47968.66000000,48985.80000000,46125.00000000,47287.60000000,85870.03569700,1613174399999,4080571908.96766153,2418841,41841.03913500,1990472918.92858487,0,BTCUSDT,0.00999999999476131,19622.20824,5468828
2021-02-13,47298.15000000,48150.00000000,46202.53000000,47153.69000000,63768.09739900,1613260799999,3007710147.41815964,2058823,30996.30985900,1462495399.99281157,0,BTCUSDT,0.010000000009313226,19624.72576,5468924
2021-02-14,47156.78000000,49707.43000000,47014.17000000,48577.79000000,73735.47553300,1613347199999,3584808348.83473272,2090070,38752.15668100,1884009921.06286063,0,BTCUSDT,0.00999999999476131,19625.66965,5469249
2021-02-15,48580.47000000,49010.92000000,45570.79000000,47911.10000000,79398.15678400,1613433599999,3782219060.66472205,2313155,38176.36466100,1819251655.78142706,0,BTCUSDT,0.010000000009313226,19612.94887,5468704
2021-02-16,47911.10000000,50689.18000000,47003.62000000,49133.45000000,88813.26629800,1613519999999,4349983777.69236727,2199849,45608.60383800,2236524604.98835597,0,BTCUSDT,0.00999999999476131,19613.47224,5469380
2021-02-17,49133.45000000,52618.74000000,48947.00000000,52119.71000000,85743.63781800,1613606399999,4365831514.81529820,2514374,45055.44624100,2294099235.28002256,0,BTCUSDT,0.010000000009313226,19614.20454,5469635
2021-02-18,52117.67000000,52530.00000000,50901.90000000,51552.60000000,60758.04695400,1613692799999,3149973077.48746591,1891592,28893.35862300,1498231635.84390890,0,BTCUSDT,0.010000000009313226,19615.22594,5469709
2021-02-19,51552.61000000,56368.00000000,50710.20000000,55906.00000000,79659.77802000,1613779199999,4251167827.68424644,2339215,40556.02024600,2164871310.22394144,0,BTCUSDT,0.00999999999476131,19617.71816,5470183
2021-02-20,55906.00000000,57700.46000000,53863.93000000,55841.19000000,80948.20531400,1613865599999,4551890859.85127464,2642846,38636.06627400,2172833878.44096487,0,BTCUSDT,0.010000000009313226,19620.78563,5470465
2021-02-21,55841.19000000,58352.80000000,55477.59000000,57408.57000000,58166.70851100,1613951999999,3317998263.34788921,1950533,29506.08908500,1683107088.15736952,0,BTCUSDT,0.010000000009313226,19624.24805,5470708
2021-02-22,57412.35000000,57508.47000000,47622.00000000,54087.67000000,134019.43494400,1614038399999,7213386720.43679782,3313083,63677.66197900,3427217154.52097287,0,BTCUSDT,0.00999999999476131,19625.57595,5471124
2021-02-23,54087.67000000,54183.59000000,44892.56000000,48891.00000000,169375.02505100,1614124799999,8215839131.24338574,3825196,82464.14299200,4002195292.09735604,0,BTCUSDT,0.00999999999476131,19625.41507,5470835
2021-02-24,48891.00000000,51374.99000000,46988.69000000,49676.20000000,91881.20925200,1614211199999,4574033001.37953613,2194532,45750.71483100,2278566606.13834688,0,BTCUSDT,0.00999999999476131,19627.57273,5471379
2021-02-25,49676.21000000,52041.73000000,46674.34000000,47073.73000000,83310.67312100,1614297599999,4152188728.14161469,2305679,40610.66475900,2026068517.64636189,0,BTCUSDT,0.010000000009313226,19629.16759,5471799
2021-02-26,47073.73000000,48424.11000000,44106.78000000,46276.87000000,109423.20066300,1614383999999,5086374532.73461493,2371766,53626.90462200,2494190193.25228294,0,BTCUSDT,0.00999999999476131,19629.90951,5472298
2021-02-27,46276.88000000,48394.00000000,45000.00000000,46106.43000000,66060.83429200,1614470399999,3105897438.55097179,1757720,31987.01964700,1505012110.94959802,0,BTCUSDT,0.010000000009313226,19629.89683,5472172
2021-02-28,46103.67000000,46638.46000000,43000.00000000,45135.66000000,83055.36904200,1614556799999,3708359965.45458128,1838345,40688.17185000,1817797446.60238093,0,BTCUSDT,0.00999999999476131,19622.9419,5471845
2021-03-01,45134.11000000,49790.00000000,44950.53000000,49587.03000000,85086.11164800,1614643199999,4057515794.86572823,2147223,42616.99436100,2032566685.61430702,0,BTCUSDT,0.00999999999476131,19623.45444,5472154
2021-03-02,49595.76000000,50200.00000000,47047.60000000,48440.65000000,64221.06214000,1614729599999,3120472069.90945280,1855583,31377.03807700,1525145370.14352052,0,BTCUSDT,0.00999999999476131,19623.57745,5472060
2021-03-03,48436.61000000,52640.00000000,48100.71000000,50349.37000000,81035.91370500,1614815999999,4109521257.54070026,2242131,40955.36839900,2077586898.67821050,0,BTCUSDT,0.00999999999476131,19624.08209,5472547
2021-03-04,50349.37000000,51773.88000000,47500.00000000,48374.09000000,82649.71682900,1614902399999,4079837240.85676201,2291936,40269.97788800,1987955554.80481454,0,BTCUSDT,0.00999999999476131,19624.18862,5472719
2021-03-05,48374.09000000,49448.93000000,46300.00000000,48751.71000000,78192.49637200,1614988799999,3727133104.83731038,2054216,38318.31037700,1827025012.21754943,0,BTCUSDT,0.00999999999476131,19624.63468,5473007
2021-03-06,48746.81000000,49200.00000000,47070.00000000,48882.20000000,44399.23424200,1615075199999,2143910705.29150321,1476474,21500.61561700,1038365872.97995482,0,BTCUSDT,0.00999999999476131,19624.89528,5472907
2021-03-07,48882.20000000,51450.03000000,48882.20000000,50971.75000000,55235.02803200,1615161599999,2778875909.44912621,1758101,27885.59696400,1402782879.72115338,0,BTCUSDT,0.00999999999476131,19627.46422,5473259
2021-03-08,50959.11000000,52402.78000000,49274.67000000,52375.17000000,66987.35966400,1615247999999,3400847931.03607402,1999401,33595.42957000,1706117798.10549939,0,BTCUSDT,0.00999999999476131,19630.83524,5474091
2021-03-09,52375.18000000,54895.00000000,51789.41000000,54884.50000000,71656.73707600,1615334399999,3861450964.65490351,2194398,35011.54108600,1886844773.68462989,0,BTCUSDT,0.00999999999476131,19631.96816,5474379
2021-03-10,54874.67000000,57387.69000000,53005.00000000,55851.59000000,84749.23894300,1615420799999,4700197563.35921245,2647284,42651.88740500,2366856292.86677151,0,BTCUSDT,0.00999999999476131,19632.73774,5474137
2021-03-11,55851.59000000,58150.00000000,54272.82000000,57773.16000000,81914.81285900,1615507199999,4612366201.00222005,2509970,40603.44966800,2288704819.09510673,0,BTCUSDT,0.00999999999476131,19632.85352,5474142
2021-03-12,57773.15000000,58081.51000000,54962.84000000,57221.72000000,73405.40604700,1615593599999,4162054726.37883880,2489931,35802.94146200,2030616300.47343136,0,BTCUSDT,0.010000000009313226,19634.30467,5474568
2021-03-13,57221.72000000,61844.00000000,56078.23000000,61188.39000000,83245.09134600,1615679999999,4933383453.24597802,2559002,44387.23191800,2631390814.77279265,0,BTCUSDT,0.010000000009313226,19635.3222,5474785
2021-03-14,61188.38000000,61724.79000000,58966.78000000,58968.31000000,52601.05275000,1615766399999,3176397573.88464251,1829769,25325.26705000,1530051005.39804023,0,BTCUSDT,0.00999999999476131,19635.61886,5474874
2021-03-15,58976.08000000,60633.43000000,54600.00000000,55605.20000000,102771.42729800,1615852799999,5874241052.09337221,2683815,49825.43834700,2848907086.63436949,0,BTCUSDT,0.00999999999476131,19636.68725,5475476
2021-03-16,55605.20000000,56938.29000000,53271.34000000,56900.75000000,77986.69435500,1615939199999,4304259207.64509981,2241208,37825.50149300,2088111362.55123841,0,BTCUSDT,0.00999999999476131,19637.35595,5475820
2021-03-17,56900.74000000,58974.73000000,54123.69000000,58912.97000000,70421.62084100,1616025599999,3960992972.15429223,2204296,34778.74577500,1957825522.68032863,0,BTCUSDT,0.010000000009313226,19638.88765,5476310
2021-03-18,58912.97000000,60129.97000000,57023.00000000,57648.16000000,66580.40667500,1616111999999,3900885761.21280599,2040947,32287.37991100,1892327691.36669634,0,BTCUSDT,0.00999999999476131,19638.96427,5476099
2021-03-19,57641.00000000,59468.00000000,56270.74000000,58030.01000000,52392.65296100,1616198399999,3052711147.93492521,1885830,25552.51122300,1489274083.26434220,0,BTCUSDT,0.00999999999476131,19639.00919,5476085
2021-03-20,58030.01000000,59880.00000000,57820.17000000,58102.28000000,44476.94177600,1616284799999,2616535093.05158531,1724131,22212.44672300,1307023993.12344343,0,BTCUSDT,0.00999999999476131,19639.51325,5476559
2021-03-21,58100.02000000,58589.10000000,55450.11000000,57351.56000000,48564.47027400,1616371199999,2774223129.62380987,1773546,23648.94167600,1350989191.27683849,0,BTCUSDT,0.00999999999476131,19639.96777,5476909
2021-03-22,57351.56000000,58430.73000000,53650.00000000,54083.25000000,62581.62616900,1616457599999,3527479514.32565286,1927345,30749.05902800,1733579080.56900055,0,BTCUSDT,0.00999999999476131,19642.24122,5478439
2021-03-23,54083.25000000,55830.90000000,53000.00000000,54340.89000000,59789.36542700,1616543999999,3264650774.81746144,1740349,29563.40974000,1614722150.81925661,0,BTCUSDT,0.00999999999476131,19642.90776,5479004
2021-03-24,54342.80000000,57200.00000000,51700.00000000,52303.65000000,83537.46502100,1616630399999,4583159614.04646126,2401988,39323.13006700,2161386678.80682066,0,BTCUSDT,0.010000000009313226,19656.64847,5479953
2021-03-25,52303.66000000,53287.00000000,50427.56000000,51293.78000000,87400.53453800,1616716799999,4536327184.95786042,2099425,42947.39773300,2229351569.58702623,0,BTCUSDT,0.010000000009313226,19657.64499,5480393
2021-03-26,51293.78000000,55073.46000000,51214.60000000,55025.59000000,63813.77469200,1616803199999,3397036140.75163746,1773150,31822.54523800,1694326043.33711574,0,BTCUSDT,0.00999999999476131,19658.69121,5480341
2021-03-27,55025.59000000,56700.36000000,53950.00000000,55817.14000000,50105.47505500,1616889599999,2767070175.86193082,1528776,24739.94847100,1365965317.25052359,0,BTCUSDT,0.010000000009313226,19659.42527,5480928
2021-03-28,55817.14000000,56559.75000000,54691.84000000,55777.63000000,39050.38751100,1616975999999,2178777329.44521665,1551283,19262.72593500,1074959545.95900884,0,BTCUSDT,0.00999999999476131,19659.95443,5481330
2021-03-29,55777.65000000,58405.82000000,54800.01000000,57635.47000000,67857.93739800,1617062399999,3877131109.73464578,1983437,34373.80455600,1963800173.65605960,0,BTCUSDT,0.00999999999476131,19659.83988,5481137
2021-03-30,57635.46000000,59368.00000000,57071.35000000,58746.57000000,55122.44312200,1617148799999,3221944107.45503046,1612744,27541.52668000,1610812657.92990190,0,BTCUSDT,0.00999999999476131,19660.73222,5481563
2021-03-31,58746.57000000,59800.00000000,56769.00000000,58740.55000000,60975.54266600,1617235199999,3575976083.80457570,1928224,31074.81318700,1823822792.91045006,0,BTCUSDT,0.00999999999476131,19661.02353,5481584
2021-04-01,58739.46000000,59490.00000000,57935.45000000,58720.44000000,47415.61722000,1617321599999,2789238879.94337348,1594431,22966.25673600,1351151697.89222195,0,BTCUSDT,0.010000000009313226,19661.58426,5482491
2021-04-02,58720.45000000,60200.00000000,58428.57000000,58950.01000000,47382.41878100,1617407999999,2811159761.26846735,1666356,23695.69515400,1406393729.83076923,0,BTCUSDT,0.00999999999476131,19669.63533,5482674
2021-04-03,58950.01000000,59791.72000000,56880.00000000,57051.94000000,47409.85211300,1617494399999,2783151686.16453709,1606805,23057.96701700,1353960264.62196262,0,BTCUSDT,0.010000000009313226,19669.69997,5482609
2021-04-04,57051.95000000,58492.85000000,56388.00000000,58202.01000000,41314.08197300,1617580799999,2380139010.73023250,1499113,20609.13416100,1187123542.57988340,0,BTCUSDT,0.010000000009313226,19669.47318,5482717
2021-04-05,58202.01000000,59272.00000000,56777.77000000,59129.99000000,54258.01579000,1617667199999,3155214764.16448552,2035877,27269.49269000,1586344787.55416885,0,BTCUSDT,0.00999999999476131,19669.93957,5483556
2021-04-06,59129.99000000,59495.24000000,57413.02000000,57991.15000000,54201.00072700,1617753599999,3166911557.14815778,1960513,26699.19787200,1560539125.77805926,0,BTCUSDT,0.00999999999476131,19670.12435,5483878
2021-04-07,57990.03000000,58655.00000000,55473.00000000,55953.45000000,71228.40565900,1617839999999,4053294016.48451469,2206433,34737.58215500,1977438033.92862991,0,BTCUSDT,0.00999999999476131,19669.75415,5483650
2021-04-08,55953.44000000,58153.31000000,55700.00000000,58077.52000000,44283.14701900,1617926399999,2531779682.55242696,1661080,22161.69051000,1267126859.44389048,0,BTCUSDT,0.00999999999476131,19669.33514,5483292
2021-04-09,58077.52000000,58894.90000000,57654.00000000,58142.54000000,40831.88491100,1618012799999,2378340697.28958427,1615962,20354.23445600,1185679367.91003643,0,BTCUSDT,0.00999999999476131,19671.96071,5483440
2021-04-10,58142.55000000,61500.00000000,57900.01000000,59769.13000000,69906.42411700,1618099199999,4197138552.46903365,2470398,36018.63756600,2162858397.75343994,0,BTCUSDT,0.00999999999476131,19667.92088,5483268
2021-04-11,59769.13000000,60699.00000000,59232.52000000,60002.43000000,41156.71539100,1618185599999,2462032926.61798127,1746102,20798.05877900,1244349091.44347729,0,BTCUSDT,0.00999999999476131,19662.71856,5483069
2021-04-12,59998.80000000,61300.00000000,59350.59000000,59860.00000000,56375.03711700,1618271999999,3393042867.87146672,1806298,27645.20115300,1664588823.41102893,0,BTCUSDT,0.00999999999476131,19667.89852,5483129
2021-04-13,59860.01000000,63777.77000000,59805.15000000,63575.00000000,82848.68874600,1618358399999,5154877375.38961765,2703735,41662.53302800,2592724448.36985041,0,BTCUSDT,0.00999999999476131,19665.23086,5483102
2021-04-14,63575.01000000,64854.00000000,61301.00000000,62959.53000000,82616.34399300,1618444799999,5239081228.15697651,2645625,40070.37752700,2542171083.41268837,0,BTCUSDT,0.00999999999476131,19680.77314,5484506
2021-04-15,62959.53000000,63800.00000000,62020.00000000,63159.98000000,51649.70034000,1618531199999,3248931738.29318204,1938028,25628.16837900,1612303095.28825449,0,BTCUSDT,0.00999999999476131,19681.05865,5484611
2021-04-16,63158.74000000,63520.61000000,60000.00000000,61334.80000000,91764.13988400,1618617599999,5647292669.61549332,2639940,43570.02314700,2680750914.50457292,0,BTCUSDT,0.010000000009313226,19681.09792,5484810
2021-04-17,61334.81000000,62506.05000000,59580.91000000,60006.66000000,58912.25612800,1618703999999,3605701810.67504697,2268816,28386.27410600,1737722135.37950582,0,BTCUSDT,0.010000000009313226,19680.97363,5484814
2021-04-18,60006.67000000,60499.00000000,50931.30000000,56150.01000000,124882.13182400,1618790399999,6949379727.42915424,3444089,59404.61680900,3303953081.09621833,0,BTCUSDT,0.00999999999476131,19680.32125,5484824
2021-04-19,56150.01000000,57526.81000000,54221.58000000,55633.14000000,78229.04226700,1618876799999,4398619580.64714330,2390527,38362.38497900,2156617047.23873171,0,BTCUSDT,0.010000000009313226,19681.1684,5485589
2021-04-20,55633.14000000,57076.24000000,53329.96000000,56425.00000000,72744.48215100,1618963199999,4037701391.61952629,2148820,35519.58972700,1971916967.58497548,0,BTCUSDT,0.00999999999476131,19681.41523,5485755
2021-04-21,56425.00000000,56757.91000000,53536.02000000,53787.63000000,66984.75690900,1619049599999,3704549578.69730319,2134946,32188.92949300,1780065583.27209392,0,BTCUSDT,0.00999999999476131,19681.98595,5486030
2021-04-22,53787.62000000,55521.48000000,50500.00000000,51690.96000000,104656.63133700,1619135999999,5594983857.31809224,2744621,50550.77147000,2703745286.38870583,0,BTCUSDT,0.00999999999476131,19684.9216,5486575
2021-04-23,51690.95000000,52131.85000000,47500.00000000,51125.14000000,132230.78071900,1619222399999,6571097317.46791836,2888237,63769.62125300,3170392794.05488430,0,BTCUSDT,0.00999999999476131,19684.26599,5486569
2021-04-24,51110.56000000,51166.22000000,48657.14000000,50047.84000000,55361.51257300,1619308799999,2762081002.87866301,1164985,26782.23300700,1336607709.85679762,0,BTCUSDT,0.00999999999476131,19683.93758,5486229
2021-04-25,50047.84000000,50567.91000000,46930.00000000,49066.77000000,58255.64500400,1619395199999,2867858315.18731958,1475479,27767.33139400,1367920871.52816647,0,BTCUSDT,0.00999999999476131,19680.93056,5485963
2021-04-26,49066.76000000,54356.62000000,48753.44000000,54001.39000000,86310.80212400,1619481599999,4555688503.39738704,2174544,43183.93674900,2277375506.85531338,0,BTCUSDT,0.010000000009313226,19681.11467,5486238
2021-04-27,54001.38000000,55460.00000000,53222.00000000,55011.97000000,54064.03467500,1619567999999,2949719328.36698972,1568666,25631.07462900,1398731801.17633617,0,BTCUSDT,0.010000000009313226,19680.8784,5486359
2021-04-28,55011.97000000,56428.00000000,53813.16000000,54846.22000000,55130.45901500,1619654399999,3020242787.50667770,1830042,26762.03342200,1466278915.01532206,0,BTCUSDT,0.00999999999476131,19681.51242,5486730
2021-04-29,54846.23000000,55195.84000000,52330.94000000,53555.00000000,52486.01945500,1619740799999,2823220335.47604128,1763676,25339.74390200,1362821167.93253950,0,BTCUSDT,0.00999999999476131,19682.4406,5486875
2021-04-30,53555.00000000,57963.00000000,53013.01000000,57694.27000000,68578.91004500,1619827199999,3808187372.73937955,2267648,35634.12908700,1978866536.22417801,0,BTCUSDT,0.010000000009313226,19683.46707,5487210
2021-05-01,57697.25000000,58458.07000000,56956.14000000,57800.37000000,42600.35183600,1619913599999,2460342954.84252080,1743013,20574.81022600,1188354972.01372347,0,BTCUSDT,0.00999999999476131,19683.50844,5486945
2021-05-02,57797.35000000,57911.02000000,56035.25000000,56578.21000000,36812.87886300,1619999999999,2089763230.43962683,1371638,18172.89183600,1031569632.43915790,0,BTCUSDT,0.010000000009313226,19682.83859,5487139
2021-05-03,56578.21000000,58981.44000000,56435.00000000,57169.39000000,57649.93128600,1620086399999,3337604542.62738077,2102128,28536.05553300,1652286174.15826469,0,BTCUSDT,0.00999999999476131,19684.23191,5487259
2021-05-04,57169.39000000,57200.00000000,53046.69000000,53200.01000000,85324.62590300,1620172799999,4705402064.30097516,2492629,41029.68824600,2262794503.81474985,0,BTCUSDT,0.00999999999476131,19681.359,5486951
2021-05-05,53205.05000000,58069.82000000,52900.00000000,57436.11000000,77263.92343900,1620259199999,4327994296.15143644,2378119,38729.47501600,2170539511.77727666,0,BTCUSDT,0.00999999999476131,19687.52958,5487874
2021-05-06,57436.11000000,58360.00000000,55200.00000000,56393.68000000,70181.67190800,1620345599999,3992289527.73709740,2459881,34248.89964300,1949210281.69201645,0,BTCUSDT,0.00999999999476131,19688.59176,5488065
2021-05-07,56393.68000000,58650.00000000,55241.63000000,57314.75000000,74542.74782900,1620431999999,4239374487.47477234,2361692,36877.60256600,2097609397.22975708,0,BTCUSDT,0.00999999999476131,19688.39417,5487935
2021-05-08,57315.49000000,59500.00000000,56900.00000000,58862.05000000,69709.90602800,1620518399999,4079553831.98806437,2311378,34329.69915600,2009442622.58890522,0,BTCUSDT,0.010000000009313226,19688.1677,5488380
2021-05-09,58866.53000000,59300.00000000,56235.66000000,58240.84000000,69806.11991000,1620604799999,4043552701.50659866,2170139,34301.05045700,1987959541.94018194,0,BTCUSDT,0.00999999999476131,19690.68341,5489061
2021-05-10,58240.83000000,59500.00000000,53400.00000000,55816.14000000,89586.34925000,1620691199999,5131782639.96613736,2575419,43057.97702900,2468201497.96757166,0,BTCUSDT,0.010000000009313226,19691.82834,5489417
2021-05-11,55816.14000000,56862.43000000,54370.00000000,56670.02000000,64329.54055000,1620777599999,3583030654.76301904,1911480,30880.82833900,1720075588.22363352,0,BTCUSDT,0.010000000009313226,19692.79551,5489351
2021-05-12,56670.02000000,58000.01000000,48600.00000000,49631.32000000,99842.78983600,1620863999999,5476115093.11046791,2676826,48299.82600100,2654897646.09257715,0,BTCUSDT,0.00999999999476131,19695.66489,5490560
2021-05-13,49537.15000000,51367.19000000,46000.00000000,49670.97000000,147332.00212100,1620950399999,7303694688.60140086,3570506,71742.00335900,3558735468.00459532,0,BTCUSDT,0.00999999999476131,19694.02026,5490275
2021-05-14,49671.92000000,51483.00000000,48799.75000000,49841.45000000,80082.20430600,1621036799999,4015904915.40791062,2095860,37184.12886300,1864162620.50271464,0,BTCUSDT,0.00999999999476131,19694.87698,5489146
2021-05-15,49844.16000000,50700.00000000,46555.00000000,46762.99000000,89437.44935900,1621123199999,4350775846.51735788,2286791,42257.91846300,2056302844.86102109,0,BTCUSDT,0.00999999999476131,19694.71441,5489306
2021-05-16,46762.99000000,49795.89000000,43825.39000000,46431.50000000,114269.81277500,1621209599999,5367497608.11590065,2661295,53797.59087700,2528671396.10801939,0,BTCUSDT,0.00999999999476131,19695.67293,5489698
2021-05-17,46426.83000000,46686.00000000,42001.00000000,43538.04000000,166657.17273600,1621295999999,7346755531.93385754,3216821,80610.14658100,3555755756.32292157,0,BTCUSDT,0.00999999999476131,19696.13462,5489886
2021-05-18,43538.02000000,45799.29000000,42250.02000000,42849.78000000,116979.86078400,1621382399999,5146670282.54790183,2561165,55703.00041000,2450848779.21597987,0,BTCUSDT,0.010000000009313226,19696.25126,5489831
2021-05-19,42849.78000000,43584.90000000,30000.00000000,36690.09000000,354347.24316100,1621468799999,13477694934.87179764,6331062,168271.34730800,6410032516.52352622,0,BTCUSDT,0.00999999999476131,19694.88128,5489442
2021-05-20,36671.23000000,42451.67000000,34850.00000000,40526.64000000,203017.59692300,1621555199999,8019897067.17621988,4269898,100167.12641300,3959645913.23249423,0,BTCUSDT,0.010000000009313226,19695.41144,5489955
2021-05-21,40525.39000000,42200.00000000,33488.00000000,37252.01000000,202100.88825800,1621641599999,7713346610.27412883,3993336,94002.43140900,3591749386.78765034,0,BTCUSDT,0.010000000009313226,19694.11118,5489595
2021-05-22,37263.35000000,38829.00000000,35200.62000000,37449.73000000,126542.24368900,1621727999999,4730567647.67440109,2716691,63310.45201200,2367081500.53005795,0,BTCUSDT,0.010000000009313226,19693.18169,5489636
2021-05-23,37458.51000000,38270.64000000,31111.01000000,34655.25000000,217136.04659300,1621814399999,7431242463.20384205,4082004,104637.65940900,3584259319.74638161,0,BTCUSDT,0.00999999999476131,19692.63324,5489582
2021-05-24,34681.44000000,39920.00000000,34031.00000000,38796.29000000,161630.89397100,1621900799999,5996773032.15134490,3510578,81584.82531400,3031032098.51888064,0,BTCUSDT,0.00999999999476131,19693.11971,5489796
2021-05-25,38810.99000000,39791.77000000,36419.62000000,38324.72000000,111996.22840400,1621987199999,4253519579.37872882,2508310,54153.53681400,2057463609.95091102,0,BTCUSDT,0.00999999999476131,19692.18004,5489642
2021-05-26,38324.72000000,40841.00000000,37800.44000000,39241.91000000,104780.77339600,1622073599999,4113717505.26355481,2432319,50485.07699400,1983423341.55992480,0,BTCUSDT,0.6500000000087311,19692.66316,5490018
2021-05-27,39241.92000000,40411.14000000,37134.27000000,38529.98000000,86547.15879400,1622159999999,3361413526.05354346,2102182,42256.01280100,1641681553.52913720,0,BTCUSDT,0.00999999999476131,19694.04777,5490465
2021-05-28,38529.99000000,38877.83000000,34684.00000000,35663.49000000,135377.62972000,1622246399999,4926260941.93361343,2659178,64327.28185300,2341060689.07345919,0,BTCUSDT,0.00999999999476131,19694.82039,5490440
2021-05-29,35661.79000000,37338.58000000,33632.76000000,34605.15000000,112663.09268900,1622332799999,3949843335.32259506,2169643,54284.19965200,1904345668.77900613,0,BTCUSDT,0.010000000009313226,19699.16073,5491078
2021-05-30,34605.15000000,36488.00000000,33379.00000000,35641.27000000,73535.38696700,1622419199999,2601994948.14824216,1559892,37406.81390300,1324617922.55457400,0,BTCUSDT,0.00999999999476131,19700.83378,5491301
2021-05-31,35641.26000000,37499.00000000,34153.84000000,37253.81000000,94160.73528900,1622505599999,3406047734.83112852,1896359,46337.93250400,1677796724.05736149,0,BTCUSDT,0.00999999999476131,19705.26608,5491927
2021-06-01,37253.82000000,37894.81000000,35666.00000000,36693.09000000,81234.66377000,1622591999999,2973928300.37558711,1760417,40291.83485100,1475008291.23364731,0,BTCUSDT,0.010000000009313226,19702.38111,5492134
2021-06-02,36694.85000000,38225.00000000,35920.00000000,37568.68000000,67587.37249500,1622678399999,2523462575.68843765,1530915,34328.49628700,1281854474.91208278,0,BTCUSDT,0.00999999999476131,19705.85387,5493228
2021-06-03,37568.68000000,39476.00000000,37170.00000000,39246.79000000,75889.10601100,1622764799999,2930945325.70920706,1949658,38664.29784900,1493504667.61380185,0,BTCUSDT,0.010000000009313226,19706.3418,5493635
2021-06-04,39246.78000000,39289.07000000,35555.15000000,36829.00000000,91317.79924500,1622851199999,3379399754.93052259,1926311,43105.97173000,1595098152.96682665,0,BTCUSDT,0.00999999999476131,19707.16407,5494162
2021-06-05,36829.15000000,37925.00000000,34800.00000000,35513.20000000,70459.62149000,1622937599999,2560547116.83640575,1463754,34397.77436000,1249708171.27239164,0,BTCUSDT,0.00999999999476131,19707.16028,5494392
2021-06-06,35516.07000000,36480.00000000,35222.00000000,35796.31000000,47650.20663700,1623023999999,1711857075.04716966,993430,23661.26063600,850204250.76255567,0,BTCUSDT,0.00999999999476131,19708.77978,5495598
2021-06-07,35796.31000000,36900.00000000,33300.00000000,33552.79000000,77574.95257300,1623110399999,2755673601.71391388,1532260,36431.56058600,1295757611.70864594,0,BTCUSDT,0.00999999999476131,19709.74611,5496071
2021-06-08,33556.96000000,34068.01000000,31000.00000000,33380.81000000,123251.18903700,1623196799999,4030784324.60968405,2074885,60095.99020100,1966354847.56919820,0,BTCUSDT,0.010000000009313226,19710.49317,5496505
2021-06-09,33380.80000000,37534.79000000,32396.82000000,37388.05000000,136607.59751700,1623283199999,4794741674.43882304,2601479,68790.28926500,2415789675.08593024,0,BTCUSDT,0.010000000009313226,19711.01088,5496714
2021-06-10,37388.05000000,38491.00000000,35782.00000000,36675.72000000,109527.28494300,1623369599999,4062957162.36429993,2231430,53639.42402200,1990486079.21771466,0,BTCUSDT,0.00999999999476131,19711.38474,5497057
2021-06-11,36677.83000000,37680.40000000,35936.77000000,37331.98000000,78466.00530000,1623455999999,2903043643.31007191,1727645,39406.71922400,1458619433.27684363,0,BTCUSDT,0.00999999999476131,19711.42212,5497161
2021-06-12,37331.98000000,37463.63000000,34600.36000000,35546.11000000,87717.54999000,1623542399999,3132387326.53751386,1719650,42571.20531300,1520432734.29990903,0,BTCUSDT,0.010000000009313226,19714.36499,5497745
2021-06-13,35546.12000000,39380.00000000,34757.00000000,39020.57000000,86921.02555500,1623628799999,3208991521.63768005,1894103,45675.27361600,1688611358.41170236,0,BTCUSDT,0.00999999999476131,19714.91435,5497552
2021-06-14,39020.56000000,41064.05000000,38730.00000000,40516.29000000,108522.39194900,1623715199999,4320307646.76538952,2185089,53645.90874400,2135285912.62050537,0,BTCUSDT,0.00999999999476131,19715.60438,5497698
2021-06-15,40516.28000000,41330.00000000,39506.40000000,40144.04000000,80679.62283800,1623801599999,3247746713.62740970,1931890,39428.82972600,1587381565.81541288,0,BTCUSDT,0.010000000009313226,19715.0044,5497290
2021-06-16,40143.80000000,40527.14000000,38116.01000000,38349.01000000,87771.97693700,1623887999999,3450556041.60058353,2134897,42137.24225100,1657135674.82302152,0,BTCUSDT,0.00999999999476131,19715.57425,5497714
2021-06-17,38349.00000000,39559.88000000,37365.00000000,38092.97000000,79541.30711900,1623974399999,3065622530.03988603,1620210,37936.81267300,1462729677.11582557,0,BTCUSDT,0.00999999999476131,19716.93635,5498425
2021-06-18,38092.97000000,38202.84000000,35129.29000000,35819.84000000,95228.04293500,1624060799999,3507868126.30620260,1809253,44824.43656700,1651613641.38681674,0,BTCUSDT,0.00999999999476131,19722.04873,5498837
2021-06-19,35820.48000000,36457.00000000,34803.52000000,35483.72000000,68712.44946100,1624147199999,2453817534.77716944,1212278,33788.29334500,1207082481.76471773,0,BTCUSDT,0.010000000009313226,19726.62635,5500327
2021-06-20,35483.72000000,36137.72000000,33336.00000000,35600.16000000,89878.17085000,1624233599999,3124634336.84076064,1691871,44194.06738700,1537385055.49291186,0,BTCUSDT,0.00999999999476131,19728.22318,5500550
2021-06-21,35600.17000000,35750.00000000,31251.23000000,31608.93000000,168778.87315900,1624319999999,5545926077.78806706,2688993,81297.46975100,2671033140.18897872,0,BTCUSDT,0.00999999999476131,19730.88446,5500721
2021-06-22,31614.12000000,33298.78000000,28805.00000000,32509.56000000,204208.17976200,1624406399999,6406159197.07678900,3113977,99149.18226600,3115465362.96708140,0,BTCUSDT,0.00999999999476131,19734.81869,5501233
2021-06-23,32509.56000000,34881.00000000,31683.00000000,33678.07000000,126966.10056300,1624492799999,4282250433.91944518,2026228,63340.03313700,2136458765.58680401,0,BTCUSDT,0.010000000009313226,19744.82132,5501621
2021-06-24,33675.07000000,35298.00000000,32286.57000000,34663.09000000,86625.80426000,1624579199999,2925373222.10597716,1531230,43994.70829800,1486960778.32677295,0,BTCUSDT,0.00999999999476131,19745.2336,5502207
2021-06-25,34663.08000000,35500.00000000,31275.00000000,31584.45000000,116061.13035600,1624665599999,3846120542.65729680,2094932,55656.15625200,1846078278.30478276,0,BTCUSDT,0.00999999999476131,19745.50466,5502263
2021-06-26,31576.09000000,32730.00000000,30151.00000000,32283.65000000,107820.37528700,1624751999999,3376415451.79312412,1814051,52978.15925600,1659918820.24047804,0,BTCUSDT,0.00999999999476131,19745.92491,5502475
2021-06-27,32283.65000000,34749.00000000,31973.45000000,34700.34000000,96613.24421100,1624838399999,3199980157.75033328,1799875,48772.52918000,1616348030.48262429,0,BTCUSDT,0.00999999999476131,19747.8075,5503031
2021-06-28,34702.49000000,35297.71000000,33862.72000000,34494.89000000,82222.26781900,1624924799999,2837122779.52440164,1868627,40552.29218000,1399861431.16463476,0,BTCUSDT,0.00999999999476131,19748.02686,5502348
2021-06-29,34494.89000000,36600.00000000,34225.43000000,35911.73000000,90788.79622000,1625011199999,3233947791.86338857,1673802,45376.58762900,1616093004.85216473,0,BTCUSDT,0.00999999999476131,19748.4386,5502289
2021-06-30,35911.72000000,36100.00000000,34017.55000000,35045.00000000,77152.19763400,1625097599999,2688939291.09567313,1301036,37035.76967400,1290873346.22416245,0,BTCUSDT,0.00999999999476131,19748.8977,5502310
2021-07-01,35045.00000000,35057.57000000,32711.00000000,33504.69000000,71708.26611200,1625183999999,2410809595.39045694,1240681,34986.05501600,1176002216.56568103,0,BTCUSDT,0.00999999999476131,19750.49431,5502871
2021-07-02,33502.33000000,33977.04000000,32699.00000000,33786.55000000,56172.18137800,1625270399999,1870193042.39353716,1176457,27271.65800500,908203511.34114962,0,BTCUSDT,0.00999999999476131,19746.41317,5502387
2021-07-03,33786.54000000,34945.61000000,33316.73000000,34669.13000000,43044.57864100,1625356799999,1478423023.50348303,1078278,21331.87504500,732586226.47257181,0,BTCUSDT,0.00999999999476131,19745.98232,5502734
2021-07-04,34669.12000000,35967.85000000,34357.15000000,35286.51000000,43703.47578900,1625443199999,1544458212.39263313,1164970,21180.33506900,748187394.23958082,0,BTCUSDT,0.00999999999476131,19748.86307,5503209
2021-07-05,35288.13000000,35293.78000000,33125.55000000,33690.14000000,64123.87424500,1625529599999,2183406257.49382919,1109367,31489.85537200,1071967415.42531092,0,BTCUSDT,0.00999999999476131,19749.72705,5503720
2021-07-06,33690.15000000,35118.88000000,33532.00000000,34220.01000000,58210.59634900,1625615999999,1991691100.94826585,1184687,27801.95449300,951269024.03794967,0,BTCUSDT,0.00999999999476131,19750.1952,5503908
2021-07-07,34220.02000000,35059.09000000,33777.77000000,33862.12000000,53807.52167500,1625702399999,1857658028.48080391,1041416,27294.92392700,941984587.97562216,0,BTCUSDT,0.010000000009313226,19750.96949,5504933
2021-07-08,33862.11000000,33929.64000000,32077.00000000,32875.71000000,70136.48032000,1625788799999,2304973020.29871520,1257892,35104.65522500,1152928339.82184283,0,BTCUSDT,0.010000000009313226,19751.40649,5505273
2021-07-09,32875.71000000,34100.00000000,32261.07000000,33815.81000000,47153.93989900,1625875199999,1562958239.39137620,1236351,23660.06860100,784288611.13252862,0,BTCUSDT,0.00999999999476131,19753.74199,5505421
2021-07-10,33815.81000000,34262.00000000,33004.78000000,33502.87000000,34761.17546800,1625961599999,1171790111.08299535,865508,17012.75919700,573638406.54702383,0,BTCUSDT,0.00999999999476131,19754.44741,5506275
2021-07-11,33502.87000000,34666.00000000,33306.47000000,34258.99000000,31572.64744800,1626047999999,1070033013.19204486,952891,16434.53750800,557336788.69660773,0,BTCUSDT,0.010000000009313226,19754.4911,5506342
2021-07-12,34259.00000000,34678.43000000,32658.34000000,33086.63000000,48181.40376200,1626134399999,1620646741.33496329,1176847,22602.90730600,759877911.03504663,0,BTCUSDT,0.00999999999476131,19757.34895,5506998
2021-07-13,33086.94000000,33340.00000000,32202.25000000,32729.77000000,41126.36100800,1626220799999,1348583017.01034310,956053,19588.27850700,642576716.60414360,0,BTCUSDT,2.1000000000058208,19757.99682,5506994
2021-07-14,32729.12000000,33114.03000000,31550.00000000,32820.02000000,46777.82348400,1626307199999,1515692074.98754753,1123129,22516.48571900,730009068.07089644,0,BTCUSDT,0.00999999999476131,19758.50591,5507910
2021-07-15,32820.03000000,33185.25000000,31133.00000000,31880.00000000,51639.57635300,1626393599999,1652077965.43655981,1099367,24866.40578700,795831015.69614899,0,BTCUSDT,0.00999999999476131,19754.9547,5507882
2021-07-16,31874.49000000,32249.18000000,31020.00000000,31383.87000000,48499.86415400,1626479999999,1538342711.57965672,1067591,23963.74456800,760274744.55207078,0,BTCUSDT,0.010000000009313226,19755.07204,5508182
2021-07-17,31383.86000000,31955.92000000,31164.31000000,31520.07000000,34012.24213200,1626566399999,1072815966.33630751,883442,16649.05130800,525240023.82137983,0,BTCUSDT,0.010000000009313226,19754.44347,5506986
2021-07-18,31520.07000000,32435.00000000,31108.97000000,31778.56000000,35923.71618600,1626652799999,1140964365.64660148,760979,17554.18265300,557709781.11918031,0,BTCUSDT,0.010000000009313226,19751.6082,5507177
2021-07-19,31778.57000000,31899.00000000,30407.44000000,30839.65000000,47340.46849900,1626739199999,1470563281.93650284,846029,22709.51004500,705480091.14467479,0,BTCUSDT,0.00999999999476131,19751.6732,5507334
2021-07-20,30839.65000000,31063.07000000,29278.00000000,29790.35000000,61034.04901700,1626825599999,1821230700.02039109,1062139,28424.82505000,847855259.13993829,0,BTCUSDT,0.00999999999476131,19752.11867,5507512
2021-07-21,29790.34000000,32858.00000000,29482.61000000,32144.51000000,82796.26512800,1626911999999,2603140706.08222436,1415058,42584.67221900,1338356405.54193175,0,BTCUSDT,0.00999999999476131,19752.29667,5507556
2021-07-22,32144.51000000,32591.35000000,31708.00000000,32287.83000000,46148.09243300,1626998399999,1482763544.95053643,1000742,23274.51280500,747848528.87672003,0,BTCUSDT,0.010000000009313226,19751.9142,5507275
2021-07-23,32287.58000000,33650.00000000,31924.32000000,33634.09000000,50112.86362600,1627084799999,1631947003.07304657,1394786,25018.97707900,815391041.19337381,0,BTCUSDT,0.00999999999476131,19751.95822,5506935
2021-07-24,33634.10000000,34500.00000000,33401.14000000,34258.14000000,47977.55013800,1627171199999,1625046258.43655218,1196914,23937.61781400,810983258.04245942,0,BTCUSDT,0.010000000009313226,19750.82595,5507327
2021-07-25,34261.51000000,35398.00000000,33851.12000000,35381.02000000,47852.92831300,1627257599999,1646935552.80554462,1245775,24632.14930000,848320775.42419001,0,BTCUSDT,0.00999999999476131,19750.25747,5506939
2021-07-26,35381.02000000,40550.00000000,35205.78000000,37237.60000000,152452.51272400,1627343999999,5832475057.06567638,3330102,77191.34607500,2953296773.15355035,0,BTCUSDT,0.00999999999476131,19746.97067,5506506
2021-07-27,37241.33000000,39542.61000000,36383.00000000,39457.87000000,88397.26701500,1627430399999,3335658261.99554664,1938478,45137.30343900,1703810516.33785954,0,BTCUSDT,0.00999999999476131,19751.04008,5506874
2021-07-28,39456.61000000,40900.00000000,38772.00000000,40019.56000000,101344.52844100,1627516799999,4040889461.66152784,2631048,49019.13627600,1954994215.00461230,0,BTCUSDT,0.00999999999476131,19750.79929,5506668
2021-07-29,40019.57000000,40640.00000000,39200.00000000,40016.48000000,53998.43928300,1627603199999,2154190697.34531810,1428738,26700.92624400,1065505374.50525061,0,BTCUSDT,0.00999999999476131,19754.55281,5507360
2021-07-30,40018.49000000,42316.71000000,38313.23000000,42206.37000000,73602.78480500,1627689599999,2939833541.38153644,1797012,37730.42686200,1509172746.20397869,0,BTCUSDT,0.00999999999476131,19754.34701,5507116
2021-07-31,42206.36000000,42448.00000000,41000.15000000,41461.83000000,44849.79101200,1627775999999,1868285510.88467891,1565380,22844.24505000,951887855.62149689,0,BTCUSDT,0.00999999999476131,19758.63805,5507689
2021-08-01,41461.84000000,42599.00000000,39422.01000000,39845.44000000,53953.18632600,1627862399999,2227567271.48786541,1603964,25796.75379500,1066579608.83982349,0,BTCUSDT,0.00999999999476131,19760.35563,5508193
2021-08-02,39850.27000000,40480.01000000,38690.00000000,39147.82000000,50837.35195400,1627948799999,2010928003.59440882,1162878,24558.00534300,971596720.94675931,0,BTCUSDT,0.010000000009313226,19760.46277,5508278
2021-08-03,39146.86000000,39780.00000000,37642.03000000,38207.05000000,57117.43585300,1628035199999,2195360658.56732878,1379871,27683.46659800,1064118781.84985729,0,BTCUSDT,0.00999999999476131,19760.91993,5508396
2021-08-04,38207.04000000,39969.66000000,37508.56000000,39723.18000000,52329.35243000,1628121599999,2028792778.18480471,1220555,26804.21116900,1039347051.55552658,0,BTCUSDT,0.00999999999476131,19761.45046,5508758
2021-08-05,39723.17000000,41350.00000000,37332.70000000,40862.46000000,84343.75562100,1628207999999,3314527738.33973321,1913281,41673.12908100,1638359889.80201597,0,BTCUSDT,0.010000000009313226,19761.89447,5508915
2021-08-06,40862.46000000,43392.43000000,39853.86000000,42836.87000000,75753.94134700,1628294399999,3148022459.91615849,2223356,38278.00475800,1591634314.10080118,0,BTCUSDT,0.010000000009313226,19761.30415,5508503
2021-08-07,42836.87000000,44700.00000000,42446.41000000,44572.54000000,73396.74080800,1628380799999,3197407326.03679334,2258213,37355.62384500,1627865923.87897347,0,BTCUSDT,0.010000000009313226,19762.33113,5508443
2021-08-08,44572.54000000,45310.00000000,43261.00000000,43794.37000000,69329.09269800,1628467199999,3074924734.87934016,1857112,34099.15066000,1512451140.39891587,0,BTCUSDT,0.00999999999476131,19762.67176,5508636
2021-08-09,43794.36000000,46454.15000000,42779.00000000,46253.40000000,74587.88484500,1628553599999,3362870286.25811797,2130595,38464.60543000,1735618666.81813226,0,BTCUSDT,0.010000000009313226,19763.49203,5508858
2021-08-10,46248.87000000,46700.00000000,44589.46000000,45584.99000000,53814.64342100,1628639999999,2452485823.93365419,1951330,26592.36931400,1212338434.73183560,0,BTCUSDT,0.010000000009313226,19764.3882,5509215
2021-08-11,45585.00000000,46743.47000000,45341.14000000,45511.00000000,52734.90197700,1628726399999,2432788769.83269651,1862925,27064.39384300,1248929298.82858753,0,BTCUSDT,0.010000000009313226,19764.9911,5509412
2021-08-12,45510.67000000,46218.12000000,43770.00000000,44399.00000000,55266.10878100,1628812799999,2478758524.86417613,1623329,26765.08804000,1200329050.57391097,0,BTCUSDT,0.00999999999476131,19765.97794,5510049
2021-08-13,44400.06000000,47886.00000000,44217.39000000,47800.00000000,48239.37043100,1628899199999,2239435701.11779154,1804716,25367.98823600,1177391788.09298993,0,BTCUSDT,0.00999999999476131,19766.12527,5509931
2021-08-14,47799.99000000,48144.00000000,45971.03000000,47068.51000000,46114.35902200,1628985599999,2166461458.66824897,1849556,22999.52851900,1080741765.68745919,0,BTCUSDT,0.00999999999476131,19766.22501,5510006
2021-08-15,47068.50000000,47372.27000000,45500.00000000,46973.82000000,42110.71133400,1629071999999,1950753713.21212474,1580122,21129.91977600,979120004.20283388,0,BTCUSDT,0.00999999999476131,19768.09523,5511139
2021-08-16,46973.82000000,48053.83000000,45660.00000000,45901.29000000,52480.57401400,1629158399999,2462127629.60902359,1655378,25847.87243800,1213162181.66541896,0,BTCUSDT,0.010000000009313226,19769.19724,5511801
2021-08-17,45901.30000000,47160.00000000,44376.00000000,44695.95000000,57039.34162900,1629244799999,2616339597.91574244,1781303,27320.26180800,1253906922.58209693,0,BTCUSDT,0.010000000009313226,19770.80049,5512053
2021-08-18,44695.95000000,46000.00000000,44203.28000000,44705.29000000,54099.41598500,1629331199999,2439673265.94711701,1656723,28538.22372700,1286718404.70649710,0,BTCUSDT,0.00999999999476131,19772.4518,5512502
2021-08-19,44699.37000000,47033.00000000,43927.70000000,46760.62000000,53411.75392000,1629417599999,2416320067.13376884,1774382,27193.50515000,1230827552.41014125,0,BTCUSDT,0.00999999999476131,19787.13299,5513505
2021-08-20,46760.62000000,49382.99000000,46622.99000000,49322.47000000,56850.35222800,1629503999999,2721131744.27781711,1950404,29725.88511200,1422944576.34729543,0,BTCUSDT,0.00999999999476131,19787.85443,5513810
2021-08-21,49322.47000000,49757.04000000,48222.00000000,48821.87000000,46745.13658400,1629590399999,2290966131.37616106,2069725,23119.67378600,1133342367.74452761,0,BTCUSDT,0.00999999999476131,19790.46952,5514145
2021-08-22,48821.88000000,49500.00000000,48050.00000000,49239.22000000,37007.88779500,1629676799999,1807169840.16917142,1610192,18587.87755200,907708162.11097088,0,BTCUSDT,0.00999999999476131,19789.45207,5513651
2021-08-23,49239.22000000,50500.00000000,49029.00000000,49488.85000000,52462.54195400,1629763199999,2616721363.68517193,2143309,26218.97512000,1307817635.39098320,0,BTCUSDT,0.010000000009313226,19788.95719,5513537
2021-08-24,49488.85000000,49860.00000000,47600.00000000,47674.01000000,51014.59474800,1629849599999,2486079315.56442367,1692896,24702.92344300,1203899649.69982630,0,BTCUSDT,0.00999999999476131,19787.38584,5512769
2021-08-25,47674.01000000,49264.30000000,47126.28000000,48973.32000000,44655.83034200,1629935999999,2149442271.52642047,1559186,21796.87767200,1049712097.34821821,0,BTCUSDT,0.00999999999476131,19787.60054,5512933
2021-08-26,48973.32000000,49352.84000000,46250.00000000,46843.87000000,49371.27777400,1630022399999,2333900030.22962785,1532753,23686.56349600,1120008931.61987400,0,BTCUSDT,0.00999999999476131,19787.22735,5512543
2021-08-27,46843.86000000,49149.93000000,46348.00000000,49069.90000000,42068.10496500,1630108799999,2007071230.21999509,1320503,21727.05079000,1036769755.55960299,0,BTCUSDT,0.00999999999476131,19787.19053,5512495
2021-08-28,49069.90000000,49299.00000000,48346.88000000,48895.35000000,26681.06378600,1630195199999,1303966035.77054955,793012,13895.76367700,679193791.59952045,0,BTCUSDT,0.00999999999476131,19789.1435,5512937
2021-08-29,48895.35000000,49632.27000000,47762.54000000,48767.83000000,32652.28347300,1630281599999,1588661416.36037966,1193046,16157.04309600,786599088.69166977,0,BTCUSDT,0.010000000009313226,19789.70768,5513142
2021-08-30,48767.84000000,48888.61000000,46853.00000000,46982.91000000,40288.35083000,1630367999999,1932344430.92392620,1204012,19637.84056000,942218565.02155950,0,BTCUSDT,0.00999999999476131,19789.78418,5513234
2021-08-31,46982.91000000,48246.11000000,46700.00000000,47100.89000000,48645.52737000,1630454399999,2303799571.38227270,1300400,24426.21235000,1156878830.69083850,0,BTCUSDT,0.00999999999476131,19789.77427,5513239
2021-09-01,47100.89000000,49156.00000000,46512.00000000,48810.52000000,49904.65528000,1630540799999,2386074445.41585230,1280384,25102.36864000,1200480555.04938700,0,BTCUSDT,0.00999999999476131,19789.8667,5513436
2021-09-02,48810.51000000,50450.13000000,48584.06000000,49246.64000000,54410.77053800,1630627199999,2704192314.67468902,1549849,28351.80722500,1409412062.21968112,0,BTCUSDT,0.00999999999476131,19789.44299,5513401
2021-09-03,49246.63000000,51000.00000000,48316.84000000,49999.14000000,59025.64415700,1630713599999,2949574478.07173762,1645163,29625.44338300,1481238133.39463303,0,BTCUSDT,0.010000000009313226,19789.23016,5513392
2021-09-04,49998.00000000,50535.69000000,49370.00000000,49915.64000000,34664.65959000,1630799999999,1733527136.44425870,1225830,16739.70385000,837225473.73527600,0,BTCUSDT,0.010000000009313226,19789.33668,5513337
2021-09-05,49917.54000000,51900.00000000,49450.00000000,51756.88000000,40544.83587300,1630886399999,2049212025.84465917,1417660,21557.23586400,1090239906.68566371,0,BTCUSDT,0.00999999999476131,19795.64766,5513704
2021-09-06,51756.88000000,52780.00000000,50969.33000000,52663.90000000,49249.66708100,1630972799999,2549290983.05687762,1678015,24620.35252500,1274643403.54794685,0,BTCUSDT,0.00999999999476131,19799.1994,5514032
2021-09-07,52666.20000000,52920.00000000,42843.05000000,46863.73000000,123048.80271900,1631059199999,6004105772.87044281,3321711,57935.60197600,2832268574.03872573,0,BTCUSDT,0.010000000009313226,19798.79378,5514036
2021-09-08,46868.57000000,47340.99000000,44412.02000000,46048.31000000,65069.31520000,1631145599999,3000605793.93896050,1796101,31796.74760000,1466544608.26787350,0,BTCUSDT,0.00999999999476131,19799.73039,5514068
2021-09-09,46048.31000000,47399.97000000,45513.08000000,46395.14000000,50651.66002000,1631231999999,2351862983.51824120,1567586,24183.38803000,1122994690.90933160,0,BTCUSDT,0.010000000009313226,19800.55227,5513626
2021-09-10,46395.14000000,47033.00000000,44132.29000000,44850.91000000,49048.26618000,1631318399999,2243698626.03951660,1569941,24358.59799000,1114490733.87924340,0,BTCUSDT,0.00999999999476131,19808.73752,5514350
2021-09-11,44842.20000000,45987.93000000,44722.22000000,45173.69000000,30440.40810000,1631404799999,1380370764.01271670,1060890,14804.34260000,671123069.56236850,0,BTCUSDT,0.010000000009313226,19809.24078,5514637
2021-09-12,45173.68000000,46460.00000000,44742.06000000,46025.24000000,32094.28052000,1631491199999,1464780920.21998130,1179808,15735.45104000,718436012.75886560,0,BTCUSDT,0.00999999999476131,19809.37594,5514732
2021-09-13,46025.23000000,46880.00000000,43370.00000000,44940.73000000,65429.15056000,1631577599999,2930668118.26163420,1703512,32041.05972000,1435586958.77986810,0,BTCUSDT,0.00999999999476131,19809.66997,5514996
2021-09-14,44940.72000000,47250.00000000,44594.44000000,47111.52000000,44855.85099000,1631663999999,2072259519.06191970,1210258,22182.46649000,1025156547.71891840,0,BTCUSDT,0.00999999999476131,19810.37089,5515765
2021-09-15,47103.28000000,48500.00000000,46682.32000000,48121.41000000,43204.71174000,1631750399999,2056996398.84396170,1176050,20903.53535000,995198313.74741110,0,BTCUSDT,0.00999999999476131,19813.2653,5516067
2021-09-16,48121.40000000,48557.00000000,47021.10000000,47737.82000000,40725.08895000,1631836799999,1948447232.91071780,1176129,19907.79151000,952502982.81190170,0,BTCUSDT,0.00999999999476131,19813.10952,5516171
2021-09-17,47737.81000000,48150.00000000,46699.56000000,47299.98000000,34461.92776000,1631923199999,1637122049.41283770,1033968,16599.46162000,788563444.41334770,0,BTCUSDT,0.00999999999476131,19813.33675,5516197
2021-09-18,47299.98000000,48843.20000000,47035.56000000,48292.74000000,30906.47038000,1632009599999,1491461627.95142250,976346,15219.90487000,734476256.09950720,0,BTCUSDT,0.00999999999476131,19815.73545,5516246
2021-09-19,48292.75000000,48372.83000000,46829.18000000,47241.75000000,29847.24349000,1632095999999,1421642879.49320620,909785,14346.79979000,683249734.07218280,0,BTCUSDT,0.00999999999476131,19816.22544,5516238
2021-09-20,47241.75000000,47347.25000000,42500.00000000,43015.62000000,78003.52444300,1632182399999,3457139274.30007093,1842231,36108.36295100,1600107748.56602710,0,BTCUSDT,0.010000000009313226,19817.12962,5516702
2021-09-21,43016.64000000,43639.00000000,39600.00000000,40734.38000000,84534.08048500,1632268799999,3551997786.69035526,1820721,38942.74356000,1637800328.50388315,0,BTCUSDT,0.00999999999476131,19816.62746,5516413
2021-09-22,40734.09000000,44000.55000000,40565.39000000,43543.61000000,58349.05542000,1632355199999,2482639471.90759590,1304011,29321.50660000,1248027083.19034100,0,BTCUSDT,0.00999999999476131,19816.75372,5516661
2021-09-23,43546.37000000,44978.00000000,43069.09000000,44865.26000000,48699.57655000,1632441599999,2147211305.48208910,1196106,24503.00365000,1080404499.56495710,0,BTCUSDT,0.00999999999476131,19816.74083,5516699
2021-09-24,44865.26000000,45200.00000000,40675.00000000,42810.57000000,84113.42629200,1632527999999,3596718231.05054862,1819744,41952.77658200,1794510963.77978142,0,BTCUSDT,0.010000000009313226,19816.72083,5516785
2021-09-25,42810.58000000,42966.84000000,41646.28000000,42670.64000000,33594.57189000,1632614399999,1428238748.20952580,949787,16555.72950000,703947971.38327600,0,BTCUSDT,0.00999999999476131,19816.90511,5516717
2021-09-26,42670.63000000,43950.00000000,40750.00000000,43160.90000000,49879.99765000,1632700799999,2124657079.27977650,1374145,24762.74447000,1055225792.12858580,0,BTCUSDT,0.00999999999476131,19820.77642,5516818
2021-09-27,43160.90000000,44350.00000000,42098.00000000,42147.35000000,39776.84383000,1632787199999,1728912299.80342430,1001487,19307.85346000,839585982.39070810,0,BTCUSDT,0.00999999999476131,19820.80847,5516754
2021-09-28,42147.35000000,42787.38000000,40888.00000000,41026.54000000,43372.26240000,1632873599999,1816305387.83885820,1045389,20710.09030000,867306872.21244550,0,BTCUSDT,0.00999999999476131,19820.73415,5516609
2021-09-29,41025.01000000,42590.00000000,40753.88000000,41524.28000000,33511.53487000,1632959999999,1399625476.05637630,884909,16338.42660000,682466342.78705860,0,BTCUSDT,0.00999999999476131,19820.72093,5516607
2021-09-30,41524.29000000,44141.37000000,41410.17000000,43824.10000000,46381.22781000,1633046399999,2005486003.56467730,1197815,23348.93974000,1009687948.22583360,0,BTCUSDT,0.00999999999476131,19826.19627,5517240
2021-10-01,43820.01000000,48495.00000000,43283.03000000,48141.61000000,66244.87492000,1633132799999,3076094886.59247420,1771237,34156.88321000,1585411525.33782700,0,BTCUSDT,0.00999999999476131,19824.92564,5517194
2021-10-02,48141.60000000,48336.59000000,47430.18000000,47634.90000000,30508.98131000,1633219199999,1459064880.53244480,996116,15180.50362000,726007609.15620260,0,BTCUSDT,0.00999999999476131,19824.95503,5517143
2021-10-03,47634.89000000,49228.08000000,47088.00000000,48200.01000000,30825.05601000,1633305599999,1482764462.19057740,1114294,15426.81514000,742443046.40754920,0,BTCUSDT,0.00999999999476131,19829.18476,5517351
2021-10-04,48200.01000000,49536.12000000,46891.00000000,49224.94000000,46796.49372000,1633391999999,2258464361.12635660,1437692,23032.49140000,1112232800.78865170,0,BTCUSDT,0.00999999999476131,19834.86862,5518348
2021-10-05,49224.93000000,51886.30000000,49022.40000000,51471.99000000,52125.66793000,1633478399999,2618101829.01772260,1641651,26687.41046000,1341045872.99872880,0,BTCUSDT,0.00999999999476131,19836.22542,5518961
2021-10-06,51471.99000000,55750.00000000,50382.41000000,55315.00000000,79877.54518100,1633564799999,4236927265.38152227,2443126,40664.02751700,2158326113.66324049,0,BTCUSDT,0.00999999999476131,19843.19476,5519575
2021-10-07,55315.00000000,55332.31000000,53357.00000000,53785.22000000,54917.37766000,1633651199999,2983143121.08864310,1703147,26485.89849000,1438826617.03898690,0,BTCUSDT,0.00999999999476131,19843.20637,5519494
2021-10-08,53785.22000000,56100.00000000,53617.61000000,53951.43000000,46160.25785000,1633737599999,2522087625.09407934,1548832,22643.19334000,1237799956.86817420,0,BTCUSDT,0.010000000009313226,19844.76669,5519643
2021-10-09,53955.67000000,55489.00000000,53661.67000000,54949.72000000,55177.08013000,1633823999999,3024862790.69559250,1609483,27686.74749000,1518044340.20896890,0,BTCUSDT,0.010000000009313226,19846.56868,5520105
2021-10-10,54949.72000000,56561.31000000,54080.00000000,54659.00000000,89237.83612800,1633910399999,4923958325.38987614,2427176,44656.91574800,2464422246.84227902,0,BTCUSDT,0.00999999999476131,19856.46813,5521300
2021-10-11,54659.01000000,57839.04000000,54415.06000000,57471.35000000,52933.16575100,1633996799999,2994673617.72364832,1690409,26858.82901300,1519825843.11704945,0,BTCUSDT,0.00999999999476131,19858.59047,5521770
2021-10-12,57471.35000000,57680.00000000,53879.00000000,55996.93000000,53471.28550000,1634083199999,3017210682.88594980,1554412,26157.44247000,1477084242.54916010,0,BTCUSDT,0.010000000009313226,19859.10807,5522473
2021-10-13,55996.91000000,57777.00000000,54167.19000000,57367.00000000,55808.44492000,1634169599999,3123307687.47730310,1610489,27985.13207000,1566812325.67564000,0,BTCUSDT,0.010000000009313226,19859.29386,5522602
2021-10-14,57370.83000000,58532.54000000,56818.05000000,57347.94000000,43053.33678100,1634255999999,2481915791.59123502,1372048,21940.26497900,1265138476.86559415,0,BTCUSDT,0.00999999999476131,19861.73174,5522730
2021-10-15,57347.94000000,62933.00000000,56850.00000000,61672.42000000,82512.90802200,1634342399999,4959389368.72673282,2649137,43913.67633100,2638969873.66980311,0,BTCUSDT,0.00999999999476131,19863.36798,5522309
2021-10-16,61672.42000000,62378.42000000,60150.00000000,60875.57000000,35467.88096000,1634428799999,2173374058.80891070,1360379,17286.46284000,1059536457.61601730,0,BTCUSDT,0.00999999999476131,19865.67458,5522530
2021-10-17,60875.57000000,61718.39000000,58963.00000000,61528.33000000,39099.24124000,1634515199999,2371696294.79730550,1331655,19289.94298000,1170524004.76929440,0,BTCUSDT,0.010000000009313226,19867.13871,5523194
2021-10-18,61528.32000000,62695.78000000,59844.45000000,62009.84000000,51798.44844000,1634601599999,3195091233.42055270,1629184,25859.08539000,1595447836.13904200,0,BTCUSDT,0.00999999999476131,19867.31964,5523491
2021-10-19,62005.60000000,64486.00000000,61322.22000000,64280.59000000,53628.10774400,1634687999999,3370863940.26943662,1755708,27436.54548400,1724665979.84350923,0,BTCUSDT,0.00999999999476131,19868.97607,5523309
2021-10-20,64280.59000000,67000.00000000,63481.40000000,66001.41000000,51428.93485600,1634774399999,3362878816.40459238,1823286,27623.99052600,1806653764.67083274,0,BTCUSDT,0.00999999999476131,19869.11872,5523329
2021-10-21,66001.40000000,66639.74000000,62000.00000000,62193.15000000,68538.64537000,1634860799999,4407757970.87975560,2181665,32008.51421000,2060110973.80589420,0,BTCUSDT,0.010000000009313226,19868.93168,5522915
2021-10-22,62193.15000000,63732.39000000,60000.00000000,60688.22000000,52119.35886000,1634947199999,3229377744.31142590,1555280,25440.69118000,1576807744.19589710,0,BTCUSDT,0.00999999999476131,19869.06256,5523069
2021-10-23,60688.23000000,61747.64000000,59562.15000000,61286.75000000,27626.93678000,1635033599999,1686121722.21878240,982103,13352.56908000,815306581.33573040,0,BTCUSDT,0.00999999999476131,19869.57137,5523203
2021-10-24,61286.75000000,61500.00000000,59510.63000000,60852.22000000,31226.57676000,1635119999999,1889694558.95049470,1052085,15682.16860000,949151331.86233880,0,BTCUSDT,0.00999999999476131,19871.71673,5523819
2021-10-25,60852.22000000,63710.63000000,60650.00000000,63078.78000000,36853.83806000,1635206399999,2309339650.10938040,1270453,18577.25472000,1164150305.93481840,0,BTCUSDT,0.00999999999476131,19871.81228,5523938
2021-10-26,63078.78000000,63293.48000000,59817.55000000,60328.81000000,40217.50083000,1635292799999,2492606133.31894550,1334460,18699.28475000,1160289812.69599610,0,BTCUSDT,0.010000000009313226,19872.6875,5524235
2021-10-27,60328.81000000,61496.00000000,58000.00000000,58413.44000000,62124.49016000,1635379199999,3688306192.97241780,1913083,29983.43122000,1780494793.56031750,0,BTCUSDT,0.010000000009313226,19873.02723,5524423
2021-10-28,58413.44000000,62499.00000000,57820.00000000,60575.89000000,61056.35301000,1635465599999,3677629851.05960650,1878275,30447.44205000,1835335717.81491350,0,BTCUSDT,0.00999999999476131,19873.2137,5524594
2021-10-29,60575.90000000,62980.00000000,60174.81000000,62253.71000000,43973.90414000,1635551999999,2706090987.30962570,1417344,22262.86881000,1370325591.00014470,0,BTCUSDT,0.00999999999476131,19904.43096,5526818
2021-10-30,62253.70000000,62359.25000000,60673.00000000,61859.19000000,31478.12566000,1635638399999,1937860260.43806250,1197748,15583.51105000,959369103.61333270,0,BTCUSDT,0.00999999999476131,19903.02939,5526651
2021-10-31,61859.19000000,62405.30000000,59945.36000000,61299.80000000,39267.63794000,1635724799999,2396556477.34349380,1563417,19362.08206000,1181449065.61918040,0,BTCUSDT,0.010000000009313226,19907.66096,5526661
2021-11-01,61299.81000000,62437.74000000,59405.00000000,60911.11000000,44687.66672000,1635811199999,2737282804.73813100,1472636,22139.95506000,1356676790.57726450,0,BTCUSDT,0.00999999999476131,19909.73478,5526729
2021-11-02,60911.12000000,64270.00000000,60624.68000000,63219.99000000,46368.28410000,1635897599999,2909221038.40065000,1858362,23852.14282000,1496448016.59887120,0,BTCUSDT,0.00999999999476131,19912.51057,5527695
2021-11-03,63220.57000000,63500.00000000,60382.76000000,62896.48000000,43336.09049000,1635983999999,2713389500.46635890,1601925,20662.34777000,1294306441.66844020,0,BTCUSDT,0.00999999999476131,19913.21686,5528790
2021-11-04,62896.49000000,63086.31000000,60677.01000000,61395.01000000,35930.93314000,1636070399999,2218138026.70454070,1346081,17843.38035000,1101751566.38434540,0,BTCUSDT,0.00999999999476131,19913.45602,5529082
2021-11-05,61395.01000000,62595.72000000,60721.00000000,60937.12000000,31604.48749000,1636156799999,1943346371.47038610,1243074,15769.15494000,969780612.68539310,0,BTCUSDT,0.00999999999476131,19916.44113,5529606
2021-11-06,60940.18000000,61560.49000000,60050.00000000,61470.61000000,25590.57408000,1636243199999,1556774943.55372840,965309,12511.52761000,761294376.47169950,0,BTCUSDT,0.00999999999476131,19917.63656,5530450
2021-11-07,61470.62000000,63286.35000000,61322.78000000,63273.59000000,25515.68830000,1636329599999,1585744720.19977190,1068629,13567.09782000,843384435.44095480,0,BTCUSDT,0.010000000009313226,19921.8414,5530927
2021-11-08,63273.58000000,67789.00000000,63273.58000000,67525.83000000,54442.09455400,1636415999999,3575716171.04429946,2349581,28879.18643600,1897321249.82784096,0,BTCUSDT,0.00999999999476131,19923.17003,5531630
2021-11-09,67525.82000000,68524.25000000,66222.40000000,66947.66000000,44661.37806800,1636502399999,3014326962.08726777,1847655,22243.23645200,1501548663.79264259,0,BTCUSDT,0.010000000009313226,19925.25414,5531353
2021-11-10,66947.67000000,69000.00000000,62822.90000000,64882.43000000,65171.50404600,1636588799999,4335575752.80522342,2347934,31344.74332100,2088305177.77747838,0,BTCUSDT,0.010000000009313226,19926.96132,5531671
2021-11-11,64882.42000000,65600.07000000,64100.00000000,64774.26000000,37237.98058000,1636675199999,2415537333.57771000,1327827,18589.51479000,1205890453.60440160,0,BTCUSDT,0.00999999999476131,19928.06259,5532099
2021-11-12,64774.25000000,65450.70000000,62278.00000000,64122.23000000,44490.10816000,1636761599999,2844286547.50404090,1479149,21028.45541000,1344883879.13873450,0,BTCUSDT,0.00999999999476131,19928.44831,5532352
2021-11-13,64122.22000000,65000.00000000,63360.22000000,64380.00000000,22504.97383000,1636847999999,1442441613.59839240,904149,11094.05209000,711146514.06458690,0,BTCUSDT,0.00999999999476131,19928.23642,5532473
2021-11-14,64380.01000000,65550.51000000,63576.27000000,65519.10000000,25705.07347000,1636934399999,1658473781.29376960,951393,12629.83414000,815039550.94713190,0,BTCUSDT,0.00999999999476131,19928.25042,5532522
2021-11-15,65519.11000000,66401.82000000,63400.00000000,63606.74000000,37829.37124000,1637020799999,2460915922.87612760,1305209,19160.47382000,1247275595.43559040,0,BTCUSDT,0.010000000009313226,19928.32213,5532744
2021-11-16,63606.73000000,63617.31000000,58574.07000000,60058.87000000,77455.15609000,1637107199999,4705744041.29964738,2353681,36375.32415000,2209839153.36972330,0,BTCUSDT,0.010000000009313226,19929.9671,5533016
2021-11-17,60058.87000000,60840.23000000,58373.00000000,60344.87000000,46289.38491000,1637193599999,2767802055.20042280,1471305,22545.24375000,1348537946.95269170,0,BTCUSDT,0.00999999999476131,19930.55446,5533141
2021-11-18,60344.86000000,60976.00000000,56474.26000000,56891.62000000,62146.99931000,1637279999999,3644824179.14485240,1960419,29742.20507000,1745202989.74238890,0,BTCUSDT,0.00999999999476131,19931.18521,5533397
2021-11-19,56891.62000000,58320.00000000,55600.00000000,58052.24000000,50715.88726000,1637366399999,2896189975.91077430,1560459,24072.28575000,1374771758.23673160,0,BTCUSDT,0.00999999999476131,19933.03964,5534027
2021-11-20,58057.10000000,59845.00000000,57353.00000000,59707.51000000,33811.59010000,1637452799999,1982718831.15707720,1200190,16682.28087000,978340154.07569320,0,BTCUSDT,0.00999999999476131,19929.79601,5533742
2021-11-21,59707.52000000,60029.76000000,58486.65000000,58622.02000000,31902.22785000,1637539199999,1886578154.51670850,1249219,14949.12309000,884084155.70683440,0,BTCUSDT,0.00999999999476131,19929.86371,5533752
2021-11-22,58617.70000000,59444.00000000,55610.00000000,56247.18000000,51724.32047000,1637625599999,2968622334.13765660,1624768,24834.98160000,1425668562.21166460,0,BTCUSDT,0.010000000009313226,19932.55005,5534473
2021-11-23,56243.83000000,58009.99000000,55317.00000000,57541.27000000,49917.85017000,1637711999999,2837210673.48851890,1570845,25217.65003000,1433171468.66686080,0,BTCUSDT,0.010000000009313226,19934.01605,5535512
2021-11-24,57541.26000000,57735.00000000,55837.00000000,57138.29000000,39612.04964000,1637798399999,2246374244.33056800,1432991,19625.09659000,1113184375.67946880,0,BTCUSDT,0.00999999999476131,19937.54897,5535826
2021-11-25,57138.29000000,59398.90000000,57000.00000000,58960.36000000,42153.51522000,1637884799999,2455658857.70059310,1604266,21112.80397000,1230022891.73009470,0,BTCUSDT,0.010000000009313226,19949.74802,5535988
2021-11-26,58960.37000000,59150.00000000,53500.00000000,53726.53000000,65927.87066000,1637971199999,3649353860.42956650,2138184,31287.46990000,1731974879.86689630,0,BTCUSDT,0.00999999999476131,19950.70894,5536296
2021-11-27,53723.72000000,55280.00000000,53610.00000000,54721.03000000,29716.99957000,1638057599999,1623173123.49173170,1110145,14462.93801000,790191540.91484890,0,BTCUSDT,0.010000000009313226,19950.8212,5536552
2021-11-28,54716.47000000,57445.05000000,53256.64000000,57274.88000000,36163.71370000,1638143999999,1982198373.53283490,1253408,18520.69985000,1016073216.59476420,0,BTCUSDT,0.00999999999476131,19951.53573,5537089
2021-11-29,57274.89000000,58865.97000000,56666.67000000,57776.25000000,40125.28009000,1638230399999,2313371348.11354310,1349625,19520.25038000,1125240984.55225160,0,BTCUSDT,0.010000000009313226,19951.60302,5537086
2021-11-30,57776.25000000,59176.99000000,55875.55000000,56950.56000000,49161.05194000,1638316799999,2823644073.02190490,1587472,23867.80287000,1371720422.25562800,0,BTCUSDT,0.00999999999476131,19951.72637,5537240
2021-12-01,56950.56000000,59053.55000000,56458.01000000,57184.07000000,44956.63656000,1638403199999,2584928714.07574240,1442301,21501.29463000,1236414404.90885270,0,BTCUSDT,0.00999999999476131,19950.84978,5537085
2021-12-02,57184.07000000,57375.47000000,55777.77000000,56480.34000000,37574.05976000,1638489599999,2127110102.10730950,1307890,18375.47518000,1040366894.55012720,0,BTCUSDT,0.00999999999476131,19950.95909,5537077
2021-12-03,56484.26000000,57600.00000000,51680.00000000,53601.05000000,58927.69027000,1638575999999,3246198505.94685110,1865063,27287.25751000,1505556556.15786320,0,BTCUSDT,0.00999999999476131,19954.81367,5537268
2021-12-04,53601.05000000,53859.10000000,42000.30000000,49152.47000000,114203.37374800,1638662399999,5495712061.97853156,3362771,52876.55238000,2544632557.49625190,0,BTCUSDT,0.00999999999476131,19954.94664,5537389
2021-12-05,49152.46000000,49699.05000000,47727.21000000,49396.33000000,45580.82012000,1638748799999,2231486105.84391170,1371839,22420.90324000,1097785758.59097620,0,BTCUSDT,0.00999999999476131,19958.35337,5538066
2021-12-06,49396.32000000,50891.11000000,47100.00000000,50441.92000000,58571.21575000,1638835199999,2851528919.17953640,1741956,28820.34753000,1403464676.88509370,0,BTCUSDT,0.010000000009313226,19958.62695,5538369
2021-12-07,50441.91000000,51936.33000000,50039.74000000,50588.95000000,38253.46877000,1638921599999,1950573500.20866580,1212350,18679.11099000,952551067.62598570,0,BTCUSDT,0.00999999999476131,19957.22006,5538808
2021-12-08,50588.95000000,51200.00000000,48600.00000000,50471.19000000,38425.92466000,1639007999999,1925458787.11475220,1118225,18126.84362000,908410692.24600910,0,BTCUSDT,0.00999999999476131,19957.22184,5538713
2021-12-09,50471.19000000,50797.76000000,47320.00000000,47545.59000000,37692.68665000,1639094399999,1841474998.89511000,1130599,18097.05960000,884082539.70479120,0,BTCUSDT,0.010000000009313226,19957.67306,5538736
2021-12-10,47535.90000000,50125.00000000,46852.00000000,47140.54000000,44233.57391000,1639180799999,2135023722.85315130,1215231,21143.96129000,1020995576.30256690,0,BTCUSDT,0.00999999999476131,19962.09761,5539668
2021-12-11,47140.54000000,49485.71000000,46751.00000000,49389.99000000,28889.19358000,1639267199999,1397524635.58140210,957390,14452.26806000,699251597.80523830,0,BTCUSDT,0.00999999999476131,19962.29446,5539743
2021-12-12,49389.99000000,50777.00000000,48638.00000000,50053.90000000,26017.93421000,1639353599999,1292315883.62455370,863605,13266.00955000,658923314.86798010,0,BTCUSDT,0.010000000009313226,19964.73647,5540372
2021-12-13,50053.90000000,50189.97000000,45672.75000000,46702.75000000,50869.52093000,1639439999999,2423888500.79030500,1399599,23487.02280000,1119972248.53840220,0,BTCUSDT,0.00999999999476131,19967.18609,5540398
2021-12-14,46702.76000000,48700.41000000,46290.00000000,48343.28000000,39955.98445000,1639526399999,1887427362.47409660,1194992,20010.80589000,945501336.15691430,0,BTCUSDT,0.00999999999476131,19967.88084,5540721
2021-12-15,48336.95000000,49500.00000000,46547.00000000,48864.98000000,51629.18100000,1639612799999,2487012309.09154930,1438176,25861.16891000,1246095378.45954120,0,BTCUSDT,0.00999999999476131,19968.06231,5540886
2021-12-16,48864.98000000,49436.43000000,47511.00000000,47632.38000000,31949.86739000,1639699199999,1551200654.05274500,1023983,15281.92439000,742115283.57739880,0,BTCUSDT,0.00999999999476131,19968.13701,5540890
2021-12-17,47632.38000000,47995.96000000,45456.00000000,46131.20000000,43104.48870000,1639785599999,2015966349.51613240,1261780,19846.77192000,928665863.58507440,0,BTCUSDT,0.00999999999476131,19971.87129,5541194
2021-12-18,46133.83000000,47392.37000000,45500.00000000,46834.48000000,25020.05271000,1639871999999,1165205135.70084270,862066,12635.54707000,588649454.27256670,0,BTCUSDT,0.010000000009313226,19973.22829,5541725
2021-12-19,46834.47000000,48300.01000000,46406.91000000,46681.23000000,29305.70665000,1639958399999,1384958598.36276990,874827,14646.77828000,692559814.22856370,0,BTCUSDT,0.010000000009313226,19974.84085,5542108
2021-12-20,46681.24000000,47537.57000000,45558.85000000,46914.16000000,35848.50609000,1640044799999,1663363117.83045340,1076488,17666.32749000,819817570.66374300,0,BTCUSDT,0.010000000009313226,19975.04826,5542024
2021-12-21,46914.17000000,49328.96000000,46630.00000000,48889.88000000,37713.92924000,1640131199999,1827234149.05988020,1119412,19356.27006000,937648412.22213540,0,BTCUSDT,0.00999999999476131,19975.54682,5542162
2021-12-22,48887.59000000,49576.13000000,48421.87000000,48588.16000000,27004.20220000,1640217599999,1322418595.33372950,949480,13402.54963000,656467230.75630970,0,BTCUSDT,0.00999999999476131,19979.03711,5542613
2021-12-23,48588.17000000,51375.00000000,47920.42000000,50838.81000000,35192.54046000,1640303999999,1738129830.78145220,1176050,17397.67034000,859605116.67975700,0,BTCUSDT,0.00999999999476131,19979.42222,5542813
2021-12-24,50838.82000000,51810.00000000,50384.43000000,50820.00000000,31684.84269000,1640390399999,1618089927.28100640,1075177,15108.36362000,771557283.62606790,0,BTCUSDT,0.00999999999476131,19979.66316,5542799
2021-12-25,50819.99000000,51156.23000000,50142.32000000,50399.66000000,19135.51613000,1640476799999,971491029.13082400,766979,9928.30266000,504102529.52889820,0,BTCUSDT,0.00999999999476131,19979.21029,5542809
2021-12-26,50399.67000000,51280.00000000,49412.00000000,50775.49000000,22569.88914000,1640563199999,1132200241.56241820,797133,11285.69707000,566374786.71606860,0,BTCUSDT,0.00999999999476131,19980.92682,5543140
2021-12-27,50775.48000000,52088.00000000,50449.00000000,50701.44000000,28792.21566000,1640649599999,1472065236.01171930,1009411,14436.09322000,738369203.33215690,0,BTCUSDT,0.00999999999476131,19980.51295,5542956
2021-12-28,50701.44000000,50704.05000000,47313.01000000,47543.74000000,45853.33924000,1640735999999,2242102220.93100330,1345774,21743.17013000,1063171693.15356250,0,BTCUSDT,0.00999999999476131,19981.01905,5543068
2021-12-29,47543.74000000,48139.08000000,46096.99000000,46464.66000000,39498.87000000,1640822399999,1873785571.27329660,1114074,19089.61910000,905969695.64253980,0,BTCUSDT,0.00999999999476131,19981.1065,5543325
2021-12-30,46464.66000000,47900.00000000,45900.00000000,47120.87000000,30352.29569000,1640908799999,1428755720.45320290,910157,14886.52375000,700792256.68831590,0,BTCUSDT,0.00999999999476131,19981.23773,5543542
2021-12-31,47120.88000000,48548.26000000,45678.00000000,46216.93000000,34937.99796000,1640995199999,1650715977.91851720,1059783,17315.54230000,818331688.00331310,0,BTCUSDT,0.010000000009313226,19981.84274,5543779
2022-01-01,46216.93000000,47954.63000000,46208.37000000,47722.65000000,19604.46325000,1641081599999,924155159.58348650,714899,9942.36679000,468738711.79010650,0,BTCUSDT,0.010000000009313226,19980.64267,5543307
2022-01-02,47722.66000000,47990.00000000,46654.00000000,47286.18000000,18340.46040000,1641167999999,866610995.56335820,709624,9166.46954000,433182392.28194660,0,BTCUSDT,0.010000000009313226,19979.84453,5543411
2022-01-03,47286.18000000,47570.00000000,45696.00000000,46446.10000000,27662.07710000,1641254399999,1292203508.32565490,885624,13524.76045000,631879430.11428000,0,BTCUSDT,0.010000000009313226,19979.9106,5543051
2022-01-04,46446.10000000,47557.54000000,45500.00000000,45832.01000000,35491.41360000,1641340799999,1649170424.12761340,1021815,17689.26808000,821725463.08080750,0,BTCUSDT,0.010000000009313226,19980.75069,5543353
2022-01-05,45832.01000000,47070.00000000,42500.00000000,43451.13000000,51784.11857000,1641427199999,2334288544.64544840,1478532,23552.99460000,1063287226.35714140,0,BTCUSDT,0.00999999999476131,19976.26341,5542485
2022-01-06,43451.14000000,43816.00000000,42430.58000000,43082.31000000,38880.37305000,1641513599999,1674466154.43833260,1150707,19268.82662000,829886561.82614530,0,BTCUSDT,0.00999999999476131,19978.06354,5542707
2022-01-07,43082.30000000,43145.83000000,40610.00000000,41566.48000000,54836.50818000,1641599999999,2293851015.46523690,1406635,26519.39261000,1109740200.23872120,0,BTCUSDT,0.00999999999476131,19980.02215,5543077
2022-01-08,41566.48000000,42300.00000000,40501.00000000,41679.74000000,32952.73111000,1641686399999,1367233494.82776660,1021908,16462.53747000,683155535.42153480,0,BTCUSDT,0.00999999999476131,19980.02823,5543208
2022-01-09,41679.74000000,42786.70000000,41200.02000000,41864.62000000,22724.39426000,1641772799999,952830064.51258490,752733,11399.78979000,478046850.27715200,0,BTCUSDT,0.00999999999476131,19979.98328,5543169
2022-01-10,41864.62000000,42248.50000000,39650.00000000,41822.49000000,50729.17019000,1641859199999,2088111339.50559650,1250983,24654.54811000,1015935553.40276520,0,BTCUSDT,0.010000000009313226,19982.08968,5543245
2022-01-11,41822.49000000,43100.00000000,41268.93000000,42729.29000000,37296.43729000,1641945599999,1574803608.96007870,1015526,18521.95391000,782176383.10109370,0,BTCUSDT,0.00999999999476131,19982.53367,5543571
2022-01-12,42729.29000000,44322.00000000,42450.00000000,43902.66000000,33943.29280000,1642031999999,1470906437.71207140,1023902,17584.31885000,762205618.81556500,0,BTCUSDT,0.00999999999476131,19982.71255,5544148
2022-01-13,43902.65000000,44500.00000000,42311.22000000,42560.11000000,34910.87762000,1642118399999,1515944525.49549480,1036234,17175.40587000,746075123.24411320,0,BTCUSDT,0.00999999999476131,19982.64562,5544377
2022-01-14,42558.35000000,43448.78000000,41725.95000000,43059.96000000,32640.88292000,1642204799999,1392000443.35016740,946938,15434.18945000,658472386.24324750,0,BTCUSDT,0.00999999999476131,19983.27584,5544865
2022-01-15,43059.96000000,43800.00000000,42555.00000000,43084.29000000,21936.05616000,1642291199999,946488263.54844810,752688,11133.18615000,480516487.18496790,0,BTCUSDT,0.00999999999476131,19983.45965,5545307
2022-01-16,43084.29000000,43475.00000000,42581.79000000,43071.66000000,20602.35271000,1642377599999,887203134.05314680,732171,10052.19291000,432899939.67386430,0,BTCUSDT,0.00999999999476131,19983.55172,5545621
2022-01-17,43071.66000000,43176.18000000,41540.42000000,42201.62000000,27562.08613000,1642463999999,1169381684.46684350,918029,13448.54192000,570690475.97282930,0,BTCUSDT,0.00999999999476131,19983.56348,5545461
2022-01-18,42201.63000000,42691.00000000,41250.00000000,42352.12000000,29324.08257000,1642550399999,1228459687.39944580,905061,14527.82371000,608578954.61712590,0,BTCUSDT,0.00999999999476131,19981.67811,5545376
2022-01-19,42352.12000000,42559.13000000,41138.56000000,41660.01000000,31685.72159000,1642636799999,1327478459.16022980,924528,15603.74304000,653807601.67250590,0,BTCUSDT,0.00999999999476131,19981.79533,5545467
2022-01-20,41660.00000000,43505.00000000,40553.31000000,40680.91000000,42330.33953000,1642723199999,1784801200.40448700,1098761,20201.47991000,852629490.27878640,0,BTCUSDT,0.010000000009313226,19982.28869,5545455
2022-01-21,40680.92000000,41100.00000000,35440.45000000,36445.31000000,88860.89199900,1642809599999,3405501703.22193692,2092561,41615.08581900,1595831787.70003189,0,BTCUSDT,0.00999999999476131,19983.42258,5546230
2022-01-22,36445.31000000,36835.22000000,34008.00000000,35071.42000000,90471.33896100,1642895999999,3207531048.03065140,2099978,42722.27823300,1514027491.32039380,0,BTCUSDT,0.010000000009313226,19982.57171,5545800
2022-01-23,35071.42000000,36499.00000000,34601.01000000,36244.55000000,44279.52354000,1642982399999,1572414639.04287740,1142407,22841.39451000,811501507.03630610,0,BTCUSDT,0.010000000009313226,19982.59668,5545757
2022-01-24,36244.55000000,37550.00000000,32917.17000000,36660.35000000,91904.75321100,1643068799999,3192041586.10318994,1999352,46469.27293800,1615890700.84249996,0,BTCUSDT,0.010000000009313226,19981.80049,5545380
2022-01-25,36660.35000000,37545.14000000,35701.00000000,36958.32000000,49232.40183000,1643155199999,1799224214.49973920,1248246,24988.42876000,913198135.60368310,0,BTCUSDT,0.00999999999476131,19981.74661,5545655
2022-01-26,36958.32000000,38919.98000000,36234.63000000,36809.34000000,69830.16036000,1643241599999,2627491976.69085740,1584468,35240.31542000,1326474948.46322410,0,BTCUSDT,0.00999999999476131,19981.97004,5546083
2022-01-27,36807.24000000,37234.47000000,35507.01000000,37160.10000000,53020.87934000,1643327999999,1925920128.34366030,1308408,26750.94594000,971815942.27075550,0,BTCUSDT,0.00999999999476131,19983.17602,5546726
2022-01-28,37160.11000000,38000.00000000,36155.01000000,37716.56000000,42154.26956000,1643414399999,1560203931.22012810,1061101,21496.47551000,795847847.51234220,0,BTCUSDT,0.00999999999476131,19982.83371,5546440
2022-01-29,37716.57000000,38720.74000000,37268.44000000,38166.84000000,26129.49682000,1643500799999,989652386.99664940,816601,13292.42156000,503624477.65945300,0,BTCUSDT,0.00999999999476131,19987.56219,5547039
2022-01-30,38166.83000000,38359.26000000,37351.63000000,37881.76000000,21430.66527000,1643587199999,812750216.60103190,698593,10798.38460000,409620744.01694440,0,BTCUSDT,0.00999999999476131,19987.82889,5547052
2022-01-31,37881.75000000,38744.00000000,36632.61000000,38466.90000000,36855.24580000,1643673599999,1386754529.02954460,936014,18422.26954000,693360023.33165190,0,BTCUSDT,0.00999999999476131,19988.34964,5547152
2022-02-01,38466.90000000,39265.20000000,38000.00000000,38694.59000000,34574.44663000,1643759999999,1334266166.70999890,917617,17730.99304000,684446571.17936590,0,BTCUSDT,0.00999999999476131,19992.3896,5547500
2022-02-02,38694.59000000,38855.92000000,36586.95000000,36896.36000000,35794.68130000,1643846399999,1353093948.97760130,907905,17251.43687000,652533107.69991750,0,BTCUSDT,0.010000000009313226,19991.48805,5548192
2022-02-03,36896.37000000,37387.00000000,36250.00000000,37311.61000000,32081.10999000,1643932799999,1179502838.65662640,848961,16468.10233000,605530493.58165880,0,BTCUSDT,0.00999999999476131,19992.08576,5548269
2022-02-04,37311.98000000,41772.33000000,37026.73000000,41574.25000000,64703.95874000,1644019199999,2526572562.05828510,1380724,33053.66668000,1291953441.55899960,0,BTCUSDT,0.00999999999476131,19992.38145,5548401
2022-02-05,41571.70000000,41913.69000000,40843.01000000,41382.59000000,32532.34372000,1644105599999,1349805515.93003650,1006352,16566.08602000,687352854.82541980,0,BTCUSDT,0.010000000009313226,19992.66804,5548073
2022-02-06,41382.60000000,42656.00000000,41116.56000000,42380.87000000,22405.16704000,1644191999999,934168802.88011520,788291,11546.39088000,481652514.37183210,0,BTCUSDT,0.010000000009313226,19993.26562,5548514
2022-02-07,42380.87000000,44500.50000000,41645.85000000,43839.99000000,51060.62006000,1644278399999,2204523609.90339610,1473274,25457.79986000,1099936959.03964570,0,BTCUSDT,0.00999999999476131,19993.68419,5548818
2022-02-08,43839.99000000,45492.00000000,42666.00000000,44042.99000000,64880.29387000,1644364799999,2847485971.49773380,1653350,33004.09337000,1448178622.46600310,0,BTCUSDT,0.010000000009313226,19994.14654,5549171
2022-02-09,44043.00000000,44799.00000000,43117.92000000,44372.72000000,34428.16729000,1644451199999,1512500139.14309950,1066395,17115.60108000,752210712.41184210,0,BTCUSDT,0.010000000009313226,19994.74539,5549324
2022-02-10,44372.71000000,45821.00000000,43174.01000000,43495.44000000,62357.29091000,1644537599999,2772188373.22278300,1541483,30323.12245000,1348871895.86772030,0,BTCUSDT,0.00999999999476131,19994.95138,5549812
2022-02-11,43495.44000000,43920.00000000,41938.51000000,42373.73000000,44975.16870000,1644623999999,1937866768.50595330,1169354,22063.76915000,950913914.02964280,0,BTCUSDT,0.00999999999476131,19995.2079,5549256
2022-02-12,42373.73000000,43079.49000000,41688.88000000,42217.87000000,26556.85681000,1644710399999,1123136004.72372450,830322,12814.60322000,542061655.42919370,0,BTCUSDT,0.010000000009313226,19995.96525,5549402
2022-02-13,42217.87000000,42760.00000000,41870.00000000,42053.66000000,17732.08113000,1644796799999,750533311.65295650,624898,8333.13302000,352741586.05972970,0,BTCUSDT,0.00999999999476131,19996.36112,5549690
2022-02-14,42053.65000000,42842.40000000,41550.56000000,42535.94000000,34010.13060000,1644883199999,1436927831.44458620,867622,16912.76672000,714598651.16597500,0,BTCUSDT,0.00999999999476131,19995.89508,5549964
2022-02-15,42535.94000000,44751.40000000,42427.03000000,44544.86000000,38095.19576000,1644969599999,1672855933.62565900,990694,19180.32434000,842363401.21284530,0,BTCUSDT,0.010000000009313226,19996.36957,5550044
2022-02-16,44544.85000000,44549.97000000,43307.00000000,43873.56000000,28471.87270000,1645055999999,1250973502.30184530,823745,14106.69537000,619773473.01658720,0,BTCUSDT,0.00999999999476131,19996.56282,5550233
2022-02-17,43873.56000000,44164.71000000,40073.21000000,40515.70000000,47245.99494000,1645142399999,1993400162.94806680,1067658,21468.60602000,906038209.78185840,0,BTCUSDT,0.010000000009313226,19997.41807,5550826
2022-02-18,40515.71000000,40959.88000000,39450.00000000,39974.44000000,43845.92241000,1645228799999,1765622365.95275610,1025882,20609.06764000,829953072.41395250,0,BTCUSDT,0.010000000009313226,19997.57878,5550853
2022-02-19,39974.45000000,40444.32000000,39639.03000000,40079.17000000,18042.05510000,1645315199999,721960636.06466920,586653,8374.97500000,335209843.63180300,0,BTCUSDT,0.00999999999476131,19998.38072,5550950
2022-02-20,40079.17000000,40125.44000000,38000.00000000,38386.89000000,33439.29011000,1645401599999,1293216601.45187960,811235,15338.25392000,592897166.44915830,0,BTCUSDT,0.010000000009313226,19998.50845,5551049
2022-02-21,38386.89000000,39494.35000000,36800.00000000,37008.16000000,62347.68496000,1645487999999,2382027320.86176070,1352290,30617.13558000,1170272316.27587730,0,BTCUSDT,0.00999999999476131,20000.17682,5551908
2022-02-22,37008.16000000,38429.00000000,36350.00000000,38230.33000000,53785.94589000,1645574399999,2010628230.75491760,1212527,27322.73575000,1021948126.92530640,0,BTCUSDT,0.00999999999476131,20002.48952,5552390
2022-02-23,38230.33000000,39249.93000000,37036.79000000,37250.01000000,43560.73200000,1645660799999,1665486687.23993710,1030872,21449.95580000,820639942.03183170,0,BTCUSDT,0.00999999999476131,20003.53239,5552673
2022-02-24,37250.02000000,39843.00000000,34322.28000000,38327.21000000,120476.29458000,1645747199999,4335107392.00948810,2622780,60103.13140000,2164376869.72610720,0,BTCUSDT,0.00999999999476131,20003.55046,5552265
2022-02-25,38328.68000000,39683.53000000,38014.37000000,39219.17000000,56574.57125000,1645833599999,2197889580.28266900,1408558,29904.01589000,1161436657.82962850,0,BTCUSDT,0.00999999999476131,20003.8386,5552470
2022-02-26,39219.16000000,40348.45000000,38573.18000000,39116.72000000,29361.25680000,1645919999999,1152621719.69438010,924257,14658.93596000,575852237.98081680,0,BTCUSDT,0.00999999999476131,20003.71237,5552295
2022-02-27,39116.73000000,39855.70000000,37000.00000000,37699.07000000,46229.44719000,1646006399999,1780512702.88640200,1265753,21789.25080000,840141690.32935450,0,BTCUSDT,0.00999999999476131,20003.69048,5552419
2022-02-28,37699.08000000,44225.84000000,37450.17000000,43160.00000000,73945.63858000,1646092799999,2975160226.16898520,1931087,38543.78078000,1553136662.00345820,0,BTCUSDT,0.00999999999476131,20002.89309,5551905
2022-03-01,43160.00000000,44949.00000000,42809.98000000,44421.20000000,61743.09873000,1646179199999,2701611023.69431990,1866871,30937.54085000,1353520463.00847440,0,BTCUSDT,0.00999999999476131,20001.70348,5551519
2022-03-02,44421.20000000,45400.00000000,43334.09000000,43892.98000000,57782.65081000,1646265599999,2550792948.28862420,1653131,28624.11310000,1264172354.04562620,0,BTCUSDT,0.010000000009313226,20002.29535,5551459
2022-03-03,43892.99000000,44101.12000000,41832.28000000,42454.00000000,50940.61021000,1646351999999,2192152097.92518790,1289320,24438.40113000,1051969942.21123210,0,BTCUSDT,0.010000000009313226,20002.79718,5551819
2022-03-04,42454.00000000,42527.30000000,38550.00000000,39148.66000000,61964.68498000,1646438399999,2527001270.71946910,1465066,29322.62323000,1196441375.29618270,0,BTCUSDT,0.00999999999476131,20002.32972,5551811
2022-03-05,39148.65000000,39613.24000000,38407.59000000,39397.96000000,30363.13341000,1646524799999,1187689935.08799350,879727,14846.61434000,580820200.94256520,0,BTCUSDT,0.00999999999476131,20002.90463,5552088
2022-03-06,39397.97000000,39693.87000000,38088.57000000,38420.81000000,39677.26158000,1646611199999,1542258009.62921880,986352,19055.16367000,740741244.89651720,0,BTCUSDT,0.00999999999476131,20001.58649,5551307
2022-03-07,38420.80000000,39547.57000000,37155.00000000,37988.00000000,63994.11559000,1646697599999,2449362161.70153860,1456041,31641.49735000,1211103666.76717830,0,BTCUSDT,0.00999999999476131,20001.64431,5551326
2022-03-08,37988.01000000,39362.08000000,37867.65000000,38730.63000000,55583.06638000,1646783999999,2149652714.80434550,1271128,27964.07361000,1081516303.59409020,0,BTCUSDT,0.010000000009313226,20001.91269,5551219
2022-03-09,38730.63000000,42594.06000000,38656.45000000,41941.71000000,67392.58799000,1646870399999,2797240840.96074690,1570230,34598.34753000,1435303843.98738530,0,BTCUSDT,0.00999999999476131,20001.52738,5550901
2022-03-10,41941.70000000,42039.63000000,38539.73000000,39422.00000000,71962.93154000,1646956799999,2854310740.80767330,1512655,33804.27456000,1340241708.00120280,0,BTCUSDT,0.00999999999476131,20001.72114,5551569
2022-03-11,39422.01000000,40236.26000000,38223.60000000,38729.57000000,59018.76420000,1647043199999,2305825015.60108560,1252571,29148.02045000,1139093538.35246420,0,BTCUSDT,0.00999999999476131,20001.10258,5551617
2022-03-12,38729.57000000,39486.71000000,38660.52000000,38807.36000000,24034.36432000,1647129599999,939663387.31498930,671733,11869.94851000,464113572.60856310,0,BTCUSDT,0.010000000009313226,20001.16812,5551684
2022-03-13,38807.35000000,39310.00000000,37578.51000000,37777.34000000,32791.82359000,1647215999999,1268441605.18668750,841844,15150.32067000,586406176.60099370,0,BTCUSDT,0.00999999999476131,20002.1178,5552198
2022-03-14,37777.35000000,39947.12000000,37555.00000000,39671.37000000,46945.45375000,1647302399999,1821922588.44720660,1114899,24146.76237000,937313460.62628630,0,BTCUSDT,0.00999999999476131,20002.1782,5552227
2022-03-15,39671.37000000,39887.61000000,38098.33000000,39280.33000000,46015.54926000,1647388799999,1796571984.45849700,1060517,22657.90532000,885084067.98573150,0,BTCUSDT,0.010000000009313226,20000.15607,5552290
2022-03-16,39280.33000000,41718.00000000,38828.48000000,41114.00000000,88120.76167000,1647475199999,3552563766.36553840,2051837,44119.65664000,1779529342.31891760,0,BTCUSDT,0.00999999999476131,20000.24072,5552516
2022-03-17,41114.01000000,41478.82000000,40500.00000000,40917.90000000,37189.38087000,1647561599999,1521083189.71086230,935784,18580.98075000,760015585.80298390,0,BTCUSDT,0.010000000009313226,20000.30336,5552578
2022-03-18,40917.89000000,42325.02000000,40135.04000000,41757.51000000,45408.00969000,1647647999999,1862337033.48472110,1065054,22374.92757000,918115615.04648450,0,BTCUSDT,0.00999999999476131,20000.39005,5552498
2022-03-19,41757.51000000,42400.00000000,41499.29000000,42201.13000000,29067.18108000,1647734399999,1216709156.44280540,801197,14463.06148000,605480703.88597740,0,BTCUSDT,0.00999999999476131,20000.86637,5552661
2022-03-20,42201.13000000,42296.26000000,40911.00000000,41262.11000000,30653.33468000,1647820799999,1273880705.25024960,799695,14636.72662000,608328201.79066880,0,BTCUSDT,0.010000000009313226,20001.41894,5552869
2022-03-21,41262.11000000,41544.22000000,40467.94000000,41002.25000000,39426.24877000,1647907199999,1618789548.06842130,947206,19079.42652000,783366152.12001520,0,BTCUSDT,0.010000000009313226,20001.98708,5553128
2022-03-22,41002.26000000,43361.00000000,40875.51000000,42364.13000000,59454.94294000,1647993599999,2525975507.80119990,1367343,30215.54785000,1283334795.32526190,0,BTCUSDT,0.00999999999476131,20003.7471,5553450
2022-03-23,42364.13000000,43025.96000000,41751.47000000,42882.76000000,40828.87039000,1648079999999,1725787170.58239640,916671,20211.34116000,854479820.53341520,0,BTCUSDT,0.00999999999476131,20003.83262,5553480
2022-03-24,42882.76000000,44220.89000000,42560.46000000,43991.46000000,56195.12374000,1648166399999,2436258223.62233810,1202541,27963.10189000,1212354441.13958370,0,BTCUSDT,0.00999999999476131,20003.97119,5553473
2022-03-25,43991.46000000,45094.14000000,43579.00000000,44313.16000000,54614.43648000,1648252799999,2421153187.66041230,1141588,27819.34765000,1233475690.36364220,0,BTCUSDT,0.00999999999476131,20005.90652,5553806
2022-03-26,44313.16000000,44792.99000000,44071.97000000,44511.27000000,23041.61741000,1648339199999,1022802857.60941000,693647,11422.59021000,507079959.20991110,0,BTCUSDT,0.00999999999476131,20006.1746,5553923
2022-03-27,44511.27000000,46999.00000000,44421.46000000,46827.76000000,41874.91071000,1648425599999,1907019662.34414990,1135096,21674.84642000,987241345.64629310,0,BTCUSDT,0.010000000009313226,20006.35372,5554059
2022-03-28,46827.76000000,48189.84000000,46663.56000000,47122.21000000,58949.26140000,1648511999999,2789898402.61657610,1498975,29097.75719000,1377280753.97272760,0,BTCUSDT,0.00999999999476131,20006.9545,5553524
2022-03-29,47122.21000000,48096.47000000,46950.85000000,47434.80000000,36772.28457000,1648598399999,1748600385.45023520,1095678,18192.37420000,865179145.17564560,0,BTCUSDT,0.00999999999476131,20005.64668,5553373
2022-03-30,47434.79000000,47700.22000000,46445.42000000,47067.99000000,40947.20850000,1648684799999,1932152559.88311230,1081607,20896.43399000,985946938.56827850,0,BTCUSDT,0.010000000009313226,20005.81878,5553636
2022-03-31,47067.99000000,47600.00000000,45200.00000000,45510.34000000,48645.12667000,1648771199999,2262485160.56858420,1290541,22879.47328000,1064278670.64261090,0,BTCUSDT,0.010000000009313226,20005.19633,5553799
2022-04-01,45510.35000000,46720.09000000,44200.00000000,46283.49000000,56271.06474000,1648857599999,2556532890.87031090,1372216,28041.37621000,1274359931.84053690,0,BTCUSDT,0.010000000009313226,20005.19015,5553872
2022-04-02,46283.49000000,47213.00000000,45620.00000000,45811.00000000,37073.53582000,1648943999999,1721690754.43939360,1056716,18562.93079000,862197811.56889240,0,BTCUSDT,0.010000000009313226,20004.80077,5553513
2022-04-03,45810.99000000,47444.11000000,45530.92000000,46407.35000000,33394.67794000,1649030399999,1550999693.05080480,966563,16740.18067000,777615974.81551770,0,BTCUSDT,0.00999999999476131,20009.90181,5553271
2022-04-04,46407.36000000,46890.71000000,45118.00000000,46580.51000000,44641.87514000,1649116799999,2053434523.86853890,1171998,21913.04154000,1008164276.04901840,0,BTCUSDT,0.00999999999476131,20009.68828,5553144
2022-04-05,46580.50000000,47200.00000000,45353.81000000,45497.55000000,42192.74852000,1649203199999,1951668192.92950980,1046080,20607.57735000,953494654.45992840,0,BTCUSDT,0.010000000009313226,20009.8171,5553396
2022-04-06,45497.54000000,45507.14000000,43121.00000000,43170.47000000,60849.32936000,1649289599999,2700644700.89039180,1471912,29467.28381000,1307725131.19462540,0,BTCUSDT,0.010000000009313226,20011.44927,5553621
2022-04-07,43170.47000000,43900.99000000,42727.35000000,43444.19000000,37396.54156000,1649375999999,1623879486.66003130,999816,18567.25999000,806358703.21566620,0,BTCUSDT,0.00999999999476131,20018.15542,5553856
2022-04-08,43444.20000000,43970.62000000,42107.14000000,42252.01000000,42375.04203000,1649462399999,1830699971.61131170,1108136,20530.56354000,887196762.49432090,0,BTCUSDT,0.010000000009313226,20018.45107,5553521
2022-04-09,42252.02000000,42800.00000000,42125.48000000,42753.97000000,17891.66047000,1649548799999,759274586.61377760,640230,8910.47179000,378158044.30397130,0,BTCUSDT,0.010000000009313226,20019.31324,5553613
2022-04-10,42753.96000000,43410.30000000,41868.00000000,42158.85000000,22771.09403000,1649635199999,971459737.50094040,678983,10952.24952000,467438845.42218350,0,BTCUSDT,0.00999999999476131,20020.06736,5553808
2022-04-11,42158.85000000,42414.71000000,39200.00000000,39530.45000000,63560.44721000,1649721599999,2602039073.01504450,1385924,30543.05561000,1251713135.50000790,0,BTCUSDT,0.00999999999476131,20020.28421,5554239
2022-04-12,39530.45000000,40699.00000000,39254.63000000,40074.94000000,57751.01778000,1649807999999,2309514071.59387300,1153667,28344.99788000,1133659106.65571090,0,BTCUSDT,0.00999999999476131,20020.12055,5554380
2022-04-13,40074.95000000,41561.31000000,39588.54000000,41147.79000000,41342.27254000,1649894399999,1677171454.09107910,948061,20522.54699000,832653378.51149360,0,BTCUSDT,0.00999999999476131,20020.64807,5554317
2022-04-14,41147.78000000,41500.00000000,39551.94000000,39942.38000000,36807.01401000,1649980799999,1494726286.01801020,803756,17787.82129000,722216571.85938900,0,BTCUSDT,0.00999999999476131,20021.04553,5554768
2022-04-15,39942.37000000,40870.36000000,39766.40000000,40551.90000000,24026.35739000,1650067199999,966888436.81625090,616536,11755.54439000,473100437.47337530,0,BTCUSDT,0.00999999999476131,20020.84146,5554903
2022-04-16,40551.90000000,40709.35000000,39991.55000000,40378.71000000,15805.44718000,1650153599999,638275503.91410850,423446,7642.38243000,308642382.87963840,0,BTCUSDT,0.00999999999476131,20022.16993,5555907
2022-04-17,40378.70000000,40595.67000000,39546.17000000,39678.12000000,19988.49259000,1650239999999,803414248.98369850,590241,9578.91533000,385124871.46651260,0,BTCUSDT,0.010000000009313226,20017.27441,5555661
2022-04-18,39678.11000000,41116.73000000,38536.51000000,40801.13000000,54243.49575000,1650326399999,2153574975.91313360,1157741,27097.19375000,1076513006.70581750,0,BTCUSDT,0.00999999999476131,20017.46556,5555929
2022-04-19,40801.13000000,41760.00000000,40571.00000000,41493.18000000,35788.85843000,1650412799999,1472363265.36218780,934526,17806.81506000,732539241.88967900,0,BTCUSDT,0.00999999999476131,20018.1878,5556643
2022-04-20,41493.19000000,42199.00000000,40820.00000000,41358.19000000,40877.35041000,1650499199999,1697039284.08530060,1063843,20007.29623000,830754792.62366230,0,BTCUSDT,0.010000000009313226,20016.34003,5556202
2022-04-21,41358.19000000,42976.00000000,39751.00000000,40480.01000000,59316.27657000,1650585599999,2476061417.88725770,1515456,29413.89548000,1228429890.95735430,0,BTCUSDT,0.00999999999476131,20019.60768,5557386
2022-04-22,40480.01000000,40795.06000000,39177.00000000,39709.18000000,46664.01960000,1650671999999,1870172362.40225000,1043471,23248.71242000,931654706.55319750,0,BTCUSDT,0.00999999999476131,20020.23709,5557626
2022-04-23,39709.19000000,39980.00000000,39285.00000000,39441.60000000,20291.42375000,1650758399999,804677022.90789710,724132,10217.20484000,405193110.94368160,0,BTCUSDT,0.010000000009313226,20020.65631,5557903
2022-04-24,39441.61000000,39940.00000000,38929.62000000,39450.13000000,26703.61186000,1650844799999,1056336243.01986090,868183,12639.70229000,500129939.07795730,0,BTCUSDT,0.00999999999476131,20020.5675,5558010
2022-04-25,39450.12000000,40616.00000000,38200.00000000,40426.08000000,63037.12784000,1650931199999,2470071005.24014250,1280351,31958.39557000,1252785476.60286050,0,BTCUSDT,0.010000000009313226,20020.14699,5558221
2022-04-26,40426.08000000,40797.31000000,37702.26000000,38112.65000000,66650.25800000,1651017599999,2615206861.83491330,1381618,31936.94220000,1253685872.44457550,0,BTCUSDT,0.010000000009313226,20020.26943,5558341
2022-04-27,38112.64000000,39474.72000000,37881.31000000,39235.72000000,57083.12272000,1651103999999,2218523642.42638700,1232083,28942.08915000,1124748467.70036320,0,BTCUSDT,0.00999999999476131,20021.04555,5558585
2022-04-28,39235.72000000,40372.63000000,38881.43000000,39742.07000000,56086.67150000,1651190399999,2223808385.80637570,1135242,28519.46629000,1130865428.79361840,0,BTCUSDT,0.010000000009313226,20021.16624,5558866
2022-04-29,39742.06000000,39925.25000000,38175.00000000,38596.11000000,51453.65715000,1651276799999,2006135662.85599920,1101140,24773.60543000,966125835.49613280,0,BTCUSDT,0.00999999999476131,20020.59796,5558254
2022-04-30,38596.11000000,38795.38000000,37578.20000000,37630.80000000,35321.18989000,1651363199999,1354900532.13351140,1017369,16523.43017000,634076437.18730890,0,BTCUSDT,0.00999999999476131,20020.59142,5558324
2022-05-01,37630.80000000,38675.00000000,37386.38000000,38468.35000000,38812.24104000,1651449599999,1478259271.91387300,1021157,19551.11747000,744825800.81439740,0,BTCUSDT,0.00999999999476131,20020.56685,5558240
2022-05-02,38468.35000000,39167.34000000,38052.00000000,38525.16000000,53200.92628000,1651535999999,2058450718.29632340,1053893,27276.29561000,1055369693.13392710,0,BTCUSDT,0.00999999999476131,20020.58575,5558746
2022-05-03,38525.16000000,38651.51000000,37517.80000000,37728.95000000,40316.45358000,1651622399999,1539320434.26472350,1005131,20002.76343000,764016892.67450520,0,BTCUSDT,0.00999999999476131,20021.8884,5559228
2022-05-04,37728.95000000,40023.77000000,37670.00000000,39690.00000000,62574.61736000,1651708799999,2438553987.45354350,1238847,32968.16942000,1284541284.60213790,0,BTCUSDT,0.00999999999476131,20021.75324,5559402
2022-05-05,39690.00000000,39845.51000000,35571.90000000,36552.97000000,88722.43355000,1651795199999,3329684235.96395180,1979692,41786.44096000,1568954443.58516280,0,BTCUSDT,0.010000000009313226,20021.60131,5559176
2022-05-06,36552.97000000,36675.63000000,35258.00000000,36013.77000000,68437.80187000,1651881599999,2466507512.18202880,1214518,34536.42346000,1245062436.83763490,0,BTCUSDT,0.00999999999476131,20019.32555,5557955
2022-05-07,36013.77000000,36146.30000000,34785.00000000,35472.39000000,34281.70682000,1651967999999,1222539413.64009840,746488,15385.18829000,548855038.23563790,0,BTCUSDT,0.010000000009313226,20019.42564,5558069
2022-05-08,35472.40000000,35514.22000000,33713.95000000,34038.40000000,72445.64344000,1652054399999,2498365159.99458080,1301451,32350.03935000,1115547715.91452730,0,BTCUSDT,0.00999999999476131,20016.74476,5557956
2022-05-09,34038.39000000,34243.15000000,30033.33000000,30076.31000000,191876.92642800,1652140799999,6166367111.27572469,2564538,86538.96256900,2781053306.47254561,0,BTCUSDT,0.00999999999476131,20016.84648,5558175
2022-05-10,30074.23000000,32658.99000000,29730.40000000,31017.10000000,165532.00311000,1652227199999,5179856929.47992947,2470325,73691.19610600,2307177624.54194415,0,BTCUSDT,0.00999999999476131,20016.82797,5558367
2022-05-11,31017.11000000,32162.59000000,27785.00000000,29103.94000000,207063.73927800,1652313599999,6300295994.55313893,3559270,99622.11747500,3036296142.09820864,0,BTCUSDT,0.00999999999476131,20017.07769,5558696
2022-05-12,29103.94000000,30243.00000000,26700.00000000,29029.75000000,204507.26313800,1652399999999,5795451310.94557822,3951233,101465.27825700,2877462252.21222825,0,BTCUSDT,0.00999999999476131,20017.24234,5558967
2022-05-13,29029.74000000,31083.37000000,28751.67000000,29287.05000000,97872.36957000,1652486399999,2956855804.85611210,2051900,48827.72764000,1475641181.96274990,0,BTCUSDT,0.00999999999476131,20017.57005,5559461
2022-05-14,29287.05000000,30343.27000000,28630.00000000,30086.74000000,51095.87863000,1652572799999,1501483453.50089050,1204626,25908.17135000,761545954.19045650,0,BTCUSDT,0.010000000009313226,20017.70522,5559551
2022-05-15,30086.74000000,31460.00000000,29480.00000000,31328.89000000,46275.66912000,1652659199999,1401499926.23041760,1016769,24163.36200000,732332763.60944860,0,BTCUSDT,0.00999999999476131,20018.66583,5559973
2022-05-16,31328.89000000,31328.90000000,29087.04000000,29874.01000000,73082.19658000,1652745599999,2185567735.68206220,1561954,36284.05379000,1085179422.72193680,0,BTCUSDT,0.010000000009313226,20021.14381,5559674
2022-05-17,29874.01000000,30788.37000000,29450.38000000,30444.93000000,56724.13307000,1652831999999,1715109131.08020630,1175382,28600.36238000,865031716.54042880,0,BTCUSDT,0.00999999999476131,20021.25035,5559808
2022-05-18,30444.93000000,30709.99000000,28654.47000000,28715.32000000,59749.15799000,1652918399999,1762843836.12693780,1379212,29501.76769000,870623227.20705700,0,BTCUSDT,0.00999999999476131,20020.86276,5559546
2022-05-19,28715.33000000,30545.18000000,28691.38000000,30319.23000000,67877.36415000,1653004799999,2014360135.78527210,1860780,35339.65787000,1049163442.90203710,0,BTCUSDT,0.010000000009313226,20025.14122,5559844
2022-05-20,30319.22000000,30777.33000000,28730.00000000,29201.01000000,60517.25325000,1653091199999,1800589029.27087810,1694004,30890.40127000,919467696.61815910,0,BTCUSDT,0.010000000009313226,20024.09824,5559651
2022-05-21,29201.01000000,29656.18000000,28947.28000000,29445.06000000,20987.13124000,1653177599999,616194663.97921110,643486,10558.92886000,310046148.80258760,0,BTCUSDT,0.00999999999476131,20024.76172,5560007
2022-05-22,29445.07000000,30487.99000000,29255.11000000,30293.94000000,36158.98748000,1653263999999,1082530816.01624980,862880,18538.10071000,555044195.79738030,0,BTCUSDT,0.00999999999476131,20024.78534,5560112
2022-05-23,30293.93000000,30670.51000000,28866.35000000,29109.15000000,63901.49932000,1653350399999,1914305818.07451870,1328317,30476.66811000,913813980.95331840,0,BTCUSDT,0.00999999999476131,20028.98074,5560242
2022-05-24,29109.14000000,29845.86000000,28669.00000000,29654.58000000,59442.96036000,1653436799999,1740257602.30676980,946421,29480.07674000,863516681.51292810,0,BTCUSDT,0.00999999999476131,20028.99903,5560209
2022-05-25,29654.58000000,30223.74000000,29294.21000000,29542.15000000,59537.38659000,1653523199999,1771708175.07189140,985440,28846.96589000,858587338.50383790,0,BTCUSDT,0.00999999999476131,20029.39082,5560631
2022-05-26,29542.14000000,29886.64000000,28019.56000000,29201.35000000,94581.65463000,1653609599999,2759055410.39775190,1431112,45206.85416000,1319426335.71623620,0,BTCUSDT,0.00999999999476131,20028.4571,5559981
2022-05-27,29201.35000000,29397.66000000,28282.90000000,28629.80000000,90998.52010000,1653695999999,2626515958.50348980,1321406,43590.05398000,1258912486.70486010,0,BTCUSDT,0.010000000009313226,20030.79616,5560621
2022-05-28,28629.81000000,29266.00000000,28450.00000000,29031.33000000,34479.35127000,1653782399999,994674257.56792310,684423,17561.21465000,506633343.68004640,0,BTCUSDT,0.010000000009313226,20031.68063,5560495
2022-05-29,29031.33000000,29587.78000000,28839.21000000,29468.10000000,27567.34764000,1653868799999,804777532.64976050,635311,13735.42581000,401056725.56553910,0,BTCUSDT,0.010000000009313226,20031.59137,5560576
2022-05-30,29468.10000000,32222.00000000,29299.62000000,31734.22000000,96785.94760000,1653955199999,2980527582.46749530,1380410,45024.45633000,1384940691.96695780,0,BTCUSDT,0.010000000009313226,20031.60717,5560398
2022-05-31,31734.23000000,32399.00000000,31200.01000000,31801.04000000,62433.11632000,1654041599999,1981259117.01154660,1161340,30046.95511000,953574564.32611060,0,BTCUSDT,0.00999999999476131,20030.94435,5560230
2022-06-01,31801.05000000,31982.97000000,29301.00000000,29805.83000000,103395.63382000,1654127999999,3171191028.24973600,1404611,47614.81205000,1460767260.69629420,0,BTCUSDT,0.00999999999476131,20029.92844,5560046
2022-06-02,29805.84000000,30689.00000000,29594.55000000,30452.62000000,56961.42928000,1654214399999,1711652906.19189590,1086183,28555.06607000,858193492.40476920,0,BTCUSDT,0.00999999999476131,20029.63352,5559966
2022-06-03,30452.63000000,30699.00000000,29282.36000000,29700.21000000,54067.44727000,1654300799999,1615616950.71438090,993769,26583.25141000,794354787.34209400,0,BTCUSDT,0.00999999999476131,20032.53685,5560602
2022-06-04,29700.21000000,29988.88000000,29485.00000000,29864.04000000,25617.90113000,1654387199999,760874329.46631560,618037,12971.72460000,385358236.91577990,0,BTCUSDT,0.00999999999476131,20032.27624,5561046
2022-06-05,29864.03000000,30189.00000000,29531.42000000,29919.21000000,23139.92810000,1654473599999,691201528.16002580,604680,11753.51303000,351150600.78443810,0,BTCUSDT,0.00999999999476131,20032.30162,5561057
2022-06-06,29919.20000000,31765.64000000,29890.23000000,31373.10000000,68836.92456000,1654559999999,2149499896.93493760,1124745,34225.53913000,1068381827.98894340,0,BTCUSDT,0.00999999999476131,20032.23382,5561422
2022-06-07,31373.10000000,31589.60000000,29218.96000000,31125.33000000,110674.51658000,1654646399999,3347397952.73059020,1743957,54831.53114000,1661147413.25824640,0,BTCUSDT,0.00999999999476131,20034.0626,5562127
2022-06-08,31125.32000000,31327.22000000,29843.88000000,30204.77000000,68542.61276000,1654732799999,2087270428.34703920,1236327,32668.41005000,995180478.27453850,0,BTCUSDT,0.00999999999476131,20038.2373,5561923
2022-06-09,30204.77000000,30700.00000000,29944.10000000,30109.93000000,46291.18650000,1654819199999,1399839073.77450800,841562,23082.29251000,697948605.98846330,0,BTCUSDT,0.00999999999476131,20038.77848,5562686
2022-06-10,30109.93000000,30382.80000000,28850.00000000,29091.88000000,76204.24980000,1654905599999,2255866294.49488670,1258608,35502.20972000,1050877735.84477560,0,BTCUSDT,0.00999999999476131,20040.1839,5563251
2022-06-11,29091.87000000,29440.41000000,28099.99000000,28424.70000000,65901.39895000,1654991999999,1892007188.07560010,1084163,31848.33080000,914365117.83400940,0,BTCUSDT,0.010000000009313226,20040.99316,5563785
2022-06-12,28424.71000000,28544.96000000,26560.00000000,26574.53000000,92474.59880900,1655078399999,2551767136.32958524,1451271,43538.78641000,1201389150.89004560,0,BTCUSDT,0.00999999999476131,20041.42544,5564073
2022-06-13,26574.53000000,26895.84000000,21925.77000000,22487.41000000,254611.03496600,1655164799999,6192246037.40487339,3261484,121398.55613300,2953984191.51803855,0,BTCUSDT,0.010000000009313226,20046.96152,5564710
2022-06-14,22485.27000000,23362.88000000,20846.00000000,22136.41000000,187201.64671000,1655251199999,4136108699.02542765,2583151,92764.74286400,2051107738.63037860,0,BTCUSDT,0.00999999999476131,20047.71371,5565118
2022-06-15,22136.42000000,22800.00000000,20111.62000000,22583.72000000,200774.49346700,1655337599999,4249276481.25669716,2847831,98340.10221700,2083014439.19529060,0,BTCUSDT,0.00999999999476131,20048.39435,5565885
2022-06-16,22583.72000000,22995.73000000,20232.00000000,20401.31000000,99673.59429000,1655423999999,2130037160.06261080,1690477,48048.86237000,1027305936.81915560,0,BTCUSDT,0.00999999999476131,20052.35192,5566795
2022-06-17,20400.60000000,21365.43000000,20246.66000000,20468.81000000,86694.33663000,1655510399999,1796575392.55072060,1352992,43066.94445000,892584106.65741690,0,BTCUSDT,0.010000000009313226,20052.37203,5566896
2022-06-18,20468.81000000,20792.06000000,17622.00000000,18970.79000000,196441.65552400,1655596799999,3726639821.69615086,2467372,96560.04464900,1833514054.88934140,0,BTCUSDT,0.010000000009313226,20052.82291,5567286
2022-06-19,18970.79000000,20815.95000000,17960.41000000,20574.00000000,128320.87595000,1655683199999,2487561781.53598690,1950660,65871.82216000,1277952917.40811940,0,BTCUSDT,0.00999999999476131,20051.98965,5567442
2022-06-20,20574.00000000,21090.00000000,19637.03000000,20573.89000000,109028.94154000,1655769599999,2220396381.74265240,1639448,54047.82476000,1100883996.50035330,0,BTCUSDT,0.00999999999476131,20052.15769,5567525
2022-06-21,20573.90000000,21723.00000000,20348.40000000,20723.52000000,104371.07490000,1655855999999,2198596137.34328390,1515321,52193.33566000,1099446297.12286310,0,BTCUSDT,0.00999999999476131,20052.2906,5567645
2022-06-22,20723.51000000,20900.00000000,19770.51000000,19987.99000000,92133.97938000,1655942399999,1872204589.23758170,1394981,44907.30453000,912710764.73022530,0,BTCUSDT,0.010000000009313226,20051.82727,5567568
2022-06-23,19988.00000000,21233.00000000,19890.07000000,21110.13000000,83127.08716000,1656028799999,1710694866.45724490,1207858,42716.83721000,879244263.28301580,0,BTCUSDT,0.00999999999476131,20054.81023,5568134
2022-06-24,21110.12000000,21558.41000000,20736.72000000,21237.69000000,77430.36622000,1656115199999,1635129191.17025090,1309709,38582.36962000,815027131.32055680,0,BTCUSDT,0.010000000009313226,20055.1027,5568243
2022-06-25,21237.68000000,21614.50000000,20906.62000000,21491.19000000,51431.67794000,1656201599999,1093873137.97475200,874540,25240.18142000,536863288.46274870,0,BTCUSDT,0.010000000009313226,20054.8311,5567921
2022-06-26,21491.18000000,21888.00000000,20964.73000000,21038.07000000,53278.10464000,1656287999999,1139258367.16291490,885306,26051.16372000,557192553.72203980,0,BTCUSDT,0.010000000009313226,20054.6229,5567799
2022-06-27,21038.08000000,21539.85000000,20510.00000000,20742.56000000,64475.00130000,1656374399999,1354369225.84046490,1002214,31992.46040000,672191483.81067960,0,BTCUSDT,0.010000000009313226,20054.48015,5567799
2022-06-28,20742.57000000,21212.10000000,20202.01000000,20281.29000000,63801.08320000,1656460799999,1321862977.93154860,1064497,30490.78532000,631852171.75962620,0,BTCUSDT,0.00999999999476131,20055.3381,5568658
2022-06-29,20281.28000000,20432.31000000,19854.92000000,20123.01000000,77309.04379000,1656547199999,1556549790.00892410,1210636,37814.12159000,761473366.39085880,0,BTCUSDT,0.00999999999476131,20055.40257,5568729
2022-06-30,20123.00000000,20179.08000000,18626.00000000,19942.21000000,93846.64806000,1656633599999,1808994369.03144390,1438163,45447.98482000,876020577.34959570,0,BTCUSDT,0.010000000009313226,20056.93559,5568970
2022-07-01,19942.21000000,20918.35000000,18975.00000000,19279.80000000,111844.59494000,1656719999999,2197016369.96952880,1668363,56417.61783000,1108492421.95652620,0,BTCUSDT,0.00999999999476131,20056.06105,5568901
2022-07-02,19279.80000000,19467.39000000,18977.01000000,19252.81000000,46180.30210000,1656806399999,888415536.87306640,833508,23693.90779000,455851305.37637550,0,BTCUSDT,0.010000000009313226,20059.20063,5569515
2022-07-03,19252.82000000,19647.63000000,18781.00000000,19315.83000000,51087.46631000,1656892799999,980255891.39525530,880786,25361.96292000,486752875.43699910,0,BTCUSDT,0.010000000009313226,20059.50739,5569928
2022-07-04,19315.83000000,20354.01000000,19055.31000000,20236.71000000,74814.04601000,1656979199999,1470987695.52158190,1282843,38543.72441000,758241531.98802060,0,BTCUSDT,0.010000000009313226,20063.69621,5570272
2022-07-05,20236.71000000,20750.00000000,19304.40000000,20175.83000000,96041.13756000,1657065599999,1919950110.16743050,1612273,48358.47507000,967109793.38447560,0,BTCUSDT,0.010000000009313226,20064.25158,5570290
2022-07-06,20175.84000000,20675.22000000,19761.25000000,20564.51000000,82439.58080000,1657151999999,1665481948.00963180,1472221,41580.73433000,840150579.64268600,0,BTCUSDT,0.010000000009313226,20064.2306,5570337
2022-07-07,20564.51000000,21838.10000000,20251.68000000,21624.98000000,85014.58261000,1657238399999,1783224085.72367990,1653722,42731.53720000,896703207.21045650,0,BTCUSDT,0.010000000009313226,20065.32284,5570962
2022-07-08,21624.99000000,22527.37000000,21189.26000000,21594.75000000,403081.57349000,1657324799999,8781330156.61243140,4358216,201798.10144000,4396546053.03190870,0,BTCUSDT,0.00999999999476131,20066.01927,5571593
2022-07-09,21594.75000000,21980.00000000,21322.12000000,21591.83000000,178417.84468000,1657411199999,3857190523.49427170,3524386,89418.01811000,1933132016.30472580,0,BTCUSDT,0.00999999999476131,20065.65635,5571749
2022-07-10,21592.15000000,21607.65000000,20655.00000000,20862.47000000,192188.21556000,1657497599999,4062794310.27203430,3434401,95376.75351000,2016291891.37436950,0,BTCUSDT,0.00999999999476131,20065.28557,5571390
2022-07-11,20861.11000000,20868.48000000,19875.23000000,19963.61000000,137535.40724000,1657583999999,2813718031.10934280,3232941,66869.47065000,1368289522.98482320,0,BTCUSDT,0.010000000009313226,20066.27383,5572157
2022-07-12,19963.61000000,20059.42000000,19240.00000000,19328.75000000,139506.45862000,1657670399999,2754215439.33247770,3626399,67681.11612000,1336338002.70049880,0,BTCUSDT,0.010000000009313226,20066.32221,5572261
2022-07-13,19331.28000000,20366.61000000,18910.94000000,20234.87000000,209250.24888000,1657756799999,4096306063.80193500,4789109,103667.13511000,2029863027.17871820,0,BTCUSDT,0.010000000009313226,20066.60485,5572258
2022-07-14,20234.87000000,20900.00000000,19616.07000000,20588.84000000,174809.21696000,1657843199999,3526210098.28504420,4576355,87993.05801000,1775442258.40924360,0,BTCUSDT,0.00999999999476131,20067.42077,5572399
2022-07-15,20588.84000000,21200.00000000,20382.29000000,20830.04000000,143343.30490000,1657929599999,2984339734.35327030,4411375,71354.94910000,1485929119.42764470,0,BTCUSDT,0.00999999999476131,20067.75962,5572568
2022-07-16,20830.04000000,21588.94000000,20478.61000000,21195.60000000,121011.67393000,1658015999999,2539616922.79860840,3723401,61225.46264000,1285100231.95578820,0,BTCUSDT,0.00999999999476131,20067.63597,5572303
2022-07-17,21195.60000000,21684.54000000,20750.01000000,20798.16000000,118229.45250000,1658102399999,2511251392.57652560,4261057,59550.95291000,1265042502.46182760,0,BTCUSDT,0.00999999999476131,20068.10191,5572586
2022-07-18,20799.58000000,22777.63000000,20762.45000000,22432.58000000,239942.73132000,1658188799999,5263396811.53925570,6564387,122398.31862000,2685273104.29557660,0,BTCUSDT,0.010000000009313226,20068.21318,5572763
2022-07-19,22432.58000000,23800.00000000,21579.54000000,23396.62000000,263770.76574000,1658275199999,5954419902.22192750,6488375,132874.43405000,2999605957.30395060,0,BTCUSDT,0.00999999999476131,20068.60525,5572893
2022-07-20,23398.48000000,24276.74000000,22906.19000000,23223.30000000,238762.17094000,1658361599999,5631801151.22037560,6364038,119820.55352000,2826789486.16930980,0,BTCUSDT,0.010000000009313226,20068.56056,5572888
2022-07-21,23223.30000000,23442.77000000,22341.46000000,23152.19000000,184817.68191000,1658447999999,4232411759.39502510,4808194,92958.79400000,2128895623.65998300,0,BTCUSDT,0.00999999999476131,20072.57754,5573281
2022-07-22,23152.19000000,23756.49000000,22500.00000000,22684.83000000,171598.43966000,1658534399999,3981394766.22805780,4745582,85026.96828000,1973166657.88355060,0,BTCUSDT,0.00999999999476131,20072.56617,5573006
2022-07-23,22684.83000000,23000.77000000,21934.57000000,22451.07000000,122137.77375000,1658620799999,2745262660.67778180,3762227,61569.86415000,1383868861.28454700,0,BTCUSDT,0.00999999999476131,20070.78641,5572611
2022-07-24,22448.58000000,23014.64000000,22257.15000000,22579.68000000,115189.67277000,1658707199999,2610817967.16393870,3671238,58086.99433000,1316724597.44331480,0,BTCUSDT,0.00999999999476131,20071.29208,5572621
2022-07-25,22577.13000000,22666.00000000,21250.00000000,21310.90000000,180344.76643000,1658793599999,3954002948.54725850,4807238,88021.94560000,1930051719.27319220,0,BTCUSDT,0.00999999999476131,20071.59385,5572629
2022-07-26,21310.90000000,21347.82000000,20706.50000000,21254.67000000,177817.24326000,1658879999999,3738774849.35771120,4545385,87353.46040000,1836821500.49330420,0,BTCUSDT,0.00999999999476131,20072.05025,5572576
2022-07-27,21254.67000000,23112.63000000,21042.53000000,22952.45000000,210971.19796000,1658966399999,4614909656.69578570,5475738,106519.12743000,2330764840.64686740,0,BTCUSDT,0.00999999999476131,20072.1464,5572634
2022-07-28,22954.31000000,24199.72000000,22582.13000000,23842.93000000,236029.07410000,1659052799999,5511388547.61538860,6500034,118170.70945000,2759524239.02454490,0,BTCUSDT,0.00999999999476131,20072.73363,5572951
2022-07-29,23845.25000000,24442.66000000,23414.03000000,23773.75000000,198298.50623000,1659139199999,4733780641.30503660,6221401,100165.60850000,2391310897.48786300,0,BTCUSDT,0.010000000009313226,20081.4785,5573497
2022-07-30,23777.28000000,24668.00000000,23502.25000000,23643.51000000,151060.13211000,1659225599999,3634601094.96542000,4801528,75778.59282000,1823456271.87596880,0,BTCUSDT,0.00999999999476131,20082.44998,5573590
2022-07-31,23644.64000000,24194.82000000,23227.31000000,23293.32000000,127743.32483000,1659311999999,3028386330.64483140,4463721,63737.43859000,1511326027.22340350,0,BTCUSDT,0.00999999999476131,20083.21668,5574027
2022-08-01,23296.36000000,23509.68000000,22850.00000000,23268.01000000,144210.16219000,1659398399999,3346371889.65212190,4775213,71458.39583000,1658446268.22539660,0,BTCUSDT,0.010000000009313226,20083.40974,5574123
2022-08-02,23266.90000000,23459.89000000,22654.37000000,22987.79000000,158073.28225000,1659484799999,3631020649.22637960,5066511,78122.08501000,1794828205.62390380,0,BTCUSDT,0.010000000009313226,20084.08477,5574395
2022-08-03,22985.93000000,23647.68000000,22681.22000000,22818.37000000,145948.80995000,1659571199999,3385430753.80501820,4887642,72355.55623000,1678928892.75384440,0,BTCUSDT,0.010000000009313226,20083.03416,5573841
2022-08-04,22816.91000000,23223.32000000,22400.00000000,22622.98000000,154854.67016000,1659657599999,3537434334.43464900,4966138,76123.82073000,1739248152.86794670,0,BTCUSDT,0.010000000009313226,20079.10485,5572088
2022-08-05,22622.41000000,23472.86000000,22586.95000000,23312.42000000,175251.69749000,1659743999999,4046435951.35450910,5340569,88240.55478000,2037539950.68206370,0,BTCUSDT,0.010000000009313226,20079.27329,5572303
2022-08-06,23313.56000000,23354.36000000,22909.52000000,22954.21000000,83911.80307000,1659830399999,1944693656.70656820,3360228,41438.97610000,960462308.05303330,0,BTCUSDT,0.010000000009313226,20078.25588,5572085
2022-08-07,22954.21000000,23402.00000000,22844.62000000,23174.39000000,88890.00877000,1659916799999,2051763044.55236900,3646643,44744.90366000,1032885708.17538220,0,BTCUSDT,0.010000000009313226,20077.98069,5571985
2022-08-08,23174.39000000,24245.00000000,23154.25000000,23810.00000000,170958.44152000,1660003199999,4078052110.54312780,5892045,85942.29725000,2050118384.21205000,0,BTCUSDT,0.00999999999476131,20079.00536,5572357
2022-08-09,23810.98000000,23933.25000000,22865.00000000,23149.95000000,143182.50858000,1660089599999,3347110918.90721070,5105613,70598.77953000,1650310502.56936480,0,BTCUSDT,0.010000000009313226,20079.56933,5572342
2022-08-10,23151.32000000,24226.00000000,22664.69000000,23954.05000000,208916.54953000,1660175999999,4918825599.48963140,6818207,105046.91327000,2473680340.32380710,0,BTCUSDT,0.00999999999476131,20079.3696,5572341
2022-08-11,23954.05000000,24918.54000000,23852.13000000,23934.39000000,249759.79557000,1660262399999,6097813762.89593510,8269994,125001.90721000,3051727583.87702530,0,BTCUSDT,0.00999999999476131,20079.13632,5571697
2022-08-12,23933.09000000,24456.50000000,23583.00000000,24403.68000000,174207.57040000,1660348799999,4175834601.86054650,6134163,87283.32270000,2092464530.22717570,0,BTCUSDT,0.010000000009313226,20082.86621,5572243
2022-08-13,24401.70000000,24888.00000000,24291.22000000,24441.38000000,152852.25435000,1660435199999,3751417148.25210710,5617859,76352.50400000,1873989924.20224430,0,BTCUSDT,0.00999999999476131,20084.60009,5572677
2022-08-14,24443.06000000,25047.56000000,24144.00000000,24305.24000000,151206.14473000,1660521599999,3708565144.89800910,5473905,75296.97372000,1847145729.87895230,0,BTCUSDT,0.010000000009313226,20087.57292,5573395
2022-08-15,24305.25000000,25211.32000000,23773.22000000,24094.82000000,242539.54758000,1660607999999,5894066098.52328490,7488466,120284.46467000,2923411975.70847560,0,BTCUSDT,0.010000000009313226,20088.57028,5573519
2022-08-16,24093.04000000,24247.49000000,23671.22000000,23854.74000000,179324.94821000,1660694399999,4294907691.65094940,5978567,89812.55435000,2151240576.22617750,0,BTCUSDT,0.00999999999476131,20088.85054,5573472
2022-08-17,23856.15000000,24446.71000000,23180.40000000,23342.66000000,210668.68766000,1660780799999,4993659434.23688790,6901586,105158.87989000,2493209361.50222910,0,BTCUSDT,0.00999999999476131,20089.0286,5573618
2022-08-18,23342.66000000,23600.00000000,23111.04000000,23191.20000000,144185.97011000,1660867199999,3375338942.26178760,6029662,71864.05086000,1682458592.20756110,0,BTCUSDT,0.00999999999476131,20090.41518,5574020
2022-08-19,23191.45000000,23208.67000000,20783.57000000,20834.39000000,283995.87747000,1660953599999,6181759252.73026400,8860928,139601.81043000,3038568050.67525560,0,BTCUSDT,0.00999999999476131,20090.11133,5574443
2022-08-20,20834.39000000,21382.85000000,20761.90000000,21140.07000000,183041.68363000,1661039999999,3871242921.22468030,5723362,91862.59461000,1943014391.24625290,0,BTCUSDT,0.010000000009313226,20090.5279,5574504
2022-08-21,21140.07000000,21800.00000000,21069.11000000,21515.61000000,159200.68410000,1661126399999,3405034922.80707770,5034461,80239.24190000,1716250543.03585790,0,BTCUSDT,0.010000000009313226,20090.85901,5574607
2022-08-22,21516.70000000,21548.71000000,20890.18000000,21399.83000000,222222.04526000,1661212799999,4721412016.90341200,6443370,110925.72751000,2356921868.62394290,0,BTCUSDT,0.00999999999476131,20091.35475,5574540
2022-08-23,21400.75000000,21684.87000000,20890.14000000,21529.12000000,200967.77164000,1661299199999,4299812533.94470860,6333442,101222.30098000,2165911837.12369030,0,BTCUSDT,0.00999999999476131,20092.17996,5574273
2022-08-24,21529.11000000,21900.00000000,21145.00000000,21368.08000000,174383.22046000,1661385599999,3744196823.56485420,5561412,86499.84759000,1857345193.80695830,0,BTCUSDT,0.00999999999476131,20092.34412,5574400
2022-08-25,21368.05000000,21819.88000000,21310.15000000,21559.04000000,169915.78301000,1661471999999,3672148286.60137350,5618785,84555.07067000,1827390010.17450160,0,BTCUSDT,0.00999999999476131,20092.86391,5574447
2022-08-26,21559.04000000,21886.77000000,20107.90000000,20241.05000000,273811.61955000,1661558399999,5785149465.09769000,7587244,135780.72507000,2869440464.99169830,0,BTCUSDT,0.010000000009313226,20093.67366,5574938
2022-08-27,20239.14000000,20402.93000000,19800.00000000,20037.60000000,162582.46032000,1661644799999,3269764074.35643950,5263328,80922.99413000,1627546028.52465560,0,BTCUSDT,0.010000000009313226,20093.58109,5574470
2022-08-28,20037.60000000,20171.18000000,19520.00000000,19555.61000000,139307.95976000,1661731199999,2781133881.05184590,4678693,69363.50720000,1384969093.77023480,0,BTCUSDT,0.00999999999476131,20094.11886,5574600
2022-08-29,19555.61000000,20433.62000000,19550.79000000,20285.73000000,210509.49545000,1661817599999,4211334408.98659350,5840323,105809.86253000,2116902111.20904020,0,BTCUSDT,0.00999999999476131,20094.43941,5574846
2022-08-30,20287.20000000,20576.25000000,19540.00000000,19811.66000000,256634.35529000,1661903999999,5157974826.60932270,6593178,126919.07924000,2551087936.85860070,0,BTCUSDT,0.00999999999476131,20094.338,5574683
2022-08-31,19813.03000000,20490.00000000,19797.94000000,20050.02000000,276946.60765000,1661990399999,5595829094.39104140,6389133,140474.46035000,2838456435.81510940,0,BTCUSDT,0.010000000009313226,20095.46066,5574849
2022-09-01,20048.44000000,20208.37000000,19565.66000000,20131.46000000,245289.97263000,1662076799999,4893158531.78124140,5937975,121158.48629000,2417157339.99021990,0,BTCUSDT,0.00999999999476131,20095.79663,5574794
2022-09-02,20132.64000000,20441.26000000,19755.29000000,19951.86000000,245986.60330000,1662163199999,4946889819.51483640,5740705,122616.90745000,2466027768.59865370,0,BTCUSDT,0.010000000009313226,20095.93427,5575015
2022-09-03,19950.98000000,20055.93000000,19652.72000000,19831.90000000,146639.03204000,1662249599999,2908816275.01028630,3739909,72556.83777000,1439326777.58573770,0,BTCUSDT,0.00999999999476131,20095.52243,5575055
2022-09-04,19832.45000000,20029.23000000,19583.10000000,20000.30000000,145588.77893000,1662335999999,2883227667.19619230,3838915,72789.26129000,1441735599.54761430,0,BTCUSDT,0.00999999999476131,20095.80004,5574751
2022-09-05,20000.30000000,20057.27000000,19633.83000000,19796.84000000,222543.01057000,1662422399999,4404971191.90702630,4657233,110786.05423000,2193009371.51916640,0,BTCUSDT,0.00999999999476131,20095.86068,5575055
2022-09-06,19795.34000000,20180.00000000,18649.51000000,18790.61000000,356315.05718000,1662508799999,6976809188.41019000,7124384,175781.84468000,3443135959.01885670,0,BTCUSDT,0.00999999999476131,20095.76432,5575094
2022-09-07,18790.61000000,19464.06000000,18510.77000000,19292.84000000,287394.77880000,1662595199999,5436827909.20131120,5597127,142700.96438000,2700094090.53922500,0,BTCUSDT,0.00999999999476131,20096.51994,5575616
2022-09-08,19292.85000000,19458.25000000,19012.00000000,19319.77000000,262813.28273000,1662681599999,5057217166.67508190,6013826,131429.45873000,2529247772.34382910,0,BTCUSDT,0.00999999999476131,20096.5867,5575299
2022-09-09,19320.54000000,21597.22000000,19291.75000000,21360.11000000,428919.74652000,1662767999999,8929831332.70879570,7777214,217979.24137000,4537141163.99010930,0,BTCUSDT,0.00999999999476131,20092.22949,5574825
2022-09-10,21361.62000000,21810.80000000,21111.13000000,21648.34000000,307997.33504000,1662854399999,6589753118.84113090,5615783,154171.04126000,3298995539.43566350,0,BTCUSDT,0.010000000009313226,20091.5335,5574764
2022-09-11,21647.21000000,21860.00000000,21350.00000000,21826.87000000,280702.55149000,1662940799999,6064643642.71623070,4801844,141171.88117000,3050253458.28356250,0,BTCUSDT,0.00999999999476131,20092.00064,5574879
2022-09-12,21826.87000000,22488.00000000,21538.51000000,22395.74000000,395395.61828000,1663027199999,8743762682.84171810,6979539,199489.54060000,4411479060.20369410,0,BTCUSDT,0.010000000009313226,20091.42484,5574768
2022-09-13,22395.44000000,22799.00000000,19860.00000000,20173.57000000,431915.03333000,1663113599999,9302239274.39612070,8126869,217144.54247000,4679543994.69320690,0,BTCUSDT,0.00999999999476131,20090.31676,5574676
2022-09-14,20173.62000000,20541.48000000,19617.62000000,20226.71000000,340826.40151000,1663199999999,6886235196.64619830,6313052,169670.53169000,3428396493.96927510,0,BTCUSDT,0.010000000009313226,20083.98224,5574214
2022-09-15,20227.17000000,20330.24000000,19497.00000000,19701.88000000,333069.76076000,1663286399999,6655264974.21375970,6690974,165652.72910000,3310217929.74111560,0,BTCUSDT,0.00999999999476131,20086.74694,5574877
2022-09-16,19701.88000000,19890.00000000,19320.01000000,19803.30000000,283791.07064000,1663372799999,5584012914.11388650,5120935,141085.20536000,2776292772.19022810,0,BTCUSDT,0.010000000009313226,20086.8897,5575000
2022-09-17,19803.30000000,20189.00000000,19748.08000000,20113.62000000,179350.24338000,1663459199999,3578667842.69528270,3862666,89621.58733000,1788389852.30019590,0,BTCUSDT,0.010000000009313226,20084.08183,5574808
2022-09-18,20112.61000000,20117.26000000,19335.62000000,19416.18000000,254217.46904000,1663545599999,5033968947.53057280,4634096,124480.59651000,2465062845.96785580,0,BTCUSDT,0.00999999999476131,20084.46582,5574887
2022-09-19,19417.45000000,19686.20000000,18232.56000000,19537.02000000,380512.40306000,1663631999999,7215196795.65605120,6820580,189241.29071000,3589311748.60739510,0,BTCUSDT,0.00999999999476131,20085.32348,5575195
2022-09-20,19537.02000000,19634.62000000,18711.87000000,18875.00000000,324098.32860000,1663718399999,6206043205.41227810,5900070,160716.33038000,3077612901.14681340,0,BTCUSDT,0.00999999999476131,20085.88752,5576519
2022-09-21,18874.31000000,19956.00000000,18125.98000000,18461.36000000,385034.10021000,1663804799999,7338667639.75195680,6907777,190299.47143000,3628361586.91015330,0,BTCUSDT,0.010000000009313226,20088.09876,5576552
2022-09-22,18461.36000000,19550.17000000,18356.39000000,19401.63000000,379321.72111000,1663891199999,7203741481.48363670,6251862,190987.32145000,3627123696.69056920,0,BTCUSDT,0.010000000009313226,20087.1543,5576429
2022-09-23,19401.63000000,19500.00000000,18531.42000000,19289.91000000,385886.91829000,1663977599999,7330336009.19099840,5906265,194842.08772000,3701394516.77361640,0,BTCUSDT,0.010000000009313226,20087.04314,5576476
2022-09-24,19288.57000000,19316.14000000,18805.34000000,18920.50000000,239496.56746000,1664063999999,4568927983.65078460,3907636,120501.30570000,2298979763.30945220,0,BTCUSDT,0.010000000009313226,20086.9708,5576534
2022-09-25,18921.99000000,19180.21000000,18629.20000000,18807.38000000,191191.44920000,1664150399999,3625136713.92470430,3714450,94989.39646000,1801229611.97685890,0,BTCUSDT,0.010000000009313226,20083.16201,5576333
2022-09-26,18809.13000000,19318.96000000,18680.72000000,19227.82000000,439239.21943000,1664236799999,8356951609.99872370,5837041,220623.29914000,4198006044.88422510,0,BTCUSDT,0.00999999999476131,20079.99113,5576050
2022-09-27,19226.68000000,20385.86000000,18816.32000000,19079.13000000,593260.74161000,1664323199999,11705770260.67216150,8152473,296727.71059000,5856646101.49598810,0,BTCUSDT,0.00999999999476131,20079.95824,5576176
2022-09-28,19078.10000000,19790.00000000,18471.28000000,19412.82000000,521385.45547000,1664409599999,9964460007.30435550,7357437,260944.38118000,4988233394.32266180,0,BTCUSDT,0.00999999999476131,20079.52961,5575894
2022-09-29,19412.82000000,19645.52000000,18843.01000000,19591.51000000,406424.93256000,1664495999999,7868786414.85621160,5631615,203187.57552000,3934342925.08751120,0,BTCUSDT,0.00999999999476131,20075.87464,5575787
2022-09-30,19590.54000000,20185.00000000,19155.36000000,19422.61000000,444322.95340000,1664582399999,8694127253.57659450,6254203,220029.84583000,4304848630.33263890,0,BTCUSDT,0.00999999999476131,20076.56778,5575859
2022-10-01,19422.61000000,19484.00000000,19159.42000000,19310.95000000,165625.13959000,1664668799999,3200350294.52686990,2470590,82734.18388000,1598688567.58656520,0,BTCUSDT,0.00999999999476131,20076.15303,5575822
2022-10-02,19312.24000000,19395.91000000,18920.35000000,19056.80000000,206812.47032000,1664755199999,3970724799.95581670,3320217,102972.16014000,1977186000.19920470,0,BTCUSDT,0.010000000009313226,20074.72866,5575372
2022-10-03,19057.74000000,19719.10000000,18959.68000000,19629.08000000,293585.75212000,1664841599999,5672105805.77214400,4471910,147383.93612000,2847846726.23694850,0,BTCUSDT,0.00999999999476131,20074.83332,5575579
2022-10-04,19629.08000000,20475.00000000,19490.60000000,20337.82000000,327012.00127000,1664927999999,6533428229.85105150,4871932,165646.26490000,3309936012.94839200,0,BTCUSDT,0.00999999999476131,20075.34228,5576014
2022-10-05,20337.82000000,20365.60000000,19730.00000000,20158.26000000,312239.75224000,1665014399999,6275437160.95807180,4540004,155249.45329000,3120338866.32575530,0,BTCUSDT,0.00999999999476131,20075.3385,5576170
2022-10-06,20158.26000000,20456.60000000,19853.00000000,19960.67000000,320122.17020000,1665100799999,6452892402.32426970,5085004,161557.89851000,3256881316.71653890,0,BTCUSDT,0.00999999999476131,20074.40377,5575210
2022-10-07,19960.67000000,20068.82000000,19320.00000000,19530.09000000,220874.83913000,1665187199999,4353681483.98703370,4324772,109800.49576000,2164491136.48312770,0,BTCUSDT,0.00999999999476131,20076.66196,5575434
2022-10-08,19530.09000000,19627.38000000,19237.14000000,19417.96000000,102480.09842000,1665273599999,1995917001.73959890,2637385,50775.11492000,988952773.21633940,0,BTCUSDT,0.00999999999476131,20077.04462,5575412
2022-10-09,19416.52000000,19558.00000000,19316.04000000,19439.02000000,113900.82681000,1665359999999,2215007204.23799070,2833704,57166.25996000,1111737800.16944170,0,BTCUSDT,0.00999999999476131,20077.1053,5575393
2022-10-10,19439.96000000,19525.00000000,19020.25000000,19131.87000000,212509.09849000,1665446399999,4101745483.12952400,4432688,104849.40967000,2023908022.73601820,0,BTCUSDT,0.00999999999476131,20077.28324,5575380
2022-10-11,19131.87000000,19268.09000000,18860.00000000,19060.00000000,243473.84286000,1665532799999,4642843395.60028180,4792106,121218.68324000,2311676809.24217190,0,BTCUSDT,0.00999999999476131,20076.9736,5575132
2022-10-12,19060.00000000,19238.31000000,18965.88000000,19155.53000000,213826.26731000,1665619199999,4086903621.92655390,4556597,106608.71840000,2037738508.16163930,0,BTCUSDT,0.010000000009313226,20077.22132,5575358
2022-10-13,19155.10000000,19513.79000000,18190.00000000,19375.13000000,399756.68337000,1665705599999,7554309475.30798620,7470896,199869.15895000,3777964473.26291180,0,BTCUSDT,0.00999999999476131,20079.23172,5575758
2022-10-14,19375.58000000,19951.87000000,19070.37000000,19176.93000000,351634.32601000,1665791999999,6877621835.22579560,6688310,175798.36758000,3438783886.91180620,0,BTCUSDT,0.00999999999476131,20083.37581,5575555
2022-10-15,19176.93000000,19227.68000000,18975.18000000,19069.39000000,113847.64232000,1665878399999,2178316065.62219900,3052219,56109.00376000,1073637476.76884680,0,BTCUSDT,0.00999999999476131,20084.38033,5575898
2022-10-16,19068.40000000,19425.84000000,19063.74000000,19262.98000000,131894.61885000,1665964799999,2531545363.30770030,3438605,66536.80449000,1277129233.66074540,0,BTCUSDT,0.00999999999476131,20091.00094,5576081
2022-10-17,19262.98000000,19676.96000000,19152.03000000,19549.86000000,222813.87634000,1666051199999,4331666395.60467430,5162979,111854.00525000,2174642989.58540480,0,BTCUSDT,0.00999999999476131,20091.50807,5575794
2022-10-18,19548.48000000,19706.66000000,19091.00000000,19327.44000000,260313.07848000,1666137599999,5065944973.46434750,5588482,129478.25628000,2520037025.60741570,0,BTCUSDT,0.010000000009313226,20091.5668,5575870
2022-10-19,19327.44000000,19360.16000000,19065.97000000,19123.97000000,186137.29538000,1666223999999,3575041318.44978390,4545820,92346.11007000,1773769908.88775970,0,BTCUSDT,0.010000000009313226,20091.94662,5576109
2022-10-20,19123.35000000,19347.82000000,18900.00000000,19041.92000000,223530.13068000,1666310399999,4276025723.99478240,5391090,110662.16001000,2117089562.36447760,0,BTCUSDT,0.010000000009313226,20091.98111,5576026
2022-10-21,19041.92000000,19250.00000000,18650.00000000,19164.37000000,269310.75769000,1666396799999,5126619487.86902100,5679281,133589.01923000,2543268174.88863470,0,BTCUSDT,0.010000000009313226,20092.79637,5576108
2022-10-22,19164.37000000,19257.00000000,19112.72000000,19204.35000000,110403.90837000,1666483199999,2117395641.12692130,2887106,54134.08243000,1038228038.71095430,0,BTCUSDT,0.010000000009313226,20092.87727,5576468
2022-10-23,19204.29000000,19695.00000000,19070.11000000,19570.40000000,167057.20184000,1666569599999,3233393909.20097670,3939703,84465.80483000,1635057403.33511530,0,BTCUSDT,0.010000000009313226,20092.82349,5576504
2022-10-24,19570.40000000,19601.15000000,19157.00000000,19329.72000000,256168.14467000,1666655999999,4957159176.81683820,5676899,126808.68300000,2453987281.18596270,0,BTCUSDT,0.010000000009313226,20091.75049,5576342
2022-10-25,19330.60000000,20415.87000000,19237.00000000,20080.07000000,326370.67061000,1666742399999,6454151276.52006910,7214687,163350.80531000,3230612090.86733450,0,BTCUSDT,0.010000000009313226,20091.67922,5576322
2022-10-26,20079.02000000,21020.00000000,20050.41000000,20771.59000000,380492.69576000,1666828799999,7833551674.48567690,8512349,190912.96434000,3930265900.94812720,0,BTCUSDT,0.010000000009313226,20093.44432,5576646
2022-10-27,20771.61000000,20872.21000000,20200.00000000,20295.11000000,328643.57791000,1666915199999,6771209922.01191690,7748080,163139.47991000,3361632657.41389340,0,BTCUSDT,0.010000000009313226,20093.77052,5576616
2022-10-28,20295.11000000,20750.00000000,20000.09000000,20591.84000000,287039.94569000,1667001599999,5849603405.68257480,6638096,143078.25276000,2915977522.58249740,0,BTCUSDT,0.00999999999476131,20094.03212,5577260
2022-10-29,20591.84000000,21085.00000000,20554.01000000,20809.67000000,254881.77755000,1667087999999,5303038321.45748340,6255599,127941.56356000,2662029299.90963940,0,BTCUSDT,0.00999999999476131,20091.41577,5576480
2022-10-30,20809.68000000,20931.21000000,20515.00000000,20627.48000000,192795.60886000,1667174399999,3994389493.32589140,4920007,96047.94574000,1990076844.63314990,0,BTCUSDT,0.00999999999476131,20090.92143,5576487
2022-10-31,20627.48000000,20845.92000000,20237.95000000,20490.74000000,303567.61628000,1667260799999,6226304300.44386390,6571526,151222.29645000,3101777763.86047420,0,BTCUSDT,0.010000000009313226,20089.83458,5576498
2022-11-01,20490.74000000,20700.00000000,20330.74000000,20483.62000000,279932.43771000,1667347199999,5740102554.92082930,5971938,139277.94706000,2856018095.76356870,0,BTCUSDT,0.00999999999476131,20090.59065,5576662
2022-11-02,20482.81000000,20800.00000000,20048.04000000,20151.84000000,373716.27299000,1667433599999,7633404092.43069200,7431698,185785.97212000,3795164791.22180700,0,BTCUSDT,0.00999999999476131,20090.78496,5576755
2022-11-03,20151.84000000,20393.32000000,20031.24000000,20207.82000000,319185.15440000,1667519999999,6461673165.23964280,6948227,159939.61870000,3237968703.46118680,0,BTCUSDT,0.010000000009313226,20091.41329,5577001
2022-11-04,20207.12000000,21302.05000000,20180.96000000,21148.52000000,453694.39165000,1667606399999,9409862204.98690370,9249613,227403.70755000,4716670352.08739030,0,BTCUSDT,0.00999999999476131,20091.80486,5577395
2022-11-05,21148.52000000,21480.65000000,21080.65000000,21299.37000000,245621.98525000,1667692799999,5240395528.90820090,5570832,123030.36163000,2624930077.15729230,0,BTCUSDT,0.010000000009313226,20087.86013,5577109
2022-11-06,21299.37000000,21365.27000000,20886.13000000,20905.58000000,230036.97217000,1667779199999,4877535058.41270290,5268210,114034.06693000,2418047871.80980680,0,BTCUSDT,0.00999999999476131,20085.36307,5577045
2022-11-07,20905.58000000,21069.77000000,20384.89000000,20591.13000000,386977.60337000,1667865599999,8035052131.59345330,8344242,191603.32017000,3978525724.87402080,0,BTCUSDT,0.00999999999476131,20084.07205,5576696
2022-11-08,20590.67000000,20700.88000000,17166.83000000,18547.23000000,760705.36278300,1667951999999,14758384309.85422391,14530601,374775.57408500,7271200924.07038745,0,BTCUSDT,0.00999999999476131,20083.69938,5576943
2022-11-09,18545.38000000,18587.76000000,15588.00000000,15922.81000000,731926.92972900,1668038399999,12737719697.39400940,13605474,358702.78899600,6245795114.51209161,0,BTCUSDT,0.00999999999476131,20083.68199,5576777
2022-11-10,15922.68000000,18199.00000000,15754.26000000,17601.15000000,608448.36432000,1668124799999,10323294543.88035480,12719887,302898.84757000,5141663571.35643840,0,BTCUSDT,0.00999999999476131,20081.59486,5576600
2022-11-11,17602.45000000,17695.00000000,16361.60000000,17070.31000000,393552.86492000,1668211199999,6725273822.83780570,9900073,197414.69616000,3374092512.56180640,0,BTCUSDT,0.9100000000034925,20081.63188,5576614
2022-11-12,17069.98000000,17119.10000000,16631.39000000,16812.08000000,167819.96035000,1668297599999,2827930561.00637930,5046837,83267.92293000,1403236127.92359400,0,BTCUSDT,0.00999999999476131,20081.78296,5576771
2022-11-13,16813.16000000,16954.28000000,16229.00000000,16329.85000000,184960.78846000,1668383999999,3074280132.05352330,5382834,91914.44893000,1527844645.63411680,0,BTCUSDT,0.00999999999476131,20081.33383,5576493
2022-11-14,16331.78000000,17190.00000000,15815.21000000,16619.46000000,380210.77750000,1668470399999,6273920325.33682730,9215128,189502.41248000,3127495594.21076420,0,BTCUSDT,0.00999999999476131,20081.87412,5576614
2022-11-15,16617.72000000,17134.69000000,16527.72000000,16900.57000000,282461.84391000,1668556799999,4758545355.78683170,7200265,141015.70658000,2375750102.41831840,0,BTCUSDT,0.00999999999476131,20080.55078,5577356
2022-11-16,16900.57000000,17015.92000000,16378.61000000,16662.76000000,261493.40809000,1668643199999,4362538338.56532390,6297404,129644.72244000,2162757428.72151800,0,BTCUSDT,0.00999999999476131,20076.5619,5576379
2022-11-17,16661.61000000,16751.00000000,16410.74000000,16692.56000000,228038.97873000,1668729599999,3785204632.01422130,5352083,113347.39771000,1881536908.06648980,0,BTCUSDT,0.00999999999476131,20076.24382,5576369
2022-11-18,16692.56000000,17011.00000000,16546.04000000,16700.45000000,214224.18184000,1668815999999,3588467560.37312090,5114799,106366.35569000,1781845353.09400520,0,BTCUSDT,0.010000000009313226,20071.51742,5576074
2022-11-19,16699.43000000,16822.41000000,16553.53000000,16700.68000000,104963.15558000,1668902399999,1747627888.12954740,3142123,52397.34048000,872445362.12574050,0,BTCUSDT,0.010000000009313226,20071.42406,5576089
2022-11-20,16700.68000000,16753.33000000,16180.00000000,16280.23000000,154842.13478000,1668988799999,2561165772.49570730,4557344,75959.10991000,1256443330.04150680,0,BTCUSDT,0.00999999999476131,20070.38382,5576286
2022-11-21,16279.50000000,16319.00000000,15476.00000000,15781.29000000,324096.99775300,1669075199999,5188798317.00415347,7440871,159995.46460000,2561914108.92441750,0,BTCUSDT,0.00999999999476131,20069.92672,5575964
2022-11-22,15781.29000000,16315.00000000,15616.63000000,16226.94000000,239548.06623000,1669161599999,3823612603.80300190,6276097,119384.47075000,1905917090.26695930,0,BTCUSDT,0.00999999999476131,20068.27092,5575885
2022-11-23,16227.96000000,16706.00000000,16160.20000000,16603.11000000,264927.70408000,1669247999999,4368042618.50026110,6260616,132804.37627000,2189676204.36681600,0,BTCUSDT,0.00999999999476131,20070.83524,5576487
2022-11-24,16603.11000000,16812.63000000,16458.05000000,16598.95000000,206565.92346000,1669334399999,3431724405.65476800,5031851,103203.31930000,1714660566.87781180,0,BTCUSDT,0.00999999999476131,20071.26242,5576792
2022-11-25,16599.55000000,16666.00000000,16342.81000000,16522.14000000,182089.49533000,1669420799999,3003553172.22947180,4396465,90187.55597000,1487718711.08407600,0,BTCUSDT,0.00999999999476131,20071.37067,5576891
2022-11-26,16521.35000000,16701.99000000,16385.00000000,16458.57000000,181804.81666000,1669507199999,3011990387.64742920,3817130,89646.23245000,1485219997.26388430,0,BTCUSDT,0.010000000009313226,20071.44411,5576997
2022-11-27,16457.61000000,16600.00000000,16401.00000000,16428.78000000,162025.47607000,1669593599999,2679048565.52130150,3362221,80097.04098000,1324406073.66946440,0,BTCUSDT,0.00999999999476131,20075.48781,5577528
2022-11-28,16428.77000000,16487.04000000,15995.27000000,16212.91000000,252695.40367000,1669679999999,4096398587.35731400,5570407,125766.80639000,2038825206.54017270,0,BTCUSDT,0.00999999999476131,20071.71841,5577236
2022-11-29,16212.18000000,16548.71000000,16100.00000000,16442.53000000,248106.25009000,1669766399999,4072651066.99940620,5206638,123715.14039000,2030827592.49234990,0,BTCUSDT,0.00999999999476131,20071.77386,5576971
2022-11-30,16442.91000000,17249.00000000,16428.30000000,17163.64000000,303019.80719000,1669852799999,5123595199.50528570,6519330,151764.57285000,2566042182.99636060,0,BTCUSDT,0.00999999999476131,20072.12036,5577118
2022-12-01,17165.53000000,17324.00000000,16855.01000000,16977.37000000,232818.18218000,1669939199999,3972607179.86857180,5097720,116018.88867000,1979692808.00705940,0,BTCUSDT,0.00999999999476131,20071.76318,5576770
2022-12-02,16978.00000000,17105.73000000,16787.85000000,17092.74000000,202372.20620000,1670025599999,3432385161.66025690,4305515,99556.14105000,1688510144.19126210,0,BTCUSDT,0.00999999999476131,20071.7074,5576755
2022-12-03,17092.13000000,17188.98000000,16858.74000000,16885.20000000,154542.57306000,1670111999999,2622504252.86645320,3308694,76214.56604000,1293351463.16091190,0,BTCUSDT,0.00999999999476131,20071.66184,5576462
2022-12-04,16885.20000000,17202.84000000,16878.25000000,17105.70000000,178619.13387000,1670198399999,3040020095.05117780,3948990,89359.35165000,1520945572.07683370,0,BTCUSDT,0.00999999999476131,20070.76522,5576330
2022-12-05,17106.65000000,17424.25000000,16867.00000000,16966.35000000,233703.29225000,1670284799999,4015334796.60372110,5138207,115508.19916000,1984551471.31640810,0,BTCUSDT,0.00999999999476131,20070.3167,5576116
2022-12-06,16966.35000000,17107.01000000,16906.37000000,17088.96000000,218730.76883000,1670371199999,3717926010.34058660,4416864,108449.54144000,1843473774.58616420,0,BTCUSDT,0.00999999999476131,20070.448,5576042
2022-12-07,17088.96000000,17142.21000000,16678.83000000,16836.64000000,220657.41334000,1670457599999,3723206794.30546690,4284989,107803.05198000,1819002376.49286860,0,BTCUSDT,0.010000000009313226,20072.48456,5576553
2022-12-08,16836.64000000,17299.00000000,16733.49000000,17224.10000000,236417.97804000,1670543999999,4009427525.03041160,4520282,117238.75694000,1988377121.41735070,0,BTCUSDT,0.00999999999476131,20072.65185,5576461
2022-12-09,17224.10000000,17360.00000000,17058.21000000,17128.56000000,238422.06465000,1670630399999,4097973425.69735400,4282003,118031.91364000,2028743141.40682080,0,BTCUSDT,0.00999999999476131,20072.93825,5576331
2022-12-10,17128.56000000,17227.72000000,17092.00000000,17127.49000000,140573.97937000,1670716799999,2411933258.84859990,3032257,70355.34064000,1207126756.21747470,0,BTCUSDT,0.00999999999476131,20073.31151,5576362
2022-12-11,17127.49000000,17270.99000000,17071.00000000,17085.05000000,155286.47871000,1670803199999,2663686104.08256160,3260722,77740.37478000,1333501724.91499000,0,BTCUSDT,0.00999999999476131,20073.28968,5576085
2022-12-12,17085.05000000,17241.89000000,16871.85000000,17209.83000000,226227.49694000,1670889599999,3844787581.48192440,4463916,112286.94413000,1908405023.87630180,0,BTCUSDT,0.010000000009313226,20073.52667,5576540
2022-12-13,17208.93000000,18000.00000000,17080.14000000,17774.70000000,284462.91390000,1670975999999,4983896040.37899540,6242080,143922.84935000,2521692886.96687050,0,BTCUSDT,0.010000000009313226,20073.52008,5576472
2022-12-14,17775.82000000,18387.95000000,17660.94000000,17803.15000000,266681.22209000,1671062399999,4779915721.48445850,5743730,133308.11239000,2389606669.96353140,0,BTCUSDT,0.010000000009313226,20073.02032,5576445
2022-12-15,17804.01000000,17854.82000000,17275.51000000,17356.34000000,223701.96882000,1671148799999,3923378677.83374760,4789226,110193.63642000,1932609296.70913480,0,BTCUSDT,0.00999999999476131,20073.2966,5576347
2022-12-16,17356.96000000,17531.73000000,16527.32000000,16632.12000000,253379.04116000,1671235199999,4308933187.65653970,5703001,123374.83424000,2098188985.00709690,0,BTCUSDT,0.00999999999476131,20074.18227,5576267
2022-12-17,16631.50000000,16796.82000000,16579.85000000,16776.52000000,144825.66684000,1671321599999,2417851422.21312500,3905843,72289.66495000,1206885683.56938190,0,BTCUSDT,0.00999999999476131,20074.38446,5577425
2022-12-18,16777.54000000,16863.26000000,16663.07000000,16738.21000000,112619.31646000,1671407999999,1884666030.09923800,3369193,55539.12922000,929480021.40193500,0,BTCUSDT,0.00999999999476131,20074.88632,5577572
2022-12-19,16739.00000000,16815.99000000,16256.30000000,16438.88000000,179094.28305000,1671494399999,2981094033.01381290,4681887,87610.23510000,1458309480.74524840,0,BTCUSDT,0.00999999999476131,20074.94666,5577590
2022-12-20,16438.88000000,17061.27000000,16397.20000000,16895.56000000,248808.92324000,1671580799999,4176995653.54571100,5945803,124217.38590000,2085423621.74232560,0,BTCUSDT,0.00999999999476131,20075.13658,5577654
2022-12-21,16896.15000000,16925.00000000,16723.00000000,16824.67000000,156810.96362000,1671667199999,2638528723.73604150,4375570,77675.35979000,1307019850.06062180,0,BTCUSDT,0.00999999999476131,20075.83132,5577439
2022-12-22,16824.68000000,16868.52000000,16559.85000000,16821.43000000,176044.27235000,1671753599999,2949612072.04930290,4678640,87573.90221000,1467281598.71908520,0,BTCUSDT,0.00999999999476131,20076.0043,5577530
2022-12-23,16821.90000000,16955.14000000,16731.13000000,16778.50000000,161612.00947000,1671839999999,2720021933.97892650,4561020,81034.18553000,1363871435.61354910,0,BTCUSDT,0.00999999999476131,20082.70585,5578213
2022-12-24,16778.52000000,16869.99000000,16776.62000000,16836.12000000,100224.29096000,1671926399999,1686757294.99263420,3076985,49578.22304000,834395051.27119080,0,BTCUSDT,0.00999999999476131,20082.66762,5578181
2022-12-25,16835.73000000,16857.96000000,16721.00000000,16832.11000000,125441.07202000,1672012799999,2108857873.19167050,3570157,62073.54114000,1043560797.06935230,0,BTCUSDT,0.00999999999476131,20083.63728,5578076
2022-12-26,16832.11000000,16944.52000000,16791.00000000,16919.39000000,124564.00656000,1672099199999,2099037538.63179410,3915571,61741.18011000,1040420821.22625260,0,BTCUSDT,0.010000000009313226,20083.41526,5578017
2022-12-27,16919.39000000,16972.83000000,16592.37000000,16706.36000000,173749.58616000,1672185599999,2918379509.53140980,5047628,86096.58586000,1446098274.56533820,0,BTCUSDT,0.00999999999476131,20085.25633,5577956
2022-12-28,16706.06000000,16785.19000000,16465.33000000,16547.31000000,193037.56577000,1672271999999,3210894236.81239060,5465468,96118.18717000,1598767893.17279690,0,BTCUSDT,0.010000000009313226,20084.727,5578021
2022-12-29,16547.32000000,16664.41000000,16488.91000000,16633.47000000,160998.47158000,1672358399999,2671665748.08162260,4553877,80977.62443000,1343799862.99502670,0,BTCUSDT,0.00999999999476131,20085.05693,5578080
2022-12-30,16633.47000000,16677.35000000,16333.00000000,16607.48000000,164916.31174000,1672444799999,2726831056.72502610,4310415,82170.47490000,1358631100.75924430,0,BTCUSDT,0.00999999999476131,20085.93273,5578806
2022-12-31,16607.48000000,16644.09000000,16470.00000000,16542.40000000,114490.42864000,1672531199999,1897047504.91889730,3344374,57021.06919000,944834393.34133540,0,BTCUSDT,0.00999999999476131,20086.4312,5579144
2023-01-01,16541.77000000,16628.00000000,16499.01000000,16616.75000000,96925.41374000,1672617599999,1604793789.67721260,3218355,48548.78168000,803841673.83505870,0,BTCUSDT,0.010000000009313226,20087.08638,5579628
2023-01-02,16617.17000000,16799.23000000,16548.70000000,16672.87000000,121888.57191000,1672703999999,2034683215.26787840,4036118,60925.25948000,1017074780.69180630,0,BTCUSDT,0.00999999999476131,20087.11698,5579436
2023-01-03,16672.78000000,16778.40000000,16605.28000000,16675.18000000,159541.53733000,1672790399999,2662765916.32566840,5097596,79595.76246000,1328471402.71367460,0,BTCUSDT,0.010000000009313226,20087.39434,5579767
2023-01-04,16675.65000000,16991.87000000,16652.66000000,16850.36000000,220362.18862000,1672876799999,3709833209.84536520,6310703,109747.11502000,1847617011.38537700,0,BTCUSDT,0.010000000009313226,20086.04903,5579683
2023-01-05,16850.36000000,16879.82000000,16753.00000000,16831.85000000,163473.56641000,1672963199999,2751080253.81773340,4842014,80959.57162000,1362471754.05329920,0,BTCUSDT,0.00999999999476131,20085.99335,5579553
2023-01-06,16831.85000000,17041.00000000,16679.00000000,16950.65000000,207401.28415000,1673049599999,3490305009.68812240,5388661,103320.22965000,1738828235.20230050,0,BTCUSDT,0.00999999999476131,20086.12972,5579786
2023-01-07,16950.31000000,16981.91000000,16908.00000000,16943.57000000,104526.56880000,1673135999999,1770201710.20897340,3227161,51624.83107000,874295207.63651240,0,BTCUSDT,0.00999999999476131,20085.50679,5579863
2023-01-08,16943.83000000,17176.99000000,16911.00000000,17127.83000000,135155.89695000,1673222399999,2291925699.95854550,4036092,67200.60250000,1139647002.76085130,0,BTCUSDT,0.00999999999476131,20085.42485,5579483
2023-01-09,17127.83000000,17398.80000000,17104.66000000,17178.26000000,266211.52723000,1673308799999,4590284350.54616930,6327667,131748.52517000,2271681164.79933240,0,BTCUSDT,0.00999999999476131,20085.49201,5579393
2023-01-10,17179.04000000,17499.00000000,17146.34000000,17440.66000000,221382.42581000,1673395199999,3829247653.73110520,5448751,109377.45606000,1891995855.28760790,0,BTCUSDT,0.00999999999476131,20084.09438,5579140
2023-01-11,17440.64000000,18000.00000000,17315.60000000,17943.26000000,262221.60653000,1673481599999,4586965947.26354980,5627464,129944.56930000,2273368097.02926420,0,BTCUSDT,0.00999999999476131,20086.65234,5579538
2023-01-12,17943.26000000,19117.04000000,17892.05000000,18846.62000000,454568.32178000,1673567999999,8348431207.84600970,8911373,227295.33172000,4174813798.38286060,0,BTCUSDT,0.00999999999476131,20086.69887,5579542
2023-01-13,18846.62000000,20000.00000000,18714.12000000,19930.01000000,368615.87823000,1673654399999,7061633461.44473400,8021774,183448.89377000,3515300890.30505730,0,BTCUSDT,0.010000000009313226,20085.21795,5579788
2023-01-14,19930.01000000,21258.00000000,19888.05000000,20954.92000000,393913.74951000,1673740799999,8183071567.04618820,8659545,197817.55209000,4109568162.17041980,0,BTCUSDT,0.00999999999476131,20085.49204,5579852
2023-01-15,20952.76000000,21050.74000000,20551.01000000,20871.50000000,178542.22549000,1673827199999,3710526606.13896440,5194354,88310.83908000,1835436631.70387060,0,BTCUSDT,0.00999999999476131,20085.52782,5579742
2023-01-16,20872.99000000,21474.05000000,20611.48000000,21185.65000000,293078.08262000,1673913599999,6168654053.04263760,6856434,145352.66942000,3059597458.38535250,0,BTCUSDT,0.00999999999476131,20083.79273,5580089
2023-01-17,21185.65000000,21647.45000000,20841.31000000,21134.81000000,275407.74409000,1673999999999,5840585769.49009330,6440138,137121.64311000,2908227174.24903050,0,BTCUSDT,0.010000000009313226,20084.00796,5580173
2023-01-18,21132.29000000,21650.00000000,20407.15000000,20677.47000000,350916.01949000,1674086399999,7399719195.24672580,7617173,173174.41690000,3652037808.31621500,0,BTCUSDT,0.010000000009313226,20082.93284,5580033
2023-01-19,20677.47000000,21192.00000000,20659.19000000,21071.59000000,251385.84925000,1674172799999,5243024330.01120060,5819932,124924.23436000,2605629874.08902800,0,BTCUSDT,0.010000000009313226,20084.51568,5580838
2023-01-20,21071.59000000,22755.93000000,20861.28000000,22667.21000000,338079.13659000,1674259199999,7256172889.71053270,7382435,170200.04869000,3654038898.27092860,0,BTCUSDT,0.00999999999476131,20085.35478,5580510
2023-01-21,22666.00000000,23371.80000000,22422.00000000,22783.55000000,346445.48432000,1674345599999,7938935168.53201350,7796520,172663.17131000,3956916674.40296310,0,BTCUSDT,0.00999999999476131,20085.72442,5580574
2023-01-22,22783.35000000,23078.71000000,22292.37000000,22707.88000000,253577.75286000,1674431999999,5775552321.54412040,6603827,125842.91663000,2866409820.72257050,0,BTCUSDT,0.00999999999476131,20089.11938,5580436
2023-01-23,22706.02000000,23180.00000000,22500.00000000,22916.45000000,293588.37938000,1674518399999,6704191295.97568070,7258655,145854.70936000,3330927704.48361020,0,BTCUSDT,0.00999999999476131,20088.99103,5580395
2023-01-24,22917.81000000,23162.20000000,22462.93000000,22632.89000000,293158.78254000,1674604799999,6721432962.57384140,7395584,144239.84356000,3307407342.13857970,0,BTCUSDT,0.00999999999476131,20089.18451,5580632
2023-01-25,22631.94000000,23816.73000000,22300.00000000,23060.94000000,346042.83223000,1674691199999,7875590359.11583720,8060446,172647.90115000,3929821773.96511740,0,BTCUSDT,0.00999999999476131,20083.58295,5579955
2023-01-26,23060.42000000,23282.47000000,22850.01000000,23009.65000000,288924.43581000,1674777599999,6664592468.33792820,7181086,143185.08341000,3303064271.05117470,0,BTCUSDT,0.00999999999476131,20083.37493,5580139
2023-01-27,23009.65000000,23500.00000000,22534.88000000,23074.16000000,280833.86315000,1674863999999,6461707755.05391510,7079096,139699.27638000,3214623770.84504020,0,BTCUSDT,0.00999999999476131,20083.62268,5580211
2023-01-28,23074.16000000,23189.00000000,22878.46000000,23022.60000000,148115.71085000,1674950399999,3408985411.31658610,4181816,73861.83566000,1700057503.74953890,0,BTCUSDT,0.010000000009313226,20083.30557,5579443
2023-01-29,23021.40000000,23960.54000000,22967.76000000,23742.30000000,295688.79204000,1675036799999,6941922954.13640640,7030837,149507.50610000,3510026672.79971740,0,BTCUSDT,0.010000000009313226,20083.39065,5579133
2023-01-30,23743.37000000,23800.51000000,22500.00000000,22826.15000000,302405.90121000,1675123199999,7020727239.05965260,7790224,149096.53066000,3461492907.17260580,0,BTCUSDT,0.010000000009313226,20083.55863,5579148
2023-01-31,22827.38000000,23320.00000000,22714.77000000,23125.13000000,264649.34909000,1675209599999,6083858924.53848520,6798411,133028.12717000,3058369006.24069910,0,BTCUSDT,0.010000000009313226,20082.81005,5579118
2023-02-01,23125.13000000,23812.66000000,22760.23000000,23732.66000000,310790.42271000,1675295999999,7212542002.32509920,7863213,156107.58478000,3623730152.71912710,0,BTCUSDT,0.00999999999476131,20083.02065,5579304
2023-02-02,23731.41000000,24255.00000000,23363.27000000,23488.94000000,364177.20751000,1675382399999,8673696845.80511160,9102300,181814.20318000,4330715913.90659360,0,BTCUSDT,0.00999999999476131,20083.17957,5579309
2023-02-03,23489.33000000,23715.70000000,23204.62000000,23431.90000000,332571.02904000,1675468799999,7806490899.91418120,8007846,166143.33246000,3900042090.51636510,0,BTCUSDT,0.00999999999476131,20083.00618,5579281
2023-02-04,23431.90000000,23587.78000000,23253.96000000,23326.84000000,166126.47295000,1675555199999,3886777607.79605080,4852404,81863.93145000,1915443497.68895130,0,BTCUSDT,0.00999999999476131,20076.11342,5579066
2023-02-05,23327.66000000,23433.33000000,22743.00000000,22932.91000000,209251.33917000,1675641599999,4842463016.83393380,5903916,103885.22312000,2404286621.12033370,0,BTCUSDT,0.00999999999476131,20076.15124,5579565
2023-02-06,22932.91000000,23158.25000000,22628.13000000,22762.52000000,265371.60690000,1675727999999,6076050768.11703820,6956395,132350.52989000,3030470974.62453000,0,BTCUSDT,0.00999999999476131,20076.50343,5579652
2023-02-07,22762.52000000,23350.25000000,22745.78000000,23240.46000000,308006.72482000,1675814399999,7085929136.45684950,8293878,154613.24744000,3557209786.51536870,0,BTCUSDT,0.010000000009313226,20074.2027,5579070
2023-02-08,23242.42000000,23452.00000000,22665.85000000,22963.00000000,280056.30717000,1675900799999,6457585647.82065440,7896433,138627.72636000,3196783919.63012260,0,BTCUSDT,0.00999999999476131,20074.14339,5579032
2023-02-09,22961.85000000,23011.39000000,21688.00000000,21796.35000000,402894.69550000,1675987199999,9052973327.19716240,9784291,199309.68374000,4478800426.30285760,0,BTCUSDT,0.00999999999476131,20074.48094,5579453
2023-02-10,21797.83000000,21938.16000000,21451.00000000,21625.19000000,338591.94247000,1676073599999,7369456394.90665450,6993675,167419.66937000,3644087094.70666890,0,BTCUSDT,0.00999999999476131,20077.36065,5580544
2023-02-11,21625.19000000,21906.32000000,21599.78000000,21862.55000000,177021.58433000,1676159999999,3842000897.79758020,4207940,87937.95970000,1908638569.77981010,0,BTCUSDT,0.00999999999476131,20078.74415,5579679
2023-02-12,21862.02000000,22090.00000000,21630.00000000,21783.54000000,204435.65163000,1676246399999,4469822441.43720180,4561903,101194.34699000,2212545781.09311440,0,BTCUSDT,0.00999999999476131,20082.28984,5579965
2023-02-13,21782.37000000,21894.99000000,21351.07000000,21773.97000000,295730.76791000,1676332799999,6404813758.26962980,6503611,147221.38569000,3188732830.19944260,0,BTCUSDT,0.010000000009313226,20085.03203,5580492
2023-02-14,21774.63000000,22319.08000000,21532.77000000,22199.84000000,361958.40109000,1676419199999,7938385476.79208380,7695927,182006.71562000,3991901041.90238260,0,BTCUSDT,0.00999999999476131,20088.30644,5579938
2023-02-15,22199.84000000,24380.00000000,22047.28000000,24324.05000000,375669.16111000,1676505599999,8604133693.66317090,8335550,190798.15520000,4372346767.10361350,0,BTCUSDT,0.010000000009313226,20087.16694,5579683
2023-02-16,24322.87000000,25250.00000000,23505.25000000,23517.72000000,450080.68366000,1676591999999,11074988148.77900860,11006793,224396.77566000,5522891581.32557800,0,BTCUSDT,0.00999999999476131,20088.40631,5579989
2023-02-17,23517.72000000,25021.11000000,23339.37000000,24569.97000000,496813.21376000,1676678399999,11968532252.05732940,10895009,249087.94774000,6001870488.34536700,0,BTCUSDT,0.010000000009313226,20088.68212,5579971
2023-02-18,24568.24000000,24877.00000000,24430.00000000,24631.95000000,216917.25213000,1676764799999,5339920389.51613350,6296097,107467.08761000,2645647445.81960150,0,BTCUSDT,0.00999999999476131,20082.5573,5579880
2023-02-19,24632.05000000,25192.00000000,24192.57000000,24271.76000000,300395.99542000,1676851199999,7408745406.62434370,7660484,149680.28058000,3692030229.98034460,0,BTCUSDT,0.00999999999476131,20084.31067,5579748
2023-02-20,24272.51000000,25121.23000000,23840.83000000,24842.20000000,346938.56997000,1676937599999,8561226688.07291020,9808728,174453.04334000,4305469238.84992180,0,BTCUSDT,0.010000000009313226,20084.16039,5579607
2023-02-21,24843.89000000,25250.00000000,24148.34000000,24452.16000000,376000.82868000,1677023999999,9280992344.42887060,10712371,187029.49757000,4617218785.18770240,0,BTCUSDT,0.00999999999476131,20101.33994,5579864
2023-02-22,24450.67000000,24476.05000000,23574.69000000,24182.21000000,379425.75365000,1677110399999,9101745945.99070800,11395957,188203.74268000,4515001623.43545310,0,BTCUSDT,0.010000000009313226,20101.52679,5580318
2023-02-23,24182.21000000,24599.59000000,23608.00000000,23940.20000000,398400.45437000,1677196799999,9596083721.51295270,11396877,198080.68369000,4771375630.51130810,0,BTCUSDT,0.010000000009313226,20099.94693,5580048
2023-02-24,23940.20000000,24132.35000000,22841.19000000,23185.29000000,343582.57453000,1677283199999,8087524100.39044000,11531424,170263.13353000,4008150118.21679960,0,BTCUSDT,0.010000000009313226,20099.84549,5579760
2023-02-25,23184.04000000,23219.13000000,22722.00000000,23157.07000000,191311.81010000,1677369599999,4406286300.27211680,9124568,94440.13964000,2175283940.90413120,0,BTCUSDT,0.00999999999476131,20103.61234,5580351
2023-02-26,23157.07000000,23689.99000000,23059.18000000,23554.85000000,202323.73623000,1677455999999,4716158181.22558950,9506015,101003.39278000,2354572412.69006830,0,BTCUSDT,0.00999999999476131,20104.33817,5580617
2023-02-27,23554.85000000,23897.99000000,23106.77000000,23492.09000000,283706.08590000,1677542399999,6659785788.32937360,11754195,141360.04845000,3318353869.99525000,0,BTCUSDT,0.010000000009313226,20104.59285,5580732
2023-02-28,23492.09000000,23600.00000000,23020.97000000,23141.57000000,264140.99894000,1677628799999,6172930936.03733470,9568743,131200.82704000,3066249880.67031860,0,BTCUSDT,0.010000000009313226,20104.75235,5580665
2023-03-01,23141.57000000,24000.00000000,23020.03000000,23628.97000000,315287.41737000,1677715199999,7441571085.49540830,9390487,157961.92667000,3728256787.11009410,0,BTCUSDT,0.010000000009313226,20106.5657,5580663
2023-03-02,23629.76000000,23796.93000000,23195.90000000,23465.32000000,239315.45219000,1677801599999,5603770010.23954760,7435815,119522.00584000,2798797976.70041000,0,BTCUSDT,0.00999999999476131,20108.75382,5581040
2023-03-03,23465.32000000,23476.95000000,21971.13000000,22354.34000000,319954.19785000,1677887999999,7167184765.74364950,8214639,156827.31366000,3512245357.18619130,0,BTCUSDT,0.010000000009313226,20108.70216,5581140
2023-03-04,22354.34000000,22410.00000000,22157.08000000,22346.57000000,121257.38132000,1677974399999,2706422995.68025610,4169260,60043.33153000,1340204531.15407010,0,BTCUSDT,0.010000000009313226,20108.86639,5581250
2023-03-05,22346.57000000,22662.09000000,22189.22000000,22430.24000000,154841.75786000,1678060799999,3473011455.18795160,4835978,77394.35765000,1735989090.89956100,0,BTCUSDT,0.010000000009313226,20107.32065,5581203
2023-03-06,22430.24000000,22602.19000000,22258.00000000,22410.00000000,203751.82957000,1678147199999,4569102169.18569090,6471278,102110.26304000,2289889200.16671640,0,BTCUSDT,0.010000000009313226,20107.40882,5581343
2023-03-07,22409.41000000,22557.91000000,21927.00000000,22197.96000000,292519.80912000,1678233599999,6517594938.24605280,7813394,145498.64219000,3242136502.65467320,0,BTCUSDT,0.010000000009313226,20107.31775,5581128
2023-03-08,22198.56000000,22287.00000000,21580.00000000,21705.44000000,301460.57272000,1678319999999,6641171704.24242130,8018963,150008.02488000,3304860256.10499370,0,BTCUSDT,0.00999999999476131,20108.42349,5581143
2023-03-09,21704.37000000,21834.99000000,20042.72000000,20362.22000000,443658.28584000,1678406399999,9403028764.70777380,10076702,217900.59621000,4619803522.04323720,0,BTCUSDT,0.010000000009313226,20108.54757,5581276
2023-03-10,20362.21000000,20367.78000000,19549.09000000,20150.69000000,618456.46710000,1678492799999,12344992788.91249570,12106261,308155.80993000,6151475123.53551420,0,BTCUSDT,0.010000000009313226,20109.69512,5581662
2023-03-11,20150.69000000,20686.51000000,19765.03000000,20455.73000000,427831.82133000,1678579199999,8651590672.46852580,10412300,213151.47855000,4310534195.90929190,0,BTCUSDT,0.00999999999476131,20109.77542,5581607
2023-03-12,20455.73000000,22150.00000000,20270.60000000,21997.11000000,430944.94288000,1678665599999,8982418413.80113910,9721933,218639.06880000,4558127964.92580440,0,BTCUSDT,0.00999999999476131,20109.91489,5581945
2023-03-13,21998.05000000,24500.00000000,21813.88000000,24113.48000000,687889.31259000,1678751999999,15824996078.60563840,14820760,346688.17025000,7976620081.70609870,0,BTCUSDT,0.00999999999476131,20110.05577,5582411
2023-03-14,24112.27000000,26386.87000000,23976.42000000,24670.41000000,699360.93423000,1678838399999,17465307097.88407330,15223589,351739.11994000,8783916247.67613780,0,BTCUSDT,0.00999999999476131,20110.45592,5582675
2023-03-15,24670.41000000,25196.97000000,23896.95000000,24285.66000000,581450.72984000,1678924799999,14291005743.89785140,12613034,291192.86696000,7157472156.96233370,0,BTCUSDT,0.00999999999476131,20110.12157,5582162
2023-03-16,24285.66000000,25167.40000000,24123.00000000,24998.78000000,439421.32998000,1679011199999,10847330151.94100580,10418081,220403.30289000,5441432259.26084610,0,BTCUSDT,0.00999999999476131,20110.20755,5582220
2023-03-17,24998.78000000,27756.84000000,24890.00000000,27395.13000000,624460.68091000,1679097599999,16476681071.24337980,13113359,318022.61356000,8392477832.00232200,0,BTCUSDT,0.010000000009313226,20110.69909,5582267
2023-03-18,27395.13000000,27724.85000000,26578.00000000,26907.49000000,371238.97174000,1679183999999,10135945069.64262880,9948603,185687.70768000,5070480124.59387840,0,BTCUSDT,0.00999999999476131,20111.15908,5582341
2023-03-19,26907.49000000,28390.10000000,26827.22000000,27972.87000000,372066.99054000,1679270399999,10264707987.59416350,9578297,188150.56147000,5191102286.40091840,0,BTCUSDT,0.010000000009313226,20111.19333,5582343
2023-03-20,27972.87000000,28472.00000000,27124.47000000,27717.01000000,477378.23373000,1679356799999,13300424536.51492210,11775950,239765.29148000,6680704887.53214600,0,BTCUSDT,0.00999999999476131,20111.30488,5582349
2023-03-21,27717.01000000,28438.55000000,27303.10000000,28105.47000000,420929.74220000,1679443199999,11760492716.33759010,11530870,210472.34027000,5880942507.63001030,0,BTCUSDT,0.00999999999476131,20113.20386,5583195
2023-03-22,28107.81000000,28868.05000000,26601.80000000,27250.97000000,224113.41296000,1679529599999,6272099822.44962380,3589327,110355.97386000,3089585214.11506410,0,BTCUSDT,0.00999999999476131,20113.82804,5583041
2023-03-23,27250.97000000,28750.00000000,27105.00000000,28295.41000000,128649.60818000,1679615999999,3591123573.11495830,2159091,65172.02479000,1819323637.29034450,0,BTCUSDT,0.00999999999476131,20114.48338,5583180
2023-03-24,28295.42000000,28374.30000000,27000.00000000,27454.47000000,86242.06544000,1679702399999,2403443392.02730140,1511137,41449.56122000,1155147465.73899320,0,BTCUSDT,0.00999999999476131,20115.56752,5583111
2023-03-25,27454.46000000,27787.33000000,27156.09000000,27462.95000000,50844.08102000,1679788799999,1397227639.21413780,1088721,25326.94876000,696042529.08396240,0,BTCUSDT,0.010000000009313226,20116.23859,5583742
2023-03-26,27462.96000000,28194.40000000,27417.76000000,27968.05000000,49671.70353000,1679875199999,1380973402.99612050,1068196,25248.15818000,702028235.05732650,0,BTCUSDT,0.010000000009313226,20117.34948,5584005
2023-03-27,27968.05000000,28023.86000000,26508.14000000,27124.91000000,88039.46898000,1679961599999,2407130888.03460520,1575264,43151.91539000,1179905180.61352780,0,BTCUSDT,0.00999999999476131,20119.74143,5584430
2023-03-28,27124.90000000,27520.00000000,26631.78000000,27261.07000000,78602.44341000,1680047999999,2124533606.76555600,1521981,38972.61486000,1053473599.25876880,0,BTCUSDT,0.010000000009313226,20116.31618,5584826
2023-03-29,27261.06000000,28650.00000000,27240.10000000,28348.60000000,89486.16008000,1680134399999,2519887866.21115870,1704217,45742.08025000,1288220696.49267820,0,BTCUSDT,0.010000000009313226,20117.16357,5585092
2023-03-30,28348.60000000,29184.68000000,27686.00000000,28028.53000000,98865.43256000,1680220799999,2808471938.64244290,1843652,49100.20979000,1394972886.70623690,0,BTCUSDT,0.010000000009313226,20117.25686,5585154
2023-03-31,28028.53000000,28656.69000000,27511.71000000,28465.36000000,78198.12139000,1680307199999,2203253311.77735070,1537349,39636.47111000,1117184234.18685750,0,BTCUSDT,0.010000000009313226,20117.76296,5585761
2023-04-01,28465.36000000,28819.71000000,28220.27000000,28452.73000000,30238.44753000,1680393599999,860804237.45226890,822781,15171.37738000,431931567.48274810,0,BTCUSDT,0.010000000009313226,20117.83642,5585780
2023-04-02,28452.74000000,28530.00000000,27856.43000000,28171.87000000,37365.65692000,1680479999999,1053600933.06768050,938464,17897.01839000,504647268.08636430,0,BTCUSDT,0.00999999999476131,20120.41561,5586578
2023-04-03,28171.87000000,28500.99000000,27200.24000000,27800.00000000,79180.01405000,1680566399999,2214361048.78236680,1651062,40534.82008000,1133865764.09162880,0,BTCUSDT,0.00999999999476131,20123.78364,5586872
2023-04-04,27800.00000000,28444.44000000,27662.79000000,28165.47000000,49722.55691000,1680652799999,1397141464.87503610,1102007,25083.95234000,704845402.41914090,0,BTCUSDT,0.010000000009313226,20123.90414,5586863
2023-04-05,28165.47000000,28775.00000000,27805.10000000,28170.01000000,60737.64732000,1680739199999,1721098539.06605670,1262730,30556.88672000,865971090.17046820,0,BTCUSDT,0.010000000009313226,20124.08212,5586931
2023-04-06,28170.01000000,28182.05000000,27711.00000000,28033.82000000,40118.94963000,1680825599999,1122713087.55618260,934548,19308.64369000,540384260.85680000,0,BTCUSDT,0.00999999999476131,20125.32321,5587366
2023-04-07,28033.83000000,28100.00000000,27766.94000000,27906.33000000,24762.09387000,1680911999999,691323748.92864130,655634,11983.13367000,334559478.47028190,0,BTCUSDT,0.010000000009313226,20125.32199,5586525
2023-04-08,27906.34000000,28154.99000000,27859.02000000,27938.38000000,19479.96735000,1680998399999,545324518.68607540,624159,9729.24214000,272366679.34403870,0,BTCUSDT,0.010000000009313226,20125.8961,5586639
2023-04-09,27938.38000000,28530.00000000,27800.00000000,28323.76000000,32531.16101000,1681084799999,913915923.69519570,777589,16885.70757000,474454325.35692960,0,BTCUSDT,0.00999999999476131,20127.51396,5586882
2023-04-10,28323.76000000,29770.00000000,28170.00000000,29637.34000000,67754.06220000,1681171199999,1955300943.17083050,1285695,36147.62326000,1043138687.59161250,0,BTCUSDT,0.00999999999476131,20127.38407,5586914
2023-04-11,29637.35000000,30550.00000000,29590.00000000,30200.42000000,67990.07621000,1681257599999,2046078278.08211760,1340458,34766.92718000,1046250622.29345680,0,BTCUSDT,0.00999999999476131,20127.57451,5587345
2023-04-12,30200.43000000,30486.00000000,29637.40000000,29888.07000000,62049.48451000,1681343999999,1863497606.14153030,1246556,31136.38576000,935223730.57256700,0,BTCUSDT,0.010000000009313226,20127.39677,5587388
2023-04-13,29888.07000000,30595.00000000,29854.59000000,30373.84000000,51934.11731000,1681430399999,1571091101.12996720,1054144,26767.65298000,809748635.00258690,0,BTCUSDT,0.00999999999476131,20128.45093,5587921
2023-04-14,30373.84000000,31000.00000000,29966.00000000,30466.93000000,75984.19452000,1681516799999,2323267494.38023010,1504180,38406.59006000,1174371283.56516650,0,BTCUSDT,0.00999999999476131,20127.83737,5588298
2023-04-15,30466.93000000,30595.60000000,30202.00000000,30295.09000000,25429.81247000,1681603199999,772211097.61401600,732418,12424.34509000,377293528.31290670,0,BTCUSDT,0.00999999999476131,20127.78334,5588130
2023-04-16,30295.10000000,30549.99000000,30120.00000000,30304.65000000,26431.99322000,1681689599999,801322926.15256510,708233,13163.73591000,399115587.00359810,0,BTCUSDT,0.00999999999476131,20127.83389,5588033
2023-04-17,30304.66000000,30316.06000000,29240.65000000,29430.27000000,56441.81127000,1681775999999,1675287761.43303550,1137294,26880.17771000,797711012.80718160,0,BTCUSDT,0.00999999999476131,20127.82035,5588071
2023-04-18,29430.27000000,30485.00000000,29096.78000000,30380.01000000,62004.89434000,1681862399999,1861001491.97869730,1141562,32417.57068000,972769560.73030390,0,BTCUSDT,0.010000000009313226,20127.94044,5588097
2023-04-19,30380.01000000,30413.53000000,28520.00000000,28797.10000000,86575.48656000,1681948799999,2541283888.30344700,1699891,41467.78872000,1217556267.20109590,0,BTCUSDT,0.010000000009313226,20128.02894,5588159
2023-04-20,28797.10000000,29088.30000000,28010.00000000,28243.65000000,76879.09372000,1682035199999,2198854031.42474610,1434642,36919.58585000,1055949765.77249960,0,BTCUSDT,0.010000000009313226,20126.02117,5587652
2023-04-21,28243.65000000,28374.02000000,27125.00000000,27262.84000000,77684.76790000,1682121599999,2164667611.93546060,1463628,38419.13612000,1070540576.47579210,0,BTCUSDT,0.010000000009313226,20126.29284,5587764
2023-04-22,27262.84000000,27882.72000000,27140.35000000,27816.85000000,36023.69686000,1682207999999,989379475.32182320,859500,18612.89655000,511200971.63622680,0,BTCUSDT,0.010000000009313226,20126.16666,5587613
2023-04-23,27816.85000000,27816.85000000,27311.25000000,27590.60000000,34812.09581000,1682294399999,959389698.75725510,873485,17610.47671000,485328645.69431090,0,BTCUSDT,0.010000000009313226,20126.53064,5587873
2023-04-24,27590.59000000,28000.00000000,26942.82000000,27510.93000000,53111.56874000,1682380799999,1458406515.64042130,1211080,25641.28044000,704079582.65149220,0,BTCUSDT,0.010000000009313226,20126.54791,5587898
2023-04-25,27510.93000000,28399.99000000,27192.00000000,28300.79000000,52325.14637000,1682467199999,1446329375.24273110,1087067,26833.47192000,742069216.99895360,0,BTCUSDT,0.00999999999476131,20126.31705,5587700
2023-04-26,28300.80000000,30036.00000000,27235.00000000,28415.29000000,129228.40403000,1682553599999,3719701461.90916330,2261942,64540.55521000,1857698379.26540040,0,BTCUSDT,0.010000000009313226,20126.36859,5587894
2023-04-27,28415.29000000,29890.00000000,28378.86000000,29472.77000000,95430.82431000,1682639999999,2784859692.36461990,1990148,48601.97474000,1418439305.61790460,0,BTCUSDT,0.010000000009313226,20126.63519,5588340
2023-04-28,29472.77000000,29599.54000000,28891.00000000,29311.70000000,54298.16578000,1682726399999,1590683771.66819790,1129240,26659.21640000,780784851.54703740,0,BTCUSDT,0.00999999999476131,20126.58321,5588712
2023-04-29,29311.69000000,29448.88000000,29031.00000000,29230.45000000,20466.83058000,1682812799999,599466910.04666210,619319,10024.59978000,293627195.70583270,0,BTCUSDT,0.00999999999476131,20125.17384,5588541
2023-04-30,29230.45000000,29969.39000000,29079.59000000,29233.21000000,39752.53720000,1682899199999,1172155267.87618970,949458,19894.27252000,586711670.55607390,0,BTCUSDT,0.00999999999476131,20124.99792,5588340
2023-05-01,29233.20000000,29337.34000000,27666.95000000,28068.26000000,64433.65958000,1682985599999,1828221138.95443980,1362793,30761.92690000,872712018.18082540,0,BTCUSDT,0.010000000009313226,20125.00036,5588397
2023-05-02,28068.26000000,28879.88000000,27872.00000000,28669.86000000,50824.52240000,1683071999999,1441733922.01164440,1174697,24789.36748000,703206831.78018060,0,BTCUSDT,0.00999999999476131,20122.68608,5588467
2023-05-03,28669.85000000,29266.66000000,28113.69000000,29026.16000000,64615.79213000,1683158399999,1845961218.84324360,1502909,32291.20998000,922549963.25075790,0,BTCUSDT,0.010000000009313226,20123.33838,5589076
2023-05-04,29026.16000000,29379.83000000,28663.64000000,28838.16000000,42575.47501000,1683244799999,1233816136.16065770,961542,20470.21240000,593281438.93813760,0,BTCUSDT,0.00999999999476131,20124.55491,5589470
2023-05-05,28838.16000000,29677.00000000,28800.00000000,29505.61000000,58415.83048000,1683331199999,1709786814.90113400,1288027,29071.98606000,850975342.64243030,0,BTCUSDT,0.00999999999476131,20125.03221,5589758
2023-05-06,29505.60000000,29820.00000000,28300.00000000,28848.20000000,49249.28459000,1683417599999,1429517892.78050220,1221021,23315.95073000,676717267.01172240,0,BTCUSDT,0.00999999999476131,20126.22969,5589974
2023-05-07,28848.19000000,29138.29000000,28395.23000000,28430.10000000,30003.41028000,1683503999999,865838535.32638210,855425,14904.01102000,430162358.62942520,0,BTCUSDT,0.010000000009313226,20126.29302,5589922
2023-05-08,28430.09000000,28631.01000000,27262.00000000,27668.79000000,68244.36179000,1683590399999,1903052694.66841270,1600637,32347.56935000,901988104.11036000,0,BTCUSDT,0.010000000009313226,20126.49405,5589984
2023-05-09,27668.80000000,27818.00000000,27353.00000000,27628.27000000,40113.31069000,1683676799999,1106923908.30584690,1003698,20094.09737000,554561922.80537130,0,BTCUSDT,0.00999999999476131,20125.67017,5589787
2023-05-10,27628.28000000,28331.42000000,26777.00000000,27598.75000000,71155.11355000,1683763199999,1971173412.43550200,1534579,34398.83676000,953153016.50961890,0,BTCUSDT,0.010000000009313226,20129.98438,5590464
2023-05-11,27598.74000000,27630.14000000,26702.05000000,26968.62000000,47635.31365000,1683849599999,1295799109.01100400,1257000,23270.11723000,632925807.49257740,0,BTCUSDT,0.010000000009313226,20130.24402,5590915
2023-05-12,26968.61000000,27091.12000000,25811.46000000,26795.01000000,67207.93494000,1683935999999,1777052127.73109300,1351633,33147.27251000,876487224.25504230,0,BTCUSDT,0.00999999999476131,20132.0187,5591030
2023-05-13,26795.01000000,27045.45000000,26692.03000000,26775.28000000,22814.90421000,1684022399999,612062852.08668820,605049,10959.29947000,294038915.03262630,0,BTCUSDT,0.010000000009313226,20132.25868,5591242
2023-05-14,26775.27000000,27200.00000000,26560.53000000,26917.62000000,21594.80360000,1684108799999,580801698.00026930,629537,10672.14983000,287060095.33152760,0,BTCUSDT,0.010000000009313226,20132.19356,5591080
2023-05-15,26917.61000000,27663.59000000,26726.00000000,27162.14000000,40430.08333000,1684195199999,1104633264.13157390,935914,19301.24631000,527237637.33101340,0,BTCUSDT,0.00999999999476131,20134.07275,5591306
2023-05-16,27162.15000000,27296.89000000,26852.11000000,27033.84000000,33270.45451000,1684281599999,900273404.60103310,815642,15970.99932000,432214355.05613440,0,BTCUSDT,0.00999999999476131,20136.63091,5591860
2023-05-17,27033.85000000,27500.00000000,26544.71000000,27405.61000000,42958.97785000,1684367999999,1159714527.63526350,1016823,21634.02212000,584185553.79130670,0,BTCUSDT,0.00999999999476131,20144.98908,5593158
2023-05-18,27405.62000000,27485.33000000,26361.20000000,26821.28000000,49198.65143000,1684454399999,1330745572.69463720,1057318,23659.89374000,640128055.90684370,0,BTCUSDT,0.010000000009313226,20145.40861,5593242
2023-05-19,26821.28000000,27183.60000000,26630.00000000,26880.26000000,28754.13544000,1684540799999,772864757.16330480,756295,13622.24812000,366169697.38708070,0,BTCUSDT,0.00999999999476131,20145.57621,5593364
2023-05-20,26880.26000000,27150.00000000,26825.11000000,27102.43000000,14434.54718000,1684627199999,389225653.74516690,481382,6769.94368000,182562924.63416340,0,BTCUSDT,0.00999999999476131,20145.09219,5593689
2023-05-21,27102.42000000,27277.55000000,26666.03000000,26747.78000000,21347.87279000,1684713599999,575213570.27944220,568937,9855.43959000,265526847.33206750,0,BTCUSDT,0.010000000009313226,20145.29749,5593744
2023-05-22,26747.78000000,27099.89000000,26538.21000000,26849.27000000,26458.83828000,1684799999999,709594996.72427440,717111,12639.67925000,338982776.45968190,0,BTCUSDT,0.010000000009313226,20145.78103,5594451
2023-05-23,26849.28000000,27495.83000000,26798.11000000,27219.61000000,38700.83858000,1684886399999,1054565781.60237520,816399,18966.20117000,516737777.26524950,0,BTCUSDT,0.00999999999476131,20146.66433,5594642
2023-05-24,27219.61000000,27219.61000000,26080.50000000,26329.01000000,54393.06570000,1684972799999,1442636235.45435520,1012767,26698.91191000,707870181.81634380,0,BTCUSDT,0.010000000009313226,20145.17918,5595066
2023-05-25,26329.00000000,26631.98000000,25871.89000000,26473.79000000,37435.44895000,1685059199999,984117789.70176120,753125,17773.08882000,467287939.93959180,0,BTCUSDT,0.00999999999476131,20145.73197,5595621
2023-05-26,26473.80000000,26932.16000000,26327.24000000,26705.92000000,35061.18713000,1685145599999,932817724.59401000,655755,16507.37461000,439209106.74467190,0,BTCUSDT,0.00999999999476131,20146.43044,5595367
2023-05-27,26705.93000000,26895.00000000,26551.00000000,26854.27000000,15095.68670000,1685231999999,403337263.03449080,415694,7152.30076000,191116596.77267230,0,BTCUSDT,0.010000000009313226,20146.63527,5595388
2023-05-28,26854.28000000,28261.32000000,26764.36000000,28065.00000000,43916.00855000,1685318399999,1205762341.97049520,843861,23346.55866000,640869473.60044430,0,BTCUSDT,0.00999999999476131,20146.71373,5595402
2023-05-29,28065.01000000,28447.14000000,27524.60000000,27736.40000000,42385.41945000,1685404799999,1182678581.63466910,805579,20199.85331000,563722083.65919410,0,BTCUSDT,0.010000000009313226,20147.20773,5596176
2023-05-30,27736.39000000,28038.59000000,27554.00000000,27694.40000000,32686.75371000,1685491199999,908653906.00727420,745633,15196.52438000,422438614.85257250,0,BTCUSDT,0.00999999999476131,20147.92923,5596867
2023-05-31,27694.39000000,27835.51000000,26839.01000000,27210.35000000,46588.80573000,1685577599999,1265952178.77986840,908537,21962.66824000,596493723.43926400,0,BTCUSDT,0.00999999999476131,20148.41613,5597005
2023-06-01,27210.36000000,27350.00000000,26605.05000000,26817.93000000,39217.80880000,1685663999999,1055132509.86583420,814389,18620.69161000,500960557.92278290,0,BTCUSDT,0.00999999999476131,20148.75152,5597197
2023-06-02,26817.93000000,27300.00000000,26505.00000000,27242.59000000,36380.90269000,1685750399999,983857061.64084190,811087,18134.67738000,490485191.78806760,0,BTCUSDT,0.00999999999476131,20148.88789,5597391
2023-06-03,27242.59000000,27333.29000000,26914.93000000,27069.22000000,16595.34117000,1685836799999,450588672.47040810,466520,7745.78680000,210327639.56108250,0,BTCUSDT,0.010000000009313226,20149.70975,5597542
2023-06-04,27069.22000000,27455.02000000,26951.00000000,27115.21000000,19258.41049000,1685923199999,523747237.43896960,504474,9511.72432000,258699846.47588030,0,BTCUSDT,0.00999999999476131,20150.10625,5597569
2023-06-05,27115.20000000,27129.33000000,25388.00000000,25728.20000000,65805.60305000,1686009599999,1722665798.09203020,1420829,30583.35138000,799867474.21258980,0,BTCUSDT,0.010000000009313226,20150.48583,5597732
2023-06-06,25728.20000000,27355.33000000,25351.02000000,27230.08000000,68392.60438000,1686095999999,1797636024.08121260,1345725,35083.78790000,922716234.21001140,0,BTCUSDT,0.010000000009313226,20150.55608,5597844
2023-06-07,27230.07000000,27391.77000000,26125.01000000,26339.34000000,59619.44364000,1686182399999,1589291467.53723290,1311928,28095.50924000,749083400.12038920,0,BTCUSDT,0.00999999999476131,20151.57395,5598411
2023-06-08,26339.34000000,26810.00000000,26210.00000000,26498.61000000,31075.51083000,1686268799999,823023638.23687500,848252,14614.60741000,387105933.43997990,0,BTCUSDT,0.00999999999476131,20152.41108,5599193
2023-06-09,26498.62000000,26783.33000000,26269.91000000,26477.81000000,27934.70970000,1686355199999,741158215.05390230,746911,12757.07361000,338454644.89561430,0,BTCUSDT,0.00999999999476131,20153.49201,5599238
2023-06-10,26477.80000000,26533.87000000,25358.00000000,25841.21000000,64944.60108000,1686441599999,1673795235.40089230,1713871,31558.13098000,813190388.24856080,0,BTCUSDT,0.00999999999476131,20149.51971,5598902
2023-06-11,25841.22000000,26206.88000000,25634.70000000,25925.55000000,30014.29595000,1686527999999,776111471.86699710,833902,14266.10759000,368954010.80744420,0,BTCUSDT,0.010000000009313226,20149.05791,5598851
2023-06-12,25925.54000000,26106.48000000,25602.11000000,25905.19000000,29900.50893000,1686614399999,773303698.86332210,858037,14219.97114000,367770742.66004000,0,BTCUSDT,0.010000000009313226,20149.18841,5598853
2023-06-13,25905.20000000,26433.21000000,25712.57000000,25934.25000000,41065.60853000,1686700799999,1068985236.51265540,1007138,20120.32689000,523776704.24149100,0,BTCUSDT,0.010000000009313226,20150.93377,5599514
2023-06-14,25934.24000000,26098.00000000,24820.56000000,25128.60000000,45077.31608000,1686787199999,1152808416.91979290,957418,20726.13761000,530122336.37885320,0,BTCUSDT,0.00999999999476131,20149.49027,5599758
2023-06-15,25128.60000000,25759.01000000,24800.00000000,25598.49000000,48664.86063000,1686873599999,1224436974.85028730,943268,24035.81623000,604884325.24625680,0,BTCUSDT,0.00999999999476131,20149.509,5599645
2023-06-16,25598.49000000,26518.00000000,25175.56000000,26345.00000000,51596.91662000,1686959999999,1335158158.63961400,926194,24055.65943000,622525707.60499810,0,BTCUSDT,0.00999999999476131,20149.74644,5599958
2023-06-17,26345.01000000,26839.99000000,26181.00000000,26516.99000000,27842.21950000,1687046399999,738491809.88116250,666967,13843.65158000,367248705.00540730,0,BTCUSDT,0.010000000009313226,20150.03156,5600293
2023-06-18,26516.99000000,26700.00000000,26255.85000000,26339.97000000,21538.31022000,1687132799999,571013013.85533620,555956,10367.07533000,274864183.44428690,0,BTCUSDT,0.010000000009313226,20152.08021,5600397
2023-06-19,26339.98000000,27068.09000000,26256.61000000,26844.35000000,35872.65974000,1687219199999,954193987.29481130,732735,17593.19977000,468128198.05453100,0,BTCUSDT,0.010000000009313226,20152.04417,5600007
2023-06-20,26844.35000000,28402.74000000,26652.00000000,28307.99000000,69666.95525000,1687305599999,1912797983.53100540,1189024,35052.57462000,962782935.68992990,0,BTCUSDT,0.00999999999476131,20152.0581,5599729
2023-06-21,28308.00000000,30800.00000000,28257.99000000,29993.89000000,108926.40412000,1687391999999,3210301129.36629090,1872873,55846.96952000,1646165465.24493830,0,BTCUSDT,0.00999999999476131,20152.19604,5599879
2023-06-22,29993.89000000,30500.00000000,29525.61000000,29884.92000000,59054.56460000,1687478399999,1775822103.76325550,1146092,27902.93312000,839284260.17982540,0,BTCUSDT,0.010000000009313226,20152.77608,5600343
2023-06-23,29884.92000000,31431.94000000,29800.00000000,30688.50000000,73931.89635000,1687564799999,2265077496.19546880,1338533,36289.31740000,1112439184.95065560,0,BTCUSDT,0.010000000009313226,20153.02568,5600420
2023-06-24,30688.51000000,30800.00000000,30250.00000000,30527.43000000,30513.30135000,1687651199999,933244397.70400210,776343,14497.56447000,443500647.92208220,0,BTCUSDT,0.00999999999476131,20153.15376,5600639
2023-06-25,30527.44000000,31046.01000000,30277.49000000,30462.66000000,30223.44801000,1687737599999,926316644.41676650,789910,14627.97473000,448414594.55878750,0,BTCUSDT,0.00999999999476131,20153.16776,5600569
2023-06-26,30462.67000000,30666.00000000,29930.00000000,30267.99000000,45180.41489000,1687823999999,1367837657.54518250,954783,22277.58284000,674540668.57266040,0,BTCUSDT,0.010000000009313226,20153.59248,5600718
2023-06-27,30267.99000000,30994.97000000,30226.17000000,30692.44000000,42699.64157000,1687910399999,1306206257.01935710,824373,21151.29517000,647203906.76564110,0,BTCUSDT,0.010000000009313226,20154.16134,5600991
2023-06-28,30692.44000000,30709.74000000,29858.80000000,30077.41000000,40463.51937000,1687996799999,1224103637.61325620,895470,19176.75428000,580226725.83338870,0,BTCUSDT,0.010000000009313226,20153.45317,5600826
2023-06-29,30077.40000000,30843.98000000,30049.98000000,30447.31000000,36330.62903000,1688083199999,1107940389.92424060,758428,17834.38857000,543872730.26172690,0,BTCUSDT,0.00999999999476131,20153.91178,5601493
2023-06-30,30447.31000000,31282.00000000,29500.00000000,30472.00000000,89419.07618000,1688169599999,2726355505.50635030,1559366,44319.81254000,1351735332.85857690,0,BTCUSDT,0.00999999999476131,20153.72525,5601642
2023-07-01,30471.99000000,30661.60000000,30320.57000000,30585.90000000,17501.75075000,1688255999999,533859338.13253830,567975,8102.13876000,247175148.95076600,0,BTCUSDT,0.00999999999476131,20153.12472,5601277
2023-07-02,30585.90000000,30791.00000000,30155.00000000,30617.03000000,23286.41019000,1688342399999,711031423.43344250,591533,10630.24740000,324616031.95816840,0,BTCUSDT,0.00999999999476131,20156.25285,5601687
2023-07-03,30617.02000000,31380.00000000,30570.27000000,31156.20000000,43761.64311000,1688428799999,1352635339.50439350,781855,20885.94331000,645698735.37734940,0,BTCUSDT,0.00999999999476131,20156.69253,5601947
2023-07-04,31156.20000000,31350.69000000,30620.00000000,30766.51000000,33206.11943000,1688515199999,1028794008.52452120,779472,14107.36566000,437126154.08412250,0,BTCUSDT,0.00999999999476131,20157.50937,5602705
2023-07-05,30766.52000000,30878.07000000,30200.00000000,30504.81000000,33215.67122000,1688601599999,1013694790.31705010,827926,15619.11716000,476478254.94341330,0,BTCUSDT,0.00999999999476131,20158.33989,5603207
2023-07-06,30504.80000000,31500.00000000,29850.45000000,29895.43000000,71319.62610000,1688687999999,2181763648.99526960,1397042,33952.63237000,1039137135.29355100,0,BTCUSDT,0.010000000009313226,20159.74028,5603660
2023-07-07,29895.42000000,30449.00000000,29701.02000000,30344.70000000,34070.53895000,1688774399999,1027461795.23320910,912948,14875.86309000,448638761.38389170,0,BTCUSDT,0.00999999999476131,20159.91734,5603690
2023-07-08,30344.70000000,30386.81000000,30044.47000000,30284.63000000,13094.59042000,1688860799999,395759717.57242780,480214,5990.91468000,181083431.19993060,0,BTCUSDT,0.010000000009313226,20160.44773,5603693
2023-07-09,30284.63000000,30445.52000000,30061.12000000,30160.71000000,15388.50196000,1688947199999,465781514.25894760,473168,7017.35093000,212433521.88972890,0,BTCUSDT,0.00999999999476131,20161.38587,5604898
2023-07-10,30160.71000000,31045.78000000,29950.00000000,30411.57000000,41262.87652000,1689033599999,1254289037.74207280,896853,19574.23470000,595390893.14500850,0,BTCUSDT,0.010000000009313226,20161.61377,5605161
2023-07-11,30411.57000000,30813.63000000,30300.00000000,30622.10000000,28476.83311000,1689119999999,868966244.24126920,691213,13670.16079000,417204801.16296210,0,BTCUSDT,0.00999999999476131,20161.66728,5605183
2023-07-12,30622.10000000,30983.25000000,30210.00000000,30380.00000000,38108.99669000,1689206399999,1166497472.43317290,784195,18251.27965000,558742524.93122870,0,BTCUSDT,0.00999999999476131,20159.99902,5605264
2023-07-13,30380.00000000,31804.20000000,30251.00000000,31454.23000000,70772.51836000,1689292799999,2194927210.22441580,1301632,36084.84178000,1119542855.15131710,0,BTCUSDT,0.00999999999476131,20162.35409,5605024
2023-07-14,31454.23000000,31630.00000000,29900.00000000,30312.01000000,60749.48424000,1689379199999,1869443273.74762430,1274387,28513.77996000,877642037.82244150,0,BTCUSDT,0.010000000009313226,20164.38391,5604856
2023-07-15,30312.00000000,30390.90000000,30200.00000000,30289.52000000,14118.55329000,1689465599999,427921094.30217830,488354,6430.54981000,194912673.91192170,0,BTCUSDT,0.010000000009313226,20163.57475,5605376
2023-07-16,30289.52000000,30441.46000000,30064.29000000,30231.99000000,15760.12810000,1689551999999,477189328.00729370,494225,7322.44372000,221713710.22324300,0,BTCUSDT,0.00999999999476131,20163.6155,5605578
2023-07-17,30232.00000000,30336.96000000,29659.20000000,30138.00000000,30882.76839000,1689638399999,929647644.24334300,816466,14352.21893000,432105955.45477030,0,BTCUSDT,0.00999999999476131,20161.81567,5605648
2023-07-18,30138.01000000,30239.78000000,29512.00000000,29859.13000000,30003.86010000,1689724799999,897157095.47741110,754775,13771.19621000,411748868.06291270,0,BTCUSDT,0.00999999999476131,20163.21783,5607032
2023-07-19,29859.14000000,30189.09000000,29761.96000000,29909.21000000,25657.36137000,1689811199999,769254865.28511510,617415,12260.98321000,367624217.91743550,0,BTCUSDT,0.010000000009313226,20163.14215,5606973
2023-07-20,29909.21000000,30417.46000000,29570.96000000,29800.00000000,37540.68193000,1689897599999,1125950643.71164950,749723,18061.33493000,541742405.52049780,0,BTCUSDT,0.00999999999476131,20160.30357,5607157
2023-07-21,29800.00000000,30061.70000000,29726.34000000,29901.72000000,23881.40865000,1689983999999,713123417.76121390,555611,11566.38840000,345404092.64590830,0,BTCUSDT,0.00999999999476131,20160.42042,5607338
2023-07-22,29901.72000000,29999.00000000,29625.10000000,29794.00000000,14660.40467000,1690070399999,437785700.33961020,423988,6725.50525000,200848375.44856950,0,BTCUSDT,0.00999999999476131,20158.63773,5607059
2023-07-23,29793.99000000,30350.00000000,29730.00000000,30083.75000000,18292.78637000,1690156799999,548940321.09158660,519434,8889.35695000,266761143.41169810,0,BTCUSDT,0.010000000009313226,20158.82684,5607478
2023-07-24,30083.75000000,30099.58000000,28861.90000000,29176.50000000,39628.99691000,1690243199999,1162562413.81901540,869107,18047.66786000,529388757.49158140,0,BTCUSDT,0.00999999999476131,20158.71926,5607246
2023-07-25,29176.50000000,29376.00000000,29047.65000000,29228.91000000,21565.74780000,1690329599999,629531351.11456640,533797,10257.29455000,299466722.19760850,0,BTCUSDT,0.00999999999476131,20157.98453,5607529
2023-07-26,29228.91000000,29690.00000000,29096.94000000,29351.96000000,33931.63366000,1690415999999,995569172.13968360,750401,15987.94266000,469155943.83416000,0,BTCUSDT,0.00999999999476131,20158.19488,5607587
2023-07-27,29351.95000000,29567.49000000,29083.85000000,29222.78000000,22476.47626000,1690502399999,659594157.34435760,583045,10384.95749000,304728875.73123620,0,BTCUSDT,0.010000000009313226,20156.48736,5607870
2023-07-28,29222.78000000,29542.22000000,29123.12000000,29314.14000000,23993.61627000,1690588799999,702705076.83786600,543177,11422.36141000,334588917.08832910,0,BTCUSDT,0.00999999999476131,20157.12525,5608025
2023-07-29,29314.14000000,29406.92000000,29256.18000000,29352.90000000,10851.36844000,1690675199999,318276733.87664310,339750,5443.09222000,159659088.16467640,0,BTCUSDT,0.00999999999476131,20157.21077,5608470
2023-07-30,29352.90000000,29449.00000000,29033.24000000,29281.09000000,15706.97441000,1690761599999,459830379.65098240,454846,7720.41654000,226012721.37053510,0,BTCUSDT,0.00999999999476131,20155.52364,5608096
2023-07-31,29281.09000000,29530.00000000,29101.80000000,29232.25000000,22605.48964000,1690847999999,663025204.20723460,563115,11029.22580000,323482162.29208640,0,BTCUSDT,0.00999999999476131,20155.52833,5608099
2023-08-01,29232.26000000,29739.25000000,28585.70000000,29705.99000000,44719.65162000,1690934399999,1299160215.07792410,900141,21831.75056000,634595648.94353090,0,BTCUSDT,0.010000000009313226,20155.25333,5608456
2023-08-02,29705.99000000,30047.50000000,28927.50000000,29186.01000000,48181.65141000,1691020799999,1419729744.64975190,945158,22953.81440000,676256840.27505930,0,BTCUSDT,0.00999999999476131,20156.7996,5608909
2023-08-03,29186.00000000,29433.33000000,28968.00000000,29193.64000000,26476.91994000,1691107199999,773302705.49476290,651970,12901.09228000,376856740.48839370,0,BTCUSDT,0.00999999999476131,20156.82078,5609041
2023-08-04,29193.65000000,29333.08000000,28807.54000000,29113.99000000,23551.95217000,1691193599999,686643453.39309040,544850,10539.62903000,307284659.32142800,0,BTCUSDT,0.010000000009313226,20155.1989,5608991
2023-08-05,29114.00000000,29152.23000000,28978.64000000,29072.13000000,11645.52018000,1691279999999,338478560.12182470,331924,5491.49620000,159611625.16587780,0,BTCUSDT,0.010000000009313226,20154.71648,5608703
2023-08-06,29072.13000000,29205.09000000,28991.88000000,29088.42000000,13178.19720000,1691366399999,383209498.87775050,338654,6471.24487000,188192943.69621700,0,BTCUSDT,0.010000000009313226,20154.62114,5608778
2023-08-07,29088.43000000,29276.78000000,28701.03000000,29211.06000000,30966.87746000,1691452799999,899492595.68127170,671438,15375.49318000,446702609.56457520,0,BTCUSDT,0.010000000009313226,20154.72154,5609032
2023-08-08,29211.06000000,30244.00000000,29146.45000000,29770.42000000,45700.53392000,1691539199999,1352934531.66596730,877168,24189.62133000,716161501.57303640,0,BTCUSDT,0.010000000009313226,20154.48917,5608967
2023-08-09,29770.41000000,30160.00000000,29376.67000000,29581.99000000,38003.88725000,1691625599999,1130396850.09741150,750252,18700.85778000,556446376.25178500,0,BTCUSDT,0.010000000009313226,20152.3886,5609030
2023-08-10,29581.99000000,29738.00000000,29320.20000000,29455.75000000,23463.45373000,1691711999999,692863472.08772490,513691,11204.06553000,330886650.20038180,0,BTCUSDT,0.00999999999476131,20152.46789,5609153
2023-08-11,29455.76000000,29564.52000000,29252.45000000,29426.03000000,20637.04430000,1691798399999,607176051.30153670,437828,9803.94004000,288451712.10020850,0,BTCUSDT,0.00999999999476131,20150.61774,5609452
2023-08-12,29426.02000000,29481.35000000,29381.56000000,29430.17000000,8971.48068000,1691884799999,263949405.54340290,310852,4181.99127000,123039182.15878990,0,BTCUSDT,0.00999999999476131,20150.84718,5609443
2023-08-13,29430.18000000,29474.65000000,29272.32000000,29303.84000000,11101.70947000,1691971199999,326264625.22968240,341726,5257.07008000,154501729.24734910,0,BTCUSDT,0.010000000009313226,20149.95032,5609717
2023-08-14,29303.85000000,29695.32000000,29102.45000000,29430.93000000,31443.11532000,1692057599999,924613476.68179900,671592,15036.11048000,442247506.16738440,0,BTCUSDT,0.00999999999476131,20148.33371,5609665
2023-08-15,29430.92000000,29499.26000000,29059.60000000,29200.00000000,27503.87691000,1692143999999,806683957.31001560,591162,12751.63951000,374046205.25905360,0,BTCUSDT,0.00999999999476131,20147.9815,5609031
2023-08-16,29200.01000000,29259.85000000,28723.08000000,28730.51000000,32996.69854000,1692230399999,959870747.00631420,768028,14761.86053000,429510396.42982370,0,BTCUSDT,0.00999999999476131,20147.70838,5608834
2023-08-17,28730.51000000,28783.48000000,25166.00000000,26623.41000000,100271.54033000,1692316799999,2755821274.34060490,1976577,47495.99471000,1302553963.31062280,0,BTCUSDT,0.00999999999476131,20147.84663,5609416
2023-08-18,26623.41000000,26832.60000000,25619.00000000,26054.00000000,69790.65711000,1692403199999,1834219523.69940400,1293122,33522.24573000,881095856.19440350,0,BTCUSDT,0.00999999999476131,20147.97898,5609847
2023-08-19,26054.00000000,26281.00000000,25801.09000000,26100.01000000,26160.75343000,1692489599999,680623880.82475540,615764,12952.29598000,337010159.81151820,0,BTCUSDT,0.00999999999476131,20148.10012,5610334
2023-08-20,26100.01000000,26299.00000000,25971.05000000,26189.99000000,19056.91209000,1692575999999,497880752.23011580,451543,9909.12930000,258890029.08250630,0,BTCUSDT,0.010000000009313226,20148.15896,5610416
2023-08-21,26190.00000000,26258.42000000,25812.00000000,26126.92000000,30267.24233000,1692662399999,788205156.32159240,565987,14052.07264000,365942107.34064460,0,BTCUSDT,0.010000000009313226,20148.15866,5610440
2023-08-22,26126.92000000,26139.42000000,25300.00000000,26056.00000000,34247.06688000,1692748799999,886782344.16029290,603624,16436.92888000,425661908.61497380,0,BTCUSDT,0.00999999999476131,20148.45238,5610570
2023-08-23,26055.99000000,26819.27000000,25812.82000000,26432.72000000,44023.69978000,1692835199999,1156326251.92241100,673711,21955.66524000,576734438.29540010,0,BTCUSDT,0.00999999999476131,20148.44352,5610292
2023-08-24,26432.71000000,26577.87000000,25864.00000000,26180.05000000,30205.22116000,1692921599999,792966965.89826580,575619,13987.93493000,367233375.41684340,0,BTCUSDT,0.00999999999476131,20148.38905,5610210
2023-08-25,26180.05000000,26314.05000000,25777.15000000,26060.01000000,27753.33772000,1693007999999,722611079.18980740,611438,13258.65894000,345214226.91825400,0,BTCUSDT,0.00999999999476131,20148.40206,5610220
2023-08-26,26060.00000000,26125.77000000,25985.92000000,26017.37000000,10022.22322000,1693094399999,261041530.47580380,329412,4681.90628000,121952627.59767490,0,BTCUSDT,0.00999999999476131,20147.67683,5609886
2023-08-27,26017.38000000,26182.23000000,25966.11000000,26101.77000000,12099.64216000,1693180799999,315548363.01937760,349090,6170.48664000,160918200.39360970,0,BTCUSDT,0.00999999999476131,20148.08453,5610271
2023-08-28,26101.78000000,26253.99000000,25864.50000000,26120.00000000,22692.62655000,1693267199999,591008939.17657000,523057,10912.40549000,284226173.79343950,0,BTCUSDT,0.010000000009313226,20146.23577,5610532
2023-08-29,26120.00000000,28142.85000000,25922.00000000,27716.34000000,74251.99488000,1693353599999,2023326050.75847910,1137083,37945.55071000,1034244032.38146630,0,BTCUSDT,0.00999999999476131,20145.87904,5610457
2023-08-30,27716.34000000,27768.57000000,27017.24000000,27299.99000000,35448.25848000,1693439999999,969086451.16252570,690292,16715.57712000,456926409.72973200,0,BTCUSDT,0.00999999999476131,20147.10618,5611101
2023-08-31,27299.99000000,27587.51000000,25655.01000000,25940.78000000,51032.80401000,1693526399999,1360373186.01167090,944690,24598.11397000,655707233.88490080,0,BTCUSDT,0.00999999999476131,20147.0723,5611229
2023-09-01,25940.77000000,26156.00000000,25333.75000000,25805.05000000,41032.15056000,1693612799999,1059444591.70974940,881179,19960.99030000,515429946.18317240,0,BTCUSDT,0.00999999999476131,20150.91346,5611702
2023-09-02,25805.04000000,25987.50000000,25752.47000000,25869.51000000,16250.77698000,1693699199999,419812969.94685980,567728,7634.91416000,197234437.02204840,0,BTCUSDT,0.010000000009313226,20151.29506,5611733
2023-09-03,25869.52000000,26135.00000000,25800.00000000,25971.21000000,17474.47667000,1693785599999,453100690.10210770,496412,8583.16498000,222581536.02684670,0,BTCUSDT,0.010000000009313226,20151.26926,5611872
2023-09-04,25971.21000000,26108.02000000,25631.21000000,25826.02000000,21777.59609000,1693871999999,563532890.56999930,596830,10177.36860000,263365883.42955560,0,BTCUSDT,0.00999999999476131,20151.35839,5611921
2023-09-05,25826.03000000,25915.49000000,25562.62000000,25792.10000000,21323.39337000,1693958399999,548893707.60020050,566736,9926.65838000,255537038.46609570,0,BTCUSDT,0.00999999999476131,20151.40641,5612036
2023-09-06,25792.11000000,26040.00000000,25372.51000000,25759.95000000,27262.52386000,1694044799999,700763180.80116770,636302,12736.70564000,327416444.78409590,0,BTCUSDT,0.00999999999476131,20151.37075,5612176
2023-09-07,25759.95000000,26443.14000000,25615.38000000,26255.00000000,27687.49567000,1694131199999,718923008.90711830,631929,13506.19156000,350741324.29203730,0,BTCUSDT,0.00999999999476131,20151.42698,5612265
2023-09-08,26255.00000000,26445.50000000,25647.26000000,25910.50000000,28999.76471000,1694217599999,754184537.10969230,646852,14238.89945000,370236844.43140760,0,BTCUSDT,0.00999999999476131,20150.90753,5612257
2023-09-09,25910.50000000,25945.09000000,25796.64000000,25901.61000000,10980.62277000,1694303999999,284109473.80757830,359038,5212.44349000,134863388.76288590,0,BTCUSDT,0.00999999999476131,20150.74901,5612125
2023-09-10,25901.60000000,26033.66000000,25570.57000000,25841.61000000,18738.26914000,1694390399999,483577459.20553450,489773,8747.51072000,225752901.04035010,0,BTCUSDT,0.00999999999476131,20150.55048,5611450
2023-09-11,25841.60000000,25900.69000000,24901.00000000,25162.52000000,41682.32000000,1694476799999,1057371884.66970660,864138,19664.90243000,498821645.38522220,0,BTCUSDT,0.00999999999476131,20151.43197,5611633
2023-09-12,25162.53000000,26567.00000000,25131.48000000,25840.10000000,56434.38537000,1694563199999,1464393036.96166230,1047056,27720.51830000,719147319.97870640,0,BTCUSDT,0.00999999999476131,20152.01328,5611637
2023-09-13,25840.10000000,26405.22000000,25764.17000000,26222.00000000,31610.82753000,1694649599999,825437881.46875910,714880,15287.00038000,399099781.62076480,0,BTCUSDT,0.00999999999476131,20152.00804,5611991
2023-09-14,26222.00000000,26860.49000000,26126.77000000,26522.73000000,38333.17250000,1694735999999,1015267319.77302260,799278,19440.45467000,514863794.37838940,0,BTCUSDT,0.010000000009313226,20152.32157,5612162
2023-09-15,26522.73000000,26888.00000000,26224.00000000,26600.00000000,26227.29369000,1694822399999,695203258.00044450,654094,12600.39115000,334045930.76672120,0,BTCUSDT,0.00999999999476131,20151.72255,5612034
2023-09-16,26599.99000000,26777.00000000,26445.00000000,26559.67000000,13960.93351000,1694908799999,370889866.45927350,526416,6508.91352000,172926781.38884230,0,BTCUSDT,0.010000000009313226,20151.69582,5612250
2023-09-17,26559.67000000,26623.25000000,26399.00000000,26527.51000000,12998.10277000,1694995199999,344703727.56010710,476775,6359.89459000,168675580.01646300,0,BTCUSDT,0.00999999999476131,20151.98729,5612239
2023-09-18,26527.50000000,27409.00000000,26377.35000000,26762.51000000,43000.43256000,1695081599999,1158780347.62530490,938705,21551.71605000,580912488.75943090,0,BTCUSDT,0.00999999999476131,20152.08863,5612577
2023-09-19,26762.50000000,27483.57000000,26667.79000000,27210.26000000,36190.52187000,1695167999999,981539255.55962000,898076,17851.15558000,484061308.12493300,0,BTCUSDT,0.00999999999476131,20152.25158,5612678
2023-09-20,27210.25000000,27388.63000000,26800.00000000,27125.00000000,34207.21867000,1695254399999,927206075.96262730,867288,16983.43086000,460402346.17078340,0,BTCUSDT,0.010000000009313226,20152.31195,5612795
2023-09-21,27125.01000000,27159.60000000,26377.70000000,26568.08000000,34476.82662000,1695340799999,920768143.35131270,823416,16878.78202000,450738363.85069850,0,BTCUSDT,0.00999999999476131,20153.4042,5612908
2023-09-22,26568.08000000,26743.38000000,26468.77000000,26580.14000000,18198.22920000,1695427199999,484331618.94853190,567149,8484.09679000,225805692.72356930,0,BTCUSDT,0.010000000009313226,20153.157,5612548
2023-09-23,26580.14000000,26632.81000000,26509.00000000,26575.96000000,9440.70260000,1695513599999,250873957.38867380,421717,4387.19730000,116581214.13013300,0,BTCUSDT,0.00999999999476131,20155.63951,5612398
2023-09-24,26575.97000000,26738.54000000,26122.08000000,26248.38000000,15706.65771000,1695599999999,416368301.37368480,545045,7547.06342000,200078452.01675770,0,BTCUSDT,0.00999999999476131,20156.59664,5612339
2023-09-25,26248.39000000,26446.15000000,25990.46000000,26304.81000000,26266.20390000,1695686399999,688252596.38099440,873488,12654.58207000,331622453.15180550,0,BTCUSDT,0.00999999999476131,20157.10725,5612732
2023-09-26,26304.80000000,26397.46000000,26088.34000000,26221.67000000,18495.35066000,1695772799999,485217905.04210480,697727,8813.76144000,231246870.54745880,0,BTCUSDT,0.00999999999476131,20156.98913,5612608
2023-09-27,26221.68000000,26850.00000000,26112.06000000,26372.99000000,34771.57978000,1695859199999,918797815.04848100,939690,16813.75506000,444221386.42614100,0,BTCUSDT,0.00999999999476131,20156.99733,5612744
2023-09-28,26373.00000000,27308.48000000,26342.40000000,27021.39000000,44517.83491000,1695945599999,1193420040.13091850,1158974,22463.19242000,602340703.60150620,0,BTCUSDT,0.00999999999476131,20156.77966,5612009
2023-09-29,27021.39000000,27244.89000000,26665.16000000,26906.96000000,28478.76219000,1696031999999,767827314.93190890,878610,14409.35554000,388591243.25915250,0,BTCUSDT,0.00999999999476131,20157.72297,5612027
2023-09-30,26906.96000000,27094.99000000,26886.31000000,26962.56000000,12804.62307000,1696118399999,345406056.68069530,534908,6221.24272000,167818583.05995750,0,BTCUSDT,0.010000000009313226,20156.85659,5612081
2023-10-01,26962.57000000,28065.51000000,26954.09000000,27992.57000000,24602.81468000,1696204799999,674657121.99442040,883593,12815.98694000,351622961.47012740,0,BTCUSDT,0.010000000009313226,20158.07775,5612098
2023-10-02,27992.58000000,28580.00000000,27281.44000000,27494.51000000,57071.14241000,1696291199999,1600944483.49020640,1464158,28423.61000000,797598852.47977820,0,BTCUSDT,0.010000000009313226,20158.32676,5612086
2023-10-03,27494.51000000,27676.52000000,27160.50000000,27426.46000000,28928.96555000,1696377599999,794301815.42650200,1202377,13562.03527000,372402100.79675110,0,BTCUSDT,0.010000000009313226,20154.81941,5611823
2023-10-04,27426.45000000,27839.72000000,27202.00000000,27778.57000000,29816.14200000,1696463999999,820421385.25578530,1188381,15077.70185000,414806576.34840140,0,BTCUSDT,0.010000000009313226,20156.03558,5612149
2023-10-05,27778.57000000,28120.39000000,27352.00000000,27410.39000000,30681.49619000,1696550399999,849415594.04725040,1210397,14985.99405000,415039706.58664760,0,BTCUSDT,0.010000000009313226,20156.9923,5612214
2023-10-06,27410.39000000,28295.00000000,27175.94000000,27931.09000000,37983.24277000,1696636799999,1052864393.81761350,1326700,19091.24006000,529241188.55736900,0,BTCUSDT,0.00999999999476131,20157.75875,5612335
2023-10-07,27931.10000000,28029.67000000,27842.08000000,27956.67000000,13348.83825000,1696723199999,372820279.52314300,641623,6392.35089000,178534947.77878390,0,BTCUSDT,0.00999999999476131,20157.79168,5612386
2023-10-08,27956.67000000,28095.14000000,27687.50000000,27917.05000000,19693.56921000,1696809599999,549839951.48008110,822730,9216.08271000,257333249.53307720,0,BTCUSDT,0.00999999999476131,20158.43252,5613051
2023-10-09,27917.06000000,27987.93000000,27260.00000000,27590.12000000,31534.74639000,1696895999999,870014634.36216090,1156525,15077.43003000,415887241.10445000,0,BTCUSDT,0.010000000009313226,20159.31946,5613181
2023-10-10,27590.12000000,27735.00000000,27298.00000000,27390.12000000,22776.84383000,1696982399999,626258724.27757830,1002272,10851.22317000,298354384.69814990,0,BTCUSDT,0.010000000009313226,20159.83482,5613242
2023-10-11,27390.12000000,27477.39000000,26538.66000000,26875.52000000,37349.44706000,1697068799999,1007065585.93464060,1336479,17460.07740000,470620209.78574460,0,BTCUSDT,0.010000000009313226,20159.8991,5613250
2023-10-12,26875.52000000,26947.04000000,26555.00000000,26759.63000000,23428.64112000,1697155199999,626909068.38687170,1066082,11128.85943000,297794983.54123170,0,BTCUSDT,0.010000000009313226,20160.18665,5613114
2023-10-13,26759.63000000,27130.00000000,26685.00000000,26862.00000000,24115.76499000,1697241599999,647553796.35806620,1035322,11209.65389000,301049285.74229300,0,BTCUSDT,0.010000000009313226,20161.24184,5613143
2023-10-14,26862.00000000,26989.58000000,26789.00000000,26852.48000000,10417.25576000,1697327999999,280059019.05340130,517837,4378.85219000,117730324.81867290,0,BTCUSDT,0.010000000009313226,20160.76724,5613116
2023-10-15,26852.48000000,27293.33000000,26808.25000000,27154.15000000,15274.69170000,1697414399999,412673965.34393480,682942,7802.69243000,210833694.13443270,0,BTCUSDT,0.00999999999476131,20160.80352,5613377
2023-10-16,27154.14000000,30000.00000000,27112.66000000,28500.78000000,78399.22445000,1697500799999,2210785548.23609620,2289339,40738.04173000,1148700588.67933450,0,BTCUSDT,0.00999999999476131,20159.60446,5613177
2023-10-17,28500.77000000,28613.65000000,28069.32000000,28395.91000000,38428.44532000,1697587199999,1090741746.48308740,1345810,18994.06799000,539218488.34158590,0,BTCUSDT,0.00999999999476131,20159.55581,5612860
2023-10-18,28395.91000000,28982.36000000,28142.87000000,28320.00000000,32162.47591000,1697673599999,914773525.15275810,1215235,15590.14442000,443515753.81707720,0,BTCUSDT,0.00999999999476131,20159.67548,5613079
2023-10-19,28320.00000000,28916.89000000,28100.66000000,28713.71000000,35895.50179000,1697759999999,1023984017.03227880,1330256,18427.23743000,525695852.56325010,0,BTCUSDT,0.00999999999476131,20160.65528,5613043
2023-10-20,28713.71000000,30207.55000000,28578.29000000,29669.04000000,59422.09920000,1697846399999,1753411192.55109090,1915748,29466.75927000,869634841.32812210,0,BTCUSDT,0.010000000009313226,20163.6,5613641
2023-10-21,29669.05000000,30379.99000000,29464.77000000,29909.80000000,27517.51897000,1697932799999,821964508.43536290,1152137,13836.12444000,413323530.34217960,0,BTCUSDT,0.010000000009313226,20163.3374,5613515
2023-10-22,29909.80000000,30248.00000000,29640.00000000,29992.46000000,22852.54563000,1698019199999,683854827.89693230,1008299,11161.46844000,334011129.23149610,0,BTCUSDT,0.00999999999476131,20163.30751,5613086
2023-10-23,29992.46000000,34741.91000000,29883.60000000,33069.99000000,93513.64246000,1698105599999,2941620022.86518770,2839938,47839.23087000,1505815243.56769950,0,BTCUSDT,0.00999999999476131,20163.4209,5613077
2023-10-24,33069.99000000,35280.00000000,32832.34000000,33922.73000000,115265.02418000,1698191999999,3933194868.16119640,2850160,57409.31981000,1959449469.46579320,0,BTCUSDT,0.00999999999476131,20163.43316,5612988
2023-10-25,33922.73000000,35132.85000000,33679.05000000,34496.05000000,54887.02529000,1698278399999,1888210825.60638280,1643976,26150.50377000,900236395.37262640,0,BTCUSDT,0.00999999999476131,20163.3894,5612982
2023-10-26,34496.05000000,34824.13000000,33751.00000000,34151.66000000,39744.66255000,1698364799999,1363077907.10911990,1382785,18528.43061000,635547858.49281820,0,BTCUSDT,0.00999999999476131,20164.27906,5613190
2023-10-27,34151.66000000,34245.00000000,33390.95000000,33892.02000000,32330.40106000,1698451199999,1096889423.41984200,1112240,14310.32429000,485405697.92440140,0,BTCUSDT,0.00999999999476131,20164.49128,5613130
2023-10-28,33892.01000000,34493.33000000,33860.00000000,34081.00000000,16880.13144000,1698537599999,575936523.34735300,607438,8313.30759000,283656619.58636190,0,BTCUSDT,0.010000000009313226,20164.93344,5613223
2023-10-29,34081.01000000,34750.11000000,33930.00000000,34525.89000000,20685.52176000,1698623999999,711652985.17909640,717480,10053.96096000,345933681.79684670,0,BTCUSDT,0.010000000009313226,20165.67979,5613226
2023-10-30,34525.88000000,34856.00000000,34062.84000000,34474.73000000,33657.95976000,1698710399999,1159771907.64210540,1117727,15237.56781000,525162190.53711940,0,BTCUSDT,0.010000000009313226,20167.6518,5613565
2023-10-31,34474.74000000,34720.49000000,34025.00000000,34639.77000000,32737.89822000,1698796799999,1125442444.48848820,1179053,15843.79500000,544722903.49684810,0,BTCUSDT,0.00999999999476131,20167.65366,5613559
2023-11-01,34639.78000000,35582.00000000,34097.39000000,35421.43000000,53473.28165000,1698883199999,1856348820.47945360,1624635,25779.00290000,895387891.46766650,0,BTCUSDT,0.00999999999476131,20168.10034,5613736
2023-11-02,35421.43000000,35984.99000000,34300.00000000,34941.59000000,48015.57732000,1698969599999,1686141698.09217100,1450837,23303.35350000,818365718.95493110,0,BTCUSDT,0.00999999999476131,20167.40532,5613293
2023-11-03,34941.58000000,34946.50000000,34120.00000000,34716.78000000,39071.20644000,1699055999999,1347962831.56586230,1237373,19168.85669000,661176167.77493460,0,BTCUSDT,0.00999999999476131,20167.40162,5613293
2023-11-04,34716.78000000,35255.00000000,34585.18000000,35062.07000000,18377.55545000,1699142399999,639958598.41983530,794787,9229.16649000,321479754.91729340,0,BTCUSDT,0.00999999999476131,20167.43027,5613599
2023-11-05,35062.06000000,35380.00000000,34448.00000000,35011.88000000,24528.73376000,1699228799999,859350974.00148930,1038468,11870.33193000,415912075.90000270,0,BTCUSDT,0.00999999999476131,20167.59911,5613842
2023-11-06,35011.89000000,35276.33000000,34725.90000000,35046.09000000,22346.47086000,1699315199999,782427702.26532050,988246,10770.27727000,377126281.15309060,0,BTCUSDT,0.00999999999476131,20165.53982,5614029
2023-11-07,35046.09000000,35888.00000000,34523.06000000,35399.12000000,38688.73692000,1699401599999,1358031361.19785270,1352796,19375.26868000,680382009.65994160,0,BTCUSDT,0.00999999999476131,20166.07704,5614422
2023-11-08,35399.13000000,36106.00000000,35100.00000000,35624.72000000,33401.34137000,1699487999999,1185492160.49272780,1132568,17192.82450000,610314635.37988970,0,BTCUSDT,0.00999999999476131,20166.12593,5614633
2023-11-09,35624.72000000,37972.24000000,35534.05000000,36701.09000000,82537.88885000,1699574399999,3033417922.78268170,2138765,42156.81236000,1550254981.04518770,0,BTCUSDT,0.00999999999476131,20167.21723,5615303
2023-11-10,36701.10000000,37526.00000000,36324.71000000,37301.63000000,43414.04898000,1699660799999,1605069174.52410320,1297729,21388.56879000,790671818.76836700,0,BTCUSDT,0.00999999999476131,20166.93292,5615315
2023-11-11,37301.63000000,37408.26000000,36666.93000000,37130.00000000,22984.97235000,1699747199999,851924612.73394270,923300,10728.65792000,397673179.66791970,0,BTCUSDT,0.010000000009313226,20167.05256,5615621
2023-11-12,37129.99000000,37222.22000000,36731.10000000,37064.13000000,17687.18874000,1699833599999,655570813.13827110,810885,8506.46051000,315285367.54474800,0,BTCUSDT,0.010000000009313226,20167.9703,5615731
2023-11-13,37064.13000000,37417.99000000,36333.00000000,36462.93000000,32798.18252000,1699919999999,1208037462.30414440,1217191,15442.44512000,568916594.91131740,0,BTCUSDT,0.00999999999476131,20167.67983,5615498
2023-11-14,36462.93000000,36744.00000000,34800.00000000,35551.19000000,45503.68416000,1700006399999,1639130785.08681010,1404428,21205.18615000,763841642.88087800,0,BTCUSDT,0.00999999999476131,20169.75687,5616384
2023-11-15,35551.20000000,37980.00000000,35360.00000000,37858.20000000,53569.13385000,1700092799999,1963249656.50947370,1545427,28142.14240000,1031669501.99342080,0,BTCUSDT,0.00999999999476131,20170.0698,5616478
2023-11-16,37858.20000000,37929.54000000,35500.00000000,36163.51000000,47490.39566000,1700179199999,1744503339.01517260,1542446,22214.04928000,815932555.13312680,0,BTCUSDT,0.00999999999476131,20170.05249,5616479
2023-11-17,36163.51000000,36800.00000000,35861.10000000,36613.92000000,38283.61112000,1700265599999,1391225051.19232720,1349322,18403.36411000,668865883.14174650,0,BTCUSDT,0.00999999999476131,20170.1162,5616537
2023-11-18,36613.91000000,36845.49000000,36178.58000000,36568.10000000,17102.24186000,1700351999999,624434069.52566340,784498,8101.54756000,295795105.43003230,0,BTCUSDT,0.00999999999476131,20167.72357,5616327
2023-11-19,36568.11000000,37500.00000000,36384.02000000,37359.86000000,21246.34648000,1700438399999,781531839.43715920,862400,10575.25293000,389089868.80634200,0,BTCUSDT,0.010000000009313226,20167.98364,5616575
2023-11-20,37359.85000000,37750.00000000,36677.00000000,37448.78000000,36022.70291000,1700524799999,1343722642.38647510,1485050,17591.22652000,656245983.73971830,0,BTCUSDT,0.00999999999476131,20167.95594,5616580
2023-11-21,37448.79000000,37649.44000000,35735.00000000,35741.65000000,47646.54804000,1700611199999,1756747495.98185460,1936895,22371.42068000,824920009.55786000,0,BTCUSDT,0.00999999999476131,20169.08557,5617367
2023-11-22,35741.65000000,37861.10000000,35632.01000000,37408.34000000,45051.30697000,1700697599999,1657141022.42734800,1648374,23046.71174000,847145468.32595360,0,BTCUSDT,0.010000000009313226,20169.2568,5617545
2023-11-23,37408.35000000,37653.44000000,36870.00000000,37294.28000000,23827.92882000,1700783999999,888826648.85414730,992284,11086.35132000,413539343.94482050,0,BTCUSDT,0.00999999999476131,20169.06443,5618712
2023-11-24,37294.27000000,38414.00000000,37251.51000000,37713.57000000,44680.80646000,1700870399999,1688715728.07914810,1379414,22349.17236000,844803081.63218240,0,BTCUSDT,0.010000000009313226,20169.57281,5619503
2023-11-25,37713.57000000,37888.00000000,37591.10000000,37780.67000000,11396.14464000,1700956799999,430165251.76097490,569448,5153.91116000,194536221.28509410,0,BTCUSDT,0.010000000009313226,20169.67511,5620241
2023-11-26,37780.67000000,37814.63000000,37150.00000000,37447.43000000,21264.53723000,1701043199999,797321193.58939910,848020,10204.51641000,382571274.04607820,0,BTCUSDT,0.00999999999476131,20170.43041,5620081
2023-11-27,37447.42000000,37569.23000000,36707.00000000,37242.70000000,30001.07376000,1701129599999,1112557435.27679220,1238017,14458.63822000,536129095.56684420,0,BTCUSDT,0.010000000009313226,20170.48329,5620366
2023-11-28,37242.70000000,38377.00000000,36868.41000000,37818.87000000,37544.46667000,1701215999999,1414360251.68234560,1272779,18168.56198000,684514270.93887170,0,BTCUSDT,0.010000000009313226,20170.61865,5620390
2023-11-29,37818.88000000,38450.00000000,37570.00000000,37854.64000000,32994.19107000,1701302399999,1252586505.66259010,1131353,15588.96473000,591917955.47439680,0,BTCUSDT,0.00999999999476131,20170.73193,5620430
2023-11-30,37854.65000000,38145.85000000,37500.00000000,37723.96000000,24740.29147000,1701388799999,934491058.96081410,1007791,11484.45424000,433772722.50456340,0,BTCUSDT,0.00999999999476131,20171.38946,5620792
2023-12-01,37723.97000000,38999.00000000,37615.86000000,38682.52000000,43415.66324000,1701475199999,1669750777.62398140,1523417,22408.27301000,861977420.16319520,0,BTCUSDT,0.00999999999476131,20171.39851,5620789
2023-12-02,38682.51000000,39717.14000000,38641.61000000,39450.35000000,26696.92161000,1701561599999,1043421976.76606520,1034690,13166.65386000,514763687.57460090,0,BTCUSDT,0.00999999999476131,20176.63831,5621269
2023-12-03,39450.35000000,40250.00000000,39274.86000000,39972.26000000,26710.65335000,1701647999999,1059860641.04944440,1151524,13333.29632000,529259227.16750920,0,BTCUSDT,0.00999999999476131,20174.87322,5620992
2023-12-04,39972.26000000,42420.00000000,39972.26000000,41991.10000000,79272.33059000,1701734399999,3285736844.14088080,2112219,38595.61905000,1599710862.08717670,0,BTCUSDT,0.010000000009313226,20174.93998,5621251
2023-12-05,41991.10000000,44488.00000000,41414.00000000,44073.32000000,67490.74644000,1701820799999,2890205389.49012660,2072700,34815.80813000,1491813847.23896810,0,BTCUSDT,0.010000000009313226,20174.97461,5621957
2023-12-06,44073.82000000,44297.21000000,43335.28000000,43762.69000000,51431.10492000,1701907199999,2256979505.59480470,1876282,25092.62492000,1101273363.08642960,0,BTCUSDT,0.00999999999476131,20175.24503,5622035
2023-12-07,43762.69000000,44047.33000000,42821.10000000,43273.14000000,47103.26845000,1701993599999,2046945851.88364460,1414759,22635.67672000,983629776.49386140,0,BTCUSDT,0.010000000009313226,20175.31401,5622394
2023-12-08,43273.15000000,44700.00000000,43081.10000000,44170.99000000,42900.37556000,1702079999999,1875581755.44691050,1311268,20818.67861000,910357262.89407300,0,BTCUSDT,0.010000000009313226,20175.22205,5622338
2023-12-09,44171.00000000,44358.02000000,43584.51000000,43713.60000000,24925.97008000,1702166399999,1096487106.56483380,987352,11598.00774000,510255993.86808590,0,BTCUSDT,0.00999999999476131,20175.24172,5622477
2023-12-10,43713.59000000,44049.00000000,43563.00000000,43789.51000000,18956.61758000,1702252799999,830485162.55695350,830667,8841.90643000,387376075.38248430,0,BTCUSDT,0.00999999999476131,20176.46718,5622842
2023-12-11,43789.50000000,43804.50000000,40222.00000000,41253.40000000,76663.89804000,1702339199999,3205540835.51143390,2087142,36499.24269000,1525642878.15210340,0,BTCUSDT,0.00999999999476131,20176.47108,5623257
2023-12-12,41253.41000000,42104.12000000,40680.00000000,41492.39000000,42722.69773000,1702425599999,1773961284.33756360,1526411,21394.91158000,888438328.89153460,0,BTCUSDT,0.010000000009313226,20178.45211,5624146
2023-12-13,41492.38000000,43475.20000000,40555.00000000,42869.03000000,45865.99773000,1702511999999,1919703389.48488040,1724659,22354.97386000,935785466.02258570,0,BTCUSDT,0.010000000009313226,20178.54193,5623965
2023-12-14,42869.03000000,43420.00000000,41400.00000000,43022.26000000,42047.05709000,1702598399999,1798740625.30166000,1599536,20579.79343000,880356342.38151180,0,BTCUSDT,0.010000000009313226,20178.43769,5623702
2023-12-15,43022.26000000,43080.81000000,41666.00000000,41940.30000000,33421.79320000,1702684799999,1416898938.50997890,1323628,16321.13654000,691713304.74858880,0,BTCUSDT,0.00999999999476131,20178.78531,5623733
2023-12-16,41940.29000000,42724.43000000,41605.00000000,42278.03000000,24118.85747000,1702771199999,1020469627.88573310,1180886,12193.50511000,515909440.91009290,0,BTCUSDT,0.00999999999476131,20180.60168,5624037
2023-12-17,42278.02000000,42424.07000000,41252.00000000,41374.65000000,27722.11452000,1702857599999,1161963642.96279640,1227634,13245.86404000,555309260.12794100,0,BTCUSDT,0.00999999999476131,20180.68555,5624136
2023-12-18,41374.64000000,42757.81000000,40542.93000000,42657.80000000,46734.09250000,1702943999999,1936003306.08257260,1741647,23255.79871000,963775419.57314980,0,BTCUSDT,0.00999999999476131,20180.7515,5624255
2023-12-19,42657.80000000,43497.00000000,41811.10000000,42275.99000000,40927.86444000,1703030399999,1747830242.46159370,1609188,20163.65946000,861082883.31101580,0,BTCUSDT,0.00999999999476131,20180.87865,5624139
2023-12-20,42275.99000000,44283.00000000,42206.00000000,43668.93000000,48710.29470000,1703116799999,2115813869.77961900,1934588,23912.13682000,1038694005.77613990,0,BTCUSDT,0.00999999999476131,20180.38774,5624148
2023-12-21,43668.92000000,44242.35000000,43286.72000000,43861.80000000,34624.29384000,1703203199999,1514529919.18777960,1500702,17058.89545000,746266380.76924040,0,BTCUSDT,0.00999999999476131,20180.36851,5624044
2023-12-22,43861.79000000,44398.26000000,43412.54000000,43969.04000000,32783.19638000,1703289599999,1436074497.51285980,1404109,16049.22275000,703199211.03931960,0,BTCUSDT,0.00999999999476131,20180.2873,5623945
2023-12-23,43969.04000000,43988.68000000,43291.10000000,43702.16000000,16557.12930000,1703375999999,722943825.33321760,849658,7765.30564000,339046509.16771960,0,BTCUSDT,0.00999999999476131,20180.2924,5623957
2023-12-24,43702.15000000,43946.00000000,42500.00000000,42991.50000000,25144.33496000,1703462399999,1093460634.88942270,1137678,11841.26614000,514962029.17833470,0,BTCUSDT,0.00999999999476131,20180.4916,5624327
2023-12-25,42991.50000000,43802.32000000,42720.43000000,43576.13000000,27021.23992000,1703548799999,1172053386.51098150,1168428,13691.23930000,593900885.80314620,0,BTCUSDT,0.00999999999476131,20180.12328,5624163
2023-12-26,43576.12000000,43592.68000000,41637.60000000,42508.93000000,41010.04282000,1703635199999,1746333612.30494510,1475816,21096.16634000,898267435.23798300,0,BTCUSDT,0.00999999999476131,20180.06202,5624119
2023-12-27,42508.93000000,43677.00000000,42098.69000000,43428.85000000,36191.21136000,1703721599999,1554082990.05227590,1439770,18982.83267000,815239612.61736400,0,BTCUSDT,0.00999999999476131,20180.31706,5624213
2023-12-28,43428.86000000,43787.57000000,42241.79000000,42563.76000000,35150.52485000,1703807999999,1508408742.37808110,1391826,17422.81910000,747631903.05539890,0,BTCUSDT,0.00999999999476131,20180.73719,5624562
2023-12-29,42563.76000000,43111.00000000,41300.00000000,42066.95000000,42597.18912000,1703894399999,1803086285.24657750,1571137,21195.34128000,897324724.79689550,0,BTCUSDT,0.00999999999476131,20179.3046,5624578
2023-12-30,42066.94000000,42612.32000000,41520.30000000,42140.28000000,22906.57818000,1703980799999,964875790.98493500,936545,11727.69648000,494133887.90718110,0,BTCUSDT,0.00999999999476131,20149.51476,5624180
2023-12-31,42140.29000000,42899.00000000,41965.84000000,42283.58000000,23585.91603000,1704067199999,1001519241.55590540,1016484,11997.14865000,509478742.74451080,0,BTCUSDT,0.00999999999476131,20150.587,5623272
2024-01-01,42283.58000000,44184.10000000,42180.77000000,44179.55000000,27174.29903000,1704153599999,1169995682.02800140,1114623,14331.73180000,617352094.56051940,0,BTCUSDT,0.010000000009313226,20150.59847,5623582
2024-01-02,44179.55000000,45879.63000000,44148.34000000,44946.91000000,65146.40661000,1704239999999,2944331821.82307620,2247532,33817.14447000,1527964124.23758480,0,BTCUSDT,0.00999999999476131,20143.94588,5623324
2024-01-03,44946.91000000,45500.00000000,40750.00000000,42845.23000000,81194.55173000,1704326399999,3507104563.74423210,2658041,39103.99162000,1687665202.95131440,0,BTCUSDT,0.010000000009313226,20147.82344,5624387
2024-01-04,42845.23000000,44729.58000000,42613.77000000,44151.10000000,48038.06334000,1704412799999,2095095359.49363480,1819944,23605.90059000,1030075267.83901300,0,BTCUSDT,0.00999999999476131,20147.46825,5624271
2024-01-05,44151.10000000,44357.46000000,42450.00000000,44145.11000000,48075.25327000,1704499199999,2100953924.36871550,2064845,24015.06426000,1049655019.14000940,0,BTCUSDT,0.00999999999476131,20146.98687,5623615
2024-01-06,44145.12000000,44214.42000000,43397.05000000,43968.32000000,17835.06144000,1704585599999,781212883.49160610,956642,9048.57073000,396341787.36387760,0,BTCUSDT,0.00999999999476131,20146.96788,5623567
2024-01-07,43968.32000000,44480.59000000,43572.09000000,43929.02000000,23023.85080000,1704671999999,1014635096.12414820,1109259,11613.52347000,511871007.52582630,0,BTCUSDT,0.010000000009313226,20146.99885,5623923
2024-01-08,43929.01000000,47248.99000000,43175.00000000,46951.04000000,72814.57589000,1704758399999,3298772150.68150740,2364464,38728.80530000,1755312207.66818340,0,BTCUSDT,0.00999999999476131,20147.74278,5623837
2024-01-09,46951.04000000,47972.00000000,44748.67000000,46110.00000000,69927.66617000,1704844799999,3251442072.80839630,2637745,34825.45429000,1620151226.33626950,0,BTCUSDT,0.010000000009313226,20149.70441,5624287
2024-01-10,46110.00000000,47695.93000000,44300.36000000,46653.99000000,89911.41203000,1704931199999,4123809481.71276720,3133588,46910.79439000,2153126701.35216420,0,BTCUSDT,0.010000000009313226,20148.19618,5624178
2024-01-11,46654.00000000,48969.48000000,45606.06000000,46339.16000000,87470.32960000,1705017599999,4105139605.02830200,2998451,44076.16830000,2070467939.65999250,0,BTCUSDT,0.00999999999476131,20148.15682,5624340
2024-01-12,46339.16000000,46515.53000000,41500.00000000,42782.73000000,86327.93707000,1705103999999,3827483735.57605690,2809192,41707.58066000,1850840878.97782980,0,BTCUSDT,0.010000000009313226,20148.38709,5624603
2024-01-13,42782.74000000,43257.00000000,42436.12000000,42847.99000000,36118.47464000,1705190399999,1547370611.55316620,1434243,17748.09824000,760432218.24545510,0,BTCUSDT,0.00999999999476131,20148.0801,5625052
2024-01-14,42847.99000000,43079.00000000,41720.00000000,41732.35000000,28228.40894000,1705276799999,1202212782.25769300,1235727,13690.30843000,583261659.73857610,0,BTCUSDT,0.00999999999476131,20147.52099,5623673
2024-01-15,41732.35000000,43400.43000000,41718.05000000,42511.10000000,40269.89303000,1705363199999,1718982911.10810270,1657611,19924.76030000,849997411.08758290,0,BTCUSDT,0.00999999999476131,20148.0409,5623699
2024-01-16,42511.10000000,43578.01000000,42050.00000000,43137.95000000,45045.74589000,1705449599999,1931947150.05907020,1716580,24064.55667000,1031525441.93520850,0,BTCUSDT,0.010000000009313226,20148.13234,5624539
2024-01-17,43137.94000000,43198.00000000,42200.69000000,42776.10000000,33266.21388000,1705535999999,1419888430.92288920,1438172,16648.20529000,710532768.04757790,0,BTCUSDT,0.010000000009313226,20147.97442,5624545
2024-01-18,42776.09000000,42930.00000000,40683.28000000,41327.50000000,43907.51641000,1705622399999,1839426541.26357900,1466087,21085.14336000,883292634.20636370,0,BTCUSDT,0.00999999999476131,20147.74587,5624186
2024-01-19,41327.51000000,42196.86000000,40280.00000000,41659.03000000,48342.74559000,1705708799999,1993846466.53875190,1641428,24347.50020000,1004478721.37920550,0,BTCUSDT,0.010000000009313226,20147.50673,5624056
2024-01-20,41659.03000000,41872.56000000,41456.30000000,41696.04000000,15923.99493000,1705795199999,662768008.15093430,807324,7557.36632000,314535141.99556360,0,BTCUSDT,0.00999999999476131,20148.40914,5624396
2024-01-21,41696.05000000,41881.39000000,41500.98000000,41580.33000000,11730.16301000,1705881599999,489151571.03090430,657817,5576.56045000,232552207.16073290,0,BTCUSDT,0.00999999999476131,20147.27928,5624269
2024-01-22,41580.32000000,41689.65000000,39431.58000000,39568.02000000,55426.19911000,1705967999999,2247452153.79543270,2147250,26788.13985000,1086650848.06705250,0,BTCUSDT,0.00999999999476131,20145.75781,5624267
2024-01-23,39568.02000000,40176.74000000,38555.00000000,39897.60000000,57956.63351000,1706054399999,2275851990.64682690,2043925,30913.97177000,1214417243.69641180,0,BTCUSDT,0.00999999999476131,20132.35903,5623788
2024-01-24,39897.59000000,40555.00000000,39484.19000000,40084.88000000,39293.82861000,1706140799999,1569704923.83074920,1675615,20673.05725000,825887009.47442260,0,BTCUSDT,0.00999999999476131,20110.33905,5622816
2024-01-25,40084.89000000,40300.24000000,39550.00000000,39961.09000000,31022.11853000,1706227199999,1238813296.15261370,1291233,15685.24919000,626369240.37339640,0,BTCUSDT,0.010000000009313226,20110.31622,5623029
2024-01-26,39961.09000000,42246.82000000,39822.52000000,41823.51000000,47384.96726000,1706313599999,1951700659.28980700,1624861,24674.75551000,1016105199.71712130,0,BTCUSDT,0.00999999999476131,20109.69707,5623185
2024-01-27,41823.51000000,42200.00000000,41394.34000000,42120.63000000,16224.41667000,1706399999999,678418702.35094450,751148,7485.64978000,312938659.24802430,0,BTCUSDT,0.00999999999476131,20108.91901,5623227
2024-01-28,42120.63000000,42842.68000000,41620.81000000,42031.06000000,27294.99838000,1706486399999,1154365891.66825870,1032493,12971.18820000,548670338.63940100,0,BTCUSDT,0.010000000009313226,20106.95651,5623461
2024-01-29,42031.05000000,43333.00000000,41804.88000000,43302.70000000,31542.74207000,1706572799999,1343462280.36186840,1197856,15996.88627000,681504721.35851260,0,BTCUSDT,0.00999999999476131,20105.18049,5623405
2024-01-30,43302.71000000,43882.36000000,42683.99000000,42941.10000000,37619.24546000,1706659199999,1633251085.67135960,1316610,19317.29993000,838876408.45566850,0,BTCUSDT,0.00999999999476131,20105.21257,5623299
2024-01-31,42941.10000000,43745.11000000,42276.84000000,42580.00000000,39871.13688000,1706745599999,1711665577.05308240,1499559,20289.94825000,871009715.17022070,0,BTCUSDT,0.00999999999476131,20104.78077,5623069
2024-02-01,42580.00000000,43285.13000000,41884.28000000,43082.94000000,35231.04664000,1706831999999,1497121440.64400210,1392269,18134.84304000,770635549.48421270,0,BTCUSDT,0.00999999999476131,20104.9623,5623263
2024-02-02,43082.95000000,43488.00000000,42546.79000000,43200.00000000,29672.14418000,1706918399999,1277919437.29056120,1086342,15645.57110000,673834785.74779100,0,BTCUSDT,0.00999999999476131,20105.09758,5623554
2024-02-03,43199.99000000,43380.01000000,42880.00000000,43011.09000000,12033.40998000,1707004799999,518775350.03360090,609962,5691.78572000,245377398.51059570,0,BTCUSDT,0.010000000009313226,20104.42986,5623315
2024-02-04,43011.10000000,43119.04000000,42222.00000000,42582.88000000,17066.89404000,1707091199999,730999557.70836820,931235,8427.12671000,360928641.05977220,0,BTCUSDT,0.00999999999476131,20104.72444,5623935
2024-02-05,42582.88000000,43569.76000000,42258.10000000,42708.70000000,29467.75905000,1707177599999,1262620640.54071730,1317397,14984.06962000,642077579.58272680,0,BTCUSDT,0.00999999999476131,20110.131,5624261
2024-02-06,42708.70000000,43399.98000000,42574.00000000,43098.95000000,24675.85433000,1707263999999,1061049582.60027670,1120760,12810.98205000,550866463.74091940,0,BTCUSDT,0.00999999999476131,20109.96476,5624406
2024-02-07,43098.96000000,44396.50000000,42788.00000000,44349.60000000,34392.59915000,1707350399999,1496013692.38292190,1378809,17755.87738000,772721372.44438850,0,BTCUSDT,0.00999999999476131,20109.87128,5624311
2024-02-08,44349.60000000,45614.30000000,44331.10000000,45288.65000000,45439.62231000,1707436799999,2042912128.15176650,1863650,22731.52397000,1021963499.80033510,0,BTCUSDT,0.00999999999476131,20109.58335,5623874
2024-02-09,45288.66000000,48200.00000000,45242.12000000,47132.77000000,73503.48100000,1707523199999,3453043306.42097590,2323884,37360.96419000,1754880225.38020990,0,BTCUSDT,0.010000000009313226,20109.81504,5624148
2024-02-10,47132.78000000,48170.00000000,46800.00000000,47751.09000000,24802.35936000,1707609599999,1176079377.69227620,1323421,12740.69912000,604397015.51796000,0,BTCUSDT,0.00999999999476131,20109.84922,5624156
2024-02-11,47751.08000000,48592.66000000,47557.16000000,48299.99000000,29958.80837000,1707695999999,1443314885.77140530,1407270,15741.38294000,758411879.95568900,0,BTCUSDT,0.00999999999476131,20109.88282,5624020
2024-02-12,48300.00000000,50334.82000000,47710.01000000,49917.27000000,59009.96705000,1707782399999,2898220863.01818030,1939394,30797.43359000,1512688561.68886550,0,BTCUSDT,0.010000000009313226,20110.14658,5624312
2024-02-13,49917.28000000,50368.61000000,48300.95000000,49699.59000000,55551.56706000,1707868799999,2745025370.06744710,1741811,28409.79337000,1403783512.68099050,0,BTCUSDT,0.010000000009313226,20109.92979,5624322
2024-02-14,49699.60000000,52043.71000000,49225.01000000,51795.17000000,57046.37401000,1707955199999,2919604456.72331270,1859392,29664.51830000,1518339681.33460220,0,BTCUSDT,0.00999999999476131,20110.42884,5625330
2024-02-15,51795.17000000,52816.62000000,51314.00000000,51880.00000000,53816.03055000,1708041599999,2802825737.99201540,1786569,26722.58656000,1391971339.71580590,0,BTCUSDT,0.00999999999476131,20108.73848,5624914
2024-02-16,51880.01000000,52572.08000000,51566.00000000,52124.11000000,37772.25318000,1708127999999,1965003863.97133420,1583711,18309.89888000,952708587.73249880,0,BTCUSDT,0.00999999999476131,20108.60783,5625156
2024-02-17,52124.10000000,52162.82000000,50625.00000000,51642.64000000,25674.00622000,1708214399999,1319908544.97908910,1427773,12655.51593000,650426057.19761540,0,BTCUSDT,0.010000000009313226,20108.5893,5625099
2024-02-18,51642.64000000,52377.00000000,51163.28000000,52137.67000000,21992.10363000,1708300799999,1139209588.43346260,1375422,11281.34692000,584447328.11427220,0,BTCUSDT,0.00999999999476131,20111.13336,5625707
2024-02-19,52137.68000000,52488.77000000,51677.00000000,51774.73000000,29534.99432000,1708387199999,1539600521.60077290,1542990,15266.36204000,795825023.64422360,0,BTCUSDT,0.010000000009313226,20112.56422,5625899
2024-02-20,51774.74000000,52985.00000000,50760.37000000,52258.82000000,49614.47318000,1708473599999,2574874999.37871740,1971912,24994.25062000,1297330385.00509330,0,BTCUSDT,0.010000000009313226,20115.06323,5626389
2024-02-21,52258.82000000,52366.80000000,50625.00000000,51849.39000000,43079.40049000,1708559999999,2210278288.72509470,1824860,22239.73293000,1140905416.95625220,0,BTCUSDT,0.00999999999476131,20128.3625,5628414
2024-02-22,51849.38000000,52065.78000000,50940.78000000,51288.42000000,35309.44574000,1708646399999,1820949707.15853400,1688184,17830.46730000,919599483.90786170,0,BTCUSDT,0.00999999999476131,20135.31106,5628875
2024-02-23,51288.42000000,51548.54000000,50521.00000000,50744.15000000,30545.79544000,1708732799999,1559143576.82961640,1487039,14610.80906000,745820955.25604630,0,BTCUSDT,0.00999999999476131,20140.1064,5629872
2024-02-24,50744.15000000,51698.00000000,50585.00000000,51568.22000000,16560.42110000,1708819199999,847793393.57186800,855015,8462.15627000,433239599.42398870,0,BTCUSDT,0.00999999999476131,20142.18805,5630109
2024-02-25,51568.21000000,51958.55000000,51279.80000000,51728.85000000,18721.63159000,1708905599999,966951114.45046290,923992,9544.17672000,492952522.68163890,0,BTCUSDT,0.00999999999476131,20140.66122,5630614
2024-02-26,51728.85000000,54910.00000000,50901.44000000,54476.47000000,51256.72199000,1708991999999,2710403072.98059510,1808909,27198.83551000,1438371804.11010130,0,BTCUSDT,0.010000000009313226,20140.7819,5630570
2024-02-27,54476.48000000,57588.15000000,54450.13000000,57037.34000000,67194.98562000,1709078399999,3795949115.22493150,2414285,34970.25885000,1975472154.51157390,0,BTCUSDT,0.010000000009313226,20145.23947,5631054
2024-02-28,57037.35000000,64000.00000000,56691.85000000,62432.10000000,118763.46984000,1709164799999,7162581994.48573950,3895062,62066.63936000,3742433894.94507670,0,BTCUSDT,0.010000000009313226,20149.95159,5631267
2024-02-29,62432.11000000,63676.35000000,60364.70000000,61130.98000000,78425.07603000,1709251199999,4872212871.27608040,3169405,39463.06931000,2452515504.86865120,0,BTCUSDT,0.00999999999476131,20151.30439,5631548
2024-03-01,61130.99000000,63114.23000000,60777.00000000,62387.90000000,47737.93473000,1709337599999,2956537377.96602980,1947444,24195.70252000,1498771144.09995600,0,BTCUSDT,0.00999999999476131,20153.3846,5631607
2024-03-02,62387.90000000,62433.19000000,61561.12000000,61987.28000000,25534.73659000,1709423999999,1582566973.83409310,1641808,12691.37721000,786583052.08627260,0,BTCUSDT,0.00999999999476131,20153.73015,5632026
2024-03-03,61987.28000000,63231.88000000,61320.00000000,63113.97000000,28994.90903000,1709510399999,1804536272.94434580,1992011,14905.18600000,927868983.73084310,0,BTCUSDT,0.00999999999476131,20155.22519,5632874
2024-03-04,63113.97000000,68499.00000000,62300.00000000,68245.71000000,84835.16005000,1709596799999,5568877537.08125230,3887853,45319.08640000,2974396037.68572030,0,BTCUSDT,0.00999999999476131,20153.36212,5632857
2024-03-05,68245.71000000,69000.00000000,59005.00000000,63724.01000000,132696.78130000,1709683199999,8674526591.28714170,5310706,65991.84526000,4318205559.64365010,0,BTCUSDT,0.00999999999476131,20153.27581,5632926
2024-03-06,63724.01000000,67641.10000000,62779.14000000,66074.04000000,78738.85491000,1709769599999,5197743036.59727550,3302981,40344.32596000,2663883160.20696200,0,BTCUSDT,0.010000000009313226,20152.97414,5632949
2024-03-07,66074.04000000,67980.00000000,65551.00000000,66823.17000000,53059.88690000,1709855999999,3548088039.27360850,2428227,27935.66302000,1867854683.98202980,0,BTCUSDT,0.010000000009313226,20152.48067,5632733
2024-03-08,66823.18000000,69990.00000000,66082.66000000,68124.19000000,74261.93284200,1709942399999,5044395324.39905431,2943927,37711.51458100,2563347797.52868009,0,BTCUSDT,0.00999999999476131,20155.147,5632966
2024-03-09,68124.20000000,68541.10000000,67861.10000000,68313.27000000,19872.89743000,1710028799999,1355964036.90929860,1345341,10005.59200000,682720256.00282270,0,BTCUSDT,0.00999999999476131,20165.17066,5633527
2024-03-10,68313.28000000,69887.61000000,68094.75000000,68955.88000000,38404.66835000,1710115199999,2659307501.09457810,2139518,19188.79904000,1328747995.99402550,0,BTCUSDT,0.00999999999476131,20173.32214,5633457
2024-03-11,68955.88000000,72800.00000000,67024.96000000,72078.10000000,75292.82572600,1710201599999,5352704377.61880469,3043414,39435.85545900,2803359303.28697282,0,BTCUSDT,0.00999999999476131,20177.63451,5634517
2024-03-12,72078.10000000,73000.00000000,68620.82000000,71452.01000000,68783.54669100,1710287999999,4909667978.55933818,3047890,34517.21293300,2465202174.40722632,0,BTCUSDT,0.00999999999476131,20178.87317,5634544
2024-03-13,71452.00000000,73650.25000000,71333.31000000,73072.41000000,52659.71164700,1710374399999,3829764501.25379279,2501197,26787.08223700,1948382241.88946039,0,BTCUSDT,0.010000000009313226,20179.9978,5634560
2024-03-14,73072.40000000,73777.00000000,68555.00000000,71388.94000000,71757.62874600,1710460799999,5132189849.09663160,2994869,35676.74832600,2552190396.88900670,0,BTCUSDT,0.00999999999476131,20183.10251,5634682
2024-03-15,71388.94000000,72419.71000000,65600.00000000,69499.85000000,103334.03546000,1710547199999,7065279917.87211180,3904445,49844.66515000,3409385750.02117660,0,BTCUSDT,0.00999999999476131,20180.54641,5634626
2024-03-16,69499.84000000,70043.00000000,64780.00000000,65300.63000000,55926.95336000,1710633599999,3788544202.88485590,2729019,27240.19894000,1846731512.27362330,0,BTCUSDT,0.010000000009313226,20183.71796,5634866
2024-03-17,65300.64000000,68904.40000000,64533.00000000,68393.48000000,49742.21589000,1710719999999,3322963634.24251290,2449156,25328.29435000,1692079618.21131060,0,BTCUSDT,0.00999999999476131,20183.53852,5634732
2024-03-18,68393.47000000,68956.00000000,66565.20000000,67609.99000000,55691.08088000,1710806399999,3768277912.41891810,2464515,28529.67219000,1930726566.24924600,0,BTCUSDT,0.00999999999476131,20184.06091,5634628
2024-03-19,67610.00000000,68124.11000000,61555.00000000,61937.40000000,101005.32487000,1710892799999,6484805948.53539280,3593832,48205.28434000,3095258881.70227350,0,BTCUSDT,0.010000000009313226,20184.73881,5634607
2024-03-20,61937.41000000,68100.00000000,60775.00000000,67840.51000000,90420.58592000,1710979199999,5769770052.06258300,3549793,45523.84281000,2907222064.13129160,0,BTCUSDT,0.010000000009313226,20184.7347,5634532
2024-03-21,67840.51000000,68240.47000000,64529.01000000,65501.27000000,53357.48002000,1711065599999,3551223142.96441700,2388390,26650.09786000,1774833851.22152450,0,BTCUSDT,0.010000000009313226,20184.35259,5634192
2024-03-22,65501.28000000,66649.62000000,62260.00000000,63796.64000000,51482.37821000,1711151999999,3310481978.10764530,2492881,24578.87957000,1580940164.12123740,0,BTCUSDT,0.00999999999476131,20184.60302,5634833
2024-03-23,63796.64000000,65999.00000000,63000.00000000,63990.01000000,26410.11409000,1711238399999,1706152172.63161340,1753566,12749.00823000,823892846.71497700,0,BTCUSDT,0.010000000009313226,20183.61018,5634822
2024-03-24,63990.02000000,67628.69000000,63772.29000000,67209.99000000,31395.78015000,1711324799999,2059312948.64868730,1880774,16689.65617000,1095820626.02919970,0,BTCUSDT,0.00999999999476131,20183.29901,5634823
2024-03-25,67210.00000000,71150.00000000,66385.06000000,69880.01000000,53431.14486000,1711411199999,3679964073.81121250,2632220,27815.58769000,1915614174.23976360,0,BTCUSDT,0.010000000009313226,20184.23252,5634986
2024-03-26,69880.00000000,71561.10000000,69280.00000000,69988.00000000,38934.38417000,1711497599999,2738537345.33588000,2176807,19498.85666000,1371708206.53887210,0,BTCUSDT,0.00999999999476131,20184.31536,5635087
2024-03-27,69987.99000000,71769.54000000,68359.18000000,69469.99000000,49119.35685000,1711583999999,3426458581.94334340,2453366,24902.33470000,1737325915.83441790,0,BTCUSDT,0.00999999999476131,20186.31233,5635436
2024-03-28,69469.99000000,71552.06000000,68903.62000000,70780.60000000,35439.03239000,1711670399999,2500571208.00262760,1799897,18007.26883000,1270852446.70774510,0,BTCUSDT,0.00999999999476131,20186.85124,5635495
2024-03-29,70780.60000000,70916.16000000,69009.00000000,69850.54000000,25445.08353000,1711756799999,1779608477.32245370,1522607,11839.09290000,828039936.68545330,0,BTCUSDT,0.00999999999476131,20186.80315,5635281
2024-03-30,69850.53000000,70321.10000000,69540.00000000,69582.18000000,13644.61142000,1711843199999,954555919.68557450,1110488,6423.89367000,449436189.73361900,0,BTCUSDT,0.00999999999476131,20185.44494,5635041
2024-03-31,69582.17000000,71366.00000000,69562.99000000,71280.01000000,19396.34433000,1711929599999,1367523707.26124510,1181926,10142.47988000,715151368.94630210,0,BTCUSDT,0.00999999999476131,20184.77985,5634778
2024-04-01,71280.00000000,71288.23000000,68062.86000000,69649.80000000,41445.32039000,1712015999999,2876486469.46552290,1893438,20211.15024000,1402849944.78228910,0,BTCUSDT,0.010000000009313226,20185.31774,5635159
2024-04-02,69649.81000000,69674.23000000,64550.00000000,65463.99000000,71799.82793000,1712102399999,4750030717.92242550,2662410,35520.17401000,2348263612.30347050,0,BTCUSDT,0.00999999999476131,20185.49891,5635461
2024-04-03,65463.99000000,66903.63000000,64493.07000000,65963.28000000,39887.21778000,1712188799999,2630556596.13592860,2172096,20618.58747000,1360363531.16595170,0,BTCUSDT,0.00999999999476131,20186.70954,5635755
2024-04-04,65963.27000000,69309.91000000,65064.52000000,68487.79000000,41510.48453000,1712275199999,2795469450.57238580,2000945,21013.32173000,1415699952.03815850,0,BTCUSDT,0.00999999999476131,20185.15112,5635423
2024-04-05,68487.80000000,68756.67000000,65952.56000000,67820.62000000,37915.23073000,1712361599999,2555458935.23600890,1901980,18889.98453000,1273220222.76258870,0,BTCUSDT,0.00999999999476131,20186.05629,5635468
2024-04-06,67820.63000000,69692.00000000,67447.83000000,68896.00000000,20134.28919000,1712447999999,1373131967.76481860,1171460,9973.86412000,680800856.20965050,0,BTCUSDT,0.00999999999476131,20185.186,5635436
2024-04-07,68896.00000000,70326.29000000,68824.00000000,69360.39000000,21534.74433000,1712534399999,1496213373.18557760,1269048,11149.90398000,774906774.52828120,0,BTCUSDT,0.00999999999476131,20185.14399,5635324
2024-04-08,69360.38000000,72797.99000000,69043.24000000,71620.00000000,45723.87624000,1712620799999,3270853309.66294220,2037025,25309.90487000,1811209901.71635400,0,BTCUSDT,0.00999999999476131,20184.635,5635276
2024-04-09,71620.00000000,71758.19000000,68210.00000000,69146.00000000,39293.90242000,1712707199999,2749007421.64210750,1804157,18896.53756000,1321865585.23805220,0,BTCUSDT,0.010000000009313226,20184.66297,5635298
2024-04-10,69146.00000000,71172.08000000,67518.00000000,70631.08000000,42006.02377000,1712793599999,2901564970.81580420,1852170,20269.34809000,1401023003.73182270,0,BTCUSDT,0.010000000009313226,20179.64343,5635634
2024-04-11,70631.08000000,71305.89000000,69567.21000000,70006.23000000,31917.25595000,1712879999999,2247473274.61625790,1658995,15908.49124000,1120249990.73575260,0,BTCUSDT,0.00999999999476131,20179.70414,5635743
2024-04-12,70006.22000000,71227.46000000,65086.86000000,67116.52000000,56072.86229000,1712966399999,3843551585.32127470,2496617,25935.86464000,1777808491.17045420,0,BTCUSDT,0.00999999999476131,20179.15863,5635523
2024-04-13,67116.52000000,67929.00000000,60660.57000000,63924.51000000,71395.22019000,1713052799999,4614468627.80904480,3341340,33221.66950000,2144846149.68091790,0,BTCUSDT,0.010000000009313226,20178.60982,5635322
2024-04-14,63924.52000000,65840.00000000,62134.00000000,65661.84000000,61599.17818000,1713139199999,3946124834.69703540,2657953,29732.29634000,1904847012.50930860,0,BTCUSDT,0.00999999999476131,20178.65599,5635230
2024-04-15,65661.85000000,66867.07000000,62274.40000000,63419.99000000,52389.53069000,1713225599999,3398072231.56122360,2539048,25206.68008000,1634572976.93981270,0,BTCUSDT,0.00999999999476131,20178.83015,5635686
2024-04-16,63419.99000000,64365.00000000,61600.00000000,63793.39000000,53435.29331000,1713311999999,3355338198.44691320,2604354,26041.26640000,1635683129.30765320,0,BTCUSDT,0.010000000009313226,20179.55953,5635611
2024-04-17,63793.40000000,64499.00000000,59678.16000000,61277.37000000,50610.54509000,1713398399999,3128625247.47385340,2458327,24346.74671000,1506361259.70135830,0,BTCUSDT,0.010000000009313226,20179.55219,5635650
2024-04-18,61277.38000000,64117.09000000,60803.35000000,63470.08000000,43601.60918000,1713484799999,2726741448.88680220,2142511,20870.20705000,1305027167.93950820,0,BTCUSDT,0.010000000009313226,20179.57372,5635455
2024-04-19,63470.09000000,65450.00000000,59600.01000000,63818.01000000,69774.30271000,1713571199999,4419893235.18328730,2828284,34941.50216000,2214809735.24024150,0,BTCUSDT,0.00999999999476131,20179.10577,5635141
2024-04-20,63818.01000000,65419.00000000,63090.07000000,64940.59000000,23137.42975000,1713657599999,1486949581.43947920,1376712,11811.84440000,759077474.29729040,0,BTCUSDT,0.00999999999476131,20179.54407,5635044
2024-04-21,64940.58000000,65695.56000000,64237.50000000,64941.15000000,19316.42152000,1713743999999,1254396628.15317660,1390153,9734.71767000,632257865.00824990,0,BTCUSDT,0.010000000009313226,20180.30167,5635404
2024-04-22,64941.15000000,67232.35000000,64500.00000000,66819.32000000,31397.99371000,1713830399999,2071690434.97655200,1816591,16466.05497000,1086399264.60922710,0,BTCUSDT,0.010000000009313226,20175.04289,5635087
2024-04-23,66819.32000000,67183.01000000,65765.81000000,66414.00000000,22599.90004000,1713916799999,1502139968.71988170,1433915,10854.17402000,721404825.84704100,0,BTCUSDT,0.010000000009313226,20175.01529,5635058
2024-04-24,66414.00000000,67070.43000000,63606.06000000,64289.59000000,33595.69637000,1714003199999,2195714861.65765590,1784897,16899.50969000,1104368114.10586980,0,BTCUSDT,0.00999999999476131,20174.62799,5634757
2024-04-25,64289.58000000,65297.94000000,62794.00000000,64498.34000000,31341.46338000,1714089599999,2007704069.26227290,1375324,14808.62959000,948738136.26843800,0,BTCUSDT,0.00999999999476131,20174.65697,5634927
2024-04-26,64498.33000000,64820.01000000,63297.48000000,63770.01000000,27085.19346000,1714175999999,1736631357.35373870,1025561,13570.23647000,870093757.51889900,0,BTCUSDT,0.00999999999476131,20174.57557,5634875
2024-04-27,63770.00000000,63923.41000000,62391.24000000,63461.98000000,20933.06052000,1714262399999,1320337707.78711590,912422,9903.95325000,624733409.21128790,0,BTCUSDT,0.00999999999476131,20175.63765,5635764
2024-04-28,63461.98000000,64370.00000000,62781.00000000,63118.62000000,16949.20005000,1714348799999,1078450016.47322960,790652,7941.33811000,505261267.56950520,0,BTCUSDT,0.010000000009313226,20175.58645,5635675
2024-04-29,63118.62000000,64228.35000000,61765.53000000,63866.00000000,28150.22947000,1714435199999,1765038324.68372130,1152296,13986.59437000,877053322.30799690,0,BTCUSDT,0.010000000009313226,20175.93995,5635992
2024-04-30,63866.00000000,64734.00000000,59191.60000000,60672.00000000,54947.65535000,1714521599999,3372142467.43225250,1985671,26385.41614000,1620421850.57869910,0,BTCUSDT,0.010000000009313226,20175.08705,5635953
2024-05-01,60672.01000000,60841.63000000,56552.82000000,58364.97000000,81166.46823000,1714607999999,4705572361.74020020,2401089,38203.57377000,2213404278.59001090,0,BTCUSDT,0.00999999999476131,20175.12147,5636025
2024-05-02,58364.97000000,59625.00000000,56911.84000000,59060.61000000,47583.81961000,1714694399999,2778840305.05057860,1572898,23240.75370000,1356148775.88673650,0,BTCUSDT,0.00999999999476131,20175.01477,5636536
2024-05-03,59060.60000000,63333.00000000,58811.32000000,62882.01000000,43628.40143000,1714780799999,2658193708.34790420,1558661,22145.44334000,1349687455.59576090,0,BTCUSDT,0.010000000009313226,20175.20839,5636698
2024-05-04,62882.01000000,64540.00000000,62541.03000000,63892.04000000,24368.69282000,1714867199999,1547468697.87657970,1113509,12671.20599000,804768764.30625010,0,BTCUSDT,0.010000000009313226,20175.71957,5637040
2024-05-05,63892.03000000,64646.00000000,62822.17000000,64012.00000000,18526.75029000,1714953599999,1182572239.53061830,992921,8954.93439000,571783428.23947070,0,BTCUSDT,0.00999999999476131,20176.48159,5637608
2024-05-06,64012.00000000,65500.00000000,62700.00000000,63165.19000000,34674.91949000,1715039999999,2218131198.46613250,1392557,17179.56031000,1099303474.28052170,0,BTCUSDT,0.00999999999476131,20175.26801,5637703
2024-05-07,63165.18000000,64422.41000000,62261.00000000,62312.08000000,25598.79472000,1715126399999,1624531631.59237700,1272898,12502.38281000,793575994.21410250,0,BTCUSDT,0.00999999999476131,20175.05288,5637701
2024-05-08,62312.07000000,63020.22000000,60888.00000000,61193.03000000,26121.19004000,1715212799999,1623561041.12551880,1415152,12669.58179000,787749415.54808140,0,BTCUSDT,0.00999999999476131,20175.2282,5637697
2024-05-09,61193.03000000,63429.03000000,60630.00000000,63074.01000000,30660.80610000,1715299199999,1895849912.77347550,1381957,15120.01471000,935341755.67823540,0,BTCUSDT,0.00999999999476131,20173.21579,5637758
2024-05-10,63074.00000000,63469.13000000,60187.12000000,60799.99000000,36529.34025000,1715385599999,2255550468.41385220,1500643,18066.83174000,1116494638.28048920,0,BTCUSDT,0.00999999999476131,20173.29408,5637934
2024-05-11,60799.99000000,61515.00000000,60487.09000000,60825.99000000,13374.56936000,1715471999999,814928013.45732880,753281,6223.09555000,379263096.21513300,0,BTCUSDT,0.00999999999476131,20211.17151,5639664
2024-05-12,60825.99000000,61888.00000000,60610.00000000,61483.99000000,12753.13236000,1715558399999,781041632.46238350,727113,6416.91108000,393132351.88839250,0,BTCUSDT,0.00999999999476131,20206.8962,5639427
2024-05-13,61484.00000000,63450.00000000,60749.21000000,62940.08000000,32733.41839000,1715644799999,2041896626.61081470,1371433,16717.90863000,1043060982.35746010,0,BTCUSDT,0.00999999999476131,20207.29902,5639587
2024-05-14,62940.09000000,63118.36000000,61142.77000000,61577.49000000,29088.72041000,1715731199999,1800171876.16766540,1127939,13815.81443000,855088066.21248800,0,BTCUSDT,0.00999999999476131,20207.15047,5638912
2024-05-15,61577.49000000,66444.16000000,61319.47000000,66206.50000000,43559.74719000,1715817599999,2794259631.89104640,1729454,21797.84094000,1398781701.44138860,0,BTCUSDT,0.010000000009313226,20207.35575,5638944
2024-05-16,66206.51000000,66752.01000000,64602.77000000,65235.21000000,31106.36710000,1715903999999,2045507646.82938490,1269793,15645.11263000,1028962305.10438390,0,BTCUSDT,0.010000000009313226,20207.73502,5639186
2024-05-17,65235.21000000,67451.20000000,65106.38000000,67024.00000000,26292.23409000,1715990399999,1745971822.34474550,1117254,13301.09525000,883129353.16334290,0,BTCUSDT,0.010000000009313226,20207.80455,5639516
2024-05-18,67024.00000000,67400.01000000,66600.00000000,66915.20000000,14441.25774000,1716076799999,967145944.68353170,734067,6911.13424000,462859253.58791080,0,BTCUSDT,0.00999999999476131,20210.35015,5639834
2024-05-19,66915.20000000,67700.00000000,65857.25000000,66274.01000000,18025.30409000,1716163199999,1204989222.87686860,823729,8692.17507000,581378180.33745970,0,BTCUSDT,0.00999999999476131,20209.04035,5639728
2024-05-20,66274.00000000,71515.56000000,66060.31000000,71446.62000000,50816.70110000,1716249599999,3485474763.75229410,1930939,26792.52994000,1839346667.54078900,0,BTCUSDT,0.00999999999476131,20204.97869,5639458
2024-05-21,71446.62000000,71979.00000000,69162.94000000,70148.34000000,49607.43360000,1716335999999,3509345769.23360780,2137448,24686.27911000,1746693652.32872200,0,BTCUSDT,0.00999999999476131,20204.64239,5639392
2024-05-22,70148.34000000,70666.00000000,68842.19000000,69166.62000000,27673.18026000,1716422399999,1931700812.30321440,1371973,13124.78731000,916344293.91047570,0,BTCUSDT,0.00999999999476131,20204.78646,5638956
2024-05-23,69166.62000000,70096.12000000,66312.16000000,67969.65000000,40513.17374000,1716508799999,2766790260.78860240,1827855,19791.15119000,1351640092.58136590,0,BTCUSDT,0.00999999999476131,20204.93729,5639272
2024-05-24,67969.66000000,69250.00000000,66600.12000000,68549.99000000,28095.83664000,1716595199999,1906438696.71560120,1165907,14344.29889000,973457354.69577570,0,BTCUSDT,0.00999999999476131,20203.72066,5639061
2024-05-25,68549.99000000,69610.00000000,68500.00000000,69290.57000000,12130.39418000,1716681599999,837339788.98389610,703803,5851.95991000,403954862.66947920,0,BTCUSDT,0.00999999999476131,20201.81383,5639023
2024-05-26,69290.56000000,69562.23000000,68128.01000000,68507.67000000,11872.11797000,1716767999999,818914878.99088980,722849,5934.62083000,409411078.54609240,0,BTCUSDT,0.00999999999476131,20202.77186,5639825
2024-05-27,68507.67000000,70687.56000000,68250.00000000,69436.43000000,23136.92737000,1716854399999,1604722197.83740280,1219341,11709.62174000,812172288.25763730,0,BTCUSDT,0.00999999999476131,20197.99138,5639836
2024-05-28,69436.43000000,69591.81000000,67277.91000000,68398.39000000,32622.97042000,1716940799999,2224860225.79922270,1459351,15543.09776000,1059920452.31461710,0,BTCUSDT,0.00999999999476131,20197.99554,5639805
2024-05-29,68398.40000000,68935.68000000,67124.65000000,67652.42000000,23159.83149000,1717027199999,1573095221.64839840,1221044,11748.55954000,797928379.36691790,0,BTCUSDT,0.010000000009313226,20197.87601,5639671
2024-05-30,67652.41000000,69500.00000000,67128.00000000,68352.17000000,28478.21840000,1717113599999,1945001081.52158660,1272851,14074.36655000,961595245.17878340,0,BTCUSDT,0.010000000009313226,20200.81298,5639810
2024-05-31,68352.17000000,69044.10000000,66670.00000000,67540.01000000,26690.32184000,1717199999999,1812659052.24967660,1177860,13258.10182000,900414200.11617690,0,BTCUSDT,0.010000000009313226,20196.46677,5639577
2024-06-01,67540.01000000,67900.00000000,67428.44000000,67766.85000000,8837.66133000,1717286399999,598305207.99320460,638484,4235.27045000,286752060.40289290,0,BTCUSDT,0.00999999999476131,20197.63519,5639652
2024-06-02,67766.84000000,68460.00000000,67257.47000000,67765.63000000,15426.32529000,1717372799999,1046827665.38293130,812348,7760.23377000,526768921.12622220,0,BTCUSDT,0.00999999999476131,20197.58373,5639896
2024-06-03,67765.62000000,70288.00000000,67612.48000000,68809.90000000,29633.37400000,1717459199999,2047757076.22683570,1253789,15308.67275000,1058024704.35337320,0,BTCUSDT,0.00999999999476131,20197.90178,5639936
2024-06-04,68809.89000000,71063.45000000,68567.32000000,70537.84000000,29619.78489000,1717545599999,2069902136.99324010,1254515,14922.96734000,1043071241.62848080,0,BTCUSDT,0.00999999999476131,20197.83189,5639720
2024-06-05,70537.83000000,71758.00000000,70383.66000000,71108.00000000,28703.18082000,1717631999999,2040073765.86763960,1055115,14210.23392000,1010053925.79108140,0,BTCUSDT,0.010000000009313226,20203.61925,5639849
2024-06-06,71108.00000000,71700.00000000,70117.64000000,70799.06000000,21842.00449000,1717718399999,1551467659.15429660,900226,10287.39110000,730849194.23039900,0,BTCUSDT,0.010000000009313226,20199.4626,5639600
2024-06-07,70799.06000000,71997.02000000,68420.00000000,69355.60000000,35598.45045000,1717804799999,2507250591.33297820,1516415,17318.78051000,1220810920.34443310,0,BTCUSDT,0.00999999999476131,20199.4342,5639547
2024-06-08,69355.60000000,69582.20000000,69168.02000000,69310.46000000,9773.82967000,1717891199999,678267390.53103880,714103,4772.23036000,331182466.90034250,0,BTCUSDT,0.00999999999476131,20203.98465,5640369
2024-06-09,69310.46000000,69857.14000000,69130.24000000,69648.14000000,9890.56709000,1717977599999,687344656.07255660,575583,4883.69296000,339405376.08154470,0,BTCUSDT,0.00999999999476131,20203.52064,5640260
2024-06-10,69648.15000000,70195.94000000,69172.29000000,69540.00000000,17122.66941000,1718063999999,1192466549.96912270,936731,8412.00246000,585909223.77581300,0,BTCUSDT,0.00999999999476131,20203.60301,5640187
2024-06-11,69540.00000000,69590.01000000,66051.00000000,67314.24000000,41436.01588000,1718150399999,2793799020.46912430,1782415,19839.82320000,1337254654.99899240,0,BTCUSDT,0.00999999999476131,20203.64938,5640195
2024-06-12,67314.23000000,69999.00000000,66905.00000000,68263.99000000,37175.32356000,1718236799999,2550285139.18437200,1670745,18975.89081000,1302069589.64168150,0,BTCUSDT,0.00999999999476131,20204.43925,5641029
2024-06-13,68263.98000000,68449.30000000,66251.78000000,66773.01000000,29079.55571000,1718323199999,1958897960.91729170,1518202,13886.14007000,935614189.69868110,0,BTCUSDT,0.010000000009313226,20199.86234,5640745
2024-06-14,66773.01000000,67370.24000000,65078.00000000,66043.99000000,28408.18797000,1718409599999,1884451554.42828490,1736314,13619.40861000,903708200.78497490,0,BTCUSDT,0.00999999999476131,20199.95568,5640894
2024-06-15,66043.99000000,66478.48000000,65857.10000000,66228.25000000,11451.80242000,1718495999999,758175888.02833720,700886,5495.02083000,363796116.45357520,0,BTCUSDT,0.00999999999476131,20197.87949,5640673
2024-06-16,66228.25000000,66998.70000000,66034.50000000,66676.87000000,9392.52223000,1718582399999,624653672.61385750,703295,4750.05166000,315940653.99261210,0,BTCUSDT,0.00999999999476131,20197.92442,5640674
2024-06-17,66676.86000000,67298.81000000,65130.00000000,66504.33000000,27386.16851000,1718668799999,1812061226.75656550,1542620,13716.89431000,907703353.53049530,0,BTCUSDT,0.010000000009313226,20196.84914,5640452
2024-06-18,66504.33000000,66588.23000000,64060.00000000,65175.32000000,42350.10244000,1718755199999,2755141806.03109010,2151711,20076.41361000,1305946733.58928080,0,BTCUSDT,0.010000000009313226,20197.06003,5640510
2024-06-19,65175.32000000,65727.54000000,64666.00000000,64974.37000000,20060.79576000,1718841599999,1307731953.95453160,1078458,10289.78180000,670875724.31372840,0,BTCUSDT,0.010000000009313226,20196.85775,5640582
2024-06-20,64974.37000000,66482.94000000,64559.15000000,64869.99000000,24265.29031000,1718927999999,1584896152.16637010,1282687,11828.87934000,772646071.21699650,0,BTCUSDT,0.010000000009313226,20197.00583,5640505
2024-06-21,64869.99000000,65066.66000000,63379.35000000,64143.56000000,25993.56442000,1719014399999,1665541539.70861590,1362617,12543.25960000,803462610.69190860,0,BTCUSDT,0.010000000009313226,20197.19706,5640577
2024-06-22,64143.56000000,64546.81000000,63943.82000000,64262.01000000,7308.95542000,1719100799999,470027247.34020830,562832,3756.29045000,241583895.45436180,0,BTCUSDT,0.00999999999476131,20197.02274,5640307
2024-06-23,64262.01000000,64521.00000000,63178.32000000,63210.01000000,8224.45447000,1719187199999,526848525.00294520,592759,3974.67964000,254685735.53387730,0,BTCUSDT,0.010000000009313226,20196.84092,5640536
2024-06-24,63210.01000000,63369.80000000,58402.00000000,60293.30000000,52161.35414000,1719273599999,3180853460.92475080,2190787,24495.59428000,1493633137.52665430,0,BTCUSDT,0.010000000009313226,20197.08074,5640604
2024-06-25,60293.30000000,62420.00000000,60257.06000000,61806.01000000,31189.24361000,1719359999999,1914901308.84587010,1277481,15360.08458000,943071608.51094150,0,BTCUSDT,0.00999999999476131,20200.00766,5641263
2024-06-26,61806.01000000,62487.81000000,60712.00000000,60864.99000000,22485.66463000,1719446399999,1381716993.35549190,1112152,11435.02653000,702676210.43654810,0,BTCUSDT,0.00999999999476131,20200.07491,5641260
2024-06-27,60864.98000000,62389.22000000,60606.63000000,61706.47000000,18344.28631000,1719532799999,1126705164.78289200,1062176,9298.26500000,570914131.05718340,0,BTCUSDT,0.00999999999476131,20200.29258,5641400
2024-06-28,61706.46000000,62225.31000000,60063.00000000,60427.84000000,24821.19255000,1719619199999,1519872032.02663600,1479626,12661.53908000,775499790.79123460,0,BTCUSDT,0.00999999999476131,20200.3488,5641511
2024-06-29,60427.84000000,61224.00000000,60383.77000000,60986.68000000,11509.55904000,1719705599999,701345872.48811430,767669,5461.68911000,332791254.69089930,0,BTCUSDT,0.00999999999476131,20200.58314,5641494
2024-06-30,60986.68000000,63058.76000000,60712.21000000,62772.01000000,17326.30136000,1719791999999,1070250012.54466050,1108912,8224.44601000,508208752.08569870,0,BTCUSDT,0.00999999999476131,20201.39139,5642123
2024-07-01,62772.01000000,63861.76000000,62497.20000000,62899.99000000,24547.10538000,1719878399999,1550980813.67013450,1461508,12388.60654000,782785773.83555930,0,BTCUSDT,0.010000000009313226,20201.62164,5642297
2024-07-02,62900.00000000,63288.83000000,61806.28000000,62135.47000000,18573.11875000,1719964799999,1160792332.61755960,1308816,9453.17931000,590763216.57998250,0,BTCUSDT,0.00999999999476131,20201.73596,5642393
2024-07-03,62135.46000000,62285.94000000,59400.00000000,60208.58000000,32160.11127000,1720051199999,1945901232.90665710,1839372,15055.45492000,910631739.67384830,0,BTCUSDT,0.00999999999476131,20201.87,5642278
2024-07-04,60208.57000000,60498.19000000,56771.00000000,57050.01000000,54568.77276000,1720137599999,3168619756.24364850,2523236,24982.98822000,1450509608.68042170,0,BTCUSDT,0.00999999999476131,20201.83289,5642219
2024-07-05,57050.02000000,57546.00000000,53485.93000000,56628.79000000,81348.24756000,1720223999999,4515040083.53651490,3749255,37926.65162000,2104682004.51668210,0,BTCUSDT,0.00999999999476131,20200.11877,5641773
2024-07-06,56628.79000000,58475.00000000,56018.00000000,58230.13000000,21651.31558000,1720310399999,1235398733.43570290,1411065,11083.50401000,632724011.54747280,0,BTCUSDT,0.00999999999476131,20201.15976,5642259
2024-07-07,58230.13000000,58449.46000000,55724.37000000,55857.81000000,19118.93918000,1720396799999,1094135752.45286890,1289229,9081.66872000,519830378.93556300,0,BTCUSDT,0.00999999999476131,20201.53959,5642827
2024-07-08,55857.81000000,58236.73000000,54260.16000000,56714.62000000,48090.20490000,1720483199999,2699942701.37551110,2554389,23963.90684000,1346497811.21179220,0,BTCUSDT,0.00999999999476131,20203.67815,5643632
2024-07-09,56714.61000000,58296.00000000,56289.45000000,58050.00000000,27732.20788000,1720569599999,1592351321.65538700,1757693,14143.25001000,812249336.74934340,0,BTCUSDT,0.00999999999476131,20205.95779,5644519
2024-07-10,58050.00000000,59470.00000000,57157.79000000,57725.85000000,24951.73799000,1720655999999,1452293495.65014880,1766696,12423.53162000,723209557.64967550,0,BTCUSDT,0.00999999999476131,20204.75661,5644371
2024-07-11,57725.85000000,59650.00000000,57050.00000000,57339.89000000,29761.05735000,1720742399999,1728929618.05838440,2157661,15019.30135000,872986677.11952730,0,BTCUSDT,1.569999999992433,20205.91773,5644711
2024-07-12,57339.89000000,58526.68000000,56542.47000000,57889.10000000,23652.45690000,1720828799999,1360201319.07615040,1749738,11488.82545000,661028735.66443120,0,BTCUSDT,0.00999999999476131,20206.13917,5644936
2024-07-13,57889.09000000,59850.00000000,57756.63000000,59204.02000000,15357.74519000,1720915199999,900429281.14823270,1114391,7889.36244000,462600767.86107760,0,BTCUSDT,0.00999999999476131,20205.72664,5644938
2024-07-14,59204.01000000,61420.69000000,59194.01000000,60797.91000000,21178.33907000,1721001599999,1273562988.61117610,1456088,10479.46025000,630300143.25984630,0,BTCUSDT,0.010000000009313226,20211.23622,5645841
2024-07-15,60797.91000000,64900.00000000,60632.30000000,64724.14000000,38690.97820000,1721087999999,2435540879.02893340,2600425,19076.54212000,1201411783.66660390,0,BTCUSDT,0.00999999999476131,20211.60695,5646679
2024-07-16,64724.06000000,65388.97000000,62373.24000000,65043.99000000,42530.52915000,1721174399999,2725231969.28845080,2484783,21595.04799000,1384337933.33100270,0,BTCUSDT,0.00999999999476131,20212.10596,5646695
2024-07-17,65044.00000000,66128.63000000,63854.00000000,64087.99000000,29567.52954000,1721260799999,1922412273.08820950,1868671,14616.17013000,950725865.58566080,0,BTCUSDT,0.010000000009313226,20211.31597,5646381
2024-07-18,64087.99000000,65133.30000000,63238.48000000,63987.92000000,22568.72250000,1721347199999,1449872437.64979730,1696742,11288.35191000,725073622.70567400,0,BTCUSDT,0.010000000009313226,20211.47636,5646564
2024-07-19,63987.92000000,67386.00000000,63300.67000000,66660.00000000,35634.72739000,1721433599999,2331517674.36865920,2184889,17971.06949000,1176753281.03832610,0,BTCUSDT,0.00999999999476131,20208.50758,5646706
2024-07-20,66660.01000000,67598.00000000,66222.46000000,67139.96000000,14386.92434000,1721519999999,961878801.84822110,995093,6868.63454000,459313955.25348910,0,BTCUSDT,0.010000000009313226,20208.59442,5646929
2024-07-21,67139.97000000,68366.66000000,65777.00000000,68165.34000000,21819.11191000,1721606399999,1465757867.97474330,1322942,11412.05459000,766856991.84253770,0,BTCUSDT,0.00999999999476131,20207.50134,5646793
2024-07-22,68165.35000000,68474.55000000,66559.97000000,67532.01000000,21451.04303000,1721692799999,1448418369.84670970,1558140,10263.95040000,693063991.11910680,0,BTCUSDT,0.00999999999476131,20206.68236,5646828
2024-07-23,67532.00000000,67750.98000000,65441.08000000,65936.01000000,31406.15316000,1721779199999,2088544473.32350770,1772089,15168.84798000,1008794779.03899120,0,BTCUSDT,0.00999999999476131,20203.9346,5645755
2024-07-24,65936.00000000,67102.01000000,65111.00000000,65376.00000000,23082.56277000,1721865599999,1526490826.46699670,1391053,10827.75551000,716084205.20164140,0,BTCUSDT,0.00999999999476131,20203.8608,5645516
2024-07-25,65376.01000000,66175.49000000,63456.70000000,65799.95000000,35126.42934000,1721951999999,2266419771.22486380,1830360,16579.45258000,1070150879.36395480,0,BTCUSDT,0.00999999999476131,20203.25767,5644639
2024-07-26,65799.95000000,68200.00000000,65722.63000000,67907.99000000,24244.36023000,1722038399999,1630839588.69665470,1406982,12444.52129000,837159298.56635020,0,BTCUSDT,0.00999999999476131,20203.28745,5644520
2024-07-27,67908.00000000,69399.99000000,66650.00000000,67896.50000000,31710.21921000,1722124799999,2162335067.02341760,1690591,15838.92820000,1080427116.19164440,0,BTCUSDT,0.00999999999476131,20203.05807,5644488
2024-07-28,67896.49000000,68318.43000000,67066.66000000,68249.88000000,10868.69394000,1722211199999,736755676.13774510,821210,5403.48694000,366295409.63502700,0,BTCUSDT,0.00999999999476131,20202.62258,5644486
2024-07-29,68249.88000000,70079.99000000,66428.00000000,66784.69000000,36467.29633000,1722297599999,2499265962.09145500,1952812,18196.23316000,1248743452.55767880,0,BTCUSDT,0.00999999999476131,20202.80789,5644923
2024-07-30,66784.68000000,67000.00000000,65302.67000000,66188.00000000,23132.25441000,1722383999999,1533270724.79942100,1622083,11096.82554000,735708436.02368670,0,BTCUSDT,0.00999999999476131,20202.80762,5644925
2024-07-31,66188.00000000,66849.24000000,64530.00000000,64628.00000000,22625.43905000,1722470399999,1489443332.59601170,1609976,10818.48504000,712275323.70693700,0,BTCUSDT,0.00999999999476131,20202.40578,5644462
2024-08-01,64628.01000000,65659.78000000,62302.00000000,65354.02000000,35542.26854000,1722556799999,2270877792.65867990,2397257,16886.93292000,1079221072.75802780,0,BTCUSDT,0.010000000009313226,20202.40156,5644957
2024-08-02,65354.02000000,65596.14000000,61230.01000000,61498.33000000,38820.42937000,1722643199999,2469588785.69815740,2457735,18202.35794000,1158565579.09029100,0,BTCUSDT,0.00999999999476131,20200.50452,5644462
2024-08-03,61498.34000000,62198.22000000,59850.00000000,60697.99000000,28034.71567000,1722729599999,1711555901.18010990,1669555,12947.95791000,790701622.63757370,0,BTCUSDT,0.00999999999476131,20200.57697,5644574
2024-08-04,60697.99000000,61117.63000000,57122.77000000,58161.00000000,31616.52003000,1722815999999,1874490041.54373530,1886195,14556.62470000,863334319.96789840,0,BTCUSDT,0.00999999999476131,20200.85003,5644740
2024-08-05,58161.00000000,58305.59000000,49000.00000000,54018.81000000,162065.59186000,1722902399999,8580928177.42990090,7568497,77363.26323000,4097736999.06792360,0,BTCUSDT,0.00999999999476131,20201.76458,5645281
2024-08-06,54018.82000000,57040.99000000,53950.00000000,56022.01000000,55884.77676000,1722988799999,3119018848.32988790,3433824,27934.19288000,1559417942.64908360,0,BTCUSDT,0.00999999999476131,20202.63938,5645875
2024-08-07,56022.00000000,57736.05000000,54558.62000000,55134.16000000,44269.37684000,1723075199999,2490553853.60258280,2397504,21897.14983000,1232415104.44728570,0,BTCUSDT,0.00999999999476131,20202.63635,5645887
2024-08-08,55133.76000000,62745.14000000,54730.00000000,61685.99000000,48349.52949000,1723161599999,2836312292.43181820,2603042,25676.29533000,1508140014.00051670,0,BTCUSDT,0.010000000009313226,20202.89708,5646313
2024-08-09,61686.00000000,61744.37000000,59535.00000000,60837.99000000,30972.48017000,1723247999999,1878350555.51226330,1827809,15023.05073000,911225295.62634360,0,BTCUSDT,0.010000000009313226,20202.6959,5645966
2024-08-10,60837.99000000,61470.58000000,60242.00000000,60923.51000000,9995.20621000,1723334399999,607372221.24603980,800499,4893.63854000,297435046.00250790,0,BTCUSDT,0.00999999999476131,20202.46127,5646583
2024-08-11,60923.51000000,61858.00000000,58286.73000000,58712.59000000,19189.84512000,1723420799999,1152081498.15677740,1319469,9094.74521000,546165456.95507360,0,BTCUSDT,0.00999999999476131,20202.56583,5646792
2024-08-12,58712.59000000,60711.09000000,57642.21000000,59346.64000000,37009.91743000,1723507199999,2186851067.31658610,2293837,18279.26596000,1080368631.14278460,0,BTCUSDT,0.010000000009313226,20202.45594,5646488
2024-08-13,59346.64000000,61578.10000000,58392.88000000,60587.15000000,27858.95851000,1723593599999,1668247896.84771860,1713485,13647.22341000,817397824.22938570,0,BTCUSDT,0.010000000009313226,20202.47887,5646067
2024-08-14,60587.16000000,61800.00000000,58433.18000000,58683.39000000,28422.76326000,1723679999999,1705464263.50586500,1729342,13263.89620000,796386901.36411660,0,BTCUSDT,0.00999999999476131,20202.75763,5646009
2024-08-15,58683.39000000,59849.38000000,56078.54000000,57541.06000000,37686.17622000,1723766399999,2194915865.05222870,2507858,17255.22311000,1005337423.72642390,0,BTCUSDT,0.00999999999476131,20202.76147,5645912
2024-08-16,57541.05000000,59817.76000000,57098.62000000,58874.60000000,27610.84344000,1723852799999,1614654900.33327160,1999539,13963.51824000,816740633.54544620,0,BTCUSDT,0.010000000009313226,20202.57977,5645768
2024-08-17,58874.59000000,59700.00000000,58785.05000000,59491.99000000,7721.72931000,1723939199999,457737705.77228390,807159,3871.65310000,229477473.80983910,0,BTCUSDT,0.00999999999476131,20202.74175,5646263
2024-08-18,59491.99000000,60284.99000000,58408.92000000,58427.35000000,13634.85717000,1724025599999,813166580.72648510,1099730,6660.58254000,397459480.87198230,0,BTCUSDT,0.010000000009313226,20203.05202,5646575
2024-08-19,58427.35000000,59617.63000000,57787.30000000,59438.50000000,22809.31251000,1724111999999,1336287900.19763400,1636295,11350.30776000,665066212.75953550,0,BTCUSDT,0.00999999999476131,20202.57118,5646269
2024-08-20,59438.50000000,61400.00000000,58548.23000000,59013.80000000,31477.44548000,1724198399999,1890620149.79102020,1904519,16041.22019000,964180516.15293990,0,BTCUSDT,0.00999999999476131,20202.46059,5646269
2024-08-21,59013.80000000,61820.93000000,58783.47000000,61156.03000000,27983.64220000,1724284799999,1682529555.09605460,1981525,14156.90984000,851829721.39945480,0,BTCUSDT,0.00999999999476131,20197.36437,5645988
2024-08-22,61156.03000000,61400.00000000,59724.87000000,60375.84000000,21241.20588000,1724371199999,1288544247.95601750,1718280,10269.33376000,623042041.07817350,0,BTCUSDT,0.00999999999476131,20196.10155,5646329
2024-08-23,60375.83000000,64955.00000000,60342.14000000,64037.24000000,38118.07089000,1724457599999,2375916932.79354870,2555682,20372.88336000,1270318490.02577540,0,BTCUSDT,0.010000000009313226,20189.70826,5645462
2024-08-24,64037.24000000,64494.50000000,63531.00000000,64157.01000000,15857.15616000,1724543999999,1015774255.17407640,1551856,7643.02686000,489673236.65980020,0,BTCUSDT,0.00999999999476131,20188.83032,5645896
2024-08-25,64157.02000000,65000.00000000,63773.27000000,64220.00000000,12305.47977000,1724630399999,789935122.99302420,1263065,6315.72233000,405555580.86044380,0,BTCUSDT,0.010000000009313226,20188.83214,5646075
2024-08-26,64219.99000000,64481.00000000,62800.00000000,62834.00000000,19470.05276000,1724716799999,1238341818.43201660,2152841,8995.67609000,572188217.62956750,0,BTCUSDT,0.00999999999476131,20192.68467,5646256
2024-08-27,62834.00000000,63212.00000000,58034.01000000,59415.00000000,35135.94178000,1724803199999,2158144642.99299270,2995281,15873.15360000,975361314.87765910,0,BTCUSDT,0.00999999999476131,20184.51162,5645871
2024-08-28,59415.00000000,60234.98000000,57860.00000000,59034.90000000,36868.54275000,1724889599999,2183054412.97408700,3664134,17135.91162000,1014904733.06851290,0,BTCUSDT,0.00999999999476131,20183.95112,5645819
2024-08-29,59034.90000000,61166.99000000,58713.09000000,59359.01000000,27020.90743000,1724975999999,1617931684.25857600,2743900,13152.38590000,787682410.35188690,0,BTCUSDT,0.010000000009313226,20184.27235,5646013
2024-08-30,59359.00000000,59944.07000000,57701.10000000,59123.99000000,28519.32195000,1725062399999,1680918972.46584970,2845696,13783.34749000,812769089.28498120,0,BTCUSDT,0.010000000009313226,20182.94605,5646143
2024-08-31,59123.99000000,59462.38000000,58744.00000000,58973.99000000,8798.40900000,1725148799999,519849184.86904460,895944,4195.93079000,247955494.35915920,0,BTCUSDT,0.010000000009313226,20182.7781,5646784
2024-09-01,58974.00000000,59076.59000000,57201.00000000,57301.86000000,20705.15741000,1725235199999,1202176847.39105850,2153180,9651.50531000,560452387.89854740,0,BTCUSDT,0.00999999999476131,20185.38149,5647074
2024-09-02,57301.77000000,59425.69000000,57128.00000000,59132.13000000,22895.01461000,1725321599999,1333092369.44656860,1966119,11295.25452000,657496577.63048030,0,BTCUSDT,0.00999999999476131,20185.92207,5647565
2024-09-03,59132.12000000,59809.65000000,57415.00000000,57487.73000000,22828.18447000,1725407999999,1335076815.85992480,2208758,10979.79204000,642252673.11321130,0,BTCUSDT,0.00999999999476131,20133.6237,5646841
2024-09-04,57487.74000000,58519.00000000,55606.00000000,57970.90000000,35560.82146000,1725494399999,2027630870.17967540,3177549,16861.75483000,961923197.77825300,0,BTCUSDT,0.00999999999476131,20133.51713,5646716
2024-09-05,57970.90000000,58327.07000000,55643.65000000,56180.00000000,27806.91413000,1725580799999,1577770853.10079750,3368058,12955.88970000,734996919.35909540,0,BTCUSDT,0.010000000009313226,20127.19318,5645637
2024-09-06,56180.00000000,57008.00000000,52550.00000000,53962.97000000,54447.76826000,1725667199999,2988914918.92433420,5287281,25325.18849000,1390546230.88109310,0,BTCUSDT,0.00999999999476131,20119.8985,5645282
2024-09-07,53962.97000000,54850.00000000,53745.54000000,54160.86000000,16694.04774000,1725753599999,905693342.58983220,1920923,8023.90683000,435381439.00959560,0,BTCUSDT,0.00999999999476131,20118.54135,5644919
2024-09-08,54160.86000000,55318.00000000,53629.01000000,54869.95000000,16274.14779000,1725839999999,885743172.91847590,1796092,8031.76084000,437221897.11041520,0,BTCUSDT,0.010000000009313226,20118.45174,5644911
2024-09-09,54869.95000000,58088.00000000,54591.96000000,57042.00000000,32384.51737000,1725926399999,1809715390.04932940,3355912,16412.83148000,917669512.22202930,0,BTCUSDT,0.010000000009313226,20117.39626,5644653
2024-09-10,57042.01000000,58044.36000000,56386.40000000,57635.99000000,23626.78126000,1726012799999,1349365460.09005710,2843148,11690.37506000,667774722.69939110,0,BTCUSDT,0.010000000009313226,20117.24178,5644281
2024-09-11,57635.99000000,57981.71000000,55545.19000000,57338.00000000,33026.56757000,1726099199999,1875738697.37841530,4045103,15979.30786000,907634258.56498910,0,BTCUSDT,0.010000000009313226,20117.18116,5644175
2024-09-12,57338.00000000,58588.00000000,57324.00000000,58132.32000000,31074.40631000,1726185599999,1802848638.07570170,3706764,14783.00418000,857572456.51008690,0,BTCUSDT,0.010000000009313226,20116.16575,5644324
2024-09-13,58132.31000000,60625.00000000,57632.62000000,60498.00000000,29825.23333000,1726271999999,1760671733.54929960,3378012,15395.13731000,909141733.97476540,0,BTCUSDT,0.010000000009313226,20086.79043,5643167
2024-09-14,60497.99000000,60610.45000000,59400.00000000,59993.03000000,12137.90901000,1726358399999,728527024.34169630,1288784,5570.22098000,334303099.74321360,0,BTCUSDT,0.00999999999476131,20079.48146,5642532
2024-09-15,59993.02000000,60395.80000000,58691.05000000,59132.00000000,13757.92361000,1726444799999,822410872.39069560,1552950,6431.24697000,384460724.57039670,0,BTCUSDT,0.00999999999476131,20079.46566,5642429
2024-09-16,59132.00000000,59210.70000000,57493.30000000,58213.99000000,26477.56420000,1726531199999,1543273198.70274520,3145152,12859.75840000,749563220.80605080,0,BTCUSDT,0.00999999999476131,20079.2312,5641848
2024-09-17,58213.99000000,61320.00000000,57610.01000000,60313.99000000,33116.25878000,1726617599999,1983378424.77570380,3918209,16390.65993000,981860543.27358150,0,BTCUSDT,0.00999999999476131,20078.52663,5641352
2024-09-18,60313.99000000,61786.24000000,59174.80000000,61759.99000000,36087.02469000,1726703999999,2174000496.82077610,5167671,18429.59712000,1110622778.75108520,0,BTCUSDT,0.010000000009313226,20075.07491,5640979
2024-09-19,61759.98000000,63850.00000000,61555.00000000,62947.99000000,34332.52608000,1726790399999,2153175931.17387170,4438284,17609.62958000,1104427424.52469690,0,BTCUSDT,0.010000000009313226,20074.16542,5641232
2024-09-20,62948.00000000,64133.32000000,62350.00000000,63201.05000000,25466.37794000,1726876799999,1611195963.99080440,3969296,12411.32227000,785440558.81257280,0,BTCUSDT,0.010000000009313226,20073.47584,5641107
2024-09-21,63201.05000000,63559.90000000,62758.00000000,63348.96000000,8375.34608000,1726963199999,528657852.31830240,1283611,3877.73743000,244802615.78455930,0,BTCUSDT,0.00999999999476131,20074.06902,5641118
2024-09-22,63348.97000000,64000.00000000,62357.93000000,63578.76000000,14242.19892000,1727049599999,897477338.37351270,2145736,6923.17369000,436456231.95378810,0,BTCUSDT,0.00999999999476131,20073.24271,5641175
2024-09-23,63578.76000000,64745.88000000,62538.75000000,63339.99000000,24078.05287000,1727135999999,1531015038.36802670,3999187,12331.07643000,784350440.71456530,0,BTCUSDT,0.00999999999476131,20073.10318,5641385
2024-09-24,63339.99000000,64688.00000000,62700.00000000,64262.70000000,23185.04759000,1727222399999,1472720338.85629160,3870157,11522.89363000,732118662.41710540,0,BTCUSDT,0.010000000009313226,20073.20299,5641452
2024-09-25,64262.70000000,64817.99000000,62947.08000000,63152.01000000,17813.11168000,1727308799999,1135250828.27321490,3355531,8384.67983000,534590429.21054930,0,BTCUSDT,0.010000000009313226,20069.68796,5641057
2024-09-26,63152.01000000,65839.00000000,62670.00000000,65173.99000000,28373.30593000,1727395199999,1831204595.94489680,4361333,15041.98860000,971176161.38708060,0,BTCUSDT,0.010000000009313226,20070.05,5641317
2024-09-27,65173.99000000,66498.00000000,64819.90000000,65769.95000000,22048.80487000,1727481599999,1448852210.36022120,3498529,11092.85716000,729156061.36792320,0,BTCUSDT,0.010000000009313226,20069.33199,5641112
2024-09-28,65769.95000000,66260.00000000,65422.23000000,65858.00000000,9127.23316000,1727567999999,600118483.12225210,1341703,4501.22534000,296026669.83370660,0,BTCUSDT,0.00999999999476131,20068.55337,5640921
2024-09-29,65858.00000000,66076.12000000,65432.00000000,65602.01000000,8337.74111000,1727654399999,547980013.71523030,1413449,4132.93780000,271622295.35352910,0,BTCUSDT,0.00999999999476131,20067.78569,5641303
2024-09-30,65602.01000000,65618.80000000,62856.30000000,63327.59000000,30011.08752000,1727740799999,1920250261.74421610,3978584,14451.93044000,924324016.73584480,0,BTCUSDT,0.00999999999476131,20066.197,5641238
2024-10-01,63327.60000000,64130.63000000,60164.00000000,60805.78000000,43671.48108000,1727827199999,2723672081.83262550,5607069,20951.74486000,1308603194.33104010,0,BTCUSDT,0.00999999999476131,20066.22851,5641263
2024-10-02,60804.92000000,62390.31000000,60000.00000000,60649.28000000,31534.70118000,1727913599999,1928377637.83678390,5313210,15719.32519000,961468320.51547270,0,BTCUSDT,0.010000000009313226,20065.66675,5641490
2024-10-03,60649.27000000,61477.19000000,59828.11000000,60752.71000000,26221.43472000,1727999999999,1590773866.80744340,5244004,12906.51464000,783073701.73311730,0,BTCUSDT,0.010000000009313226,20065.53848,5641653
2024-10-04,60752.72000000,62484.85000000,60459.90000000,62086.00000000,21294.65994000,1728086399999,1311145630.50204980,3798631,10689.34488000,658151113.93518280,0,BTCUSDT,0.00999999999476131,20064.57458,5641567
2024-10-05,62086.00000000,62370.56000000,61689.26000000,62058.00000000,7807.46141000,1728172799999,484588468.34191230,1183175,3690.55536000,229107774.75427000,0,BTCUSDT,0.010000000009313226,20063.88472,5641650
2024-10-06,62058.01000000,62975.00000000,61798.97000000,62819.91000000,8906.86177000,1728259199999,555669634.47735140,1556553,4798.29924000,299426562.83034480,0,BTCUSDT,0.010000000009313226,20064.01764,5642183
2024-10-07,62819.91000000,64478.19000000,62128.00000000,62224.00000000,25966.18520000,1728345599999,1646315506.57919460,4809342,12760.73415000,809108823.51261260,0,BTCUSDT,0.010000000009313226,20064.68571,5642186
2024-10-08,62224.01000000,63200.00000000,61860.31000000,62160.49000000,19702.22371000,1728431999999,1230076253.81865700,3798438,9614.36947000,600357593.78737790,0,BTCUSDT,0.010000000009313226,20064.72147,5642375
2024-10-09,62160.50000000,62543.75000000,60301.00000000,60636.02000000,20011.15684000,1728518399999,1234778807.59324170,3668363,9454.70171000,583725546.03098850,0,BTCUSDT,0.00999999999476131,20063.84391,5642222
2024-10-10,60636.01000000,61321.68000000,58946.00000000,60326.39000000,23967.92481000,1728604799999,1445604381.93637920,3872577,10827.77272000,653182369.94276710,0,BTCUSDT,0.010000000009313226,20063.64614,5642568
2024-10-11,60326.40000000,63417.56000000,60087.64000000,62540.00000000,23641.35209000,1728691199999,1462219576.84986490,3222180,12099.56755000,748431117.91657060,0,BTCUSDT,0.010000000009313226,20063.59662,5642519
2024-10-12,62539.99000000,63480.00000000,62487.23000000,63206.22000000,10911.30116000,1728777599999,686978508.98875430,1770837,5196.91695000,327263147.47604010,0,BTCUSDT,0.00999999999476131,20063.62237,5642561
2024-10-13,63206.23000000,63285.72000000,62050.00000000,62870.02000000,11909.21995000,1728863999999,746564374.20823870,2242529,5855.04617000,367046338.91942090,0,BTCUSDT,0.00999999999476131,20063.83947,5642905
2024-10-14,62870.02000000,66500.00000000,62457.81000000,66083.99000000,37669.95222000,1728950399999,2450094472.81354500,4977577,19941.11906000,1297062359.24748640,0,BTCUSDT,0.00999999999476131,20063.86635,5643322
2024-10-15,66084.00000000,67950.00000000,64800.01000000,67074.14000000,43683.95423000,1729036799999,2894021862.31951800,6245619,21820.68200000,1446378130.56598510,0,BTCUSDT,0.00999999999476131,20066.76374,5643746
2024-10-16,67074.14000000,68424.00000000,66750.49000000,67620.01000000,29938.25544000,1729123199999,2024560410.10626740,5109685,15212.87402000,1029210667.47582840,0,BTCUSDT,0.00999999999476131,20066.95387,5643741
2024-10-17,67620.00000000,67939.40000000,66666.00000000,67421.78000000,25328.22861000,1729209599999,1702164439.56545950,3981960,12153.94712000,816887407.40423790,0,BTCUSDT,0.00999999999476131,20064.1374,5642818
2024-10-18,67421.78000000,69000.00000000,67192.36000000,68428.00000000,28725.63500000,1729295999999,1959735899.87696440,4010969,14218.17850000,970440964.26681170,0,BTCUSDT,0.00999999999476131,20063.4945,5643355
2024-10-19,68427.99000000,68693.26000000,68010.00000000,68378.00000000,8193.66737000,1729382399999,559628628.96131050,1152428,4071.19627000,278085065.51769250,0,BTCUSDT,0.00999999999476131,20063.55907,5643648
2024-10-20,68377.99000000,69400.00000000,68100.00000000,69031.99000000,12442.47378000,1729468799999,854082429.81058610,1563795,6772.92574000,465001555.93098300,0,BTCUSDT,0.00999999999476131,20063.50277,5643593
2024-10-21,69032.00000000,69519.52000000,66840.67000000,67377.50000000,31374.42184000,1729555199999,2130833593.54669770,3686777,13593.60828000,923860758.42088440,0,BTCUSDT,0.010000000009313226,20063.99564,5643915
2024-10-22,67377.50000000,67836.01000000,66571.42000000,67426.00000000,24598.96268000,1729641599999,1654285791.66055570,3669291,12400.51857000,834160889.23987370,0,BTCUSDT,0.00999999999476131,20063.62386,5643931
2024-10-23,67426.01000000,67472.83000000,65260.00000000,66668.65000000,25530.24070000,1729727999999,1695101430.91874660,3807365,11888.33995000,789384635.11068600,0,BTCUSDT,0.00999999999476131,20064.52689,5644181
2024-10-24,66668.65000000,68850.00000000,66510.00000000,68198.28000000,22589.83877000,1729814399999,1526736320.91293800,3797462,11502.58514000,777936396.52474600,0,BTCUSDT,0.00999999999476131,20064.59555,5644672
2024-10-25,68198.27000000,68771.49000000,65596.29000000,66698.33000000,34479.71125000,1729900799999,2320667435.29325390,5332593,16031.03200000,1079347459.15496360,0,BTCUSDT,0.00999999999476131,20065.35389,5644841
2024-10-26,66698.32000000,67454.55000000,66439.90000000,67092.76000000,11842.90770000,1729987199999,792887047.14789200,2373501,6069.18986000,406369780.15329440,0,BTCUSDT,0.00999999999476131,20065.04256,5644792
2024-10-27,67092.76000000,68332.05000000,66913.73000000,68021.70000000,8653.19592000,1730073599999,585006148.47048090,1771989,4417.73620000,298699666.99843930,0,BTCUSDT,0.00999999999476131,20065.34528,5644958
2024-10-28,68021.69000000,70270.00000000,67618.00000000,69962.21000000,29046.75459000,1730159999999,2005105729.81744490,4432446,15218.34976000,1051606096.42982590,0,BTCUSDT,0.010000000009313226,20065.23888,5645329
2024-10-29,69962.21000000,73620.12000000,69760.00000000,72736.42000000,50128.60594000,1730246399999,3602465986.89175740,5645430,26898.46516000,1932608784.16303730,0,BTCUSDT,0.010000000009313226,20061.87019,5644572
2024-10-30,72736.41000000,72961.00000000,71436.00000000,72344.74000000,26885.99056000,1730332799999,1941210537.28828680,4040734,13487.21433000,973898183.74672780,0,BTCUSDT,0.00999999999476131,20062.44632,5644969
2024-10-31,72344.75000000,72700.00000000,69685.76000000,70292.01000000,29352.10297000,1730419199999,2091144977.49468470,4525542,14205.13879000,1012048241.84989380,0,BTCUSDT,0.010000000009313226,20062.45467,5645032
2024-11-01,70292.01000000,71632.95000000,68820.14000000,69496.01000000,38301.86755000,1730505599999,2677358022.00497000,4569271,18044.16220000,1261663986.75969040,0,BTCUSDT,0.00999999999476131,20062.12033,5645300
2024-11-02,69496.00000000,69914.37000000,69000.14000000,69374.74000000,10521.67243000,1730591999999,731232427.63115480,1603561,5227.50713000,363370734.81580110,0,BTCUSDT,0.010000000009313226,20062.24811,5645382
2024-11-03,69374.74000000,69391.00000000,67478.73000000,68775.99000000,24995.70243000,1730678399999,1709666206.40620230,3668029,12277.58177000,839939073.13895770,0,BTCUSDT,0.00999999999476131,20060.55781,5645375
2024-11-04,68775.99000000,69500.00000000,66835.00000000,67850.01000000,29800.39187000,1730764799999,2033902307.00277610,5377048,14927.24077000,1019257547.52468490,0,BTCUSDT,0.00999999999476131,20060.62609,5645508
2024-11-05,67850.01000000,70577.91000000,67476.63000000,69372.01000000,33355.06888000,1730851199999,2310418908.06992200,4955644,17059.88663000,1181816730.92378330,0,BTCUSDT,0.00999999999476131,20061.28312,5645519
2024-11-06,69372.01000000,76400.00000000,69298.00000000,75571.99000000,104126.99478700,1730937599999,7702283270.25800886,8434184,53243.88442700,3938516657.23273316,0,BTCUSDT,0.00999999999476131,20061.47862,5645696
2024-11-07,75571.99000000,76849.99000000,74416.00000000,75857.89000000,44869.42234500,1731023999999,3391796661.97195520,5207722,21805.46029500,1648278335.30073320,0,BTCUSDT,0.00999999999476131,20061.66141,5645602
2024-11-08,75857.89000000,77199.99000000,75555.00000000,76509.78000000,36521.09958300,1731110399999,2784449097.53151828,4877489,17555.39363300,1339019332.19671258,0,BTCUSDT,0.00999999999476131,20061.72462,5645854
2024-11-09,76509.78000000,76900.00000000,75714.66000000,76677.46000000,16942.07915000,1731196799999,1294709001.60288990,2585264,8032.79327000,614028515.30017060,0,BTCUSDT,0.00999999999476131,20061.91855,5646147
2024-11-10,76677.46000000,81500.00000000,76492.00000000,80370.01000000,61830.10043500,1731283199999,4905441473.90073684,7128598,32751.01217700,2597409399.23496312,0,BTCUSDT,0.00999999999476131,20061.56004,5645891
2024-11-11,80370.01000000,89530.54000000,80216.01000000,88647.99000000,82323.66577600,1731369599999,6944268709.94272134,9348890,42837.29531400,3613896167.37191224,0,BTCUSDT,0.010000000009313226,20061.55322,5645931
2024-11-12,88648.00000000,89940.00000000,85072.00000000,87952.01000000,97299.88791100,1731455999999,8540084566.27981860,11499058,49589.33345100,4353451682.82940400,0,BTCUSDT,0.010000000009313226,20061.57754,5646031
2024-11-13,87952.00000000,93265.64000000,86127.99000000,90375.20000000,86763.85412700,1731542399999,7790928962.04303818,11962100,44342.32932700,3983689817.40144438,0,BTCUSDT,0.010000000009313226,20061.53697,5645742
2024-11-14,90375.21000000,91790.00000000,86668.21000000,87325.59000000,56729.51086000,1731628799999,5073860815.92866480,9828858,27940.85600000,2499212755.77314710,0,BTCUSDT,0.00999999999476131,20061.6165,5645882
2024-11-15,87325.59000000,91850.00000000,87073.38000000,91032.07000000,47927.95068000,1731715199999,4276238971.18142940,8009111,24800.61087000,2213154236.50961540,0,BTCUSDT,0.00999999999476131,20061.37216,5646630
2024-11-16,91032.08000000,91779.66000000,90056.17000000,90586.92000000,22717.87689000,1731801599999,2067958511.90484730,4239455,11496.31366000,1046686701.00294610,0,BTCUSDT,0.010000000009313226,20061.4533,5646697
2024-11-17,90587.98000000,91449.99000000,88722.00000000,89855.99000000,23867.55609000,1731887999999,2153871724.81039480,4930719,11852.78227000,1070094820.67389380,0,BTCUSDT,0.00999999999476131,20061.42382,5646701
2024-11-18,89855.98000000,92594.00000000,89376.90000000,90464.08000000,46545.03448000,1731974399999,4239909950.66189400,7161125,23628.87098000,2153158394.31631090,0,BTCUSDT,0.00999999999476131,20062.07175,5647083
2024-11-19,90464.07000000,93905.51000000,90357.00000000,92310.79000000,43660.04682000,1732060799999,4025108502.84961394,5647789,22127.85272400,2040301638.11617274,0,BTCUSDT,0.00999999999476131,20062.52087,5646839
2024-11-20,92310.80000000,94831.97000000,91500.00000000,94286.56000000,42203.19871200,1732147199999,3950932314.64606898,7365987,20425.30796200,1912348704.24726208,0,BTCUSDT,0.00999999999476131,20062.53395,5646643
2024-11-21,94286.56000000,98988.00000000,94040.00000000,98317.12000000,69228.36047700,1732233599999,6722807908.32565552,9048605,35424.06322700,3440467290.31852712,0,BTCUSDT,0.00999999999476131,20062.69403,5646637
2024-11-22,98317.12000000,99588.01000000,97122.11000000,98892.00000000,46189.30924300,1732319999999,4555536773.36320499,7271311,22709.66819300,2240635299.64648389,0,BTCUSDT,0.00999999999476131,20063.53547,5647059
2024-11-23,98892.00000000,98908.85000000,97136.00000000,97672.40000000,24757.84367000,1732406399999,2431609866.32951430,3839138,11176.24870000,1097538914.94125850,0,BTCUSDT,0.00999999999476131,20063.27119,5646876
2024-11-24,97672.40000000,98564.00000000,95734.77000000,97900.04000000,31200.97838000,1732492799999,3034172011.95178840,4964720,15124.12176000,1471313633.74677250,0,BTCUSDT,0.010000000009313226,20062.70382,5647004
2024-11-25,97900.05000000,98871.80000000,92600.19000000,93010.01000000,50847.45096000,1732579199999,4883444806.32219350,8289691,23486.92705000,2255516841.61021860,0,BTCUSDT,0.00999999999476131,20062.76268,5647393
2024-11-26,93010.01000000,94973.37000000,90791.10000000,91965.16000000,57858.73138000,1732665599999,5370918648.81816690,10225809,29120.26765000,2702543576.08910800,0,BTCUSDT,0.00999999999476131,20062.75644,5647345
2024-11-27,91965.16000000,97208.21000000,91792.14000000,95863.11000000,41153.42734000,1732751999999,3894358511.61756510,6648690,20316.58245000,1922620637.30761870,0,BTCUSDT,0.00999999999476131,20062.91202,5647500
2024-11-28,95863.11000000,96564.00000000,94640.00000000,95643.98000000,28814.54357000,1732838399999,2749861591.25960980,4988161,14805.69321000,1412851841.07519470,0,BTCUSDT,0.00999999999476131,20063.00371,5647809
2024-11-29,95643.99000000,98619.99000000,95364.99000000,97460.00000000,27701.78231000,1732924799999,2690451030.63428740,5094070,13840.21172000,1344148785.26364260,0,BTCUSDT,0.00999999999476131,20068.43262,5648280
2024-11-30,97460.00000000,97463.95000000,96092.01000000,96407.99000000,14503.83306000,1733011199999,1402672950.69982080,3354759,7075.91503000,684284805.02344440,0,BTCUSDT,0.00999999999476131,20067.65705,5648250
2024-12-01,96407.99000000,97836.00000000,95693.88000000,97185.18000000,16938.60452000,1733097599999,1641327626.60622060,3342200,8114.89569000,786489040.19363780,0,BTCUSDT,0.00999999999476131,20067.65593,5648246
2024-12-02,97185.17000000,98130.00000000,94395.00000000,95840.62000000,37958.66981000,1733183999999,3646639621.73758780,7560103,18821.93327000,1808458555.89058410,0,BTCUSDT,0.00999999999476131,20067.58913,5647904
2024-12-03,95840.61000000,96305.52000000,93578.17000000,95849.69000000,35827.32283000,1733270399999,3413995542.01865610,5361712,17339.11167000,1652090703.17559560,0,BTCUSDT,0.00999999999476131,20067.62686,5647916
2024-12-04,95849.69000000,99000.00000000,94587.83000000,98587.32000000,43850.53728000,1733356799999,4241994533.78610610,6648724,22033.60112000,2132655972.04500000,0,BTCUSDT,0.010000000009313226,20068.28149,5648321
2024-12-05,98587.32000000,104088.00000000,90500.00000000,96945.63000000,109921.72966200,1733443199999,11048002942.14993118,12012364,56235.07835600,5657171374.76345580,0,BTCUSDT,0.010000000009313226,20068.40676,5648723
2024-12-06,96945.63000000,101898.99000000,95981.72000000,99740.84000000,45049.53310000,1733529599999,4456641685.36444370,6919102,21999.62416000,2175645718.55336060,0,BTCUSDT,0.010000000009313226,20068.22047,5648198
2024-12-07,99740.84000000,100439.18000000,98844.00000000,99831.99000000,14931.94590000,1733615999999,1487953846.83854580,2634566,6776.55000000,675350661.29733480,0,BTCUSDT,0.00999999999476131,20068.21974,5648176
2024-12-08,99831.99000000,101351.00000000,98657.70000000,101109.59000000,14612.99688000,1733702399999,1459576946.40215100,2994709,7152.80173000,714745738.91883560,0,BTCUSDT,0.00999999999476131,20067.80256,5648153
2024-12-09,101109.60000000,101215.93000000,94150.05000000,97276.47000000,53949.11595000,1733788799999,5283626995.70564880,8445872,25472.08477000,2495722030.53709450,0,BTCUSDT,0.00999999999476131,20067.7647,5648121
2024-12-10,97276.48000000,98270.00000000,94256.54000000,96593.00000000,51708.68933000,1733875199999,4988660195.09242860,11556189,24523.09586000,2367164879.17077290,0,BTCUSDT,0.010000000009313226,20067.8945,5648596
2024-12-11,96593.00000000,101888.00000000,95658.24000000,101125.00000000,37753.78291000,1733961599999,3745703763.01844990,8250511,19112.84559000,1897146318.21117040,0,BTCUSDT,0.010000000009313226,20067.85975,5648467
2024-12-12,101125.00000000,102540.00000000,99311.64000000,100004.29000000,29232.08745000,1734047999999,2949462583.86617050,8066322,14175.88661000,1430984456.67036050,0,BTCUSDT,0.00999999999476131,20067.96916,5648657
2024-12-13,100004.29000000,101895.26000000,99205.00000000,101424.25000000,21904.03923000,1734134399999,2203903393.07410050,5481660,10669.09365000,1073720887.63545590,0,BTCUSDT,0.010000000009313226,20068.0703,5649140
2024-12-14,101424.24000000,102650.00000000,100609.41000000,101420.00000000,14191.70326000,1734220799999,1441594367.04631920,3374538,6790.24676000,689981854.13948960,0,BTCUSDT,0.010000000009313226,20068.38423,5649268
2024-12-15,101420.00000000,105250.00000000,101237.14000000,104463.99000000,22228.92177500,1734307199999,2290462903.83579120,3638809,12668.89435500,1305611448.30009750,0,BTCUSDT,0.010000000009313226,20068.41849,5649268
2024-12-16,104463.99000000,107793.07000000,103333.00000000,106058.66000000,41302.40274000,1734393599999,4364964400.63455291,8048054,20349.09950000,2150550899.24752251,0,BTCUSDT,0.010000000009313226,20068.2809,5649263
2024-12-17,106058.65000000,108353.00000000,105321.49000000,106133.74000000,29064.93646600,1734479999999,3103833327.77510671,7212799,14187.32044600,1515158210.55198001,0,BTCUSDT,0.00999999999476131,20067.7273,5649191
2024-12-18,106133.74000000,106524.98000000,100000.00000000,100204.01000000,50307.99755000,1734566399999,5194263316.25923660,8762120,23308.37525000,2407213144.26949820,0,BTCUSDT,0.010000000009313226,20069.66268,5649763
2024-12-19,100204.01000000,102800.11000000,95700.00000000,97461.86000000,55147.39800000,1734652799999,5487546517.70775260,7273941,26898.63715000,2677636003.90650610,0,BTCUSDT,0.010000000009313226,20067.17243,5649539
2024-12-20,97461.86000000,98233.00000000,92232.54000000,97805.44000000,62884.13570000,1734739199999,6022845238.83232620,7429007,29463.23021000,2822939306.66307790,0,BTCUSDT,0.00999999999476131,20067.59844,5649689
2024-12-21,97805.44000000,99540.61000000,96398.39000000,97291.99000000,23483.54143000,1734825599999,2296232055.19592620,3717638,11726.94119000,1146732451.42181330,0,BTCUSDT,0.00999999999476131,20066.6287,5649736
2024-12-22,97292.00000000,97448.08000000,94250.35000000,95186.27000000,19353.83036000,1734911999999,1857819866.36039980,3633551,9293.39749000,892081877.76277080,0,BTCUSDT,0.00999999999476131,20066.83964,5649692
2024-12-23,95186.28000000,96538.92000000,92520.00000000,94881.47000000,32810.76703000,1734998399999,3100007213.49456320,5464919,16339.58355000,1544707289.74436910,0,BTCUSDT,0.00999999999476131,20066.71767,5649683
2024-12-24,94881.47000000,99487.99000000,93569.02000000,98663.58000000,23674.22488000,1735084799999,2287214424.70647590,3421549,11969.25390000,1156798174.58232600,0,BTCUSDT,0.00999999999476131,20067.02505,5649729
2024-12-25,98663.58000000,99569.15000000,97632.02000000,99429.60000000,14474.16510000,1735171199999,1426143976.04936360,3283028,7006.52650000,690465056.58718590,0,BTCUSDT,0.00999999999476131,20067.26479,5649938
2024-12-26,99429.61000000,99963.70000000,95199.14000000,95791.60000000,21192.36727000,1735257599999,2049123567.38677240,5203490,10071.87249000,973940616.12924430,0,BTCUSDT,0.00999999999476131,20067.47514,5650002
2024-12-27,95791.60000000,97544.58000000,93500.01000000,94299.03000000,26501.26429000,1735343999999,2528567849.77946140,5718866,12945.51657000,1235623739.05781850,0,BTCUSDT,0.00999999999476131,20067.82054,5650393
2024-12-28,94299.03000000,95733.99000000,94135.66000000,95300.00000000,8385.89290000,1735430399999,794651624.83495550,2732061,4203.59876000,398416342.12816700,0,BTCUSDT,0.00999999999476131,20064.8421,5650045
2024-12-29,95300.00000000,95340.00000000,93009.52000000,93738.20000000,13576.00578000,1735516799999,1278370863.97684710,2865838,5651.38589000,532195414.10274130,0,BTCUSDT,0.010000000009313226,20064.88267,5650122
2024-12-30,93738.19000000,95024.50000000,91530.45000000,92792.05000000,27619.42250000,1735603199999,2573126059.76947800,5560563,13092.19646000,1220209278.25232730,0,BTCUSDT,0.010000000009313226,20064.96202,5650121
2024-12-31,92792.05000000,96250.00000000,92033.73000000,93576.00000000,19612.03389000,1735689599999,1845718801.92270400,3347847,9687.96775000,911716321.60540200,0,BTCUSDT,0.010000000009313226,20064.9462,5650112
2025-01-01,93576.00000000,95151.15000000,92888.00000000,94591.79000000,10373.32613000,1735775999999,975444194.13799830,1516556,5347.73648000,502914035.64059070,0,BTCUSDT,0.00999999999476131,20065.0293,5650332
2025-01-02,94591.78000000,97839.50000000,94392.00000000,96984.79000000,21970.48948000,1735862399999,2118411852.68127950,3569079,10915.96986000,1052226710.33367170,0,BTCUSDT,0.010000000009313226,20065.0316,5650309
2025-01-03,96984.79000000,98976.91000000,96100.01000000,98174.18000000,15253.82936000,1735948799999,1486610768.59079170,2851164,7468.60797000,727787246.89655880,0,BTCUSDT,0.00999999999476131,20066.00964,5650391
2025-01-04,98174.17000000,98778.43000000,97514.79000000,98220.50000000,8990.05651000,1736035199999,881223751.63536030,1559982,4350.80221000,426524714.13055390,0,BTCUSDT,0.00999999999476131,20065.23134,5650187
2025-01-05,98220.51000000,98836.85000000,97276.79000000,98363.61000000,8095.63723000,1736121599999,793931715.95463240,1685799,3877.90985000,380355340.46860360,0,BTCUSDT,0.00999999999476131,20058.412,5649579
2025-01-06,98363.61000000,102480.00000000,97920.00000000,102235.60000000,25263.43375000,1736207999999,2540561688.77714340,3853702,12539.59534000,1260943259.46625620,0,BTCUSDT,0.00999999999476131,20054.68939,5649917
2025-01-07,102235.60000000,102724.38000000,96181.81000000,96954.61000000,32059.87537000,1736294399999,3170421659.71723590,4480562,14815.11453000,1464336049.70553450,0,BTCUSDT,0.00999999999476131,20055.15671,5650239
2025-01-08,96954.60000000,97268.65000000,92500.90000000,95060.61000000,33704.67894000,1736380799999,3205849081.11296200,5171208,15803.85091000,1503791328.69930850,0,BTCUSDT,0.00999999999476131,20055.29297,5649768
2025-01-09,95060.61000000,95382.32000000,91203.67000000,92552.49000000,34544.83685000,1736467199999,3217669887.24539790,6027161,15323.62663000,1427812152.27276120,0,BTCUSDT,0.00999999999476131,20055.46381,5650153
2025-01-10,92552.49000000,95836.00000000,92206.02000000,94726.11000000,31482.86424000,1736553599999,2962085343.28370360,5531444,15617.43823000,1469711545.65712720,0,BTCUSDT,0.00999999999476131,20055.54509,5650334
2025-01-11,94726.10000000,95050.94000000,93831.73000000,94599.99000000,7047.90430000,1736639999999,665685994.93301000,1496191,3412.37671000,322346977.43545530,0,BTCUSDT,0.00999999999476131,20054.60301,5650142
2025-01-12,94599.99000000,95450.10000000,93711.19000000,94545.06000000,8606.86622000,1736726399999,813278829.65839490,1658863,4028.33031000,380691769.91844270,0,BTCUSDT,0.00999999999476131,20054.57272,5650120
2025-01-13,94545.07000000,95940.00000000,89256.69000000,94536.10000000,42619.56423000,1736812799999,3930666134.34745740,5740963,19473.88042000,1797888178.84960790,0,BTCUSDT,0.00999999999476131,20054.8716,5650333
2025-01-14,94536.11000000,97371.00000000,94346.22000000,96560.86000000,27846.61753000,1736899199999,2676048470.35695040,4532923,14248.69616000,1369464111.69349600,0,BTCUSDT,0.010000000009313226,20055.01855,5650409
2025-01-15,96560.85000000,100681.94000000,96500.00000000,100497.35000000,30509.99179000,1736985599999,3006242382.88679460,3487945,15494.17873000,1527728226.30833280,0,BTCUSDT,0.00999999999476131,20055.16747,5650644
2025-01-16,100497.35000000,100866.66000000,97335.13000000,99987.30000000,27832.85317000,1737071999999,2765162040.63979910,3762755,13513.53707000,1342462621.62732850,0,BTCUSDT,0.00999999999476131,20055.26644,5650773
2025-01-17,99987.30000000,105865.22000000,99950.77000000,104077.48000000,39171.85292000,1737158399999,4040993985.47504680,3886907,20673.21300000,2131223293.20484620,0,BTCUSDT,0.010000000009313226,20055.52546,5650849
2025-01-18,104077.47000000,104988.88000000,102277.55000000,104556.23000000,24307.82998000,1737244799999,2521522119.37952530,3403162,11607.51274000,1204170928.37481190,0,BTCUSDT,0.010000000009313226,20056.42357,5650388
2025-01-19,104556.23000000,106422.43000000,99651.60000000,101331.57000000,43397.28298000,1737331199999,4513423971.41025210,5271920,21079.51082000,2193270771.00194450,0,BTCUSDT,0.00999999999476131,20058.12836,5650631
2025-01-20,101331.57000000,109588.00000000,99550.00000000,102260.01000000,89529.23173200,1737417599999,9398787064.32071500,11597937,44770.52949200,4704453254.51538250,0,BTCUSDT,0.00999999999476131,20057.72145,5649868
2025-01-21,102260.00000000,107240.81000000,100119.04000000,106143.82000000,45941.02002000,1737503999999,4768512258.15650130,6842980,23227.02741000,2411854258.51271880,0,BTCUSDT,0.00999999999476131,20057.74273,5649690
2025-01-22,106143.82000000,106394.46000000,103339.12000000,103706.66000000,22248.69254000,1737590399999,2331144640.65857870,4364035,10501.59306000,1100173331.98765840,0,BTCUSDT,0.00999999999476131,20057.5228,5649635
2025-01-23,103706.66000000,106850.00000000,101262.28000000,103910.34000000,53953.12031000,1737676799999,5610760848.13163840,6961383,27045.92646000,2813824950.57188350,0,BTCUSDT,0.00999999999476131,20057.51446,5649439
2025-01-24,103910.35000000,107120.00000000,102750.00000000,104870.50000000,23609.24017000,1737763199999,2483818574.37374800,4798886,11893.46050000,1251601023.34846860,0,BTCUSDT,0.00999999999476131,20057.58783,5649879
2025-01-25,104870.51000000,105286.52000000,104106.09000000,104746.85000000,9068.32377000,1737849599999,949511531.35780170,1770765,4462.60438000,467284996.37609660,0,BTCUSDT,0.00999999999476131,20056.91484,5649753
2025-01-26,104746.86000000,105500.00000000,102520.44000000,102620.00000000,9812.51238000,1737935999999,1024352365.47155230,1813011,4642.17247000,484871090.33614970,0,BTCUSDT,0.00999999999476131,20056.68594,5649686
2025-01-27,102620.01000000,103260.00000000,97777.77000000,102082.83000000,50758.13410000,1738022399999,5092886322.82924400,9368910,23529.22433000,2361569760.84189380,0,BTCUSDT,0.00999999999476131,20056.28439,5649641
2025-01-28,102082.83000000,103800.00000000,100272.68000000,101335.52000000,22022.05765000,1738108799999,2253977324.03620920,5428644,10756.64741000,1101357650.29198760,0,BTCUSDT,0.010000000009313226,20057.27214,5650068
2025-01-29,101335.52000000,104782.68000000,101328.01000000,103733.24000000,23155.35802000,1738195199999,2380383694.77213620,5189699,11675.17182000,1200636637.81436690,0,BTCUSDT,0.010000000009313226,20056.81235,5649955
2025-01-30,103733.25000000,106457.44000000,103278.54000000,104722.94000000,19374.07472000,1738281599999,2038112603.51264120,3990075,10140.92834000,1066933244.99202070,0,BTCUSDT,0.010000000009313226,20059.50205,5650749
2025-01-31,104722.94000000,106012.00000000,101560.00000000,102429.56000000,21983.18193000,1738367999999,2282174002.19521760,4331904,10697.39968000,1111485874.12928450,0,BTCUSDT,0.010000000009313226,20060.89755,5651078
2025-02-01,102429.56000000,102783.71000000,100279.51000000,100635.65000000,12290.95747000,1738454399999,1250354228.23722970,2588786,5625.89331000,572540016.14901110,0,BTCUSDT,0.00999999999476131,20059.28121,5650779
2025-02-02,100635.66000000,101456.60000000,96150.00000000,97700.59000000,34619.49939000,1738540799999,3412084312.58362790,7202339,15587.16669000,1536076091.30301330,0,BTCUSDT,0.00999999999476131,20061.83796,5651617
2025-02-03,97700.59000000,102500.01000000,91231.00000000,101328.52000000,75164.73850000,1738627199999,7228589180.71162140,10625262,36736.56946000,3537845694.48126590,0,BTCUSDT,0.010000000009313226,20063.97045,5651736
2025-02-04,101328.51000000,101732.31000000,96150.00000000,97763.13000000,40267.98697000,1738713599999,3989698644.26493070,6618911,19091.58154000,1891457194.35983290,0,BTCUSDT,0.00999999999476131,20063.98651,5651721
2025-02-05,97763.14000000,99149.00000000,96155.00000000,96612.43000000,26233.30444000,1738799999999,2562342153.82968530,4471763,11032.55174000,1078316288.14255890,0,BTCUSDT,0.010000000009313226,20064.07855,5651898
2025-02-06,96612.44000000,99120.00000000,95676.64000000,96554.35000000,23515.20405000,1738886399999,2289071921.21756010,4242807,11261.53049000,1096611639.37600890,0,BTCUSDT,0.010000000009313226,20064.04369,5651559
2025-02-07,96554.35000000,100137.99000000,95620.34000000,96506.80000000,31794.22065000,1738972799999,3107592434.67383420,5012456,15249.35370000,1491114588.55985190,0,BTCUSDT,0.00999999999476131,20064.07818,5651684
2025-02-08,96506.80000000,96880.00000000,95688.00000000,96444.74000000,10147.24294000,1739059199999,977040267.51586310,1757892,4450.52682000,428452764.90474110,0,BTCUSDT,0.010000000009313226,20064.52887,5651661
2025-02-09,96444.75000000,97323.09000000,94713.00000000,96462.75000000,14120.91613000,1739145599999,1359495152.31079740,2293192,6663.72875000,641795598.17527620,0,BTCUSDT,0.010000000009313226,20064.73094,5651898
2025-02-10,96462.75000000,98345.00000000,95256.00000000,97430.82000000,20572.87537000,1739231999999,1999112052.66878620,3475919,9607.62329000,933665618.50501910,0,BTCUSDT,0.00999999999476131,20064.50279,5652036
2025-02-11,97430.82000000,98478.42000000,94876.88000000,95778.20000000,18647.76379000,1739318399999,1806534846.38631950,3716586,8594.50066000,832320054.87637160,0,BTCUSDT,0.00999999999476131,20064.51934,5652337
2025-02-12,95778.21000000,98119.99000000,94088.23000000,97869.99000000,29151.16625000,1739404799999,2800142168.39436540,4992737,13820.70553000,1328044257.04013340,0,BTCUSDT,0.010000000009313226,20064.56854,5652425
2025-02-13,97870.00000000,98083.91000000,95217.36000000,96608.14000000,19921.77616000,1739491199999,1916988246.39211860,3909456,8852.16215000,851823567.09393470,0,BTCUSDT,0.010000000009313226,20064.37356,5652421
2025-02-14,96608.13000000,98826.00000000,96252.82000000,97500.48000000,18173.02646000,1739577599999,1768073218.86901540,3499564,9061.31682000,881925349.64442130,0,BTCUSDT,0.010000000009313226,20064.13283,5652233
2025-02-15,97500.47000000,97972.26000000,97223.58000000,97569.66000000,7349.37683000,1739663999999,717245393.77809200,1694327,3579.14202000,349322778.23397690,0,BTCUSDT,0.010000000009313226,20063.83152,5652260
2025-02-16,97569.67000000,97704.47000000,96046.18000000,96118.12000000,8191.42490000,1739750399999,794694242.29497320,1596701,3719.73063000,360842416.66441670,0,BTCUSDT,0.010000000009313226,20063.75245,5652047
2025-02-17,96118.12000000,97046.59000000,95205.00000000,95780.00000000,16492.04510000,1739836799999,1584593526.17546780,2831237,8010.41565000,769979077.13619730,0,BTCUSDT,0.010000000009313226,20063.67514,5651910
2025-02-18,95780.01000000,96753.91000000,93388.09000000,95671.74000000,23368.19471000,1739923199999,2223994802.89200520,4234248,11432.47367000,1088319233.52198970,0,BTCUSDT,0.010000000009313226,20062.01122,5651742
2025-02-19,95671.74000000,96899.99000000,95029.99000000,96644.37000000,16438.50954000,1740009599999,1576817572.10325050,2784225,7173.61807000,688586919.97592590,0,BTCUSDT,0.00999999999476131,20067.04541,5652139
2025-02-20,96644.37000000,98711.36000000,96415.09000000,98305.00000000,17057.39177000,1740095999999,1663386824.73155060,2386973,8356.42859000,815056614.17382700,0,BTCUSDT,0.00999999999476131,20067.53818,5652261
2025-02-21,98305.01000000,99475.00000000,94871.95000000,96181.98000000,32249.28140000,1740182399999,3143975917.57346420,4528525,15313.58184000,1493403646.84830270,0,BTCUSDT,0.010000000009313226,20067.68784,5652747
2025-02-22,96181.99000000,96980.00000000,95770.49000000,96551.01000000,11268.17708000,1740268799999,1087077133.82263640,1506418,5293.28051000,510722895.16754260,0,BTCUSDT,0.00999999999476131,20068.06685,5653276
2025-02-23,96551.01000000,96650.00000000,95227.94000000,96258.00000000,10884.84913000,1740355199999,1044392011.79102410,1457368,4619.93267000,443381984.41102550,0,BTCUSDT,0.010000000009313226,20067.90025,5653410
2025-02-24,96258.00000000,96500.00000000,91349.26000000,91552.88000000,31550.10299000,1740441599999,2981809595.44537670,4972684,14438.63366000,1366473567.87477310,0,BTCUSDT,0.00999999999476131,20067.44384,5652966
2025-02-25,91552.88000000,92540.69000000,86050.99000000,88680.40000000,78333.11111000,1740527999999,6962982500.90447390,10289145,35822.15275000,3183981371.47505020,0,BTCUSDT,0.00999999999476131,20067.56168,5653322
2025-02-26,88680.39000000,89414.15000000,82256.01000000,84250.09000000,56893.54409000,1740614399999,4898429925.63647610,8490006,28077.18450000,2417690848.81898720,0,BTCUSDT,0.010000000009313226,20068.74756,5653578
2025-02-27,84250.09000000,87078.46000000,82716.49000000,84708.58000000,42505.45439000,1740700799999,3618738891.22216230,6357581,20355.71969000,1732725913.28176280,0,BTCUSDT,0.00999999999476131,20070.74227,5653951
2025-02-28,84708.57000000,85120.00000000,78258.52000000,84349.94000000,83648.03969000,1740787199999,6806705236.69067870,11344216,40224.85287000,3274291175.81039970,0,BTCUSDT,0.00999999999476131,20069.84938,5653621
2025-03-01,84349.95000000,86558.00000000,83824.78000000,86064.53000000,25785.05464000,1740873599999,2194003507.85264280,3700728,11748.10769000,1000093822.53835250,0,BTCUSDT,0.010000000009313226,20068.57612,5653052
2025-03-02,86064.54000000,95000.00000000,85050.60000000,94270.00000000,54889.09045000,1740959999999,4972549515.78866870,7403218,29273.81031000,2652973441.15453900,0,BTCUSDT,0.010000000009313226,20071.13697,5653917
2025-03-03,94269.99000000,94416.46000000,85117.11000000,86220.61000000,59171.10218000,1741046399999,5321123743.47192310,9797860,27915.43650000,2513464571.35691100,0,BTCUSDT,0.00999999999476131,20070.78375,5654257
2025-03-04,86221.16000000,88967.52000000,81500.00000000,87281.98000000,55609.10706000,1741132799999,4704901219.59043560,10326631,27584.71590000,2335087296.23928690,0,BTCUSDT,0.00999999999476131,20072.35116,5655198
2025-03-05,87281.98000000,91000.00000000,86334.53000000,90606.01000000,38264.01163000,1741219199999,3400243670.30497560,8070266,19230.28436000,1709708737.46989350,0,BTCUSDT,0.010000000009313226,20076.27941,5656005
2025-03-06,90606.00000000,92810.64000000,87836.00000000,89931.89000000,34342.44902000,1741305599999,3105145628.39939920,7643526,17283.99411000,1563426526.42899340,0,BTCUSDT,0.00999999999476131,20082.21715,5656457
2025-03-07,89931.88000000,91283.02000000,84667.03000000,86801.75000000,57980.35713000,1741391999999,5097554826.61315770,9510442,28394.41537000,2497922400.45044460,0,BTCUSDT,0.010000000009313226,20082.10986,5656114
2025-03-08,86801.74000000,86897.25000000,85218.47000000,86222.45000000,12989.23054000,1741478399999,1119358968.65200550,2553974,6491.56581000,559581591.34707420,0,BTCUSDT,0.00999999999476131,20081.75823,5656099
2025-03-09,86222.46000000,86500.00000000,80000.00000000,80734.37000000,26115.39345000,1741564799999,2173552660.45447930,5189138,12093.87232000,1006299692.71041280,0,BTCUSDT,0.00999999999476131,20087.01576,5656595
2025-03-10,80734.48000000,84123.46000000,77459.91000000,78595.86000000,47633.38405000,1741651199999,3834924947.75818610,8701538,22898.57072000,1846606255.35214860,0,BTCUSDT,0.00999999999476131,20086.95377,5656523
2025-03-11,78595.86000000,83617.40000000,76606.00000000,82932.99000000,48770.06853000,1741737599999,3927000827.11079190,6983310,24029.16770000,1935950413.20181940,0,BTCUSDT,0.00999999999476131,20059.10885,5655855
2025-03-12,82932.99000000,84539.85000000,80607.65000000,83680.12000000,31933.98600000,1741823999999,2638600996.82539610,5253577,15749.41702000,1301890518.49940810,0,BTCUSDT,0.00999999999476131,20052.68807,5655183
2025-03-13,83680.12000000,84336.33000000,79939.90000000,81115.78000000,27546.27412000,1741910399999,2260870111.23938940,4367093,13013.18135000,1067945431.12194690,0,BTCUSDT,0.00999999999476131,20051.33478,5655560
2025-03-14,81115.78000000,85309.71000000,80818.84000000,83983.20000000,26858.52755000,1741996799999,2244729595.54117160,3290987,14082.88688000,1177807467.01818000,0,BTCUSDT,0.00999999999476131,20051.82234,5655656
2025-03-15,83983.19000000,84676.28000000,83618.00000000,84338.44000000,11324.73320000,1742083199999,953445671.83375050,1329670,5195.29128000,437551330.25316600,0,BTCUSDT,0.00999999999476131,20053.68548,5655993
2025-03-16,84338.44000000,85117.04000000,81981.12000000,82574.53000000,17596.12531000,1742169599999,1468056556.29672260,2767947,8505.95317000,710037465.07574800,0,BTCUSDT,0.00999999999476131,20064.15695,5656985
2025-03-17,82574.52000000,84756.83000000,82456.00000000,84010.03000000,17214.74358000,1742255999999,1437716814.04687390,3014756,8387.89111000,700505421.78772940,0,BTCUSDT,0.010000000009313226,20060.50241,5656446
2025-03-18,84010.02000000,84021.74000000,81134.66000000,82715.03000000,17610.89883000,1742342399999,1450813055.47972610,3126371,8047.23418000,662808749.34278870,0,BTCUSDT,0.00999999999476131,20060.78479,5656549
2025-03-19,82715.03000000,87000.00000000,82547.16000000,86845.94000000,28151.05374000,1742428799999,2375813941.94376220,3774761,13804.24847000,1166238970.28114650,0,BTCUSDT,0.00999999999476131,20061.10862,5657119
2025-03-20,86845.93000000,87453.67000000,83655.23000000,84223.39000000,22090.30463000,1742515199999,1885241921.15565180,3252595,10163.59262000,867440339.29626070,0,BTCUSDT,0.010000000009313226,20060.28281,5657049
2025-03-21,84223.38000000,84850.33000000,83175.25000000,84088.79000000,11956.97443000,1742601599999,1005135519.25600170,2360005,5466.41961000,459501348.08175830,0,BTCUSDT,0.00999999999476131,20062.50983,5657046
2025-03-22,84088.79000000,84539.17000000,83625.10000000,83840.59000000,5420.22114000,1742687999999,456235443.80165220,864481,2284.19178000,192291026.78742480,0,BTCUSDT,0.00999999999476131,20065.37144,5657715
2025-03-23,83840.59000000,86129.64000000,83809.75000000,86082.50000000,8461.97813000,1742774399999,718692319.14990380,1206533,4424.81013000,376007261.52135970,0,BTCUSDT,0.010000000009313226,20065.47097,5657853
2025-03-24,86082.50000000,88765.43000000,85519.09000000,87498.16000000,30115.62111000,1742860799999,2636765917.95184350,2916713,14379.95578000,1258638667.11290410,0,BTCUSDT,0.010000000009313226,20068.50004,5658538
2025-03-25,87498.16000000,88539.63000000,86310.00000000,87392.87000000,22643.25248000,1742947199999,1979571590.89829370,2802815,9440.56294000,825308072.63378140,0,BTCUSDT,0.00999999999476131,20069.98054,5659002
2025-03-26,87392.88000000,88275.00000000,85860.00000000,86909.17000000,18408.78485000,1743033599999,1606406955.58646330,2380154,8590.97753000,749604853.29681350,0,BTCUSDT,0.00999999999476131,20069.17626,5658984
2025-03-27,86909.17000000,87756.39000000,85800.00000000,87232.01000000,17098.03897000,1743119999999,1487968807.70790220,2376381,8185.05517000,712324893.28891680,0,BTCUSDT,0.00999999999476131,20069.19469,5658991
2025-03-28,87232.01000000,87515.67000000,83585.00000000,84424.38000000,27182.73169000,1743206399999,2309946560.66411380,3236085,11274.83736000,958523321.81127310,0,BTCUSDT,0.00999999999476131,20071.29512,5659081
2025-03-29,84424.38000000,84624.73000000,81644.81000000,82648.54000000,11696.39864000,1743292799999,970199917.98687160,2172387,5621.60485000,466215575.48490690,0,BTCUSDT,0.00999999999476131,20073.53831,5659891
2025-03-30,82648.53000000,83534.64000000,81565.00000000,82389.99000000,9864.49508000,1743379199999,816584795.52881260,1907663,4725.07105000,391214080.11011610,0,BTCUSDT,0.010000000009313226,20073.36223,5659899
2025-03-31,82390.00000000,83943.08000000,81278.52000000,82550.01000000,20569.13885000,1743465599999,1696009191.08096490,3964358,9912.88184000,817875871.11074120,0,BTCUSDT,0.010000000009313226,20074.23964,5660273
2025-04-01,82550.00000000,85579.46000000,82432.74000000,85158.34000000,20190.39697000,1743551999999,1698895702.57546820,3328693,10246.42648000,862302772.43308630,0,BTCUSDT,0.00999999999476131,20074.22592,5660454
2025-04-02,85158.35000000,88500.00000000,82320.00000000,82516.29000000,39931.45700000,1743638399999,3417279759.83076360,5338238,20739.67809000,1777735583.84074790,0,BTCUSDT,0.00999999999476131,20074.0776,5660323
2025-04-03,82516.28000000,83998.02000000,81211.24000000,83213.09000000,27337.84135000,1743724799999,2259299724.86439270,4117486,13951.52792000,1153439398.61980140,0,BTCUSDT,0.00999999999476131,20074.08076,5660304
2025-04-04,83213.09000000,84720.00000000,81659.00000000,83889.87000000,32915.53976000,1743811199999,2739842666.42673680,4992586,15896.18779000,1323832046.26468800,0,BTCUSDT,0.00999999999476131,20074.74377,5660310
2025-04-05,83889.87000000,84266.00000000,82379.95000000,83537.99000000,9360.40468000,1743897599999,779626577.90134360,1575750,4029.64658000,335654613.72771840,0,BTCUSDT,0.00999999999476131,20074.18116,5660366
2025-04-06,83537.99000000,83817.63000000,77153.83000000,78430.00000000,27942.71436000,1743983999999,2239085051.15296450,3948493,12493.84490000,1001459573.49446610,0,BTCUSDT,0.00999999999476131,20074.57944,5660340
2025-04-07,78430.00000000,81243.58000000,74508.00000000,79163.24000000,78387.53089000,1744070399999,6084614024.15064720,9736596,39075.84274000,3034375055.68439650,0,BTCUSDT,0.010000000009313226,20064.42467,5659981
2025-04-08,79163.24000000,80867.99000000,76239.90000000,76322.42000000,35317.32063000,1744156799999,2775277777.10246080,5512751,15704.73031000,1235370767.11535030,0,BTCUSDT,0.010000000009313226,20062.32888,5659851
2025-04-09,76322.42000000,83588.00000000,74620.00000000,82615.22000000,75488.28772000,1744243199999,5980231256.22249600,7741252,39491.62958000,3137004042.95926080,0,BTCUSDT,0.010000000009313226,20062.08962,5659729
2025-04-10,82615.22000000,82753.21000000,78464.36000000,79607.30000000,33284.80718000,1744329599999,2690294353.84784260,4529545,16339.91910000,1321475356.02008490,0,BTCUSDT,0.010000000009313226,20060.35305,5659715
2025-04-11,79607.30000000,84300.00000000,78969.58000000,83423.84000000,34435.43797000,1744415999999,2830363945.17875230,4423157,18019.58367000,1482515278.91770430,0,BTCUSDT,0.010000000009313226,20059.23317,5659474
2025-04-12,83423.83000000,85905.00000000,82792.95000000,85276.90000000,18470.74437000,1744502399999,1557403252.92675150,2501196,9526.72644000,803747272.78346800,0,BTCUSDT,0.010000000009313226,20064.91846,5659651
2025-04-13,85276.91000000,86100.00000000,83034.23000000,83760.00000000,24680.04181000,1744588799999,2086106375.43925540,3275879,11658.67909000,986303246.09318360,0,BTCUSDT,0.00999999999476131,20064.90386,5659185
2025-04-14,83760.00000000,85799.99000000,83678.00000000,84591.58000000,28659.09348000,1744675199999,2429132805.08152890,3921522,15196.58929000,1288815999.14061730,0,BTCUSDT,0.010000000009313226,20066.30821,5659758
2025-04-15,84591.58000000,86496.42000000,83600.00000000,83643.99000000,20910.99528000,1744761599999,1780972414.39560070,2910533,10439.36072000,889895753.16736510,0,BTCUSDT,0.010000000009313226,20047.55912,5658832
2025-04-16,83643.99000000,85500.00000000,83111.64000000,84030.38000000,20867.24519000,1744847999999,1753910031.20092420,3264730,10456.76900000,878939829.48483680,0,BTCUSDT,0.010000000009313226,20045.77787,5658561
2025-04-17,84030.38000000,85470.01000000,83736.26000000,84947.91000000,13728.84772000,1744934399999,1161659427.38626280,2003405,6424.41565000,543726754.41870160,0,BTCUSDT,0.00999999999476131,20042.89085,5658532
2025-04-18,84947.92000000,85132.08000000,84303.96000000,84474.69000000,6529.96315000,1745020799999,552648483.64748710,840009,2911.78856000,246467088.26214660,0,BTCUSDT,0.00999999999476131,20041.41836,5658576
2025-04-19,84474.70000000,85677.99000000,84364.45000000,85077.01000000,9666.58153000,1745107199999,823222752.28424930,875226,5416.30087000,461342923.99908200,0,BTCUSDT,0.00999999999476131,20041.33504,5658495
2025-04-20,85077.00000000,85320.76000000,83949.52000000,85179.24000000,8091.67725000,1745193599999,685253644.89183620,944130,3843.48314000,325482835.73783290,0,BTCUSDT,0.00999999999476131,20036.5456,5658003
2025-04-21,85179.24000000,88465.99000000,85144.76000000,87516.23000000,31773.37262000,1745279999999,2773299591.46706560,3041395,17216.39877000,1502705225.13413500,0,BTCUSDT,0.00999999999476131,20030.44118,5657851
2025-04-22,87516.22000000,93888.00000000,87076.03000000,93442.99000000,43872.74705000,1745366399999,3967785064.12817020,3268475,22777.77047000,2062639579.20308550,0,BTCUSDT,0.00999999999476131,20029.72282,5657709
2025-04-23,93442.99000000,94696.05000000,91935.41000000,93691.08000000,27404.16808000,1745452799999,2560279933.94795160,3016536,13128.05774000,1226992558.57654620,0,BTCUSDT,0.010000000009313226,20031.69338,5658144
2025-04-24,93691.07000000,94005.00000000,91660.01000000,93980.47000000,19497.06071000,1745539199999,1811120137.31467870,2797383,8565.18128000,795787487.36089810,0,BTCUSDT,0.010000000009313226,20028.8024,5657462
2025-04-25,93980.47000000,95758.04000000,92855.96000000,94638.68000000,27500.66648000,1745625599999,2596877713.64017280,3331828,13072.22136000,1234153095.72926820,0,BTCUSDT,0.010000000009313226,20008.71369,5657162
2025-04-26,94638.68000000,95199.00000000,93870.69000000,94628.00000000,9415.06875000,1745711999999,889627361.84144470,1475983,4156.22463000,392757114.43835790,0,BTCUSDT,0.010000000009313226,20005.98272,5656860
2025-04-27,94628.00000000,95369.00000000,93602.58000000,93749.30000000,11162.84100000,1745798399999,1052334792.18661890,1918160,5250.08719000,495112239.10816970,0,BTCUSDT,0.00999999999476131,20006.14208,5656882
2025-04-28,93749.29000000,95630.00000000,92800.01000000,95011.18000000,22157.53351000,1745884799999,2092532996.55517170,3424740,11626.77592000,1098667305.23999790,0,BTCUSDT,0.00999999999476131,20001.8013,5657232
2025-04-29,95011.18000000,95461.53000000,93742.54000000,94256.82000000,16955.34020000,1745971199999,1607154803.46754770,3020875,7112.68469000,674688527.81306600,0,BTCUSDT,0.00999999999476131,20001.74215,5657326
2025-04-30,94256.82000000,95228.45000000,92910.00000000,94172.00000000,17661.27510000,1746057599999,1664825670.98312510,3214149,8393.21620000,791272380.03124470,0,BTCUSDT,0.00999999999476131,20002.45684,5657335
2025-05-01,94172.00000000,97424.02000000,94130.43000000,96489.91000000,21380.45343000,1746143999999,2053857614.27326720,2925716,10925.87308000,1049157198.85876350,0,BTCUSDT,0.00999999999476131,19995.23074,5657333
2025-05-02,96489.90000000,97895.68000000,96350.00000000,96887.14000000,14905.74811000,1746230399999,1446387651.58405750,2698263,7440.33531000,722022817.22461990,0,BTCUSDT,0.010000000009313226,19994.66857,5657378
2025-05-03,96887.13000000,96935.67000000,95753.01000000,95856.42000000,9723.34838000,1746316799999,935906144.96514980,1181239,3929.40490000,378271292.44431450,0,BTCUSDT,0.00999999999476131,20000.36046,5657680
2025-05-04,95856.42000000,96304.48000000,94151.38000000,94277.62000000,11036.38342000,1746403199999,1053542403.85315880,1674726,4385.33486000,418573470.85696230,0,BTCUSDT,0.00999999999476131,19979.32651,5657197
2025-05-05,94277.61000000,95199.00000000,93514.10000000,94733.68000000,17251.18189000,1746489599999,1626999380.17599680,2623300,8399.64855000,792299650.33952020,0,BTCUSDT,0.00999999999476131,19979.42012,5657411
2025-05-06,94733.68000000,96920.65000000,93377.00000000,96834.02000000,16122.64513000,1746575999999,1526847764.56366820,2512960,7505.95734000,711372483.61171350,0,BTCUSDT,0.00999999999476131,19979.44845,5657840
2025-05-07,96834.02000000,97732.00000000,95784.61000000,97030.50000000,16644.83854000,1746662399999,1611730124.59245430,2849139,8316.74471000,805430612.40553540,0,BTCUSDT,0.010000000009313226,19979.06796,5658521
2025-05-08,97030.50000000,104145.76000000,96876.29000000,103261.60000000,34962.02847000,1746748799999,3508645830.56501440,4991147,18547.23009000,1861334478.36442700,0,BTCUSDT,0.00999999999476131,19978.7688,5657987
2025-05-09,103261.61000000,104361.30000000,102315.14000000,102971.99000000,27617.39907000,1746835199999,2847518447.98151310,4406929,14525.20381000,1497826622.32618800,0,BTCUSDT,0.00999999999476131,19972.58321,5657163
2025-05-10,102971.99000000,104984.57000000,102818.76000000,104809.53000000,15324.78611000,1746921599999,1588386278.50241500,2227845,8258.23478000,856095289.52166460,0,BTCUSDT,0.00999999999476131,19966.76753,5657072
2025-05-11,104809.53000000,104972.00000000,103345.06000000,104118.00000000,17987.12197000,1747007999999,1873381777.21242540,3100176,9071.95578000,944903285.10730800,0,BTCUSDT,0.00999999999476131,19965.98913,5656474
2025-05-12,104118.00000000,105819.45000000,100718.37000000,102791.32000000,31272.77792000,1747094399999,3242348937.38306910,5298407,16455.99797000,1707457796.58813950,0,BTCUSDT,0.010000000009313226,19966.1019,5656893
2025-05-13,102791.32000000,104976.25000000,101429.70000000,104103.72000000,21253.42409000,1747180799999,2197244118.15236690,3703531,10705.97845000,1106609664.70779500,0,BTCUSDT,0.00999999999476131,19966.10062,5656727
2025-05-14,104103.72000000,104356.95000000,102602.05000000,103507.82000000,16452.90810000,1747267199999,1704708279.38841090,3025221,8026.03333000,831783471.65436100,0,BTCUSDT,0.00999999999476131,19966.19908,5657028
2025-05-15,103507.83000000,104192.70000000,101383.07000000,103763.71000000,17998.98604000,1747353599999,1850183474.52920360,4139477,8475.18036000,871244345.56413600,0,BTCUSDT,0.010000000009313226,19967.91319,5657467
2025-05-16,103763.71000000,104550.33000000,103100.49000000,103463.90000000,15683.88024000,1747439999999,1628832372.32414810,3237442,7555.15801000,784850382.19427470,0,BTCUSDT,0.00999999999476131,19968.57386,5658266
2025-05-17,103463.90000000,103709.86000000,102612.50000000,103126.65000000,11250.89622000,1747526399999,1160418362.95061810,2568597,5335.11525000,550379728.73385010,0,BTCUSDT,0.00999999999476131,19968.61283,5658701
2025-05-18,103126.65000000,106660.00000000,103105.09000000,106454.26000000,21599.98726000,1747612799999,2262214972.07493840,3193300,11664.89904000,1221914552.05520120,0,BTCUSDT,0.00999999999476131,19966.63479,5657666
2025-05-19,106454.27000000,107108.62000000,102000.00000000,105573.74000000,30260.03524000,1747699199999,3150324504.59545150,4881371,14208.30900000,1480452895.08415620,0,BTCUSDT,0.00999999999476131,19966.78257,5657819
2025-05-20,105573.73000000,107320.00000000,104184.72000000,106849.99000000,23705.48275000,1747785599999,2509102444.66959820,3878351,12350.46275000,1307273652.38952320,0,BTCUSDT,0.010000000009313226,19967.12107,5658159
2025-05-21,106850.00000000,110797.38000000,106100.01000000,109643.99000000,45531.04034500,1747871999999,4914709514.32002680,6835279,23661.64939500,2555528481.09872580,0,BTCUSDT,0.010000000009313226,19967.10894,5658131
2025-05-22,109643.99000000,111980.00000000,109177.37000000,111696.21000000,31630.77313000,1747958399999,3509432834.57341730,5794216,16584.56293000,1840083098.58278590,0,BTCUSDT,0.00999999999476131,19967.75482,5658518
2025-05-23,111696.22000000,111800.00000000,106800.00000000,107318.30000000,31737.72309000,1748044799999,3469704446.39040470,5251192,14309.31652000,1565622441.18751700,0,BTCUSDT,0.010000000009313226,19968.28238,5657329
2025-05-24,107318.30000000,109506.03000000,106875.41000000,107761.91000000,16782.53129000,1748131199999,1819958819.77485860,2805418,8786.90747000,953683093.32165700,0,BTCUSDT,0.00999999999476131,19968.14174,5657093
2025-05-25,107761.90000000,109299.99000000,106600.64000000,109004.19000000,17710.04695000,1748217599999,1904366455.42585800,3151168,7867.16712000,846688135.00971360,0,BTCUSDT,0.010000000009313226,19968.34117,5657282
2025-05-26,109004.20000000,110422.22000000,108670.58000000,109434.79000000,14649.11593000,1748303999999,1605578282.10790310,2887863,7301.11288000,800269021.19227970,0,BTCUSDT,0.010000000009313226,19966.59816,5656711
2025-05-27,109434.78000000,110718.00000000,107516.57000000,108938.17000000,21276.65635000,1748390399999,2327603851.11926510,3735509,9969.89271000,1090553624.46159920,0,BTCUSDT,0.00999999999476131,19966.65244,5656944
2025-05-28,108938.17000000,109284.70000000,106769.43000000,107781.78000000,15633.78829000,1748476799999,1689136748.51303130,2933262,6877.27341000,743282966.72071960,0,BTCUSDT,0.00999999999476131,19966.61271,5656604
2025-05-29,107781.78000000,108891.91000000,105322.86000000,105589.75000000,19834.70116000,1748563199999,2128639017.50816180,3774926,9457.49356000,1015173771.54898980,0,BTCUSDT,0.00999999999476131,19966.08588,5656753
2025-05-30,105589.75000000,106313.12000000,103621.00000000,103985.48000000,23706.49799000,1748649599999,2493078549.59186090,4307572,11070.98746000,1164158558.64358540,0,BTCUSDT,0.00999999999476131,19966.09142,5656573
2025-05-31,103985.47000000,104900.00000000,103068.55000000,104591.88000000,11289.35922000,1748735999999,1174000801.50703790,2343787,5278.95175000,548980630.84935780,0,BTCUSDT,0.00999999999476131,19966.02733,5656240
2025-06-01,104591.88000000,105866.91000000,103752.49000000,105642.93000000,9709.70006000,1748822399999,1016188486.95059960,1939359,4640.35070000,485683466.93478430,0,BTCUSDT,0.00999999999476131,19966.16829,5656565
2025-06-02,105642.93000000,105935.63000000,103659.88000000,105857.99000000,13453.98813000,1748908799999,1409004206.98637330,2997656,6494.65497000,680177826.61441720,0,BTCUSDT,0.00999999999476131,19965.55612,5656102
2025-06-03,105858.00000000,106794.67000000,104872.50000000,105376.89000000,13259.52634000,1748995199999,1402493746.59932180,2470698,6260.22436000,662160926.82412260,0,BTCUSDT,0.00999999999476131,19965.43334,5655826
2025-06-04,105376.90000000,106000.00000000,104179.00000000,104696.86000000,14034.89482000,1749081599999,1476928482.36887810,2274464,6979.94910000,734803757.41858380,0,BTCUSDT,0.00999999999476131,19965.52246,5655948
2025-06-05,104696.86000000,105909.71000000,100372.26000000,101508.68000000,22321.50154000,1749167999999,2301567892.53054470,3963295,10005.36019000,1031668517.04271110,0,BTCUSDT,0.010000000009313226,19965.42717,5656133
2025-06-06,101508.69000000,105333.00000000,101095.80000000,104288.44000000,15839.07385000,1749254399999,1642382404.93557530,2709327,7655.60679000,793575821.43579320,0,BTCUSDT,0.010000000009313226,19965.27405,5656043
2025-06-07,104288.43000000,105900.00000000,103871.09000000,105552.15000000,8344.93206000,1749340799999,877915380.95482310,1402494,3970.01912000,417664199.19127120,0,BTCUSDT,0.00999999999476131,19968.66079,5656662
2025-06-08,105552.15000000,106488.14000000,104964.14000000,105734.00000000,8048.06305000,1749427199999,850887129.42829760,1295154,4361.42266000,461098506.08832400,0,BTCUSDT,0.00999999999476131,19966.93608,5656402
2025-06-09,105734.01000000,110530.17000000,105318.37000000,110263.02000000,19975.37451000,1749513599999,2154922022.22117280,2839846,10623.88217000,1146790065.51356160,0,BTCUSDT,0.010000000009313226,19966.09946,5656367
2025-06-10,110263.02000000,110400.00000000,108331.03000000,110274.39000000,17071.82839000,1749599999999,1867620550.19217290,3003420,8009.29581000,876411274.39694880,0,BTCUSDT,0.00999999999476131,19966.43297,5656393
2025-06-11,110274.39000000,110392.01000000,108064.00000000,108645.12000000,13115.91638000,1749686399999,1434884639.75063030,2667014,6030.96867000,659947218.00338690,0,BTCUSDT,0.00999999999476131,19965.01347,5656742
2025-06-12,108645.13000000,108813.55000000,105671.72000000,105671.73000000,17778.67218000,1749772799999,1908309274.08683440,3517420,8291.22648000,890420511.47044150,0,BTCUSDT,0.00999999999476131,19964.27861,5656408
2025-06-13,105671.74000000,106179.53000000,102664.31000000,106066.59000000,26180.81734000,1749859199999,2735461890.69297020,5452577,12793.70705000,1337300355.99521930,0,BTCUSDT,0.00999999999476131,19960.86251,5656382
2025-06-14,106066.59000000,106252.00000000,104300.00000000,105414.64000000,8798.93969000,1749945599999,925568614.17840650,1521776,3848.55498000,405001275.92627160,0,BTCUSDT,0.00999999999476131,19959.6026,5655737
2025-06-15,105414.63000000,106128.57000000,104494.53000000,105594.01000000,7164.20047000,1750031999999,754596887.87480040,1564768,3356.46912000,353608577.68537740,0,BTCUSDT,0.00999999999476131,19958.24755,5655535
2025-06-16,105594.02000000,108952.38000000,104980.37000000,106794.53000000,14922.66540000,1750118399999,1599849840.73252440,2928998,7442.34921000,797865030.13661780,0,BTCUSDT,0.00999999999476131,19956.81725,5655627
2025-06-17,106794.53000000,107771.34000000,103371.02000000,104551.17000000,17866.33025000,1750204799999,1883173484.89909980,3723010,8082.65290000,852365443.21135600,0,BTCUSDT,0.00999999999476131,19956.85322,5655682
2025-06-18,104551.17000000,105550.27000000,103500.00000000,104886.78000000,13968.64167000,1750291199999,1461383024.36220930,3468170,6656.31474000,696386846.69042960,0,BTCUSDT,0.00999999999476131,19955.15065,5655371
2025-06-19,104886.79000000,105226.17000000,103929.27000000,104658.59000000,7678.60737000,1750377599999,803402575.96204490,1718045,3583.19736000,374871407.41073340,0,BTCUSDT,0.00999999999476131,19955.26507,5655488
2025-06-20,104658.59000000,106524.65000000,102345.00000000,103297.99000000,16419.06283000,1750463999999,1714411911.01140170,3029404,7113.97039000,743649283.08002110,0,BTCUSDT,0.00999999999476131,19955.59993,5655593
2025-06-21,103297.98000000,103982.64000000,100837.90000000,102120.01000000,11154.21332000,1750550399999,1144829784.73064180,2172578,4632.93703000,475270667.42267620,0,BTCUSDT,0.010000000009313226,19955.61912,5655681
2025-06-22,102120.02000000,103399.62000000,98200.00000000,100963.87000000,28746.41072000,1750636799999,2892695407.80868790,5121309,13142.02965000,1322387353.31664010,0,BTCUSDT,0.010000000009313226,19955.12788,5655514
2025-06-23,100963.87000000,106074.20000000,99613.33000000,105333.93000000,27666.50609000,1750723199999,2836166831.04444880,4944207,13408.20163000,1375654853.25846600,0,BTCUSDT,0.010000000009313226,19954.77388,5655048
2025-06-24,105333.94000000,106290.00000000,104622.02000000,106083.00000000,14651.69335000,1750809599999,1543451113.45636120,2973481,6848.32158000,721631005.28932640,0,BTCUSDT,0.010000000009313226,19954.15102,5655045
2025-06-25,106083.00000000,108135.30000000,105808.03000000,107340.58000000,16701.15551000,1750895999999,1789545470.94629000,2988892,8576.13709000,919352853.80641200,0,BTCUSDT,0.00999999999476131,19954.13931,5655044
2025-06-26,107340.59000000,108272.45000000,106562.50000000,106947.06000000,10573.27279000,1750982399999,1136093974.68160140,2597742,4983.08998000,535471528.19449270,0,BTCUSDT,0.00999999999476131,19954.22856,5655472
2025-06-27,106947.06000000,107735.34000000,106356.76000000,107047.59000000,12232.44042000,1751068799999,1308420348.91000950,2304499,4862.28010000,520251258.37876640,0,BTCUSDT,0.010000000009313226,19952.78577,5655838
2025-06-28,107047.58000000,107577.75000000,106811.51000000,107296.79000000,3282.17352000,1751155199999,352025390.60311350,653305,1514.41959000,162441164.01323960,0,BTCUSDT,0.010000000009313226,19953.60437,5656472
2025-06-29,107296.79000000,108528.50000000,107172.52000000,108356.93000000,6831.73640000,1751241599999,736708189.94956840,1223202,3771.10895000,406653127.09208040,0,BTCUSDT,0.010000000009313226,19957.10701,5657943
2025-06-30,108356.93000000,108789.99000000,106733.33000000,107146.50000000,9754.12491000,1751327999999,1050407152.34505800,1773485,4331.38130000,466474537.78821220,0,BTCUSDT,0.00999999999476131,19960.33665,5657531
2025-07-01,107146.51000000,107540.00000000,105250.85000000,105681.14000000,10505.62437000,1751414399999,1117432945.89263660,2013289,4648.91727000,494549276.18377850,0,BTCUSDT,0.00999999999476131,19964.41444,5657778
2025-07-02,105681.13000000,109730.00000000,105100.19000000,108849.60000000,17691.89592000,1751500799999,1915699005.87728970,2444708,9248.43029000,1002261738.20887520,0,BTCUSDT,0.00999999999476131,19961.5234,5657424
2025-07-03,108849.59000000,110529.18000000,108530.40000000,109584.78000000,13047.08225000,1751587199999,1429459048.63832610,2568944,6961.89686000,763022147.91167700,0,BTCUSDT,0.00999999999476131,19961.96337,5657793
2025-07-04,109584.77000000,109767.59000000,107245.00000000,107984.24000000,11793.86615000,1751673599999,1276215111.66836520,1975212,4787.79822000,518313226.96675600,0,BTCUSDT,0.010000000009313226,19962.03018,5657865
2025-07-05,107984.25000000,108420.56000000,107756.31000000,108198.12000000,3736.97570000,1751759999999,403928702.19674760,710020,1803.68528000,194976807.36330110,0,BTCUSDT,0.00999999999476131,19962.34123,5658129
2025-07-06,108198.12000000,109700.00000000,107800.01000000,109203.84000000,6447.60700000,1751846399999,700733299.51121990,1256591,3209.35902000,348780644.23317400,0,BTCUSDT,0.00999999999476131,19969.57472,5658851
2025-07-07,109203.85000000,109700.00000000,107513.20000000,108262.94000000,9405.37601000,1751932799999,1020848316.05370420,1961940,3920.92229000,425664101.80223870,0,BTCUSDT,0.010000000009313226,19970.50111,5659264
2025-07-08,108262.94000000,109216.56000000,107429.57000000,108922.98000000,9216.02080000,1752019199999,1000112813.43989430,1723244,4371.98866000,474674358.99748990,0,BTCUSDT,0.00999999999476131,19974.82314,5659800
2025-07-09,108922.99000000,111999.79000000,108324.53000000,111233.99000000,17282.28650000,1752105599999,1902054744.19492400,2328484,8935.70327000,983405508.74821380,0,BTCUSDT,0.010000000009313226,19975.00436,5660022
2025-07-10,111234.00000000,116868.00000000,110500.00000000,116010.00000000,24883.45066500,1752191999999,2826460280.44522334,3227017,12900.13546700,1465777460.94107554,0,BTCUSDT,0.010000000009313226,19978.163,5660531
2025-07-11,116010.01000000,118869.98000000,115222.22000000,117527.66000000,25873.52114800,1752278399999,3039521803.02724685,3708194,12502.93116800,1468374333.95021235,0,BTCUSDT,0.00999999999476131,19978.19577,5660596
2025-07-12,117527.66000000,118200.00000000,116900.05000000,117420.00000000,8446.60437000,1752364799999,993093353.40689040,1441851,3784.55219000,444996040.90597870,0,BTCUSDT,0.010000000009313226,19982.55827,5661284
2025-07-13,117420.00000000,119488.00000000,117224.79000000,119086.64000000,9550.79294700,1752451199999,1132096857.01169159,1650283,4766.47430700,565024389.37239190,0,BTCUSDT,0.010000000009313226,19985.14575,5661682
2025-07-14,119086.65000000,123218.00000000,118905.18000000,119841.18000000,27269.34887700,1752537599999,3299746181.07707340,4076133,14099.58074700,1705505292.66472420,0,BTCUSDT,0.5700000000069849,19988.98243,5662481
2025-07-15,119841.17000000,119940.83000000,115736.92000000,117758.09000000,32018.46083000,1752623999999,3755258445.55327170,3805374,15667.30508000,1837578524.92386480,0,BTCUSDT,0.010000000009313226,20014.61461,5664468
2025-07-16,117758.08000000,120063.84000000,117017.29000000,118630.43000000,17039.90851000,1752710399999,2023850383.72348730,2429625,8355.96881000,992430971.36759030,0,BTCUSDT,0.00999999999476131,20021.80056,5665066
2025-07-17,118630.44000000,120998.71000000,117453.57000000,119177.56000000,15728.57651000,1752796799999,1869114355.12316430,2347985,7696.17927000,914659207.57442780,0,BTCUSDT,0.00999999999476131,20026.06733,5665852
2025-07-18,119177.56000000,120820.71000000,116812.76000000,117924.84000000,19924.66266000,1752883199999,2367355518.47030790,2805236,8951.37863000,1063782057.47856260,0,BTCUSDT,0.010000000009313226,20028.24656,5666222
2025-07-19,117924.84000000,118499.90000000,117277.34000000,117840.00000000,6635.80306000,1752969599999,783327898.49696960,1133382,2978.38320000,351626384.05029030,0,BTCUSDT,0.010000000009313226,20028.07029,5666361
2025-07-20,117840.01000000,118856.80000000,116467.02000000,117265.12000000,12962.92889000,1753055999999,1528864683.81608200,1615935,6581.33371000,776457462.98182540,0,BTCUSDT,0.00999999999476131,20028.11913,5666913
2025-07-21,117265.11000000,119676.73000000,116515.00000000,117380.36000000,17107.33128000,1753142399999,2020783266.96336490,2509543,8426.31812000,995117241.66790940,0,BTCUSDT,0.010000000009313226,20028.39788,5668202
2025-07-22,117380.36000000,120247.80000000,116128.00000000,119954.42000000,20959.12973000,1753228799999,2481252763.65191060,2778733,10811.45507000,1280627214.62852240,0,BTCUSDT,0.00999999999476131,20031.64712,5668415
2025-07-23,119954.43000000,120090.00000000,117301.00000000,118755.99000000,14558.75083000,1753315199999,1722126986.88666100,2101404,7070.08701000,836266328.74468310,0,BTCUSDT,0.010000000009313226,20032.2812,5668487
2025-07-24,118756.00000000,119450.00000000,117103.10000000,118340.99000000,15806.89043000,1753401599999,1873181653.20180740,2081435,7651.73992000,906619084.60359310,0,BTCUSDT,0.00999999999476131,20032.27999,5668502
2025-07-25,118340.98000000,118451.57000000,114723.16000000,117614.31000000,38406.34873000,1753487999999,4456778786.62049410,3282355,17042.77355000,1977873720.89647240,0,BTCUSDT,0.00999999999476131,20033.27025,5668681
2025-07-26,117614.31000000,118297.35000000,117138.38000000,117919.99000000,6991.67206000,1753574399999,823629079.74931030,790372,3167.88355000,373290310.21643520,0,BTCUSDT,0.010000000009313226,20033.51767,5668854
2025-07-27,117919.99000000,119766.65000000,117825.50000000,119415.55000000,9328.30919000,1753660799999,1107883542.16079820,1095080,5238.30358000,622261561.25072770,0,BTCUSDT,0.00999999999476131,20033.36675,5669015
2025-07-28,119415.56000000,119800.00000000,117427.50000000,118062.32000000,13961.74754000,1753747199999,1655882235.89651800,1824777,7224.91774000,857128354.22340880,0,BTCUSDT,0.00999999999476131,20033.1534,5668631
2025-07-29,118062.32000000,119273.36000000,116950.75000000,117950.76000000,15137.93445000,1753833599999,1788682083.68564630,1956694,7988.93736000,944162800.07458740,0,BTCUSDT,0.00999999999476131,20033.20985,5668330
2025-07-30,117950.75000000,118792.00000000,115796.23000000,117840.30000000,15586.73631000,1753919999999,1832696878.22298590,1997369,7803.61434000,917632890.23365260,0,BTCUSDT,0.00999999999476131,20033.31577,5668390
2025-07-31,117840.29000000,118922.45000000,115500.00000000,115764.08000000,17010.00730000,1754006399999,2002870016.70224260,1859532,8313.51616000,979519362.06854240,0,BTCUSDT,0.010000000009313226,20034.36182,5668810
2025-08-01,115764.07000000,116052.00000000,112722.58000000,113297.93000000,24487.10206000,1754092799999,2810268577.15136990,4160829,11487.22120000,1318593418.06125480,0,BTCUSDT,0.010000000009313226,20034.56994,5668761
2025-08-02,113297.92000000,114063.49000000,112003.00000000,112546.35000000,11507.33428000,1754179199999,1301882737.32672200,2165714,5060.00835000,572586383.07173130,0,BTCUSDT,0.010000000009313226,20034.57079,5668744
2025-08-03,112546.35000000,114799.97000000,111920.00000000,114208.80000000,7397.76046000,1754265599999,841090034.15425410,1419281,3738.18331000,425246221.29553040,0,BTCUSDT,0.010000000009313226,20034.78577,5669011
2025-08-04,114208.81000000,115720.00000000,114107.60000000,115055.03000000,9667.67916000,1754351999999,1109938874.06297080,1954230,4715.29351000,541443274.80937470,0,BTCUSDT,0.00999999999476131,20034.88098,5669057
2025-08-05,115055.03000000,115127.81000000,112650.00000000,114129.75000000,12042.79078000,1754438399999,1371861747.14661660,2581052,5622.66754000,640570774.10106840,0,BTCUSDT,0.00999999999476131,20034.9183,5669042
2025-08-06,114129.75000000,115716.00000000,113355.13000000,114992.27000000,9761.15318000,1754524799999,1118028732.85891840,2026500,4872.24748000,558193207.67707200,0,BTCUSDT,0.010000000009313226,20035.42659,5669190
2025-08-07,114992.27000000,117621.00000000,114259.00000000,117472.01000000,13468.56263000,1754611199999,1564454297.83692700,2314671,7008.73753000,814088870.44463200,0,BTCUSDT,0.010000000009313226,20035.03068,5669132
2025-08-08,117472.02000000,117630.00000000,115878.71000000,116674.74000000,10045.31278000,1754697599999,1172199778.72425470,2095304,4584.90574000,534970598.46875020,0,BTCUSDT,0.010000000009313226,20035.03857,5669140
2025-08-09,116674.74000000,117944.05000000,116299.13000000,116462.25000000,9514.13144000,1754783999999,1111837601.70237220,1390951,4869.85416000,569228301.11699460,0,BTCUSDT,0.010000000009313226,20034.74959,5669223
2025-08-10,116462.25000000,119311.11000000,116460.63000000,119294.01000000,14322.77073000,1754870399999,1694198747.87187080,2317065,8023.43513000,949082473.72132200,0,BTCUSDT,0.00999999999476131,20034.89429,5669322
2025-08-11,119294.27000000,122335.16000000,118050.11000000,118686.00000000,26494.33429000,1754956799999,3194611530.54106930,4021743,13243.42946000,1596640461.64307680,0,BTCUSDT,0.00999999999476131,20035.4505,5669614
2025-08-12,118686.00000000,120324.43000000,118207.47000000,120134.08000000,16720.10893000,1755043199999,1992762473.58525770,2737841,9265.05962000,1104367998.19617160,0,BTCUSDT,0.00999999999476131,20035.23002,5669721
2025-08-13,120134.09000000,123667.79000000,118920.92000000,123306.43000000,23210.07102000,1755129599999,2811581348.38745740,3712817,11931.26825000,1446045988.04831460,0,BTCUSDT,0.00999999999476131,20035.56579,5669868
2025-08-14,123306.44000000,124474.00000000,117180.00000000,118295.09000000,27980.94758600,1755215999999,3359128391.10852380,4350449,13402.07847600,1608719584.86973360,0,BTCUSDT,0.00999999999476131,20033.29218,5669534
2025-08-15,118295.09000000,119216.82000000,116803.99000000,117342.05000000,13623.33874000,1755302399999,1607609329.68510110,2895016,6141.41708000,724799635.81724670,0,BTCUSDT,0.00999999999476131,20031.79406,5669278
2025-08-16,117342.04000000,117898.99000000,117143.98000000,117380.66000000,6393.68117000,1755388799999,751719391.77236380,1179842,2995.22865000,352158781.09645510,0,BTCUSDT,0.00999999999476131,20031.31261,5669676
2025-08-17,117380.66000000,118575.00000000,117172.21000000,117405.01000000,5898.64192000,1755475199999,695629197.90380730,1177563,2804.73113000,330799448.09036540,0,BTCUSDT,0.010000000009313226,20035.8234,5669687
2025-08-18,117405.01000000,117543.75000000,114640.14000000,116227.05000000,17745.93954000,1755561599999,2053814085.47177750,3346280,7647.70667000,885108979.48874850,0,BTCUSDT,0.00999999999476131,20035.58118,5669582
2025-08-19,116227.05000000,116725.69000000,112732.58000000,112872.94000000,18065.47424000,1755647999999,2065010895.85846640,3291182,8609.41370000,984093545.59442210,0,BTCUSDT,0.00999999999476131,20036.78703,5669728
2025-08-20,112872.95000000,114615.38000000,112380.00000000,114271.24000000,15636.34194000,1755734399999,1776149566.12477360,2998370,7209.58575000,819330970.21586190,0,BTCUSDT,0.010000000009313226,20038.88167,5669967
2025-08-21,114271.23000000,114821.76000000,112015.67000000,112500.00000000,10839.69235000,1755820799999,1227373788.61556290,2357380,5346.48007000,605400341.45449280,0,BTCUSDT,0.00999999999476131,20033.20247,5669604
2025-08-22,112500.00000000,117429.05000000,111684.79000000,116935.99000000,23128.09037000,1755907199999,2656625122.27778650,3438518,11843.59711000,1359907711.87266930,0,BTCUSDT,0.00999999999476131,20033.37262,5669774
2025-08-23,116936.00000000,117030.00000000,114560.00000000,115438.05000000,11329.36197000,1755993599999,1308825428.01435860,1559569,5083.35014000,587273893.13144330,0,BTCUSDT,0.00999999999476131,20033.40952,5669787
2025-08-24,115438.06000000,115666.68000000,110680.00000000,113493.59000000,21175.98462000,1756079999999,2411284606.18917640,2573906,9325.06710000,1061855201.33431230,0,BTCUSDT,0.010000000009313226,20033.26838,5669675
2025-08-25,113493.59000000,113667.28000000,109274.10000000,110111.98000000,25182.79379000,1756166399999,2805570653.63102300,4695718,11387.58170000,1269662985.34417990,0,BTCUSDT,0.010000000009313226,20033.26119,5669683
2025-08-26,110111.98000000,112371.00000000,108666.66000000,111763.22000000,18452.43877000,1756252799999,2033437347.49993920,4077474,9863.43157000,1087468493.59696390,0,BTCUSDT,0.010000000009313226,20032.86895,5669583
2025-08-27,111763.22000000,112625.00000000,110345.42000000,111262.01000000,13392.60875000,1756339199999,1493774927.19083180,3111496,6261.84550000,698586344.17747960,0,BTCUSDT,0.010000000009313226,20032.48457,5669509
2025-08-28,111262.01000000,113485.90000000,110862.42000000,112566.90000000,11104.27744000,1756425599999,1250788481.94532180,2066780,5139.46509000,578866003.68381480,0,BTCUSDT,0.010000000009313226,20032.50868,5669516
2025-08-29,112566.90000000,112638.64000000,107463.90000000,108377.40000000,22580.31045000,1756511999999,2475492492.57752970,3606959,10616.35644000,1164321513.10445710,0,BTCUSDT,0.00999999999476131,20032.09322,5669584
2025-08-30,108377.40000000,108926.15000000,107350.10000000,108816.33000000,10708.39159000,1756598399999,1160666772.73875230,1411040,5797.17783000,628457794.84340100,0,BTCUSDT,0.00999999999476131,20032.0382,5669594
2025-08-31,108816.33000000,109480.02000000,108076.93000000,108246.35000000,9489.51596000,1756684799999,1031806894.35133180,1366633,4573.61058000,497406888.16918830,0,BTCUSDT,0.010000000009313226,20032.88548,5669905
2025-09-01,108246.36000000,109912.40000000,107255.00000000,109237.42000000,16053.60219000,1756771199999,1742516638.78113520,2729384,7532.99101000,817730948.98443340,0,BTCUSDT,0.010000000009313226,20032.6353,5669837
2025-09-02,109237.43000000,111771.52000000,108393.39000000,111240.01000000,18510.28756000,1756857599999,2042681451.90163840,2596328,9088.71727000,1003032805.53679950,0,BTCUSDT,0.00999999999476131,20032.90303,5669807
2025-09-03,111240.01000000,112575.27000000,110528.71000000,111705.71000000,11773.72084000,1756943999999,1313762617.34366450,2214249,5539.29462000,618293676.50751790,0,BTCUSDT,0.00999999999476131,20032.14458,5669737
2025-09-04,111705.72000000,112180.00000000,109329.12000000,110730.87000000,12203.13536000,1757030399999,1349031325.53208460,2230255,6070.78151000,670681185.82571010,0,BTCUSDT,0.010000000009313226,20032.17629,5669676
2025-09-05,110730.87000000,113384.62000000,110206.96000000,110659.99000000,21587.40888000,1757116799999,2413132200.62332500,2970419,10787.81127000,1206066261.22720100,0,BTCUSDT,0.010000000009313226,20034.06905,5670605
2025-09-06,110660.00000000,111307.70000000,109977.00000000,110187.97000000,5000.29897000,1757203199999,552785936.54346990,795201,2308.83297000,255237426.94601100,0,BTCUSDT,0.00999999999476131,20032.49138,5670360
2025-09-07,110187.98000000,111600.00000000,110180.00000000,111137.34000000,5681.29944000,1757289599999,630447950.15886890,874961,2570.85199000,285303923.54046230,0,BTCUSDT,0.010000000009313226,20032.76928,5670715
2025-09-08,111137.35000000,112924.37000000,110621.78000000,112065.23000000,11582.40211000,1757375999999,1295903862.46496030,1744598,5531.65969000,618773275.35763070,0,BTCUSDT,0.00999999999476131,20029.50142,5670271
2025-09-09,112065.23000000,113293.29000000,110766.66000000,111546.39000000,15379.28248000,1757462399999,1721465997.90636600,2143242,7597.38038000,849973176.17756840,0,BTCUSDT,0.010000000009313226,20029.4039,5670487
2025-09-10,111546.38000000,114313.13000000,110917.45000000,113960.00000000,17517.41823000,1757548799999,1978834750.22231150,2182534,8274.63998000,934646697.48233240,0,BTCUSDT,0.00999999999476131,19986.93273,5669719
2025-09-11,113960.00000000,115488.09000000,113430.00000000,115482.69000000,13676.73119000,1757635199999,1562241144.95654100,2166359,6744.29993000,770595422.69052130,0,BTCUSDT,0.00999999999476131,19985.06079,5669599
2025-09-12,115482.69000000,116665.63000000,114740.99000000,116029.42000000,15324.10719000,1757721599999,1772122269.50186350,2481491,7995.57276000,924775389.85693960,0,BTCUSDT,0.00999999999476131,19985.45199,5669992
2025-09-13,116029.41000000,116298.78000000,115127.27000000,115918.29000000,8269.40394000,1757807999999,957724220.64976110,1223635,3590.09359000,415773029.43935270,0,BTCUSDT,0.00999999999476131,19989.35099,5670261
2025-09-14,115918.29000000,116165.19000000,115135.00000000,115268.01000000,6707.60197000,1757894399999,775762364.96859910,1237218,3406.90777000,393977059.30354210,0,BTCUSDT,0.00999999999476131,19987.88324,5670251
2025-09-15,115268.01000000,116757.99000000,114384.00000000,115349.71000000,13212.51149000,1757980799999,1522648235.22351530,2857989,6621.36360000,763138585.68502490,0,BTCUSDT,0.00999999999476131,19988.1628,5670538
2025-09-16,115349.71000000,116964.27000000,114737.11000000,116788.96000000,10926.90940000,1758067199999,1265779287.51692670,2047058,5292.18365000,613182568.99191850,0,BTCUSDT,0.010000000009313226,19985.93442,5670156
2025-09-17,116788.96000000,117286.73000000,114720.81000000,116447.59000000,16754.24540000,1758153599999,1946083704.62174570,3227418,7975.00190000,926282110.83307900,0,BTCUSDT,0.010000000009313226,19985.9428,5670157
2025-09-18,116447.60000000,117900.00000000,116092.76000000,117073.53000000,11657.23365000,1758239999999,1367513347.48650940,2252654,5717.34538000,670700552.93472770,0,BTCUSDT,0.00999999999476131,19984.26435,5670406
2025-09-19,117073.53000000,117459.99000000,115100.00000000,115632.38000000,8992.09065000,1758326399999,1045792401.45323890,1732471,4020.81483000,467345983.07867990,0,BTCUSDT,0.00999999999476131,19984.0832,5670210
2025-09-20,115632.39000000,116121.81000000,115408.47000000,115685.63000000,4674.92752000,1758412799999,541264273.24168940,740451,2276.16483000,263511469.84325880,0,BTCUSDT,0.010000000009313226,19983.22479,5670325
2025-09-21,115685.63000000,115819.06000000,115188.00000000,115232.29000000,4511.52219000,1758499199999,521299751.15040960,945965,2016.72489000,233031538.74699310,0,BTCUSDT,0.00999999999476131,19983.4686,5670882
2025-09-22,115232.29000000,115379.25000000,111800.00000000,112650.99000000,20781.71356000,1758585599999,2348872511.69887510,3045876,9312.35777000,1052684266.89818760,0,BTCUSDT,0.00999999999476131,19983.49334,5670881
2025-09-23,112650.99000000,113290.50000000,111458.73000000,111998.80000000,12301.32030000,1758671999999,1383869800.27370310,2455729,5543.36090000,623665658.72003280,0,BTCUSDT,0.00999999999476131,19983.28473,5670881
2025-09-24,111998.80000000,113940.00000000,111042.66000000,113307.00000000,12369.25967000,1758758399999,1394470628.50258200,2229837,6100.69487000,687826281.22047700,0,BTCUSDT,0.010000000009313226,19983.39271,5670934
2025-09-25,113307.01000000,113510.23000000,108631.51000000,108994.49000000,21231.14957000,1758844799999,2356639689.92521460,4409953,9511.07937000,1055527535.76844470,0,BTCUSDT,0.00999999999476131,19955.77765,5670916
2025-09-26,108994.49000000,110300.00000000,108620.07000000,109643.46000000,14243.01591000,1758931199999,1557098915.93925960,3257155,6978.29033000,762955442.75240000,0,BTCUSDT,0.00999999999476131,19955.79348,5670921
2025-09-27,109643.46000000,109743.91000000,109064.40000000,109635.85000000,5501.78643000,1759017599999,601947588.99707650,919594,2523.25886000,276080500.99419540,0,BTCUSDT,0.00999999999476131,19954.37889,5670652
2025-09-28,109635.85000000,112350.00000000,109189.99000000,112163.95000000,7542.33160000,1759103999999,832254944.32033530,1484866,3781.87606000,417495757.16935000,0,BTCUSDT,0.00999999999476131,19956.2442,5670914
2025-09-29,112163.96000000,114400.00000000,111560.65000000,114311.96000000,15541.12005000,1759190399999,1755247635.87113600,2442653,7836.68768000,884934987.56875300,0,BTCUSDT,0.00999999999476131,19951.02465,5670389
2025-09-30,114311.97000000,114792.00000000,112656.27000000,114048.93000000,15044.15633000,1759276799999,1710713267.13009550,3018331,7185.72154000,817044461.27018150,0,BTCUSDT,0.00999999999476131,19946.70506,5669815
2025-10-01,114048.94000000,118649.10000000,113966.67000000,118594.99000000,20036.39516000,1759363199999,2332096981.26593350,3430343,10071.04092000,1172422657.40651740,0,BTCUSDT,0.010000000009313226,19946.73485,5669934
2025-10-02,118594.99000000,121022.07000000,118279.31000000,120529.35000000,19670.83503000,1759449599999,2349861127.34458050,3472073,9753.07848000,1164986423.98980750,0,BTCUSDT,0.010000000009313226,19946.64159,5669675
2025-10-03,120529.35000000,123894.99000000,119248.30000000,122232.00000000,23936.32800000,1759535999999,2907381076.68131880,4246820,11288.62355000,1372792607.61362140,0,BTCUSDT,0.010000000009313226,19946.08997,5669143
2025-10-04,122232.21000000,122800.00000000,121510.00000000,122391.00000000,8208.16678000,1759622399999,1002272903.34464720,1703590,3767.80335000,460154433.12366190,0,BTCUSDT,0.010000000009313226,19944.63011,5668882
2025-10-05,122390.99000000,125708.42000000,122136.00000000,123482.31000000,22043.09755300,1759708799999,2730817470.93956400,3690670,11780.67240300,1459478400.91099630,0,BTCUSDT,0.00999999999476131,19944.71307,5668997
2025-10-06,123482.32000000,126199.63000000,123084.00000000,124658.54000000,19494.62879300,1759795199999,2428828952.26531830,4206167,9963.00815300,1241625129.71771830,0,BTCUSDT,0.00999999999476131,19943.00254,5668987
2025-10-07,124658.54000000,125126.00000000,120574.94000000,121332.95000000,21633.99385000,1759881599999,2657405799.87054860,4390785,9699.35099000,1191947741.69890580,0,BTCUSDT,0.010000000009313226,19942.49757,5669538
2025-10-08,121332.96000000,124197.25000000,121066.14000000,123306.00000000,17012.61800000,1759967999999,2084842842.44161690,4184997,9039.06222000,1107976264.69485960,0,BTCUSDT,0.010000000009313226,19942.5605,5669992
2025-10-09,123306.01000000,123762.94000000,119651.47000000,121662.40000000,21559.36007000,1760054399999,2621438087.56673310,4231167,10144.15364000,1233882833.56423890,0,BTCUSDT,0.010000000009313226,19942.33241,5669951
2025-10-10,121662.41000000,122550.00000000,102000.00000000,112774.50000000,64171.93927000,1760140799999,7349750905.04115730,11404522,30502.14297000,3493298452.84600770,0,BTCUSDT,0.00999999999476131,19940.70819,5669905
2025-10-11,112774.49000000,113322.39000000,109561.59000000,110644.40000000,35448.51652000,1760227199999,3961069473.23113630,6661929,15375.94796000,1718429599.56695220,0,BTCUSDT,0.00999999999476131,19941.23528,5669758
2025-10-12,110644.40000000,115770.00000000,109565.06000000,114958.80000000,32255.30272000,1760313599999,3638546528.74015580,6048575,16915.44533000,1907676479.17725090,0,BTCUSDT,0.00999999999476131,19940.68107,5669511
2025-10-13,114958.81000000,115963.81000000,113616.50000000,115166.00000000,22557.24033000,1760399999999,2591831660.98574920,5739352,10710.89723000,1230950583.84246650,0,BTCUSDT,0.010000000009313226,19940.22737,5669383
2025-10-14,115166.00000000,115409.96000000,109866.00000000,113028.14000000,31870.32974000,1760486399999,3578140778.80849870,7425642,14944.19197000,1677011392.63438070,0,BTCUSDT,0.010000000009313226,19939.83635,5669286
2025-10-15,113028.13000000,113612.35000000,110164.00000000,110763.28000000,22986.48811000,1760572799999,2569639641.35276860,5243141,10499.31831000,1173678794.92077390,0,BTCUSDT,0.010000000009313226,19939.73359,5669306
2025-10-16,110763.28000000,111982.45000000,107427.00000000,108194.28000000,29857.17252000,1760659199999,3277596494.76191940,6127094,13126.95119000,1441416875.12637710,0,BTCUSDT,0.00999999999476131,19939.93112,5669709
2025-10-17,108194.27000000,109240.00000000,103528.23000000,106431.68000000,37920.66838000,1760745599999,4022645635.22120190,7570685,17996.99946000,1909654487.45622080,0,BTCUSDT,0.00999999999476131,19939.87566,5669897
2025-10-18,106431.68000000,107499.00000000,106322.20000000,107185.01000000,11123.18766000,1760831999999,1189002999.14311300,2105450,4845.85641000,518065716.66181290,0,BTCUSDT,0.00999999999476131,19939.91463,5670394
2025-10-19,107185.00000000,109450.07000000,106103.36000000,108642.78000000,15480.66423000,1760918399999,1670074079.58023430,3205640,7100.31013000,766423535.81773780,0,BTCUSDT,0.00999999999476131,19940.0423,5670270
2025-10-20,108642.77000000,111705.56000000,107402.52000000,110532.09000000,19193.44160000,1761004799999,2119912185.59346830,4283542,9280.50075000,1024925788.72169910,0,BTCUSDT,0.00999999999476131,19940.05043,5670610
2025-10-21,110532.09000000,114000.00000000,107473.72000000,108297.67000000,37228.01659000,1761091199999,4114477849.93205410,6004063,17034.07155000,1881327751.33461280,0,BTCUSDT,0.010000000009313226,19939.59846,5670646
2025-10-22,108297.66000000,109163.88000000,106666.69000000,107567.44000000,28610.78451000,1761177599999,3090291706.44398170,5547903,13766.58861000,1487179903.59997880,0,BTCUSDT,0.00999999999476131,19939.34817,5670278
2025-10-23,107567.45000000,111293.61000000,107500.00000000,110078.18000000,17573.09294000,1761263999999,1924582289.41139380,3721614,8575.33716000,938905317.70341070,0,BTCUSDT,0.00999999999476131,19939.21504,5670259
2025-10-24,110078.19000000,112104.98000000,109700.01000000,111004.89000000,15005.16913000,1761350399999,1662806764.95333240,3241022,7511.24340000,832390454.80762260,0,BTCUSDT,0.00999999999476131,19938.95562,5670202
2025-10-25,111004.90000000,111943.19000000,110672.86000000,111646.27000000,6407.96864000,1761436799999,714201332.97512240,1238199,3087.08660000,344113931.79994520,0,BTCUSDT,0.00999999999476131,19938.73767,5670260
2025-10-26,111646.27000000,115466.80000000,111260.45000000,114559.40000000,13454.47737000,1761523199999,1525108635.87482900,2463951,6982.18154000,791462349.35160560,0,BTCUSDT,0.00999999999476131,19939.0228,5670481
2025-10-27,114559.41000000,116400.00000000,113830.01000000,114107.65000000,21450.23241000,1761609599999,2470872744.54896810,3660488,10969.70182000,1263753536.99738980,0,BTCUSDT,0.00999999999476131,19938.91751,5670498
2025-10-28,114107.65000000,116086.00000000,112211.00000000,112898.45000000,15523.42257000,1761695999999,1772753529.86427430,3829845,7765.31574000,887031686.01637250,0,BTCUSDT,0.00999999999476131,19939.20993,5670768
2025-10-29,112898.44000000,113643.73000000,109200.00000000,110021.29000000,21079.71376000,1761782399999,2356715986.53354560,4481480,10407.07233000,1163985607.35690850,0,BTCUSDT,0.00999999999476131,19939.28684,5670893
2025-10-30,110021.30000000,111592.00000000,106304.34000000,108322.88000000,25988.82838000,1761868799999,2827221287.42279770,6373451,12551.13144000,1365671836.74559240,0,BTCUSDT,0.00999999999476131,19939.25523,5670993
2025-10-31,108322.87000000,111190.00000000,108275.28000000,109608.01000000,21518.20439000,1761955199999,2361590437.94141060,5256872,10798.53938000,1185034290.92377970,0,BTCUSDT,0.00999999999476131,19939.13111,5671800
2025-11-01,109608.01000000,110564.49000000,109394.81000000,110098.10000000,7378.50431000,1762041599999,812389216.43467980,1994214,3406.68401000,375126956.08097220,0,BTCUSDT,0.00999999999476131,19939.02864,5671595
2020-01-01,129.16000000,133.05000000,128.68000000,130.77000000,144770.52197000,1577923199999,18952318.53206430,75888,71847.93883000,9407940.16106830,0,ETHUSDT,0.010000000000218279,497824.1532,6016603
2020-01-02,130.72000000,130.78000000,126.38000000,127.19000000,213757.05806000,1578009599999,27486853.39482150,96193,105830.56192000,13615064.56872850,0,ETHUSDT,0.010000000000218279,497774.6962,6015225
2020-01-03,127.19000000,135.14000000,125.88000000,134.35000000,413055.18895000,1578095999999,54139288.21657680,162310,227899.25531000,29863547.62120130,0,ETHUSDT,0.010000000000218279,497767.254,6014796
2020-01-04,134.37000000,135.85000000,132.50000000,134.20000000,184276.17102000,1578182399999,24641135.56895300,95488,85809.67556000,11476955.59469460,0,ETHUSDT,0.010000000000218279,497766.9026,6014856
2020-01-05,134.20000000,138.19000000,134.19000000,135.37000000,254120.45343000,1578268799999,34593687.60327480,115106,126786.52057000,17260443.97042190,0,ETHUSDT,0.009999999999763531,497770.0451,6014739
2020-01-06,135.37000000,144.41000000,134.86000000,144.15000000,408020.27375000,1578355199999,57400544.48725700,159866,199544.89847000,28085835.71855720,0,ETHUSDT,0.010000000000218279,497794.8432,6014903
2020-01-07,144.14000000,145.31000000,138.76000000,142.80000000,447762.17281000,1578441599999,63861666.40475940,188444,224063.89164000,31981440.09214260,0,ETHUSDT,0.009999999999763531,497798.171,6014914
2020-01-08,142.80000000,147.77000000,137.03000000,140.72000000,570465.57764000,1578527999999,81184999.73195760,229912,282151.20995000,40157986.56999530,0,ETHUSDT,0.009999999999763531,497793.4986,6014772
2020-01-09,140.76000000,141.50000000,135.30000000,137.74000000,366076.06569000,1578614399999,50611452.58464480,152241,185916.38689000,25716637.96851200,0,ETHUSDT,0.010000000000218279,497799.9739,6015207
2020-01-10,137.73000000,145.17000000,135.32000000,144.84000000,409403.59507000,1578700799999,57377525.56268220,167313,212395.40493000,29753335.79090260,0,ETHUSDT,0.009999999999763531,497809.5391,6015614
2020-01-11,144.83000000,148.05000000,142.09000000,142.38000000,368350.57939000,1578787199999,53149360.56174780,156488,189781.12128000,27384707.92905200,0,ETHUSDT,0.009999999999763531,497809.5774,6015612
2020-01-12,142.40000000,146.60000000,141.76000000,146.54000000,229541.86137000,1578873599999,33112850.82223460,110842,112369.46853000,16214587.12917720,0,ETHUSDT,0.009999999999763531,497820.7258,6015579
2020-01-13,146.56000000,147.00000000,142.27000000,143.58000000,207996.61865000,1578959999999,29888095.36705080,102544,99446.20096000,14292973.19704950,0,ETHUSDT,0.009999999999763531,497830.4007,6015985
2020-01-14,143.58000000,171.70000000,143.51000000,165.64000000,1108476.31186000,1579046399999,173492006.24820750,321408,569410.84447000,89171070.39954080,0,ETHUSDT,0.009999999999763531,498114.4379,6016845
2020-01-15,165.60000000,171.98000000,159.20000000,166.40000000,721687.80381000,1579132799999,119239937.92994240,251183,350727.96393000,57992191.98119160,0,ETHUSDT,0.010000000000218279,498366.9022,6017030
2020-01-16,166.40000000,167.40000000,157.80000000,164.21000000,456170.86719000,1579219199999,74038650.82913100,179108,221669.39628000,35985561.13104170,0,ETHUSDT,0.009999999999763531,498375.0083,6016916
2020-01-17,164.24000000,174.81000000,162.14000000,169.85000000,767180.67853000,1579305599999,129909265.25615680,273867,375143.01514000,63553850.73453580,0,ETHUSDT,0.010000000000218279,498469.2379,6017775
2020-01-18,169.92000000,179.50000000,164.92000000,174.14000000,688783.17982000,1579391999999,119388338.75249420,240660,350447.01511000,60783310.66908490,0,ETHUSDT,0.009999999999763531,498490.3104,6017984
2020-01-19,174.10000000,178.05000000,161.66000000,166.79000000,624681.28604000,1579478399999,105691368.81966230,203953,307350.63954000,51957534.85309240,0,ETHUSDT,0.010000000000218279,498471.7204,6018324
2020-01-20,166.79000000,169.33000000,161.24000000,166.87000000,358092.88410000,1579564799999,59292534.71746490,130615,181828.19520000,30119285.65625970,0,ETHUSDT,0.010000000000218279,498478.8649,6018533
2020-01-21,166.86000000,170.32000000,164.80000000,169.49000000,308007.63530000,1579651199999,51615232.56698970,125609,154669.56313000,25916761.62117410,0,ETHUSDT,0.010000000000218279,498477.3255,6018200
2020-01-22,169.48000000,171.47000000,166.03000000,168.07000000,272240.90286000,1579737599999,45903134.16291320,111017,131183.80623000,22137225.77374620,0,ETHUSDT,0.009999999999763531,498480.0462,6018191
2020-01-23,168.07000000,168.20000000,159.21000000,162.81000000,373414.34985000,1579823999999,60971659.77458240,150875,179121.31926000,29244864.76378710,0,ETHUSDT,0.009999999999763531,498564.3441,6018280
2020-01-24,162.85000000,164.45000000,155.55000000,162.54000000,430013.19902000,1579910399999,68980724.06049470,145668,201937.83641000,32428806.00500690,0,ETHUSDT,0.010000000000218279,498655.7855,6018480
2020-01-25,162.51000000,162.79000000,157.61000000,160.35000000,219921.65197000,1579996799999,35196608.30633680,95448,114622.44585000,18335347.16165160,0,ETHUSDT,0.009999999999763531,498685.0414,6018882
2020-01-26,160.36000000,168.08000000,159.41000000,167.86000000,251582.55758000,1580083199999,41239031.33790620,116628,135644.62680000,22253874.87122680,0,ETHUSDT,0.010000000000218279,498661.1156,6018673
2020-01-27,167.91000000,172.56000000,165.22000000,170.08000000,365894.81917000,1580169599999,61846624.61453890,157072,183012.19780000,30945679.51868380,0,ETHUSDT,0.010000000000218279,498695.9746,6018686
2020-01-28,170.04000000,176.20000000,170.03000000,175.64000000,473433.89609000,1580255999999,81649497.49294890,178990,249252.61532000,42996095.55943560,0,ETHUSDT,0.010000000000218279,498643.6131,6018723
2020-01-29,175.58000000,178.45000000,173.33000000,173.72000000,317382.90161000,1580342399999,55988230.27435140,145062,151440.50706000,26718161.10623690,0,ETHUSDT,0.009999999999763531,498657.241,6019244
2020-01-30,173.68000000,187.00000000,170.93000000,184.69000000,477721.66090000,1580428799999,85164074.08231600,189458,241401.15381000,43057387.75118880,0,ETHUSDT,0.009999999999763531,498771.4799,6019718
2020-01-31,184.71000000,185.82000000,175.22000000,179.99000000,385596.53365000,1580515199999,69633052.28263920,157597,182789.87905000,33021337.95611110,0,ETHUSDT,0.07999999999992724,498967.8323,6020487
2020-02-01,179.94000000,184.28000000,179.23000000,183.60000000,259370.12902000,1580601599999,47263178.06678230,124149,125544.78709000,22884938.04605620,0,ETHUSDT,0.010000000000218279,499342.4897,6021304
2020-02-02,183.63000000,193.43000000,179.10000000,188.44000000,552621.13619000,1580687999999,104105613.55878510,222425,280248.03436000,52807627.80381550,0,ETHUSDT,0.17000000000007276,499306.9844,6021770
2020-02-03,188.48000000,195.19000000,186.62000000,189.69000000,417175.95781000,1580774399999,79336312.52469230,181726,213868.71408000,40681548.24643290,0,ETHUSDT,0.010000000000218279,499325.8828,6022469
2020-02-04,189.74000000,191.60000000,184.69000000,188.91000000,366389.69686000,1580860799999,68720832.61529370,173353,174776.24193000,32795529.65348510,0,ETHUSDT,0.010000000000218279,499340.2684,6022583
2020-02-05,188.91000000,207.61000000,188.19000000,203.78000000,550942.11417000,1580947199999,108659358.53591860,241415,291264.24776000,57410798.32462930,0,ETHUSDT,0.009999999999763531,499348.8593,6022704
2020-02-06,203.78000000,216.33000000,201.02000000,213.19000000,608240.22330000,1581033599999,127874220.81468680,276196,302771.02677000,63669109.12426110,0,ETHUSDT,0.010000000000218279,499372.7667,6023022
2020-02-07,213.16000000,225.00000000,213.14000000,223.33000000,629361.15466000,1581119999999,138524804.21757590,268274,313125.90630000,68898379.27826870,0,ETHUSDT,0.010000000000218279,499692.983,6023476
2020-02-08,223.36000000,227.75000000,213.22000000,223.05000000,548551.87465000,1581206399999,122069507.65511160,257281,277426.26209000,61749990.22004080,0,ETHUSDT,0.009999999999763531,500152.9638,6024939
2020-02-09,223.01000000,230.65000000,222.86000000,228.49000000,350336.24399000,1581292799999,79674647.00019990,183735,172523.02255000,39249445.39954730,0,ETHUSDT,0.010000000000218279,500294.0782,6025750
2020-02-10,228.53000000,229.40000000,216.37000000,222.89000000,510415.49949000,1581379199999,113385288.95030170,232617,255575.45007000,56800747.20515700,0,ETHUSDT,0.009999999999763531,500357.1085,6026093
2020-02-11,222.89000000,239.15000000,218.17000000,236.69000000,595576.90276000,1581465599999,135863928.62430580,250241,309901.30870000,70710866.22847840,0,ETHUSDT,0.009999999999763531,500392.6676,6026537
2020-02-12,236.69000000,275.34000000,236.69000000,265.74000000,1038073.74782000,1581551999999,266734296.55029730,415316,521382.12082000,133916108.01620910,0,ETHUSDT,0.010000000000218279,500403.712,6026596
2020-02-13,265.74000000,277.69000000,256.08000000,268.32000000,1089679.15370000,1581638399999,291533156.09169540,422008,539389.59743000,144330540.73887080,0,ETHUSDT,0.009999999999763531,500182.6131,6027577
2020-02-14,268.34000000,287.15000000,260.28000000,285.15000000,734944.32266000,1581724799999,201120424.58322010,309022,380703.78554000,104184138.43923920,0,ETHUSDT,0.009999999999763531,500205.0915,6027626
2020-02-15,285.11000000,288.41000000,261.86000000,264.88000000,860813.14274000,1581811199999,236287101.09867710,348934,419793.21130000,115254803.51058330,0,ETHUSDT,0.009999999999763531,500217.4712,6027837
2020-02-16,264.91000000,274.00000000,237.41000000,258.85000000,1110118.46395000,1581897599999,286269166.28143690,416082,526993.06165000,135974874.77418050,0,ETHUSDT,0.009999999999763531,500248.8991,6028420
2020-02-17,258.89000000,268.77000000,242.00000000,267.85000000,1110371.39094000,1581983999999,280371301.75499170,417529,542125.21208000,136867563.53063770,0,ETHUSDT,0.010000000000218279,500325.7806,6029428
2020-02-18,267.90000000,285.88000000,258.00000000,282.61000000,1115523.43992000,1582070399999,304162263.30613900,431799,550241.02070000,150109585.65248150,0,ETHUSDT,0.009999999999763531,500534.3358,6029626
2020-02-19,282.64000000,285.00000000,251.56000000,258.45000000,705973.72988000,1582156799999,191887955.75834830,298048,343303.10692000,93329064.50806450,0,ETHUSDT,0.009999999999763531,500558.6646,6029335
2020-02-20,258.44000000,264.33000000,245.34000000,256.96000000,972969.71691000,1582243199999,249383114.01101130,373551,494884.31858000,126895480.43393930,0,ETHUSDT,0.009999999999763531,500603.8539,6029601
2020-02-21,256.97000000,268.24000000,253.61000000,265.27000000,525827.87340000,1582329599999,137848242.42793050,214306,269791.13743000,70748990.19707250,0,ETHUSDT,0.010000000000218279,500697.625,6029753
2020-02-22,265.32000000,266.81000000,256.00000000,261.57000000,313062.52133000,1582415999999,81781388.31935340,136810,156822.35067000,40974857.93911700,0,ETHUSDT,0.010000000000218279,500665.4882,6029787
2020-02-23,261.55000000,275.68000000,261.02000000,274.48000000,444740.82883000,1582502399999,120024058.97196630,178464,225478.68725000,60845374.19844940,0,ETHUSDT,0.010000000000218279,500677.2534,6030218
2020-02-24,274.50000000,277.20000000,257.09000000,265.52000000,696591.72983000,1582588799999,185949182.70858070,263161,330793.92829000,88287487.18652770,0,ETHUSDT,0.009999999999763531,500871.3083,6030767
2020-02-25,265.47000000,266.22000000,244.44000000,246.67000000,774791.01027000,1582675199999,197442911.54473170,277457,381947.38852000,97346482.22595150,0,ETHUSDT,0.010000000000218279,500888.2044,6031061
2020-02-26,246.67000000,250.32000000,215.66000000,223.93000000,1395879.41507000,1582761599999,324229460.62116020,454355,656347.55839000,152612432.44475370,0,ETHUSDT,0.010000000000218279,500930.1447,6031439
2020-02-27,223.98000000,238.30000000,210.00000000,227.79000000,1273793.11658000,1582847999999,287322727.29672570,415969,627806.95842000,141632481.67214530,0,ETHUSDT,0.009999999999763531,500931.7001,6031544
2020-02-28,227.73000000,234.67000000,214.01000000,226.76000000,1054994.92397000,1582934399999,236064804.33459430,347125,510185.33752000,114271376.01220230,0,ETHUSDT,0.010000000000218279,500964.6447,6032418
2020-02-29,226.76000000,233.00000000,217.00000000,217.21000000,546866.68510000,1583020799999,123635801.01782530,211771,276266.12871000,62479741.17673970,0,ETHUSDT,0.009999999999763531,500980.6761,6032863
2020-03-01,217.29000000,227.89000000,212.36000000,217.81000000,715016.01941000,1583107199999,157064953.84227790,265577,360047.11333000,79085739.01183300,0,ETHUSDT,0.009999999999763531,500998.3133,6033274
2020-03-02,217.81000000,234.40000000,216.07000000,231.97000000,810051.48330000,1583193599999,182948651.67645310,258680,402597.52232000,90992396.71547610,0,ETHUSDT,0.010000000000218279,501013.5757,6033511
2020-03-03,232.10000000,232.46000000,219.57000000,223.91000000,741498.54825000,1583279999999,168090325.53879240,253103,370933.36958000,84105282.69583100,0,ETHUSDT,0.010000000000218279,501024.4129,6034048
2020-03-04,223.84000000,228.85000000,220.23000000,224.26000000,443780.33772000,1583366399999,99650220.54162080,167247,218963.33645000,49186332.76661420,0,ETHUSDT,0.010000000000218279,501024.2505,6033984
2020-03-05,224.26000000,234.09000000,224.23000000,228.38000000,601479.87587000,1583452799999,138081898.28666810,227242,297495.35318000,68301116.79467770,0,ETHUSDT,0.010000000000218279,501017.4692,6033669
2020-03-06,228.38000000,245.16000000,227.33000000,244.88000000,628147.32570000,1583539199999,148563741.83299240,234091,328731.56561000,77799831.59926970,0,ETHUSDT,0.009999999999763531,501024.435,6034143
2020-03-07,244.93000000,251.93000000,236.00000000,237.23000000,633748.89662000,1583625599999,154037325.61130680,238113,311459.94084000,75736818.09643840,0,ETHUSDT,0.009999999999763531,501261.8161,6034974
2020-03-08,237.23000000,237.23000000,195.50000000,199.43000000,1278973.53741000,1583711999999,277970187.86826010,412787,591086.61596000,128602756.90604900,0,ETHUSDT,0.010000000000218279,501295.2737,6035296
2020-03-09,199.43000000,208.62000000,190.00000000,202.81000000,1661331.83553000,1583798399999,332570408.53515290,473504,822023.18618000,164639631.82315350,0,ETHUSDT,0.009999999999763531,501292.8549,6035365
2020-03-10,202.79000000,206.20000000,195.54000000,200.70000000,1020260.10700000,1583884799999,205536190.19393920,332398,501745.90774000,101099251.53024810,0,ETHUSDT,0.009999999999763531,501290.909,6035423
2020-03-11,200.74000000,203.18000000,181.73000000,194.61000000,1079824.90167000,1583971199999,208232375.18620150,344156,539239.29222000,104024026.91909340,0,ETHUSDT,0.010000000000218279,501283.9373,6035028
2020-03-12,194.61000000,195.55000000,101.20000000,107.82000000,3814533.14046000,1584057599999,548668262.23472350,937284,1810764.23167000,260692153.17482450,0,ETHUSDT,0.010000000000218279,500239.8539,6034911
2020-03-13,107.67000000,139.68000000,86.00000000,134.06000000,4663239.92861000,1584143999999,560710331.84217540,1199923,2314458.37004000,278488985.95526650,0,ETHUSDT,0.010000000000218279,500261.2932,6035434
2020-03-14,134.06000000,134.68000000,120.00000000,122.54000000,1237674.88642000,1584230399999,159192895.55261970,398146,628481.86635000,80877487.98928390,0,ETHUSDT,0.010000000000218279,500288.3755,6036095
2020-03-15,122.54000000,133.50000000,120.16000000,123.78000000,1312950.90137000,1584316799999,163436235.26909020,346579,669525.68240000,83359166.35016240,0,ETHUSDT,0.010000000000218279,500285.3747,6035881
2020-03-16,123.82000000,124.33000000,101.10000000,111.02000000,2442064.14448000,1584403199999,270353891.80500360,663277,1191735.45431000,131882551.29453890,0,ETHUSDT,0.009999999999763531,500305.6669,6035743
2020-03-17,111.02000000,120.80000000,109.38000000,115.67000000,1295108.48480000,1584489599999,150800664.07195460,378258,654284.35784000,76179202.04303240,0,ETHUSDT,0.009999999999763531,500322.9735,6035969
2020-03-18,115.67000000,118.50000000,109.86000000,118.11000000,1201850.31275000,1584575999999,137550912.08551710,346312,604214.46019000,69185743.99493410,0,ETHUSDT,0.010000000000218279,500328.8229,6035737
2020-03-19,118.11000000,143.13000000,115.46000000,136.30000000,1801071.18816000,1584662399999,231626928.16070490,489147,904222.90527000,116437845.40569180,0,ETHUSDT,0.010000000000218279,500091.2006,6035181
2020-03-20,136.30000000,152.55000000,116.74000000,133.48000000,2504057.63799000,1584748799999,345856006.74779890,707216,1240999.35166000,171579646.80308030,0,ETHUSDT,0.009999999999763531,500115.3225,6035659
2020-03-21,133.49000000,137.49000000,125.69000000,132.66000000,1231842.11121000,1584835199999,162468451.77231490,401288,607735.22807000,80144362.79303360,0,ETHUSDT,0.010000000000218279,500118.7332,6035946
2020-03-22,132.63000000,137.13000000,121.10000000,122.32000000,1055699.86532000,1584921599999,135927941.07951970,337273,533153.20327000,68650481.21682690,0,ETHUSDT,0.009999999999763531,499858.6164,6035513
2020-03-23,122.31000000,137.50000000,119.50000000,135.92000000,1436796.12449000,1585007999999,184851609.12426900,416820,738648.10253000,95088118.66894010,0,ETHUSDT,0.010000000000218279,499792.4781,6035417
2020-03-24,135.89000000,143.36000000,132.20000000,138.42000000,1244377.16334000,1585094399999,171156363.69230240,381573,627879.32436000,86383070.30653970,0,ETHUSDT,0.010000000000218279,499819.9178,6035660
2020-03-25,138.42000000,142.33000000,132.54000000,136.10000000,1034248.74369000,1585180799999,141795323.02687100,317580,512056.56415000,70208229.99513950,0,ETHUSDT,0.010000000000218279,499792.6677,6035831
2020-03-26,136.11000000,139.74000000,133.26000000,138.40000000,751060.63102000,1585267199999,101918769.67229330,248508,380709.15691000,51679665.33863590,0,ETHUSDT,0.009999999999763531,499843.9996,6036891
2020-03-27,138.40000000,141.27000000,129.68000000,131.33000000,706948.54559000,1585353599999,96581886.87894690,224835,340830.61973000,46615645.76174940,0,ETHUSDT,0.009999999999763531,500049.0325,6038800
2020-03-28,131.33000000,132.97000000,124.88000000,130.98000000,896032.10594000,1585439999999,115166651.97007420,274768,441256.50002000,56744425.26570820,0,ETHUSDT,0.010000000000218279,500328.7469,6040166
2020-03-29,130.94000000,131.84000000,123.81000000,124.50000000,543997.00000000,1585526399999,69434202.20547170,182914,248597.98141000,31762471.02345850,0,ETHUSDT,0.009999999999763531,500645.6501,6041295
2020-03-30,124.47000000,135.42000000,124.06000000,132.06000000,764831.92747000,1585612799999,100271145.86256300,241576,392536.46962000,51471681.57962200,0,ETHUSDT,0.010000000000218279,500712.1441,6041751
2020-03-31,132.09000000,135.00000000,130.38000000,132.72000000,547669.27789000,1585699199999,72618183.48059540,172692,270347.28434000,35849972.62833730,0,ETHUSDT,0.009999999999763531,500741.0734,6041828
2020-04-01,132.72000000,136.99000000,128.62000000,135.69000000,680922.24747000,1585785599999,90063924.23039740,199637,324454.19164000,42946394.47652280,0,ETHUSDT,0.009999999999763531,500747.1987,6042403
2020-04-02,135.65000000,149.76000000,135.01000000,141.28000000,1138977.66114000,1585871999999,159989506.60494540,314519,578693.19522000,81265956.91314490,0,ETHUSDT,0.009999999999763531,500984.3276,6043679
2020-04-03,141.27000000,146.72000000,137.26000000,141.31000000,797546.11446000,1585958399999,113731706.71499980,239800,377394.13095000,53851773.63059670,0,ETHUSDT,0.009999999999763531,501000.4873,6044219
2020-04-04,141.30000000,146.28000000,138.88000000,144.10000000,573508.14086000,1586044799999,81640622.82843230,178768,292547.08055000,41667692.34584250,0,ETHUSDT,0.010000000000218279,501037.5253,6044850
2020-04-05,144.10000000,145.58000000,140.68000000,142.68000000,414987.45246000,1586131199999,59383946.12744140,134223,205853.93595000,29454884.73752670,0,ETHUSDT,0.010000000000218279,501200.4719,6045657
2020-04-06,142.69000000,172.00000000,142.60000000,171.32000000,1636338.73110000,1586217599999,257097597.78387530,432858,839620.34479000,131930482.84646460,0,ETHUSDT,0.010000000000218279,501212.8127,6045755
2020-04-07,171.32000000,176.22000000,162.22000000,164.63000000,1717962.82538000,1586303999999,292710722.58224840,446557,854069.17522000,145531653.92763160,0,ETHUSDT,0.010000000000218279,500690.6508,6045526
2020-04-08,164.62000000,174.48000000,163.59000000,173.11000000,1023575.92076000,1586390399999,173916484.78615510,287799,511443.62149000,86963287.60141520,0,ETHUSDT,0.02999999999974534,500876.0436,6046926
2020-04-09,173.15000000,173.38000000,165.19000000,169.52000000,719837.24423000,1586476799999,122531131.95595830,212541,356967.49573000,60787119.84138850,0,ETHUSDT,0.009999999999763531,500908.1289,6047829
2020-04-10,169.56000000,170.10000000,152.11000000,157.81000000,1314841.36200000,1586563199999,209535613.32367140,323430,623128.08335000,99285405.30938550,0,ETHUSDT,0.010000000000218279,501093.7389,6048458
2020-04-11,157.81000000,161.37000000,153.91000000,158.33000000,621599.61289000,1586649599999,98275533.06263670,168046,313112.58332000,49512383.08581670,0,ETHUSDT,0.009999999999763531,501150.3089,6048800
2020-04-12,158.33000000,164.78000000,155.00000000,158.59000000,809100.24594000,1586735999999,129919934.44376530,223429,396232.44593000,63624893.23050370,0,ETHUSDT,0.010000000000218279,501155.9314,6049675
2020-04-13,158.56000000,158.97000000,150.00000000,156.29000000,1042091.03622000,1586822399999,160423270.30371500,255965,519763.88357000,80051376.52875040,0,ETHUSDT,0.010000000000218279,501164.9042,6049717
2020-04-14,156.28000000,161.85000000,155.23000000,158.45000000,698030.65089000,1586908799999,110710086.10400900,178490,343955.51426000,54564372.10918630,0,ETHUSDT,0.009999999999763531,501154.6442,6049987
2020-04-15,158.46000000,161.29000000,152.00000000,152.73000000,729119.66505000,1586995199999,114640840.11551650,186226,347034.48291000,54594699.03576640,0,ETHUSDT,0.009999999999763531,501154.5131,6050096
2020-04-16,152.74000000,174.79000000,148.33000000,172.29000000,1647207.59991000,1587081599999,273639160.06938750,389854,830355.78324000,137897793.15056740,0,ETHUSDT,0.009999999999763531,501153.3716,6049814
2020-04-17,172.31000000,174.96000000,168.31000000,170.69000000,723537.75591000,1587167999999,123553456.31967860,191289,352005.34180000,60121889.86467380,0,ETHUSDT,0.009999999999763531,501017.7504,6049265
2020-04-18,170.61000000,189.54000000,170.48000000,187.40000000,1127296.36979000,1587254399999,203132211.95640910,286172,569708.87703000,102696714.57128610,0,ETHUSDT,0.009999999999763531,501015.6047,6049356
2020-04-19,187.40000000,188.35000000,175.75000000,180.03000000,995759.57750000,1587340799999,181415813.50269480,270668,478833.69271000,87227250.30026600,0,ETHUSDT,0.010000000000218279,501068.8861,6049618
2020-04-20,180.02000000,186.46000000,166.70000000,170.20000000,1547821.52737000,1587427199999,273854539.80380100,365589,745586.67414000,131918687.66076710,0,ETHUSDT,0.010000000000218279,501231.8205,6050139
2020-04-21,170.21000000,174.70000000,168.00000000,170.74000000,906381.65398000,1587513599999,155292048.43579020,228262,454400.78888000,77856857.48694720,0,ETHUSDT,0.010000000000218279,501329.5454,6050892
2020-04-22,170.73000000,184.00000000,169.78000000,182.70000000,988698.39076000,1587599999999,176079076.92749950,246896,488185.26353000,86960811.93958360,0,ETHUSDT,0.009999999999763531,501342.7627,6050852
2020-04-23,182.70000000,193.63000000,178.16000000,185.51000000,1457867.08713000,1587686399999,270862911.36856540,363772,719694.31692000,133791885.01731330,0,ETHUSDT,0.010000000000218279,501322.0188,6050467
2020-04-24,185.57000000,189.80000000,184.72000000,187.59000000,780904.21257000,1587772799999,146419748.08164820,222074,368634.10604000,69133236.24006010,0,ETHUSDT,0.010000000000218279,501335.2487,6050796
2020-04-25,187.60000000,198.36000000,185.76000000,194.21000000,866478.04928000,1587859199999,167703202.42505130,244755,438541.85997000,84884022.53154650,0,ETHUSDT,0.010000000000218279,501334.3938,6050749
2020-04-26,194.21000000,200.00000000,192.30000000,197.38000000,758525.81533000,1587945599999,148433709.77718670,228826,383155.46184000,74997367.32236560,0,ETHUSDT,0.010000000000218279,501433.9785,6051128
2020-04-27,197.39000000,199.05000000,189.29000000,196.34000000,896627.37271000,1588031999999,174775637.92727570,238341,426083.00347000,83095117.55550340,0,ETHUSDT,0.010000000000218279,501438.7463,6051374
2020-04-28,196.33000000,198.50000000,192.36000000,196.24000000,636829.89397000,1588118399999,124476041.88938340,183819,324710.24289000,63499045.65033740,0,ETHUSDT,0.010000000000218279,501453.7693,6051616
2020-04-29,196.24000000,218.77000000,196.22000000,215.36000000,1620422.72431000,1588204799999,338324593.63729170,445147,817195.35504000,170664754.30895850,0,ETHUSDT,0.010000000000218279,501459.1703,6051706
2020-04-30,215.40000000,227.30000000,202.00000000,206.08000000,1749691.00151000,1588291199999,374893029.77430840,557268,840566.78901000,180276410.99706310,0,ETHUSDT,0.009999999999763531,501499.7001,6052004
2020-05-01,206.07000000,217.14000000,205.91000000,212.02000000,794913.95828000,1588377599999,168339123.35791390,291365,389989.76909000,82585993.16044210,0,ETHUSDT,0.009999999999763531,501521.5269,6051845
2020-05-02,212.01000000,215.37000000,210.36000000,213.90000000,443494.67248000,1588463999999,94389501.51781640,185802,225155.58197000,47928012.23135540,0,ETHUSDT,0.009999999999763531,501544.5107,6052402
2020-05-03,213.89000000,219.30000000,203.92000000,209.86000000,748383.91311000,1588550399999,158874887.07834110,268841,354161.96792000,75207830.89534740,0,ETHUSDT,0.009999999999763531,501568.2174,6053137
2020-05-04,209.86000000,210.65000000,194.88000000,206.48000000,1114249.32658000,1588636799999,225451167.65536830,349701,553422.13712000,111948053.08533100,0,ETHUSDT,0.009999999999763531,501564.0123,6053147
2020-05-05,206.47000000,211.68000000,201.00000000,205.29000000,640644.66268000,1588723199999,131906204.90781300,246124,310794.78031000,64025329.18628990,0,ETHUSDT,0.009999999999763531,501483.6084,6052678
2020-05-06,205.30000000,210.77000000,197.71000000,198.97000000,862700.67849000,1588809599999,178157452.60084120,271299,411115.12204000,84998478.60793140,0,ETHUSDT,0.010000000000218279,501501.6189,6052655
2020-05-07,198.92000000,215.10000000,196.43000000,212.00000000,1305778.73764000,1588895999999,271197927.66502780,380313,660789.67892000,137272634.80833200,0,ETHUSDT,0.009999999999763531,501690.4661,6052950
2020-05-08,212.01000000,216.61000000,206.90000000,211.31000000,917908.19440000,1588982399999,194579529.42776330,262122,445600.39696000,94465691.13477140,0,ETHUSDT,0.010000000000218279,501787.4294,6053532
2020-05-09,211.32000000,214.60000000,208.40000000,210.07000000,587871.98073000,1589068799999,124626471.42703530,194059,292187.26718000,61966403.94492970,0,ETHUSDT,0.009999999999763531,501796.6918,6053901
2020-05-10,210.09000000,210.18000000,179.59000000,187.54000000,1473226.05475000,1589155199999,278394290.75973460,426358,694788.42914000,131143494.26749300,0,ETHUSDT,0.009999999999763531,502019.2634,6055003
2020-05-11,187.62000000,193.50000000,176.00000000,185.73000000,1093299.81927000,1589241599999,203391530.20617390,303669,529158.74668000,98465728.22507510,0,ETHUSDT,0.009999999999763531,502010.4997,6054762
2020-05-12,185.80000000,192.24000000,185.48000000,189.76000000,669755.79567000,1589327999999,126810812.16817080,193978,336075.30552000,63647040.81413890,0,ETHUSDT,0.009999999999763531,502071.0872,6054815
2020-05-13,189.77000000,201.00000000,188.35000000,199.58000000,806143.00704000,1589414399999,156637596.36492460,212710,410843.35618000,79791107.72434880,0,ETHUSDT,0.010000000000218279,502071.643,6054707
2020-05-14,199.61000000,206.02000000,195.67000000,203.29000000,1114700.24937000,1589500799999,224233786.12670990,285245,557166.15035000,112099049.73738440,0,ETHUSDT,0.010000000000218279,503010.8998,6056327
2020-05-15,203.29000000,204.08000000,191.66000000,194.86000000,904749.63570000,1589587199999,179634085.62276920,230721,437768.77270000,86944450.76006710,0,ETHUSDT,0.009999999999763531,503138.3005,6056703
2020-05-16,194.87000000,203.50000000,193.21000000,200.45000000,669900.03754000,1589673599999,134060788.49418390,174447,343539.34568000,68751336.84186420,0,ETHUSDT,0.010000000000218279,503179.168,6056601
2020-05-17,200.44000000,209.85000000,199.68000000,207.00000000,708711.89315000,1589759999999,145341278.68135490,180088,369150.31059000,75677871.47041410,0,ETHUSDT,0.010000000000218279,503177.3249,6056519
2020-05-18,207.02000000,217.07000000,207.00000000,214.91000000,1064139.24850000,1589846399999,226789027.15008040,249528,538438.67639000,114784967.15147500,0,ETHUSDT,0.009999999999763531,503207.7917,6056489
2020-05-19,214.92000000,215.95000000,209.45000000,214.58000000,643702.98849000,1589932799999,136846948.55680560,186027,319009.59630000,67835348.16258670,0,ETHUSDT,0.010000000000218279,503293.0291,6056356
2020-05-20,214.60000000,215.75000000,204.27000000,209.98000000,679532.61037000,1590019199999,143704806.17524080,195172,330890.78825000,70009379.65600590,0,ETHUSDT,0.009999999999763531,503330.5909,6056278
2020-05-21,209.99000000,211.64000000,191.71000000,198.74000000,1003923.43420000,1590105599999,203445710.96284490,258415,479372.00860000,97136468.80798330,0,ETHUSDT,0.010000000000218279,503364.5384,6056248
2020-05-22,198.72000000,209.19000000,196.24000000,207.36000000,787672.36081000,1590191999999,159972608.53416610,217659,399523.04157000,81120762.57728450,0,ETHUSDT,0.009999999999763531,503289.6225,6056021
2020-05-23,207.36000000,211.20000000,204.55000000,206.60000000,478559.92006000,1590278399999,99461068.10466470,150729,237372.30187000,49341950.41533750,0,ETHUSDT,0.009999999999763531,503519.2127,6056712
2020-05-24,206.60000000,210.55000000,199.50000000,199.90000000,673535.05784000,1590364799999,138917619.23362070,204534,324023.32350000,66890503.37754660,0,ETHUSDT,0.009999999999763531,503750.2128,6057787
2020-05-25,199.90000000,205.67000000,198.01000000,204.15000000,469931.62492000,1590451199999,95411610.79763470,171792,243595.47559000,49464529.60504250,0,ETHUSDT,0.009999999999763531,503878.3748,6058453
2020-05-26,204.22000000,205.00000000,196.90000000,200.89000000,477176.73530000,1590537599999,96116808.85809130,167702,233833.77929000,47132325.29336320,0,ETHUSDT,0.010000000000218279,503833.4303,6058707
2020-05-27,200.92000000,208.44000000,200.76000000,208.29000000,494816.72727000,1590623999999,101445351.02566320,167619,252824.22653000,51832733.59846020,0,ETHUSDT,0.009999999999763531,503882.2139,6059215
2020-05-28,208.29000000,220.50000000,204.67000000,220.21000000,643945.97769000,1590710399999,136361627.34641550,219160,352366.88360000,74663823.75714590,0,ETHUSDT,0.010000000000218279,503894.9344,6059323
2020-05-29,220.24000000,224.79000000,217.57000000,220.67000000,603058.07590000,1590796799999,133220045.49547060,217959,301826.51829000,66680504.40036720,0,ETHUSDT,0.009999999999763531,503953.1965,6059660
2020-05-30,220.63000000,247.00000000,218.80000000,243.66000000,1019550.75146000,1590883199999,238678839.80930440,341862,511425.44765000,119730479.77167950,0,ETHUSDT,0.009999999999763531,503946.8617,6059255
2020-05-31,243.71000000,245.39000000,229.58000000,231.57000000,821608.68884000,1590969599999,194867426.29418620,320066,381831.06077000,90551397.67858910,0,ETHUSDT,0.009999999999763531,504042.1339,6059851
2020-06-01,231.56000000,250.68000000,230.66000000,248.23000000,823816.69936000,1591055999999,198791911.84704420,318497,426075.31776000,102865011.74578850,0,ETHUSDT,0.010000000000218279,504074.7642,6060070
2020-06-02,248.23000000,253.80000000,225.00000000,237.71000000,955520.91863000,1591142399999,230680327.30929150,355417,462682.15945000,111744961.57192750,0,ETHUSDT,0.010000000000218279,504072.7793,6060043
2020-06-03,237.71000000,245.00000000,232.71000000,244.52000000,502928.13371000,1591228799999,120179301.17898640,213792,259904.04578000,62129185.47385130,0,ETHUSDT,0.010000000000218279,504058.7974,6059858
2020-06-04,244.54000000,246.60000000,236.00000000,243.21000000,669369.33920000,1591315199999,162460397.62767410,253226,332175.55769000,80659519.34918510,0,ETHUSDT,0.010000000000218279,504056.813,6059913
2020-06-05,243.22000000,247.87000000,239.14000000,240.03000000,502547.41103000,1591401599999,122084004.51697550,205337,242309.99059000,58916816.25847680,0,ETHUSDT,0.010000000000218279,504112.9456,6060766
2020-06-06,240.04000000,244.70000000,237.83000000,241.94000000,389423.07798000,1591487999999,93979350.81263390,161709,198723.53956000,47973780.54283710,0,ETHUSDT,0.009999999999763531,504163.7164,6061224
2020-06-07,241.94000000,245.37000000,234.60000000,244.56000000,571102.55515000,1591574399999,137165732.64761660,226478,285159.65388000,68517428.42271850,0,ETHUSDT,0.009999999999763531,504161.8694,6060889
2020-06-08,244.57000000,247.70000000,240.59000000,246.40000000,383116.54719000,1591660799999,93355224.96830870,159981,193451.07601000,47159340.96864370,0,ETHUSDT,0.010000000000218279,504159.96,6060745
2020-06-09,246.37000000,249.82000000,238.00000000,243.80000000,420327.17133000,1591747199999,102374504.57389720,185974,202641.07177000,49369436.33086970,0,ETHUSDT,0.010000000000218279,504143.3804,6060422
2020-06-10,243.79000000,250.28000000,242.00000000,247.78000000,431285.61715000,1591833599999,105797248.24742570,185330,221305.11120000,54322143.50039510,0,ETHUSDT,0.010000000000218279,504184.2266,6061230
2020-06-11,247.78000000,250.09000000,226.20000000,230.51000000,816456.89161000,1591919999999,195063781.27644910,312655,373492.34304000,89279896.48515260,0,ETHUSDT,0.010000000000218279,504191.5985,6061086
2020-06-12,230.46000000,239.38000000,228.19000000,237.55000000,446515.34124000,1592006399999,105069425.09010670,181977,224589.29616000,52877894.61382670,0,ETHUSDT,0.010000000000218279,504206.0701,6061191
2020-06-13,237.55000000,238.73000000,234.66000000,238.11000000,253797.78090000,1592092799999,60087772.65246530,134555,126898.09775000,30052109.58823630,0,ETHUSDT,0.010000000000218279,504253.9794,6061268
2020-06-14,238.13000000,238.59000000,229.83000000,231.77000000,304943.21188000,1592179199999,71575514.08027260,158093,150190.06138000,35264141.20722390,0,ETHUSDT,0.010000000000218279,504284.2397,6061698
2020-06-15,231.74000000,233.55000000,218.27000000,230.86000000,875026.92057000,1592265599999,197907504.77877360,308126,410989.99093000,92965284.36529640,0,ETHUSDT,0.010000000000218279,504315.533,6062853
2020-06-16,230.86000000,236.00000000,228.70000000,235.30000000,499194.66758000,1592351999999,116456364.23126830,188136,252188.71079000,58831595.30783300,0,ETHUSDT,0.009999999999763531,504308.0931,6062627
2020-06-17,235.31000000,237.30000000,227.65000000,233.82000000,478187.29170000,1592438399999,111415059.05626230,189653,232960.69025000,54288236.15848750,0,ETHUSDT,0.009999999999763531,504308.673,6062913
2020-06-18,233.82000000,234.65000000,227.93000000,231.27000000,334347.79917000,1592524799999,77542070.33327090,145815,157912.89857000,36639257.02317530,0,ETHUSDT,0.009999999999763531,504300.0386,6062867
2020-06-19,231.26000000,231.95000000,226.74000000,229.00000000,397284.59808000,1592611199999,91117706.15513940,160682,196717.52384000,45127258.00693490,0,ETHUSDT,0.009999999999763531,504304.4486,6063070
2020-06-20,229.00000000,230.85000000,225.62000000,228.89000000,303704.98826000,1592697599999,69343699.90954830,129778,146807.30372000,33536648.02595340,0,ETHUSDT,0.009999999999763531,504316.7785,6063558
2020-06-21,228.88000000,231.49000000,227.11000000,228.04000000,256305.23734000,1592783999999,58868166.50610440,109238,133367.32601000,30640576.93127720,0,ETHUSDT,0.009999999999763531,504332.712,6063637
2020-06-22,228.03000000,246.89000000,227.51000000,243.13000000,749030.11114000,1592870399999,178707156.18931390,256688,381685.54634000,91072958.54464900,0,ETHUSDT,0.010000000000218279,504331.1758,6063463
2020-06-23,243.11000000,244.87000000,240.75000000,243.14000000,442296.31477000,1592956799999,107457002.52462460,172649,224811.21947000,54630829.05815690,0,ETHUSDT,0.010000000000218279,504343.6506,6063809
2020-06-24,243.15000000,249.24000000,231.07000000,234.58000000,921634.05340000,1593043199999,220763040.43374940,289888,447817.33625000,107284767.04106830,0,ETHUSDT,0.010000000000218279,504165.9725,6063261
2020-06-25,234.57000000,235.39000000,227.56000000,232.50000000,613748.59348000,1593129599999,142697463.38010440,192323,312667.90698000,72711629.98470680,0,ETHUSDT,0.009999999999763531,504273.249,6063167
2020-06-26,232.49000000,233.61000000,227.75000000,229.64000000,628340.07007000,1593215999999,144805505.19158240,192182,313069.39625000,72145517.98801950,0,ETHUSDT,0.009999999999763531,504250.7695,6062767
2020-06-27,229.66000000,231.42000000,216.00000000,220.94000000,645950.61438000,1593302399999,145264632.26381920,207051,299265.01724000,67274910.29012350,0,ETHUSDT,0.010000000000218279,504245.8082,6062664
2020-06-28,220.94000000,227.96000000,218.32000000,224.93000000,444766.56881000,1593388799999,99423540.13931940,144728,236280.14760000,52806921.84877780,0,ETHUSDT,0.009999999999763531,504187.6212,6062502
2020-06-29,224.89000000,229.96000000,221.26000000,227.93000000,597915.52242000,1593475199999,134510531.19766730,183558,305421.87340000,68753130.26515030,0,ETHUSDT,0.009999999999763531,504166.0434,6062552
2020-06-30,227.98000000,228.70000000,222.91000000,225.60000000,415036.02977000,1593561599999,93802207.27357360,143612,202532.74647000,45764408.12825810,0,ETHUSDT,0.010000000000218279,504202.9053,6062958
2020-07-01,225.59000000,232.71000000,224.16000000,230.99000000,517351.58865000,1593647999999,118322932.85495730,176455,265707.94626000,60770218.92015320,0,ETHUSDT,0.010000000000218279,503413.3135,6060973
2020-07-02,230.99000000,232.01000000,222.87000000,226.46000000,592485.91115000,1593734399999,134976975.12319700,210294,282313.90134000,64320519.48114850,0,ETHUSDT,0.009999999999763531,503189.1179,6060655
2020-07-03,226.46000000,228.13000000,223.97000000,224.87000000,314578.50040000,1593820799999,71286978.50356750,139167,153734.92210000,34844388.69190400,0,ETHUSDT,0.009999999999763531,503148.4895,6060504
2020-07-04,224.86000000,230.71000000,224.43000000,229.17000000,307726.46593000,1593907199999,69899468.27991880,134338,156161.48084000,35487540.26136240,0,ETHUSDT,0.010000000000218279,503424.5505,6060399
2020-07-05,229.24000000,229.85000000,223.05000000,227.56000000,355747.12006000,1593993599999,80528660.61919430,152077,173480.66716000,39276422.84701000,0,ETHUSDT,0.009999999999763531,503395.0137,6060043
2020-07-06,227.54000000,242.00000000,226.93000000,241.60000000,864817.50700000,1594079999999,203334727.85013950,268187,443659.99767000,104363380.05687420,0,ETHUSDT,0.009999999999763531,503356.8972,6059250
2020-07-07,241.60000000,243.77000000,234.40000000,239.39000000,600424.97209000,1594166399999,143122828.37511880,213589,293523.48727000,69992123.93622460,0,ETHUSDT,0.009999999999763531,503347.4725,6059055
2020-07-08,239.39000000,248.88000000,237.78000000,246.95000000,958185.83708000,1594252799999,233460700.75518140,309582,472779.31973000,115197139.73159900,0,ETHUSDT,0.010000000000218279,503306.4403,6058882
2020-07-09,246.94000000,247.90000000,237.88000000,241.98000000,647641.58291000,1594339199999,157541370.00481820,243580,313999.27569000,76404395.94395800,0,ETHUSDT,0.010000000000218279,503220.1786,6058822
2020-07-10,241.97000000,242.16000000,235.72000000,241.26000000,455025.12385000,1594425599999,108806462.46509650,181124,234086.96963000,55969388.91838720,0,ETHUSDT,0.009999999999763531,502905.9472,6058451
2020-07-11,241.27000000,241.67000000,237.54000000,239.19000000,294476.00626000,1594511999999,70548557.67783910,140265,144264.75794000,34563855.77462440,0,ETHUSDT,0.010000000000218279,502987.4686,6059228
2020-07-12,239.19000000,244.00000000,236.52000000,242.79000000,469315.11720000,1594598399999,112487552.43401240,201729,238720.16445000,57233192.42448630,0,ETHUSDT,0.009999999999763531,502965.3651,6059022
2020-07-13,242.76000000,245.33000000,237.33000000,239.50000000,604093.04245000,1594684799999,146193291.91067610,240032,304677.24908000,73761164.95613980,0,ETHUSDT,0.009999999999763531,502955.6274,6058873
2020-07-14,239.50000000,242.09000000,237.00000000,240.44000000,426320.89188000,1594771199999,102105027.13193080,172704,212486.68184000,50895173.69127610,0,ETHUSDT,0.010000000000218279,502857.1509,6059073
2020-07-15,240.45000000,241.45000000,236.83000000,238.61000000,368350.66518000,1594857599999,88059682.48343640,154984,178198.01400000,42606335.48394350,0,ETHUSDT,0.010000000000218279,502851.3459,6058820
2020-07-16,238.59000000,239.39000000,230.02000000,233.57000000,587161.73894000,1594943999999,137208323.20157330,222138,284514.03969000,66475192.08183000,0,ETHUSDT,0.009999999999763531,502862.6811,6058995
2020-07-17,233.58000000,234.84000000,231.65000000,232.67000000,325600.21444000,1595030399999,75931058.42265300,149088,159858.08306000,37286020.32295110,0,ETHUSDT,0.010000000000218279,502781.8183,6059286
2020-07-18,232.66000000,236.80000000,232.32000000,235.67000000,341356.61820000,1595116799999,80046747.83223330,136494,168653.68252000,39557475.70548810,0,ETHUSDT,0.010000000000218279,502779.4772,6059545
2020-07-19,235.67000000,239.92000000,233.28000000,239.11000000,348803.52073000,1595203199999,82120072.99362800,144896,177800.65726000,41857576.44971610,0,ETHUSDT,0.009999999999763531,502775.0424,6059815
2020-07-20,239.12000000,239.72000000,234.05000000,236.01000000,396657.91938000,1595289599999,94314378.93819910,164435,193222.00995000,45941871.96180980,0,ETHUSDT,0.009999999999763531,503637.7745,6061620
2020-07-21,236.00000000,246.66000000,235.57000000,245.59000000,637462.08074000,1595375999999,154502240.94119890,240019,335588.62905000,81336675.10271110,0,ETHUSDT,0.010000000000218279,503663.6442,6061995
2020-07-22,245.53000000,269.61000000,241.51000000,263.74000000,718417.68296000,1595462399999,180692677.21395630,273546,382255.45060000,96136746.64578400,0,ETHUSDT,0.009999999999763531,503569.3382,6062178
2020-07-23,263.75000000,279.98000000,259.70000000,275.30000000,1068774.57879000,1595548799999,287217202.72012160,378573,548027.77647000,147366131.52617590,0,ETHUSDT,0.009999999999763531,503646.8766,6062822
2020-07-24,275.31000000,287.34000000,266.00000000,279.15000000,926033.06692000,1595635199999,256347245.54814900,362608,467152.58946000,129363215.30193840,0,ETHUSDT,0.010000000000218279,503732.4281,6063254
2020-07-25,279.15000000,308.94000000,279.09000000,305.26000000,1058927.30554000,1595721599999,308799629.36114330,424683,546337.36919000,159353784.49878770,0,ETHUSDT,0.010000000000218279,503896.6321,6063803
2020-07-26,305.31000000,318.75000000,299.00000000,311.00000000,1270368.75300000,1595807999999,392346895.32267080,486058,629296.22696000,194398665.55302020,0,ETHUSDT,0.009999999999763531,504067.1639,6064386
2020-07-27,311.02000000,333.31000000,310.78000000,321.93000000,1636122.34727000,1595894399999,527292799.28791380,645395,818454.59042000,263886380.58021330,0,ETHUSDT,0.010000000000218279,504080.3727,6064757
2020-07-28,321.95000000,326.80000000,305.86000000,316.77000000,1093231.55578000,1595980799999,346187853.27592900,458451,526272.91372000,166776146.18773630,0,ETHUSDT,0.009999999999763531,504248.0049,6065266
2020-07-29,316.77000000,325.00000000,312.38000000,317.71000000,792802.32148000,1596067199999,254201662.13340940,347597,403407.16614000,129383921.49019800,0,ETHUSDT,0.010000000000218279,504262.0481,6065434
2020-07-30,317.76000000,342.00000000,314.05000000,334.87000000,1008827.56698000,1596153599999,328286452.51829110,410721,548703.63674000,178728061.85059630,0,ETHUSDT,0.010000000000218279,504294.3934,6065651
2020-07-31,334.82000000,349.45000000,328.40000000,346.33000000,948088.44982000,1596239999999,323282981.01591960,461788,479449.06541000,163562313.74991860,0,ETHUSDT,0.010000000000218279,504091.1586,6064625
2020-08-01,346.32000000,392.67000000,343.07000000,387.00000000,1440843.34203000,1596326399999,527543444.86288410,598900,763925.60566000,279585883.39700170,0,ETHUSDT,0.010000000000218279,504130.2612,6064711
2020-08-02,387.01000000,415.85000000,325.00000000,372.42000000,2324909.09616000,1596412799999,878397036.29751910,960835,1147802.64923000,434515635.48955820,0,ETHUSDT,0.010000000000218279,504230.2499,6065384
2020-08-03,372.45000000,398.00000000,366.50000000,385.94000000,1191565.09389000,1596499199999,462170587.47850270,534803,594188.68302000,230529343.39225330,0,ETHUSDT,0.009999999999763531,504508.3581,6065939
2020-08-04,385.91000000,402.98000000,380.77000000,389.61000000,1180792.42379000,1596585599999,461794422.20486850,503335,580630.09812000,227199384.22215280,0,ETHUSDT,0.010000000000218279,504584.7922,6066379
2020-08-05,389.59000000,407.00000000,384.11000000,400.72000000,1124119.06720000,1596671999999,444335097.14939300,459722,569086.53448000,225101645.73652520,0,ETHUSDT,0.010000000000218279,504609.7957,6066340
2020-08-06,400.72000000,403.66000000,390.51000000,394.77000000,821379.08397000,1596758399999,325718417.71600690,388529,403029.86304000,159852195.14677980,0,ETHUSDT,0.009999999999763531,504620.9646,6066557
2020-08-07,394.77000000,398.26000000,362.85000000,379.34000000,1041207.35946000,1596844799999,398625567.06391200,466548,499790.82669000,191569557.52234410,0,ETHUSDT,0.010000000000218279,504617.1234,6066471
2020-08-08,379.34000000,397.05000000,375.79000000,397.03000000,623029.78053000,1596931199999,240999198.02428520,300577,325760.87681000,126105849.09518240,0,ETHUSDT,0.010000000000218279,504622.6322,6066718
2020-08-09,397.05000000,400.00000000,383.36000000,390.14000000,594900.58133000,1597017599999,233057462.92739680,319111,294055.13111000,115294493.99738120,0,ETHUSDT,0.009999999999763531,504694.7326,6066983
2020-08-10,390.14000000,399.18000000,385.13000000,395.44000000,826969.90633000,1597103999999,326372434.89705910,395123,409673.34569000,161732201.70573280,0,ETHUSDT,0.009999999999763531,504710.6596,6067418
2020-08-11,395.43000000,398.21000000,367.00000000,379.00000000,992412.60230000,1597190399999,381981614.62167230,459623,465088.67076000,179106068.40754950,0,ETHUSDT,0.010000000000218279,504714.5891,6067482
2020-08-12,378.99000000,389.23000000,365.85000000,387.18000000,751848.79830000,1597276799999,285872467.64409370,349082,378876.83493000,144127095.73059770,0,ETHUSDT,0.010000000000218279,504738.1886,6068432
2020-08-13,387.18000000,431.49000000,376.59000000,424.54000000,1511330.77320000,1597363199999,604810975.13185700,634978,786249.64387000,314657280.99639270,0,ETHUSDT,0.010000000000218279,504763.7677,6069142
2020-08-14,424.54000000,444.71000000,417.05000000,438.11000000,1109670.94324000,1597449599999,477180580.06183250,502635,551666.89650000,237162820.57687100,0,ETHUSDT,0.010000000000218279,504843.9857,6070288
2020-08-15,438.12000000,442.94000000,427.02000000,432.32000000,681698.59710000,1597535999999,296652970.48231940,351377,332354.72985000,144668622.34551780,0,ETHUSDT,0.009999999999763531,504861.7782,6071050
2020-08-16,432.30000000,436.99000000,412.47000000,433.62000000,716666.25258000,1597622399999,305445885.81667000,371807,345142.26171000,147116639.26333250,0,ETHUSDT,0.009999999999763531,504862.1996,6071099
2020-08-17,433.61000000,446.00000000,420.37000000,430.89000000,868870.64996000,1597708799999,375038999.50751650,443560,434882.89599000,187814884.66580410,0,ETHUSDT,0.009999999999763531,504848.2702,6071491
2020-08-18,430.89000000,433.81000000,415.00000000,421.95000000,743254.57018000,1597795199999,316635286.99292170,374074,356765.97549000,152053040.63348380,0,ETHUSDT,0.010000000000218279,504870.1658,6071628
2020-08-19,421.92000000,426.75000000,393.25000000,407.46000000,978339.69221000,1597881599999,400208683.34672710,455992,457547.57265000,187156985.82537450,0,ETHUSDT,0.009999999999763531,504944.8945,6072082
2020-08-20,407.46000000,418.98000000,402.07000000,415.94000000,663555.73445000,1597967999999,273292342.19034480,322537,336116.41655000,138426936.64111550,0,ETHUSDT,0.010000000000218279,504953.5748,6072379
2020-08-21,415.94000000,418.68000000,385.10000000,387.97000000,860998.72560000,1598054399999,347455883.45330630,414222,395087.31195000,159527686.50068960,0,ETHUSDT,0.009999999999763531,505025.6939,6073544
2020-08-22,387.93000000,397.04000000,379.92000000,395.24000000,643235.76543000,1598140799999,250069873.39723140,305450,315092.64001000,122564498.42421190,0,ETHUSDT,0.009999999999763531,505185.4041,6074702
2020-08-23,395.23000000,396.95000000,383.15000000,390.71000000,445317.81989000,1598227199999,173799978.03511140,222729,218347.50764000,85211118.00730040,0,ETHUSDT,0.009999999999763531,505236.5907,6075217
2020-08-24,390.72000000,410.42000000,387.44000000,407.68000000,717403.81877000,1598313599999,287991794.22058410,307676,374389.16218000,150318604.20706690,0,ETHUSDT,0.009999999999763531,505240.3423,6075152
2020-08-25,407.68000000,409.06000000,370.00000000,382.93000000,970445.38395000,1598399999999,375681480.18694300,411636,463076.75010000,179300083.72858850,0,ETHUSDT,0.009999999999763531,505250.5888,6075530
2020-08-26,382.91000000,392.91000000,377.37000000,385.81000000,738690.77940000,1598486399999,284504413.09361920,351141,372284.31302000,143413331.40317950,0,ETHUSDT,0.11000000000012733,505269.5653,6075742
2020-08-27,385.81000000,397.10000000,371.48000000,383.27000000,877763.73658000,1598572799999,336647752.29422450,392116,441967.74994000,169506712.89737500,0,ETHUSDT,0.010000000000218279,505309.84,6076330
2020-08-28,383.31000000,398.00000000,379.75000000,395.11000000,732601.46905000,1598659199999,286555001.99418380,311832,376745.79555000,147371987.07353450,0,ETHUSDT,0.009999999999763531,505399.6713,6077081
2020-08-29,395.10000000,405.69000000,391.88000000,398.65000000,659802.63344000,1598745599999,263787683.02808370,300090,335970.72742000,134324057.77429140,0,ETHUSDT,0.009999999999763531,505712.7139,6078814
2020-08-30,398.65000000,429.89000000,398.30000000,428.94000000,894979.71788000,1598831999999,370467271.09903470,395838,454113.30749000,188019162.80121010,0,ETHUSDT,0.010000000000218279,505765.8998,6079373
2020-08-31,428.94000000,439.00000000,418.04000000,433.79000000,1040748.68881000,1598918399999,447866996.18511480,456201,521857.12047000,224568024.60673360,0,ETHUSDT,0.010000000000218279,505898.635,6079997
2020-09-01,433.80000000,488.84000000,429.03000000,475.40000000,1751354.57719000,1599004799999,813662129.65048800,763508,869375.35063000,403711776.22557970,0,ETHUSDT,0.009999999999763531,505944.181,6080609
2020-09-02,475.40000000,481.39000000,420.00000000,439.50000000,1880642.46853000,1599091199999,844475154.71608050,825133,930825.55373000,418025683.68122710,0,ETHUSDT,0.009999999999763531,506012.0647,6081091
2020-09-03,439.50000000,450.70000000,372.00000000,381.40000000,2408569.34151000,1599177599999,995567239.00840270,903066,1163309.47153000,481135153.40023240,0,ETHUSDT,0.009999999999763531,506093.5582,6081594
2020-09-04,381.35000000,400.21000000,357.00000000,385.26000000,1806488.22474000,1599263999999,696658932.11542750,744610,898001.98862000,346399148.75434910,0,ETHUSDT,0.009999999999763531,506121.6505,6082307
2020-09-05,385.30000000,395.00000000,308.42000000,335.01000000,2777166.51389000,1599350399999,967730464.90551640,1074986,1359142.30847000,474118503.45672320,0,ETHUSDT,0.009999999999763531,506199.5019,6082814
2020-09-06,335.04000000,360.00000000,316.10000000,352.80000000,2017811.14721000,1599436799999,691925087.39681090,852597,1001126.65908000,343097243.97381230,0,ETHUSDT,0.009999999999763531,506168.5989,6082707
2020-09-07,352.85000000,358.51000000,323.00000000,353.59000000,1740618.42462000,1599523199999,596754172.70084040,708066,875520.99803000,300098826.31230790,0,ETHUSDT,0.010000000000218279,506183.4576,6082848
2020-09-08,353.59000000,356.58000000,325.38000000,337.39000000,1400246.82962000,1599609599999,476444912.54463500,554846,683844.91475000,232727441.34534670,0,ETHUSDT,0.010000000000218279,506217.2754,6083238
2020-09-09,337.41000000,359.00000000,330.51000000,350.85000000,879760.56255000,1599695999999,304910633.80088960,381038,450864.78551000,156362634.92576610,0,ETHUSDT,0.010000000000218279,506271.4826,6083464
2020-09-10,350.85000000,377.25000000,349.91000000,367.93000000,1134287.61137000,1599782399999,416598205.66604800,512819,564874.99855000,207485762.51111200,0,ETHUSDT,0.010000000000218279,506520.1087,6085107
2020-09-11,367.93000000,375.27000000,355.49000000,373.63000000,844017.59966000,1599868799999,308822715.13365630,367615,423159.48329000,154876994.89740980,0,ETHUSDT,0.010000000000218279,506574.8053,6085685
2020-09-12,373.62000000,388.57000000,364.73000000,387.78000000,766542.31635000,1599955199999,287133871.24729080,318774,391980.78732000,146905887.14703520,0,ETHUSDT,0.010000000000218279,506674.3548,6086247
2020-09-13,387.78000000,390.43000000,350.00000000,366.42000000,989195.69047000,1600041599999,367969518.51348870,430236,471379.94130000,175392358.37933570,0,ETHUSDT,0.009999999999763531,506684.1406,6086696
2020-09-14,366.43000000,384.64000000,355.73000000,377.12000000,1042059.62265000,1600127999999,387238794.68097150,476828,520997.62714000,193631762.56564660,0,ETHUSDT,0.010000000000218279,506740.7878,6087026
2020-09-15,377.12000000,382.47000000,362.34000000,364.06000000,883856.33005000,1600214399999,328317009.56834610,405048,425660.93557000,158082601.83653550,0,ETHUSDT,0.010000000000218279,506829.8019,6087668
2020-09-16,364.05000000,373.45000000,355.00000000,365.11000000,841709.98939000,1600300799999,306622238.07155210,371665,401737.07122000,146390592.33280320,0,ETHUSDT,0.009999999999763531,506852.0716,6087766
2020-09-17,365.04000000,394.14000000,363.30000000,389.36000000,1256300.41100000,1600387199999,479026710.89661470,505247,649410.54624000,247663754.94968120,0,ETHUSDT,0.010000000000218279,506885.6612,6088165
2020-09-18,389.35000000,392.58000000,375.33000000,384.39000000,804194.47219000,1600473599999,308748579.81603240,323159,390631.14787000,150003338.33482060,0,ETHUSDT,0.010000000000218279,506890.1207,6088443
2020-09-19,384.40000000,388.72000000,377.00000000,385.25000000,570908.33553000,1600559999999,218785730.14017850,230924,275383.50997000,105557594.25420930,0,ETHUSDT,0.009999999999763531,506898.5505,6088562
2020-09-20,385.25000000,385.45000000,365.00000000,371.04000000,693164.40144000,1600646399999,259700927.47821030,275295,339273.53425000,127111732.99106700,0,ETHUSDT,0.009999999999763531,506971.8436,6088922
2020-09-21,371.04000000,376.80000000,331.00000000,340.36000000,1283946.03098000,1600732799999,452134893.63405810,472560,614255.13337000,216255854.30576970,0,ETHUSDT,0.009999999999763531,507117.9618,6089629
2020-09-22,340.31000000,346.91000000,335.34000000,344.21000000,842731.12878000,1600819199999,288166815.51503700,286593,406238.87933000,138901899.75129510,0,ETHUSDT,0.009999999999763531,507148.6965,6089838
2020-09-23,344.18000000,344.65000000,313.29000000,320.72000000,940904.49756000,1600905599999,313808761.09043880,323226,451952.70895000,150859607.76494990,0,ETHUSDT,0.009999999999763531,507156.2436,6090025
2020-09-24,320.72000000,353.10000000,316.67000000,348.97000000,1071705.09721000,1600991999999,360708689.40437970,371450,541195.93188000,182260574.83696910,0,ETHUSDT,0.010000000000218279,507103.6147,6089806
2020-09-25,348.97000000,358.00000000,337.58000000,351.92000000,860643.77924000,1601078399999,298266918.80064850,310536,428498.41778000,148520979.71553270,0,ETHUSDT,0.010000000000218279,507149.1157,6090025
2020-09-26,351.93000000,356.40000000,345.88000000,353.92000000,530879.20755000,1601164799999,186812160.37543690,217834,265973.62355000,93597365.18627900,0,ETHUSDT,0.010000000000218279,507161.3514,6090256
2020-09-27,353.95000000,362.14000000,347.24000000,357.49000000,569568.55041000,1601251199999,202411362.68323290,230526,278104.49527000,98851342.51735050,0,ETHUSDT,0.009999999999763531,507164.4709,6090437
2020-09-28,357.58000000,368.20000000,351.70000000,353.96000000,757758.43040000,1601337599999,273063157.78999110,261317,365322.52821000,131705221.49365880,0,ETHUSDT,0.009999999999763531,507410.4264,6092255
2020-09-29,353.91000000,360.63000000,350.45000000,359.79000000,585143.16892000,1601423999999,208028826.48711650,214988,296028.84893000,105268925.80294570,0,ETHUSDT,0.009999999999763531,507419.0611,6092193
2020-09-30,359.78000000,361.50000000,351.56000000,359.83000000,498943.23226000,1601510399999,177784824.51781920,173910,258138.87585000,92021033.11709650,0,ETHUSDT,0.009999999999763531,507528.4016,6093630
2020-10-01,359.83000000,370.45000000,345.51000000,352.85000000,758349.31959000,1601596799999,271468849.79851160,288354,361455.09687000,129606992.62340270,0,ETHUSDT,0.010000000000218279,508004.355,6095100
2020-10-02,352.83000000,354.55000000,334.24000000,345.60000000,733571.84211000,1601683199999,251829017.51948020,286023,359044.99342000,123230178.01440740,0,ETHUSDT,0.010000000000218279,508127.2983,6095453
2020-10-03,345.60000000,351.00000000,343.70000000,345.95000000,303595.71901000,1601769599999,105401893.35734360,136755,157899.99434000,54819449.94469700,0,ETHUSDT,0.009999999999763531,508126.097,6095738
2020-10-04,345.94000000,354.45000000,343.81000000,352.37000000,343932.91712000,1601855999999,119961274.70065720,138736,168705.23259000,58850037.60413940,0,ETHUSDT,0.010000000000218279,508212.5585,6096403
2020-10-05,352.34000000,356.10000000,348.54000000,353.62000000,376740.30692000,1601942399999,132656713.04409390,145787,185554.40142000,65347144.97328110,0,ETHUSDT,0.010000000000218279,508606.4921,6097941
2020-10-06,353.63000000,355.10000000,336.80000000,340.75000000,640063.26951000,1602028799999,221765553.58680910,240812,311147.69014000,107797282.75783230,0,ETHUSDT,0.010000000000218279,509204.7297,6099027
2020-10-07,340.80000000,342.85000000,332.18000000,341.58000000,541928.86376000,1602115199999,183873686.39043150,195112,267972.41424000,90930067.04391160,0,ETHUSDT,0.05999999999994543,509864.6767,6100478
2020-10-08,341.58000000,353.32000000,334.21000000,350.95000000,631794.87560000,1602201599999,217322066.97802380,220053,332296.23857000,114406629.96863650,0,ETHUSDT,0.010000000000218279,510094.372,6101223
2020-10-09,350.94000000,368.33000000,347.32000000,365.02000000,650478.19338000,1602287999999,232878561.88521360,241168,347090.04670000,124302113.23120810,0,ETHUSDT,0.010000000000218279,510128.5221,6101880
2020-10-10,365.01000000,378.40000000,364.71000000,370.52000000,591005.32129000,1602374399999,220607973.01227310,253825,299965.65391000,111977478.87854210,0,ETHUSDT,0.010000000000218279,510190.5813,6102117
2020-10-11,370.51000000,377.60000000,368.87000000,374.16000000,373318.23779000,1602460799999,139329772.54031670,164475,187969.33051000,70162446.92701300,0,ETHUSDT,0.010000000000218279,510204.1934,6101792
2020-10-12,374.17000000,394.80000000,365.58000000,386.51000000,844422.65444000,1602547199999,320587055.52979570,309500,427311.17538000,162322201.34325680,0,ETHUSDT,0.010000000000218279,510295.6422,6102653
2020-10-13,386.51000000,387.75000000,374.51000000,381.04000000,645141.91394000,1602633599999,246276552.00902270,239460,315226.91813000,120349073.75065890,0,ETHUSDT,0.010000000000218279,510344.2028,6103343
2020-10-14,381.05000000,387.41000000,373.13000000,378.69000000,569557.82936000,1602719999999,216288026.95920860,214375,278390.33609000,105736024.77958970,0,ETHUSDT,0.009999999999763531,510383.285,6103856
2020-10-15,378.69000000,381.79000000,369.85000000,377.64000000,634038.09453000,1602806399999,238396852.78392820,228454,308053.83962000,115864353.66265170,0,ETHUSDT,0.009999999999763531,510735.8213,6104402
2020-10-16,377.63000000,379.83000000,361.18000000,365.50000000,654029.36404000,1602892799999,241127894.70245080,255775,308695.25396000,113825303.52954540,0,ETHUSDT,0.010000000000218279,510915.6613,6104724
2020-10-17,365.50000000,370.46000000,363.36000000,368.32000000,285578.24537000,1602979199999,104838880.45610340,126045,139908.84552000,51365997.42640250,0,ETHUSDT,0.009999999999763531,511016.6345,6105309
2020-10-18,368.31000000,378.64000000,367.10000000,378.11000000,323468.47095000,1603065599999,120818450.62118030,133043,166936.80184000,62359187.49284320,0,ETHUSDT,0.010000000000218279,511100.1691,6105866
2020-10-19,378.12000000,384.32000000,372.50000000,379.30000000,577252.90265000,1603151999999,218372639.95702320,224887,281217.97666000,106363380.19858650,0,ETHUSDT,0.009999999999763531,511251.2334,6106784
2020-10-20,379.30000000,380.73000000,365.27000000,368.52000000,617309.81677000,1603238399999,229928443.79691000,251051,288156.13039000,107315894.51408450,0,ETHUSDT,0.010000000000218279,511351.2132,6107202
2020-10-21,368.53000000,401.49000000,367.74000000,390.38000000,1221663.63784000,1603324799999,472488832.71627450,450963,632070.29962000,244519977.28209820,0,ETHUSDT,0.010000000000218279,511402.4769,6107526
2020-10-22,390.31000000,420.73000000,390.21000000,413.98000000,1095897.20667000,1603411199999,447211002.50125880,412013,560444.09814000,228790705.50160170,0,ETHUSDT,0.009999999999763531,511466.336,6108035
2020-10-23,413.94000000,419.33000000,401.30000000,409.11000000,727832.32240000,1603497599999,299943190.93063720,293671,353573.61208000,145754753.83309310,0,ETHUSDT,0.009999999999763531,511527.5504,6107456
2020-10-24,409.19000000,416.66000000,407.00000000,412.14000000,419236.87106000,1603583999999,172799824.64868200,182680,207090.61075000,85377261.16253270,0,ETHUSDT,0.009999999999763531,511432.9065,6107932
2020-10-25,412.14000000,417.40000000,402.50000000,405.86000000,415586.97610000,1603670399999,170054743.31874520,177854,192487.98412000,78807422.93383440,0,ETHUSDT,0.009999999999763531,511435.8119,6108326
2020-10-26,405.85000000,411.11000000,382.30000000,392.52000000,895142.67266000,1603756799999,356208480.58571190,329493,408392.37075000,162532499.76636610,0,ETHUSDT,0.010000000000218279,511539.3714,6109466
2020-10-27,392.52000000,410.25000000,389.90000000,403.45000000,754261.74114000,1603843199999,302529716.87604170,286241,373015.83846000,149646030.09525350,0,ETHUSDT,0.010000000000218279,511564.8061,6109814
2020-10-28,403.41000000,409.20000000,380.52000000,388.23000000,855275.46882000,1603929599999,335751199.30374730,348661,407244.62775000,159935755.11819610,0,ETHUSDT,0.009999999999763531,511610.8206,6110384
2020-10-29,388.22000000,393.72000000,380.52000000,387.13000000,573096.01416000,1604015999999,222669504.87531700,248649,283010.62488000,109967352.10618020,0,ETHUSDT,0.010000000000218279,511663.2531,6110798
2020-10-30,387.12000000,391.97000000,373.29000000,382.49000000,771750.74746000,1604102399999,294342545.98087450,289735,384404.74738000,146595612.99159130,0,ETHUSDT,0.009999999999763531,511686.8376,6111249
2020-10-31,382.59000000,394.88000000,379.90000000,386.46000000,467453.81050000,1604188799999,181136851.45374130,218528,238043.31120000,92253593.43786280,0,ETHUSDT,0.009999999999763531,511933.7307,6111308
2020-11-01,386.44000000,398.29000000,384.61000000,396.67000000,438952.95565000,1604275199999,171238317.70032390,181369,228285.69860000,89100829.28533770,0,ETHUSDT,0.010000000000218279,511980.3145,6111489
2020-11-02,396.68000000,404.50000000,377.92000000,383.02000000,779968.57957000,1604361599999,304223545.89203440,290370,382924.26079000,149479791.08400600,0,ETHUSDT,0.009999999999763531,512159.528,6112077
2020-11-03,383.01000000,390.00000000,370.23000000,387.88000000,752954.37114000,1604447999999,286291773.96848450,280412,366506.41600000,139475874.91715260,0,ETHUSDT,0.010000000000218279,512235.7303,6112211
2020-11-04,387.88000000,408.39000000,376.47000000,402.49000000,1157064.35076000,1604534399999,454481208.40200980,392310,600951.59602000,236190448.28833480,0,ETHUSDT,0.009999999999763531,512484.9642,6112951
2020-11-05,402.50000000,420.40000000,396.14000000,416.69000000,1475139.77342000,1604620799999,601591250.40124900,513574,733696.12776000,299466668.01144860,0,ETHUSDT,0.010000000000218279,512507.7449,6113204
2020-11-06,416.73000000,458.27000000,414.76000000,455.91000000,1682440.96026000,1604707199999,736015135.62721030,666505,883105.68936000,386541087.43089730,0,ETHUSDT,0.009999999999763531,512522.8836,6113368
2020-11-07,455.91000000,468.28000000,424.14000000,435.21000000,1653416.59610000,1604793599999,743871175.78212340,674858,831369.37192000,374507765.44837650,0,ETHUSDT,0.010000000000218279,512532.5582,6113788
2020-11-08,435.20000000,460.10000000,431.99000000,454.30000000,840908.46841000,1604879999999,375679148.23503960,354341,424300.36519000,189644075.40081470,0,ETHUSDT,0.010000000000218279,512555.2062,6113722
2020-11-09,454.29000000,459.10000000,433.09000000,444.32000000,1099213.24641000,1604966399999,491928164.98124340,469947,523180.45111000,234223108.98942740,0,ETHUSDT,0.010000000000218279,512575.1146,6114123
2020-11-10,444.32000000,455.00000000,438.70000000,450.34000000,866872.41108000,1605052799999,388190148.20789510,384228,437244.02871000,195856348.18969540,0,ETHUSDT,0.010000000000218279,512583.2788,6114289
2020-11-11,450.34000000,476.25000000,449.28000000,463.09000000,1205782.84262000,1605139199999,559228791.89035090,560360,626267.49881000,290487786.95615110,0,ETHUSDT,0.009999999999763531,512614.4941,6114510
2020-11-12,463.09000000,470.00000000,451.20000000,462.39000000,990776.62912000,1605225599999,455971309.21685460,411840,471577.98126000,217115755.31874190,0,ETHUSDT,0.009999999999763531,512699.9659,6115032
2020-11-13,462.48000000,478.01000000,457.12000000,476.43000000,976665.09752000,1605311999999,456232937.20613030,427363,509344.22798000,238031863.05169850,0,ETHUSDT,0.010000000000218279,512843.8709,6115274
2020-11-14,476.42000000,477.47000000,452.00000000,460.89000000,735252.78540000,1605398399999,340142257.19369760,350772,347000.03929000,160634962.00481430,0,ETHUSDT,0.010000000000218279,512890.779,6115718
2020-11-15,460.90000000,462.89000000,440.19000000,448.08000000,665217.56671000,1605484799999,301406126.45931180,311451,307609.56539000,139442342.07826170,0,ETHUSDT,0.010000000000218279,512926.2327,6116363
2020-11-16,448.07000000,466.00000000,445.45000000,460.55000000,812060.44638000,1605571199999,370889706.69923280,328762,407294.36897000,186016422.42729190,0,ETHUSDT,0.009999999999763531,512936.6955,6117112
2020-11-17,460.51000000,484.88000000,459.80000000,482.15000000,1151573.37456000,1605657599999,544239665.38175160,464336,591305.56754000,279583957.90483940,0,ETHUSDT,0.009999999999763531,513040.6794,6118111
2020-11-18,482.11000000,495.31000000,456.60000000,478.41000000,1477696.29116000,1605743999999,706704397.41086890,637641,741745.06753000,355029605.61622610,0,ETHUSDT,0.010000000000218279,513074.0567,6118681
2020-11-19,478.43000000,480.75000000,464.86000000,471.25000000,817418.52685000,1605830399999,387199111.37944740,404737,389266.26994000,184475868.34601870,0,ETHUSDT,0.010000000000218279,513110.5121,6119254
2020-11-20,471.26000000,514.40000000,470.65000000,510.12000000,1516361.90736000,1605916799999,756660192.86075660,607663,781483.37009000,389816150.40627550,0,ETHUSDT,0.010000000000218279,513225.1979,6120013
2020-11-21,510.12000000,553.32000000,502.82000000,552.35000000,1548851.29067000,1606003199999,815402228.52281210,649077,789354.14815000,415699828.62327800,0,ETHUSDT,0.010000000000218279,513678.2719,6120677
2020-11-22,552.42000000,580.88000000,511.28000000,560.03000000,1850317.93581000,1606089599999,1014064539.08814930,768900,910655.85789000,499466614.36578590,0,ETHUSDT,0.010000000000218279,513698.8017,6120924
2020-11-23,560.03000000,610.85000000,550.12000000,608.58000000,2076008.84846000,1606175999999,1218150934.31147740,896026,1056711.75846000,620234259.82056650,0,ETHUSDT,0.010000000000218279,513702.4165,6121302
2020-11-24,608.58000000,623.00000000,585.00000000,604.97000000,1606450.49193000,1606262399999,976376501.31147490,838352,801041.86277000,487114657.46570510,0,ETHUSDT,0.010000000000218279,513724.6614,6120638
2020-11-25,604.98000000,606.00000000,553.83000000,569.50000000,1219440.02727000,1606348799999,716972340.67452020,657386,576127.36549000,339032707.42864070,0,ETHUSDT,0.009999999999763531,513671.9477,6120147
2020-11-26,569.38000000,577.14000000,481.00000000,519.83000000,2683460.74171000,1606435199999,1386030255.16807190,1259051,1291907.71331000,667402458.34550710,0,ETHUSDT,0.010000000000218279,514223.8556,6121956
2020-11-27,519.83000000,530.62000000,493.72000000,518.68000000,1088064.28114000,1606521599999,558985308.90236460,578800,546528.97953000,280820318.04883820,0,ETHUSDT,0.010000000000218279,514868.068,6122132
2020-11-28,518.59000000,547.94000000,506.59000000,537.52000000,900508.61431000,1606607999999,475169074.69038870,456028,466164.69930000,245997234.13831860,0,ETHUSDT,0.009999999999763531,514905.4492,6122962
2020-11-29,537.50000000,576.90000000,530.32000000,576.30000000,855276.46664000,1606694399999,471629262.24329860,454026,440702.88199000,243151356.51696760,0,ETHUSDT,0.010000000000218279,516602.7241,6124974
2020-11-30,576.32000000,616.85000000,570.07000000,616.66000000,1501989.45408000,1606780799999,895373784.83004420,717837,762000.09958000,454509095.97326810,0,ETHUSDT,0.009999999999763531,516796.8682,6125399
2020-12-01,616.65000000,635.70000000,560.00000000,585.26000000,2163875.81376000,1606867199999,1300668283.31968030,1018862,1053325.00335000,633883748.89797740,0,ETHUSDT,0.010000000000218279,516806.119,6125621
2020-12-02,585.26000000,604.93000000,575.00000000,596.89000000,1069538.65619000,1606953599999,632858653.20502320,604591,532480.45583000,315241714.26318180,0,ETHUSDT,0.009999999999763531,516909.821,6126098
2020-12-03,596.88000000,623.44000000,585.82000000,615.85000000,935687.91723000,1607039999999,568024618.94103900,513555,481922.57902000,292623478.63136890,0,ETHUSDT,0.010000000000218279,517012.6654,6126542
2020-12-04,615.84000000,620.00000000,565.82000000,567.24000000,1052452.78666000,1607126399999,624543865.90086520,556641,488225.14672000,289993182.86860670,0,ETHUSDT,0.009999999999763531,517023.7887,6126422
2020-12-05,567.24000000,597.11000000,560.88000000,596.80000000,701567.95564000,1607212799999,410382624.74253480,389600,362873.30755000,212540315.03846360,0,ETHUSDT,0.010000000000218279,517024.7789,6126529
2020-12-06,596.82000000,607.50000000,583.00000000,601.54000000,602496.96339000,1607299199999,359236400.29499330,363661,311000.01314000,185485506.35937250,0,ETHUSDT,0.010000000000218279,517074.4937,6126400
2020-12-07,601.59000000,603.15000000,584.22000000,591.28000000,498329.37589000,1607385599999,295598087.02799800,347036,236796.14093000,140496350.95128050,0,ETHUSDT,0.010000000000218279,517281.8635,6126895
2020-12-08,591.27000000,595.00000000,549.22000000,554.94000000,804443.00717000,1607471999999,461781203.16172090,422868,371889.68919000,213672984.76221560,0,ETHUSDT,0.010000000000218279,517308.1294,6127037
2020-12-09,554.92000000,578.08000000,530.43000000,573.09000000,997192.16738000,1607558399999,555142155.88265270,535975,503291.69076000,280447024.92060910,0,ETHUSDT,0.009999999999763531,517310.8296,6127063
2020-12-10,573.20000000,575.70000000,548.11000000,558.99000000,608414.51466000,1607644799999,341352126.26706100,376548,301401.59013000,169125585.10276520,0,ETHUSDT,0.010000000000218279,517374.6957,6127524
2020-12-11,558.99000000,560.80000000,535.50000000,544.43000000,768921.78317000,1607731199999,419607430.44734580,400545,369206.67071000,201527071.67009370,0,ETHUSDT,0.009999999999763531,517485.1976,6127735
2020-12-12,544.46000000,574.00000000,543.10000000,568.04000000,573913.95311000,1607817599999,320867352.46155610,321104,303037.86143000,169441251.72908650,0,ETHUSDT,0.010000000000218279,517509.366,6127874
2020-12-13,568.09000000,595.00000000,563.22000000,590.70000000,657794.46158000,1607903999999,383072560.34673000,359525,326199.32502000,189873757.16352030,0,ETHUSDT,0.009999999999763531,517543.53,6127973
2020-12-14,590.81000000,591.48000000,575.60000000,586.29000000,493012.02706000,1607990399999,288110223.95248790,272746,245044.70577000,143226160.02563270,0,ETHUSDT,0.009999999999763531,517564.0237,6128182
2020-12-15,586.29000000,597.20000000,578.58000000,588.64000000,569270.52011000,1608076799999,334543178.36939210,329161,290602.59003000,170832376.24944630,0,ETHUSDT,0.010000000000218279,518073.3933,6128619
2020-12-16,588.78000000,640.00000000,580.71000000,637.18000000,1185588.05078000,1608163199999,725009244.40773530,589563,615898.25662000,376680848.04210240,0,ETHUSDT,0.009999999999763531,518150.0969,6129076
2020-12-17,637.18000000,676.25000000,625.76000000,642.70000000,2006130.01975000,1608249599999,1307445033.12182490,974504,975946.21679000,636041218.08299910,0,ETHUSDT,0.009999999999763531,518186.7386,6129678
2020-12-18,642.71000000,664.61000000,629.40000000,653.85000000,1000012.98018000,1608335999999,646217791.22968610,554335,496068.24065000,320579472.24291110,0,ETHUSDT,0.010000000000218279,518198.2861,6130397
2020-12-19,653.76000000,669.95000000,645.42000000,658.03000000,858803.88459000,1608422399999,564029933.25885230,562281,421384.66554000,276780293.91863170,0,ETHUSDT,0.010000000000218279,518209.1267,6130471
2020-12-20,658.05000000,661.39000000,621.01000000,638.18000000,823958.22843000,1608508799999,533109285.65194770,505181,394908.57533000,255626307.21206790,0,ETHUSDT,0.009999999999763531,518224.9252,6130710
2020-12-21,638.10000000,648.00000000,595.90000000,607.58000000,843251.16565000,1608595199999,524208673.90862380,521589,408550.63200000,254158056.05938060,0,ETHUSDT,0.009999999999763531,518232.4351,6130763
2020-12-22,607.68000000,637.73000000,588.00000000,636.45000000,918851.25654000,1608681599999,563872004.63349170,522945,466287.90424000,286284535.10764970,0,ETHUSDT,0.009999999999763531,518217.252,6130661
2020-12-23,636.41000000,638.44000000,551.28000000,585.56000000,1208807.36518000,1608767999999,733443630.36561180,733896,564050.80567000,342705478.21036510,0,ETHUSDT,0.010000000000218279,518223.9372,6130796
2020-12-24,585.48000000,615.02000000,565.43000000,612.31000000,886335.86333000,1608854399999,519843556.98166310,571510,452224.32838000,265331357.89847340,0,ETHUSDT,0.009999999999763531,518227.983,6130969
2020-12-25,612.31000000,634.24000000,604.28000000,626.82000000,798009.62915000,1608940799999,494089140.85723270,468979,410025.85332000,253924482.47283610,0,ETHUSDT,0.010000000000218279,518187.0521,6131218
2020-12-26,626.78000000,652.91000000,615.26000000,637.44000000,958585.50647000,1609027199999,607664782.01089470,541191,484016.30919000,307006622.69878590,0,ETHUSDT,0.010000000000218279,518177.1491,6131031
2020-12-27,637.44000000,717.13000000,625.00000000,685.11000000,1859968.15029000,1609113599999,1247547956.82394360,1047001,934904.83600000,627557199.45998840,0,ETHUSDT,0.009999999999763531,518224.5656,6131642
2020-12-28,685.10000000,748.09000000,681.04000000,730.41000000,1627154.39266000,1609199999999,1180438285.48840650,961277,832490.11082000,603982596.85125660,0,ETHUSDT,0.010000000000218279,518261.2448,6131971
2020-12-29,730.40000000,740.78000000,689.20000000,732.00000000,1106876.35855000,1609286399999,794643540.49012380,820504,543799.46855000,390697226.37305640,0,ETHUSDT,0.010000000000218279,518272.2897,6132113
2020-12-30,732.00000000,758.74000000,716.62000000,752.17000000,1008574.09906000,1609372799999,743546676.75446260,692405,514590.35901000,379464185.39099070,0,ETHUSDT,0.009999999999763531,518363.912,6132856
2020-12-31,752.17000000,755.74000000,722.00000000,736.42000000,863375.57981000,1609459199999,638503822.39406460,623216,431442.91885000,319087759.04187390,0,ETHUSDT,0.03000000000020009,518447.978,6133341
2021-01-01,736.42000000,749.00000000,714.29000000,728.91000000,675114.09329000,1609545599999,496072043.77740740,483671,338988.53158000,249240373.93868390,0,ETHUSDT,0.009999999999763531,518493.8358,6134473
2021-01-02,728.91000000,787.69000000,714.91000000,774.56000000,1352618.57668000,1609631999999,1024472182.61208700,824134,686674.73342000,519915827.01148550,0,ETHUSDT,0.009999999999763531,518565.7098,6134764
2021-01-03,774.44000000,1011.07000000,768.71000000,978.28000000,2813603.88615000,1609718399999,2522411859.73160970,1636501,1439027.79886000,1290266275.59314880,0,ETHUSDT,0.010000000000218279,518687.23,6134602
2021-01-04,978.33000000,1162.97000000,890.00000000,1041.43000000,4245010.94004000,1609804799999,4303634203.21959870,2477862,2126337.67210000,2157639019.32919130,0,ETHUSDT,0.009999999999763531,518809.5257,6135106
2021-01-05,1041.45000000,1134.60000000,974.45000000,1099.56000000,2706995.67525000,1609891199999,2857050280.00814230,1960503,1337641.02794000,1412551452.85355810,0,ETHUSDT,0.010000000000218279,518827.9025,6135939
2021-01-06,1100.16000000,1213.00000000,1057.26000000,1208.42000000,2390136.59334000,1609977599999,2725262121.28851310,1600888,1227955.88850000,1401239480.53057930,0,ETHUSDT,0.010000000000218279,518862.1039,6136175
2021-01-07,1208.75000000,1289.00000000,1131.00000000,1224.87000000,1972922.82059000,1610063999999,2406219891.36853430,1402699,974726.97516000,1189746026.15138440,0,ETHUSDT,0.010000000000218279,518899.9712,6136798
2021-01-08,1224.86000000,1273.75000000,1065.00000000,1216.93000000,2131172.92341000,1610150399999,2543427452.58012550,1718817,1042889.10509000,1246619297.41983940,0,ETHUSDT,0.009999999999763531,518913.3236,6137484
2021-01-09,1216.72000000,1304.37000000,1171.36000000,1276.00000000,1448871.11514000,1610236799999,1780137376.41646950,1131871,746369.69680000,918333130.76833010,0,ETHUSDT,0.010000000000218279,518974.6619,6138158
2021-01-10,1276.00000000,1348.33000000,1170.00000000,1254.25000000,1951179.35003000,1610323199999,2517791852.40776210,1437486,979792.30536000,1266203575.09528690,0,ETHUSDT,0.010000000000218279,518986.7763,6138414
2021-01-11,1254.24000000,1260.00000000,915.00000000,1087.01000000,4099450.90046000,1610409599999,4323564508.69963730,2577496,1981122.01834000,2089606728.71270800,0,ETHUSDT,0.010000000000218279,519038.7454,6138413
2021-01-12,1087.00000000,1150.02000000,1006.33000000,1050.16000000,2302645.34052000,1610495999999,2491067092.51012720,1516625,1149858.00491000,1244662146.28528080,0,ETHUSDT,0.009999999999763531,518888.6919,6138362
2021-01-13,1050.36000000,1137.65000000,987.48000000,1129.89000000,1564202.39081000,1610582399999,1664178969.07380440,1123983,792814.80569000,844656818.22553690,0,ETHUSDT,0.010000000000218279,518905.0776,6138619
2021-01-14,1129.79000000,1247.55000000,1086.70000000,1231.62000000,1555737.38556000,1610668799999,1825860914.17379550,1255769,794405.96443000,932454704.10136900,0,ETHUSDT,0.009999999999763531,518925.6739,6139372
2021-01-15,1231.89000000,1256.98000000,1069.42000000,1168.53000000,1944038.83738000,1610755199999,2302781118.95873940,1519266,966118.73281000,1145518024.49123220,0,ETHUSDT,0.009999999999763531,518964.9355,6139910
2021-01-16,1168.48000000,1298.00000000,1151.77000000,1227.83000000,1575384.43797000,1610841599999,1927453174.61179310,1252473,804431.16803000,984555467.09145990,0,ETHUSDT,0.009999999999763531,518975.4518,6140059
2021-01-17,1227.83000000,1269.02000000,1165.00000000,1232.45000000,1317285.00579000,1610927999999,1606424364.49704180,1121278,665250.50449000,811881943.45552540,0,ETHUSDT,0.010000000000218279,518990.3266,6140426
2021-01-18,1232.50000000,1260.75000000,1182.58000000,1258.45000000,998050.11073000,1611014399999,1223628040.73726070,940604,499759.24002000,613148505.56560630,0,ETHUSDT,0.009999999999763531,518996.8393,6140708
2021-01-19,1258.52000000,1438.30000000,1251.49000000,1365.36000000,2278852.55758000,1611100799999,3120980923.93030880,1840481,1158029.40293000,1585793803.66076070,0,ETHUSDT,0.010000000000218279,519013.9483,6141543
2021-01-20,1365.36000000,1407.93000000,1235.42000000,1376.99000000,2219137.62144000,1611187199999,2931656296.46700050,1852253,1103381.08760000,1459031149.78985600,0,ETHUSDT,0.009999999999763531,519132.3496,6141985
2021-01-21,1376.72000000,1390.00000000,1086.00000000,1110.96000000,2310208.57298000,1611273599999,2857288905.57713290,1864620,1114608.89147000,1379815497.02161520,0,ETHUSDT,0.010000000000218279,519155.9827,6142029
2021-01-22,1111.98000000,1273.79000000,1042.31000000,1232.62000000,2020593.21673000,1611359999999,2360267831.31755460,1652010,1036188.85921000,1212076603.47097220,0,ETHUSDT,0.009999999999763531,520654.3021,6143117
2021-01-23,1232.61000000,1272.44000000,1195.90000000,1233.60000000,1009545.08258000,1611446399999,1250575691.76273060,932871,505750.89704000,626781286.58099590,0,ETHUSDT,0.010000000000218279,520745.0308,6144004
2021-01-24,1233.46000000,1398.83000000,1220.00000000,1392.51000000,1510879.53817000,1611532799999,1996765627.54051920,1313986,790374.50924000,1045052388.63841560,0,ETHUSDT,0.009999999999763531,520778.8659,6144283
2021-01-25,1392.19000000,1475.00000000,1293.69000000,1317.88000000,1885441.31289000,1611619199999,2644267236.89718770,1661512,943347.25829000,1324815913.98590850,0,ETHUSDT,0.010000000000218279,520840.6104,6144332
2021-01-26,1317.60000000,1378.49000000,1244.56000000,1365.97000000,1682923.65799000,1611705599999,2216751668.39271260,1423178,856659.30135000,1128968367.85389060,0,ETHUSDT,0.009999999999763531,520857.0961,6144400
2021-01-27,1366.54000000,1373.90000000,1207.00000000,1239.03000000,2009772.08358000,1611791999999,2554649901.07484460,1737296,997748.24567000,1268777717.49710370,0,ETHUSDT,0.009999999999763531,520858.5797,6144522
2021-01-28,1238.93000000,1360.00000000,1217.23000000,1329.69000000,1365269.71962000,1611878399999,1790490878.19379420,1275024,702526.23919000,922191761.36835110,0,ETHUSDT,0.009999999999763531,520877.5032,6145039
2021-01-29,1329.44000000,1436.90000000,1285.35000000,1379.50000000,2253963.18682000,1611964799999,3077996801.23176560,1714076,1126572.38403000,1539947796.20749350,0,ETHUSDT,0.010000000000218279,520879.4865,6144734
2021-01-30,1379.56000000,1406.00000000,1326.41000000,1378.05000000,1040042.23630000,1612051199999,1414231402.54388340,1013174,508185.46266000,691043000.99942650,0,ETHUSDT,0.009999999999763531,520848.7191,6144773
2021-01-31,1378.04000000,1380.74000000,1281.12000000,1312.55000000,958704.85571000,1612137599999,1276842259.97134880,828176,448756.56134000,597602925.78056310,0,ETHUSDT,0.009999999999763531,520881.5268,6144932
2021-02-01,1312.45000000,1377.99000000,1269.99000000,1374.17000000,1096397.91862000,1612223999999,1449463766.72379510,915584,550007.37258000,727808340.67551960,0,ETHUSDT,0.010000000000218279,520954.3001,6145327
2021-02-02,1374.09000000,1547.90000000,1360.28000000,1511.87000000,1944227.99878000,1612310399999,2821617332.39978510,1614541,986022.09176000,1431300798.43024110,0,ETHUSDT,0.009999999999763531,521000.804,6145533
2021-02-03,1511.93000000,1669.35000000,1508.39000000,1664.49000000,1535869.88801000,1612396799999,2418887041.58756150,1384979,793334.97198000,1249029451.14196070,0,ETHUSDT,0.009999999999763531,521016.6139,6145855
2021-02-04,1664.67000000,1695.20000000,1554.44000000,1595.67000000,1646502.32962000,1612483199999,2693099602.27560810,1507993,825236.64834000,1350478681.24540390,0,ETHUSDT,0.009999999999763531,521025.4056,6146389
2021-02-05,1595.53000000,1760.49000000,1591.00000000,1719.19000000,1194123.29946000,1612569599999,2011685911.16688670,1326415,600948.63761000,1012301493.08615330,0,ETHUSDT,0.010000000000218279,520997.3337,6146368
2021-02-06,1718.95000000,1743.67000000,1642.94000000,1676.35000000,1149808.33101000,1612655999999,1940057857.94389820,1152167,565703.52545000,954941828.40177990,0,ETHUSDT,0.009999999999763531,520706.8531,6146540
2021-02-07,1676.35000000,1693.00000000,1490.46000000,1611.62000000,1281734.86814000,1612742399999,2044371589.02327640,1263737,618789.69751000,987284129.73539090,0,ETHUSDT,0.010000000000218279,520776.6702,6147545
2021-02-08,1611.46000000,1775.57000000,1563.89000000,1750.15000000,1339777.09536000,1612828799999,2255426926.01997780,1372788,677614.29512000,1141288384.54742980,0,ETHUSDT,0.009999999999763531,520807.9717,6148215
2021-02-09,1749.68000000,1821.88000000,1708.49000000,1769.13000000,1185071.89593000,1612915199999,2080818891.69890500,1173421,593423.36868000,1042666171.18075090,0,ETHUSDT,0.010000000000218279,521132.9424,6148620
2021-02-10,1769.14000000,1837.86000000,1680.00000000,1740.78000000,1219932.25474000,1613001599999,2149076144.40765770,1279140,605462.91818000,1067949000.52371340,0,ETHUSDT,0.009999999999763531,521133.521,6148243
2021-02-11,1740.76000000,1819.00000000,1703.44000000,1785.62000000,735079.82699000,1613087999999,1301681871.56326880,935602,367056.14118000,650153645.44318730,0,ETHUSDT,0.010000000000218279,521414.8369,6148479
2021-02-12,1785.83000000,1864.88000000,1739.88000000,1840.26000000,909600.20653000,1613174399999,1635426867.77409270,996495,460779.83709000,829217927.34420890,0,ETHUSDT,0.010000000000218279,521300.9756,6148434
2021-02-13,1840.24000000,1871.72000000,1765.00000000,1814.96000000,767589.07285000,1613260799999,1395594093.28399760,853189,372008.25141000,676531918.54325300,0,ETHUSDT,0.010000000000218279,521311.5766,6148494
2021-02-14,1815.25000000,1850.00000000,1784.11000000,1800.42000000,675261.77873000,1613347199999,1230043295.03428380,714827,334005.33344000,608556979.10253330,0,ETHUSDT,0.010000000000218279,521319.8118,6148666
2021-02-15,1800.03000000,1835.72000000,1655.67000000,1779.25000000,1053474.57879000,1613433599999,1860338371.89740780,1086589,511771.37271000,904087834.75423730,0,ETHUSDT,0.010000000000218279,521235.5221,6148242
2021-02-16,1779.33000000,1827.28000000,1724.00000000,1781.99000000,817493.47513000,1613519999999,1455884891.92438010,826125,389395.78700000,693804838.74920430,0,ETHUSDT,0.010000000000218279,521254.0408,6148226
2021-02-17,1781.99000000,1855.00000000,1733.01000000,1849.88000000,795711.63311000,1613606399999,1437546812.97183170,862461,412387.45021000,745568293.76172300,0,ETHUSDT,0.009999999999763531,521266.5866,6148282
2021-02-18,1849.70000000,1950.50000000,1849.69000000,1939.61000000,937227.10191000,1613692799999,1787383532.10237610,1053661,493607.02549000,941541216.78113600,0,ETHUSDT,0.009999999999763531,521326.941,6148545
2021-02-19,1938.91000000,1972.82000000,1891.00000000,1955.00000000,793404.41150000,1613779199999,1533991632.12954610,988320,388954.85277000,752267904.16996680,0,ETHUSDT,0.010000000000218279,521350.9906,6148855
2021-02-20,1955.46000000,2042.34000000,1803.14000000,1913.00000000,1261315.81279000,1613865599999,2493836246.48714560,1329067,624716.42408000,1236782122.34460490,0,ETHUSDT,0.010000000000218279,521691.3298,6149128
2021-02-21,1912.90000000,1976.31000000,1883.01000000,1933.53000000,756568.19743000,1613951999999,1467970937.28507250,895138,386132.26661000,749271580.57468510,0,ETHUSDT,0.009999999999763531,521843.2422,6149262
2021-02-22,1933.54000000,1936.29000000,1551.00000000,1777.58000000,1807244.98099000,1614038399999,3200483176.97958480,1799926,854014.62953000,1513747907.80303880,0,ETHUSDT,0.010000000000218279,522053.3823,6150124
2021-02-23,1777.42000000,1782.39000000,1355.00000000,1577.89000000,2547837.82068000,1614124799999,3931407907.53427650,2396626,1231889.46331000,1903489088.14390600,0,ETHUSDT,0.010000000000218279,522107.2561,6149990
2021-02-24,1577.79000000,1712.70000000,1500.20000000,1623.39000000,1384388.81727000,1614211199999,2261264845.46507440,1319936,705887.81504000,1153792817.18654230,0,ETHUSDT,0.010000000000218279,522140.5744,6150522
2021-02-25,1623.16000000,1671.59000000,1459.16000000,1481.75000000,1032670.79409000,1614297599999,1650582276.87186390,1110019,501173.65129000,802212265.45357460,0,ETHUSDT,0.009999999999763531,522161.3389,6151510
2021-02-26,1482.08000000,1562.25000000,1400.00000000,1444.59000000,1355973.29378000,1614383999999,2004016547.11119290,1298739,662906.93964000,979857228.42828460,0,ETHUSDT,0.010000000000218279,522178.0692,6151858
2021-02-27,1444.56000000,1529.00000000,1425.00000000,1458.13000000,927423.04750000,1614470399999,1375946816.33254320,954919,452205.99129000,671100313.80011610,0,ETHUSDT,0.009999999999763531,522194.1907,6152143
2021-02-28,1458.27000000,1468.75000000,1293.18000000,1419.18000000,1410207.56284000,1614556799999,1929140046.64625870,1190546,704060.34406000,963537938.07734470,0,ETHUSDT,0.010000000000218279,521983.0565,6152157
2021-03-01,1418.67000000,1572.00000000,1409.91000000,1569.86000000,1094695.17839000,1614643199999,1642627276.31055880,989006,568597.04493000,853434777.37504840,0,ETHUSDT,0.009999999999763531,521956.524,6152164
2021-03-02,1570.00000000,1602.90000000,1455.52000000,1486.78000000,1061142.38743000,1614729599999,1627312282.62352900,966176,508683.55658000,781051077.73856460,0,ETHUSDT,0.010000000000218279,521934.807,6152047
2021-03-03,1486.79000000,1656.94000000,1475.47000000,1567.69000000,1054846.31471000,1614815999999,1676300215.04583230,1237215,534919.19161000,850213871.68664110,0,ETHUSDT,0.010000000000218279,521924.6124,6152141
2021-03-04,1567.68000000,1624.87000000,1506.36000000,1539.23000000,946365.67088000,1614902399999,1476463517.98648710,1125118,468540.00465000,731257773.71699530,0,ETHUSDT,0.009999999999763531,521926.8682,6152703
2021-03-05,1539.22000000,1548.96000000,1441.66000000,1528.31000000,910786.28976000,1614988799999,1355798089.27269910,1000913,451258.01245000,672042056.24061980,0,ETHUSDT,0.010000000000218279,521912.7069,6152904
2021-03-06,1528.08000000,1671.58000000,1513.03000000,1650.35000000,1013300.93928000,1615075199999,1611851701.82401670,1188531,536167.18087000,853820036.09284670,0,ETHUSDT,0.010000000000218279,521948.0656,6153285
2021-03-07,1650.68000000,1734.16000000,1630.35000000,1726.16000000,848470.78136000,1615161599999,1414988218.19354000,1166072,432388.65922000,721395027.18272030,0,ETHUSDT,0.010000000000218279,521951.7143,6153191
2021-03-08,1726.46000000,1843.59000000,1664.96000000,1833.18000000,1149711.39987000,1615247999999,1995142128.64813450,1407402,602217.91071000,1046045706.90183630,0,ETHUSDT,0.010000000000218279,521976.5654,6153714
2021-03-09,1833.22000000,1870.77000000,1798.20000000,1870.51000000,857229.47855000,1615334399999,1570286249.45090050,1196670,414078.09328000,758575748.35696330,0,ETHUSDT,0.009999999999763531,522020.4602,6154335
2021-03-10,1870.50000000,1877.69000000,1757.00000000,1795.12000000,937230.62831000,1615420799999,1706230875.26766380,1098051,451348.33020000,821707575.72727200,0,ETHUSDT,0.009999999999763531,522045.791,6154728
2021-03-11,1795.28000000,1846.70000000,1725.00000000,1825.78000000,909011.49610000,1615507199999,1627027458.08879630,1023958,443744.99114000,794476087.91730540,0,ETHUSDT,0.010000000000218279,522082.6955,6155037
2021-03-12,1825.78000000,1841.88000000,1719.72000000,1766.10000000,869564.63610000,1615593599999,1542873062.42010170,1126153,426161.77880000,756268155.25952690,0,ETHUSDT,0.009999999999763531,522392.0209,6155794
2021-03-13,1766.13000000,1944.30000000,1727.75000000,1922.35000000,926283.22642000,1615679999999,1718553131.96147330,1265904,471925.04818000,875441534.03515230,0,ETHUSDT,0.010000000000218279,522480.0372,6156243
2021-03-14,1922.35000000,1933.10000000,1836.00000000,1848.10000000,637963.63627000,1615766399999,1200354205.60335700,963564,301776.22952000,567878404.18293170,0,ETHUSDT,0.009999999999763531,522490.3768,6156406
2021-03-15,1848.10000000,1891.76000000,1730.00000000,1793.48000000,1025326.79658000,1615852799999,1842608872.76306020,1496415,511041.33812000,918123974.55408360,0,ETHUSDT,0.009999999999763531,522499.8214,6156620
2021-03-16,1793.99000000,1819.50000000,1711.68000000,1805.12000000,764993.40147000,1615939199999,1360127229.78991600,987906,388327.71998000,690760061.47753980,0,ETHUSDT,0.010000000000218279,522579.1575,6157924
2021-03-17,1805.01000000,1838.88000000,1741.18000000,1823.58000000,658349.44843000,1616025599999,1177718486.96461370,872416,337373.92544000,603533782.44800500,0,ETHUSDT,0.010000000000218279,522717.4987,6158323
2021-03-18,1823.58000000,1850.00000000,1759.04000000,1776.08000000,603721.61056000,1616111999999,1092346826.55369030,783517,284617.82364000,514992961.42729320,0,ETHUSDT,0.010000000000218279,522717.7606,6158173
2021-03-19,1775.92000000,1840.61000000,1733.47000000,1809.10000000,500258.42875000,1616198399999,901801564.20232610,703977,250974.49054000,452606834.75388390,0,ETHUSDT,0.009999999999763531,522695.2705,6158623
2021-03-20,1809.01000000,1868.83000000,1800.86000000,1806.10000000,451556.10639000,1616284799999,828404987.65277420,743672,230001.04734000,421947140.57311450,0,ETHUSDT,0.010000000000218279,522702.0011,6158778
2021-03-21,1806.57000000,1817.16000000,1747.00000000,1782.98000000,465953.98749000,1616371199999,830951276.51307660,748800,227170.16353000,405242308.74646660,0,ETHUSDT,0.009999999999763531,522706.9928,6159569
2021-03-22,1783.23000000,1807.51000000,1655.15000000,1680.97000000,582727.49081000,1616457599999,1019780398.78218940,879976,284682.99701000,498556293.27248210,0,ETHUSDT,0.010000000000218279,522730.426,6159870
2021-03-23,1681.17000000,1721.17000000,1650.00000000,1668.08000000,577213.99589000,1616543999999,975522491.06404260,654415,286791.61839000,484836342.00614680,0,ETHUSDT,0.009999999999763531,522741.9475,6160265
2021-03-24,1668.20000000,1740.86000000,1536.92000000,1581.84000000,753834.52393000,1616630399999,1251031751.15638120,994542,360806.99166000,599730061.13798270,0,ETHUSDT,0.010000000000218279,522887.7834,6161221
2021-03-25,1581.88000000,1622.00000000,1549.40000000,1585.74000000,701697.00258000,1616716799999,1115502879.62915160,778215,357916.02537000,569176818.69337150,0,ETHUSDT,0.009999999999763531,522889.3879,6161152
2021-03-26,1585.83000000,1699.93000000,1585.79000000,1698.84000000,515470.92907000,1616803199999,844707873.91477140,650812,265021.09760000,434412049.54683700,0,ETHUSDT,0.010000000000218279,522915.0093,6161682
2021-03-27,1698.84000000,1732.67000000,1666.41000000,1712.63000000,443845.49957000,1616889599999,753555521.64465620,516929,223163.53000000,378944599.81362170,0,ETHUSDT,0.010000000000218279,522884.1643,6161974
2021-03-28,1712.52000000,1725.66000000,1661.40000000,1687.01000000,348895.51314000,1616975999999,592836644.59933920,512231,169502.24442000,288084679.28310710,0,ETHUSDT,0.010000000000218279,522893.4418,6162510
2021-03-29,1687.16000000,1841.00000000,1677.85000000,1816.74000000,647724.46387000,1617062399999,1148231088.81158730,846836,342048.84150000,606329959.12347100,0,ETHUSDT,0.009999999999763531,522963.9113,6163111
2021-03-30,1816.76000000,1859.13000000,1786.30000000,1840.46000000,568842.00526000,1617148799999,1039262033.38675560,856093,283746.67403000,518558427.24364170,0,ETHUSDT,0.010000000000218279,522964.0938,6163497
2021-03-31,1840.41000000,1947.29000000,1768.15000000,1919.37000000,746995.85910000,1617235199999,1387448329.86186770,1040362,377271.88679000,700970286.07833920,0,ETHUSDT,0.009999999999763531,523019.564,6163868
2021-04-01,1919.37000000,1984.77000000,1885.02000000,1968.05000000,741585.07266000,1617321599999,1438751530.78722940,994836,371883.72089000,721736727.44501430,0,ETHUSDT,0.010000000000218279,523035.1791,6164393
2021-04-02,1968.05000000,2146.00000000,1948.48000000,2133.69000000,846197.93215000,1617407999999,1719752062.51672840,1218698,436010.09375000,886653805.06916650,0,ETHUSDT,0.009999999999763531,522998.198,6164258
2021-04-03,2133.69000000,2138.12000000,1996.30000000,2008.52000000,770176.32192000,1617494399999,1601516390.59711510,1107620,363187.43008000,755374910.22590540,0,ETHUSDT,0.010000000000218279,522992.4989,6164574
2021-04-04,2008.59000000,2091.83000000,1975.24000000,2075.69000000,514345.76554000,1617580799999,1050448906.44240220,818926,263875.56295000,538795778.14292030,0,ETHUSDT,0.009999999999763531,522993.6248,6164703
2021-04-05,2075.70000000,2130.64000000,2002.15000000,2107.38000000,684923.61494000,1617667199999,1419084945.81378910,947978,343642.59997000,712219066.86574580,0,ETHUSDT,0.010000000000218279,523056.8178,6165665
2021-04-06,2107.43000000,2151.00000000,2044.65000000,2112.21000000,673386.05575000,1617753599999,1420490813.03905580,1106761,332812.25752000,702230157.78786380,0,ETHUSDT,0.010000000000218279,523079.1245,6165820
2021-04-07,2112.22000000,2129.01000000,1930.01000000,1963.47000000,892984.90422000,1617839999999,1798606574.05355710,1229155,437902.88352000,882121983.61551560,0,ETHUSDT,0.009999999999763531,523080.1978,6166051
2021-04-08,1963.46000000,2084.61000000,1947.35000000,2080.46000000,501355.99800000,1617926399999,1015796231.01188220,911403,250910.57734000,508200399.27288040,0,ETHUSDT,0.009999999999763531,523111.6525,6166210
2021-04-09,2080.39000000,2100.00000000,2047.57000000,2066.87000000,426387.43790000,1618012799999,885134116.02290660,645172,205375.78451000,426445139.87481370,0,ETHUSDT,0.010000000000218279,523323.9386,6166273
2021-04-10,2067.19000000,2200.00000000,2058.00000000,2133.49000000,655458.20894000,1618099199999,1405364881.85831330,1175161,330628.54391000,708994754.48527730,0,ETHUSDT,0.009999999999763531,522541.4888,6164549
2021-04-11,2133.49000000,2165.02000000,2113.40000000,2151.36000000,392265.50773000,1618185599999,839653140.94059150,830771,197850.92141000,423496403.39094470,0,ETHUSDT,0.009999999999763531,522240.4005,6162801
2021-04-12,2151.42000000,2203.46000000,2102.00000000,2137.69000000,579093.35694000,1618271999999,1244982956.77003100,914567,286715.00745000,616499175.90461080,0,ETHUSDT,0.009999999999763531,522210.5927,6162649
2021-04-13,2137.86000000,2318.00000000,2135.53000000,2299.19000000,782608.62090000,1618358399999,1745821661.49661390,1288668,399098.20720000,890600412.46437300,0,ETHUSDT,0.009999999999763531,522167.832,6163158
2021-04-14,2299.19000000,2447.29000000,2281.33000000,2432.60000000,972931.60866000,1618444799999,2294753430.62740700,1554097,495400.50190000,1168618278.83688300,0,ETHUSDT,0.009999999999763531,522255.1832,6163369
2021-04-15,2432.59000000,2543.47000000,2400.00000000,2514.04000000,681950.96645000,1618531199999,1680063463.60112070,1462768,355972.40197000,877438758.04432320,0,ETHUSDT,0.010000000000218279,522272.3406,6163945
2021-04-16,2514.04000000,2548.29000000,2300.00000000,2422.67000000,999163.75205000,1618617599999,2418566593.04737460,1679215,486268.80792000,1177128974.46624530,0,ETHUSDT,0.009999999999763531,522294.0247,6163773
2021-04-17,2422.38000000,2495.00000000,2310.00000000,2317.60000000,624232.25568000,1618703999999,1504895144.91223430,1242299,306700.14929000,739461805.32098790,0,ETHUSDT,0.010000000000218279,522289.4995,6163723
2021-04-18,2317.65000000,2340.00000000,1946.80000000,2235.64000000,1475383.69204000,1618790399999,3190809322.51046110,2113566,722180.39492000,1562761985.66474620,0,ETHUSDT,0.009999999999763531,522342.6203,6164340
2021-04-19,2235.65000000,2300.00000000,2080.00000000,2161.12000000,820592.26555000,1618876799999,1800575928.10749440,1411498,405251.54082000,889798938.68949470,0,ETHUSDT,0.010000000000218279,522352.9638,6164526
2021-04-20,2161.12000000,2346.62000000,2055.00000000,2330.03000000,992240.80900000,1618963199999,2181209665.22593570,1478664,500443.49263000,1100996922.79137390,0,ETHUSDT,0.009999999999763531,522357.83,6164455
2021-04-21,2330.26000000,2469.54000000,2235.16000000,2357.06000000,1177885.86170000,1619049599999,2771995884.03614840,1905822,587138.28906000,1381898508.98941880,0,ETHUSDT,0.009999999999763531,522383.4656,6165089
2021-04-22,2357.06000000,2644.47000000,2303.44000000,2397.94000000,2220753.09746000,1619135999999,5508778905.78141780,3110597,1124195.46709000,2790172132.67703410,0,ETHUSDT,0.010000000000218279,522358.9809,6165012
2021-04-23,2397.94000000,2442.89000000,2107.00000000,2367.39000000,2532242.44185000,1619222399999,5719925451.74555810,2790382,1244539.89520000,2812376010.14417070,0,ETHUSDT,0.010000000000218279,522380.5014,6164878
2021-04-24,2367.39000000,2368.74000000,2154.80000000,2213.35000000,997688.94623000,1619308799999,2246912953.27178130,1275474,494456.79061000,1113625193.11945120,0,ETHUSDT,0.010000000000218279,522298.0388,6164155
2021-04-25,2214.08000000,2356.64000000,2168.00000000,2320.49000000,857517.38218000,1619395199999,1948978895.46515520,1307545,431554.84567000,981153774.03556340,0,ETHUSDT,0.010000000000218279,522292.7364,6164268
2021-04-26,2320.44000000,2542.80000000,2303.64000000,2532.60000000,1076469.01367000,1619481599999,2652330344.66202370,1852607,547426.15132000,1348633236.68046310,0,ETHUSDT,0.010000000000218279,522260.6212,6163470
2021-04-27,2532.06000000,2680.00000000,2480.29000000,2666.13000000,771728.46451000,1619567999999,1995139023.61483670,1255607,404885.92295000,1047010126.52780100,0,ETHUSDT,0.009999999999763531,522201.0576,6163299
2021-04-28,2666.13000000,2760.00000000,2559.44000000,2748.24000000,999383.18520000,1619654399999,2673547154.20087140,1587100,497704.72280000,1332642242.75256730,0,ETHUSDT,0.010000000000218279,522194.0873,6163020
2021-04-29,2748.23000000,2798.00000000,2668.00000000,2757.04000000,863890.01069000,1619740799999,2366133509.25480070,1379738,428965.61199000,1175245479.02532190,0,ETHUSDT,0.009999999999763531,522213.9192,6163183
2021-04-30,2757.04000000,2798.30000000,2723.09000000,2772.42000000,695339.20482000,1619827199999,1917297701.09952250,1382521,348038.76271000,959914846.73766510,0,ETHUSDT,0.010000000000218279,522221.3072,6162942
2021-05-01,2772.42000000,2954.28000000,2743.41000000,2944.77000000,690260.07741000,1619913599999,1979833188.06520470,1437394,363427.72753000,1042474172.81408930,0,ETHUSDT,0.009999999999763531,522204.1042,6163098
2021-05-02,2944.83000000,2985.00000000,2852.26000000,2949.56000000,571982.54450000,1619999999999,1672310882.24470070,1132280,294479.86893000,861215743.58829320,0,ETHUSDT,0.010000000000218279,522291.5463,6163394
2021-05-03,2949.33000000,3454.00000000,2949.32000000,3431.04000000,1329088.06280000,1620086399999,4243786480.41515130,2502746,689402.61551000,2199717718.45329330,0,ETHUSDT,0.010000000000218279,522295.0818,6163487
2021-05-04,3431.04000000,3527.00000000,3160.00000000,3239.01000000,1826039.38558000,1620172799999,6103102520.70946180,3634236,913493.51765000,3054026099.65137780,0,ETHUSDT,0.010000000000218279,522278.5181,6163281
2021-05-05,3239.01000000,3549.34000000,3200.23000000,3524.26000000,1174816.73588000,1620259199999,3955994776.90115780,2224441,581159.24143000,1957116423.54505080,0,ETHUSDT,0.010000000000218279,522273.2115,6163607
2021-05-06,3524.33000000,3605.40000000,3376.47000000,3489.73000000,920592.57706000,1620345599999,3213427394.77726540,1703109,457348.26339000,1596792938.75437370,0,ETHUSDT,0.010000000000218279,522291.0209,6163384
2021-05-07,3489.74000000,3587.00000000,3353.23000000,3479.53000000,760544.64781000,1620431999999,2641740668.46964650,1382532,373468.63998000,1297499899.40799850,0,ETHUSDT,0.009999999999763531,522425.328,6163635
2021-05-08,3479.79000000,3958.33000000,3449.27000000,3910.26000000,1130467.54852000,1620518399999,4170897763.92239390,2146967,576465.81586000,2128434949.10360530,0,ETHUSDT,0.010000000000218279,522461.913,6163982
2021-05-09,3910.26000000,3983.65000000,3726.08000000,3923.95000000,1000401.00820000,1620604799999,3885039042.66370740,2289303,501191.98456000,1946904544.35834790,0,ETHUSDT,0.009999999999763531,522471.8631,6164610
2021-05-10,3923.95000000,4208.00000000,3650.00000000,3945.88000000,1505897.92612000,1620691199999,6079977785.41138740,3033133,745235.17136000,3010349053.85757370,0,ETHUSDT,0.010000000000218279,522469.8677,6164188
2021-05-11,3946.63000000,4180.22000000,3771.64000000,4173.45000000,1095927.10403000,1620777599999,4350260231.58878710,2290977,546195.67057000,2169036982.21856120,0,ETHUSDT,0.009999999999763531,522488.4454,6164106
2021-05-12,4173.46000000,4372.72000000,3701.58000000,3823.21000000,1601842.74017000,1620863999999,6673102683.97424080,3188941,781569.68782000,3259590092.47307750,0,ETHUSDT,0.009999999999763531,522511.1397,6164855
2021-05-13,3810.15000000,4034.77000000,3500.00000000,3717.91000000,2068708.17427000,1620950399999,7846531159.41968720,3943562,1019129.41961000,3869202428.61408120,0,ETHUSDT,0.010000000000218279,522467.6856,6164748
2021-05-14,3717.92000000,4173.28000000,3691.35000000,4075.01000000,1153390.42631000,1621036799999,4569415542.24788800,2227244,589306.03131000,2332631768.07003270,0,ETHUSDT,0.010000000000218279,522562.6789,6164818
2021-05-15,4075.02000000,4134.05000000,3632.00000000,3646.68000000,1039174.88082000,1621123199999,4030586492.96493760,2055345,498020.66776000,1932010797.35632840,0,ETHUSDT,0.009999999999763531,522562.4252,6164338
2021-05-16,3646.24000000,3879.00000000,3343.06000000,3582.10000000,1324065.65875000,1621209599999,4788918304.49799650,2532983,633005.25035000,2292116232.82542330,0,ETHUSDT,0.009999999999763531,522553.6713,6164435
2021-05-17,3581.81000000,3587.06000000,3102.00000000,3282.51000000,1904012.43998000,1621295999999,6401071580.73482600,2885352,933732.36068000,3143594982.02332910,0,ETHUSDT,0.010000000000218279,522602.0735,6165207
2021-05-18,3282.25000000,3565.71000000,3240.00000000,3375.07000000,1287110.84143000,1621382399999,4392873871.82242700,2143887,648040.21083000,2211619486.73454610,0,ETHUSDT,0.010000000000218279,522608.7193,6165439
2021-05-19,3375.08000000,3441.73000000,1888.00000000,2438.92000000,4309836.31939000,1621468799999,11641524166.98745910,5548968,2090952.35775000,5659752851.77794760,0,ETHUSDT,0.009999999999763531,522532.6851,6164453
2021-05-20,2438.92000000,2990.05000000,2155.00000000,2768.62000000,2942777.93010000,1621555199999,7750201898.66744090,4243052,1465674.26337000,3868330692.80134180,0,ETHUSDT,0.009999999999763531,522512.8988,6164449
2021-05-21,2767.87000000,2938.54000000,2101.00000000,2430.98000000,2727031.93514000,1621641599999,6898701128.84112870,3676164,1340165.22786000,3393349822.16471050,0,ETHUSDT,0.010000000000218279,522516.4929,6164612
2021-05-22,2430.98000000,2485.00000000,2145.00000000,2294.87000000,1684318.01157000,1621727999999,3934313840.47072720,2484734,822180.46988000,1920309768.12387790,0,ETHUSDT,0.009999999999763531,522537.5768,6164764
2021-05-23,2295.45000000,2381.57000000,1728.74000000,2096.39000000,2914548.73125000,1621814399999,5907260139.54496040,3761018,1410830.44221000,2862585215.17754130,0,ETHUSDT,0.010000000000218279,522546.1524,6164967
2021-05-24,2096.63000000,2675.00000000,2079.94000000,2648.43000000,2186632.92245000,1621900799999,5180244966.72123050,3299296,1103328.42714000,2619744995.63767940,0,ETHUSDT,0.009999999999763531,522557.602,6165183
2021-05-25,2647.92000000,2750.00000000,2378.54000000,2705.11000000,2115349.50445000,1621987199999,5442737549.40125950,2976859,1050034.53412000,2703460213.34386700,0,ETHUSDT,0.010000000000218279,522566.4723,6165090
2021-05-26,2705.10000000,2910.00000000,2643.00000000,2884.94000000,1583799.59251000,1622073599999,4416389128.58148030,2726537,786524.11588000,2193352742.23433530,0,ETHUSDT,0.010000000000218279,522594.146,6165244
2021-05-27,2884.82000000,2889.74000000,2633.68000000,2742.23000000,1099029.91206000,1622159999999,3033719144.34021290,1732113,540641.23243000,1493018236.97161750,0,ETHUSDT,0.009999999999763531,522654.5305,6166179
2021-05-28,2742.23000000,2762.45000000,2327.38000000,2412.10000000,1554584.61362000,1622246399999,3934662309.04442250,2184249,763125.86389000,1931909198.76905150,0,ETHUSDT,0.010000000000218279,522664.0605,6165845
2021-05-29,2412.34000000,2574.27000000,2204.10000000,2278.74000000,1379427.18851000,1622332799999,3288804154.83187110,1887733,681047.48538000,1625990815.62972840,0,ETHUSDT,0.010000000000218279,522728.6809,6166559
2021-05-30,2278.74000000,2476.42000000,2180.53000000,2385.98000000,1151113.19883000,1622419199999,2726606138.63171710,1519005,577190.77662000,1368058965.08403240,0,ETHUSDT,0.010000000000218279,522848.6361,6166916
2021-05-31,2385.82000000,2720.00000000,2271.44000000,2706.15000000,1307958.04068000,1622505599999,3277131772.13407020,1849177,661801.72603000,1660383324.59553620,0,ETHUSDT,0.009999999999763531,522892.5252,6167239
2021-06-01,2706.15000000,2740.00000000,2523.74000000,2634.57000000,1179577.10806000,1622591999999,3081355010.95345160,1790186,575201.66943000,1503196035.62328500,0,ETHUSDT,0.009999999999763531,522892.2297,6167580
2021-06-02,2634.31000000,2802.99000000,2550.00000000,2706.22000000,970070.53563000,1622678399999,2616566301.62878750,1349232,481481.72170000,1299176997.00391970,0,ETHUSDT,0.009999999999763531,522896.7346,6167836
2021-06-03,2706.21000000,2891.95000000,2662.40000000,2857.25000000,1024290.89423000,1622764799999,2874856613.49024370,1620340,500895.12021000,1405843557.46235420,0,ETHUSDT,0.009999999999763531,523013.7285,6168261
2021-06-04,2857.25000000,2860.00000000,2552.00000000,2689.51000000,1188314.11191000,1622851199999,3175186750.49087600,1775946,580744.67311000,1551953930.28723620,0,ETHUSDT,0.009999999999763531,523018.5464,6168804
2021-06-05,2689.54000000,2816.87000000,2552.23000000,2627.73000000,961824.12413000,1622937599999,2575726370.43085890,1670498,485392.70366000,1300138730.36917720,0,ETHUSDT,0.009999999999763531,523069.2748,6169563
2021-06-06,2627.63000000,2745.00000000,2614.00000000,2711.92000000,673792.69369000,1623023999999,1814112037.53351020,1336460,330313.64976000,889529103.19303190,0,ETHUSDT,0.009999999999763531,523124.356,6170038
2021-06-07,2711.92000000,2847.55000000,2570.00000000,2592.05000000,1152128.07856000,1623110399999,3149245176.91126330,1926275,577620.94623000,1579210256.00219440,0,ETHUSDT,0.010000000000218279,523195.7324,6170569
2021-06-08,2592.05000000,2620.99000000,2304.91000000,2507.23000000,1693747.42759000,1623196799999,4201646662.88173420,2128256,825822.24736000,2049450576.80712030,0,ETHUSDT,0.009999999999763531,523232.6865,6171108
2021-06-09,2507.43000000,2626.63000000,2405.28000000,2610.18000000,1276718.24011000,1623283199999,3223323188.07037870,1763686,628336.14933000,1586470728.75922050,0,ETHUSDT,0.010000000000218279,523252.8323,6171333
2021-06-10,2610.20000000,2624.46000000,2425.11000000,2471.09000000,741237.49926000,1623369599999,1874571746.43544430,978237,363431.81896000,918906133.88569960,0,ETHUSDT,0.010000000000218279,523266.2037,6171506
2021-06-11,2471.01000000,2497.99000000,2321.37000000,2354.01000000,587364.27358000,1623455999999,1424975261.80772060,885172,283123.21039000,687294443.98245280,0,ETHUSDT,0.010000000000218279,523303.9469,6172086
2021-06-12,2354.09000000,2454.53000000,2256.22000000,2370.74000000,767439.49840000,1623542399999,1807036943.99862450,1127302,387478.69595000,912817435.78954980,0,ETHUSDT,0.009999999999763531,523319.2225,6172630
2021-06-13,2370.64000000,2548.41000000,2308.41000000,2509.33000000,715948.75986000,1623628799999,1724097564.33430690,1217504,362663.11262000,873887342.40012990,0,ETHUSDT,0.010000000000218279,523377.0468,6172780
2021-06-14,2509.33000000,2609.17000000,2461.00000000,2580.77000000,684183.55622000,1623715199999,1730260219.13381020,1118498,344642.00777000,871859785.37770810,0,ETHUSDT,0.010000000000218279,523383.9485,6173173
2021-06-15,2580.58000000,2640.00000000,2507.70000000,2543.54000000,599826.64933000,1623801599999,1548303436.06276510,1044834,296745.76720000,766423377.38332160,0,ETHUSDT,0.009999999999763531,523356.8951,6173038
2021-06-16,2543.55000000,2556.19000000,2351.18000000,2367.89000000,624741.78358000,1623887999999,1533734359.41300690,896073,284039.92262000,698017754.35405180,0,ETHUSDT,0.009999999999763531,523400.1564,6173982
2021-06-17,2368.02000000,2460.50000000,2306.00000000,2373.28000000,560667.58566000,1623974399999,1338389545.00148260,961448,270180.83506000,645226707.83642750,0,ETHUSDT,0.010000000000218279,523843.1092,6174870
2021-06-18,2373.28000000,2378.00000000,2139.00000000,2234.09000000,778905.20197000,1624060799999,1758827532.88334170,1067542,371196.26583000,838571112.17782590,0,ETHUSDT,0.009999999999763531,523820.654,6175067
2021-06-19,2234.09000000,2278.82000000,2161.67000000,2164.67000000,496872.24997000,1624147199999,1104923869.41859910,763820,247263.46485000,550102564.55565630,0,ETHUSDT,0.010000000000218279,523843.5403,6175475
2021-06-20,2165.34000000,2280.01000000,2040.68000000,2243.47000000,743883.64741000,1624233599999,1599009750.52690320,1035537,372014.61158000,800346451.86224570,0,ETHUSDT,0.010000000000218279,523946.2428,6176312
2021-06-21,2243.49000000,2260.16000000,1865.54000000,1885.49000000,1629819.66576000,1624319999999,3252129521.67750420,2014010,790387.70091000,1576559907.57416550,0,ETHUSDT,0.009999999999763531,524070.348,6177018
2021-06-22,1885.27000000,1998.00000000,1700.48000000,1879.28000000,1695338.08052000,1624406399999,3158928001.13114460,1856357,836934.44825000,1561415491.33612570,0,ETHUSDT,0.009999999999763531,524183.8284,6177752
2021-06-23,1879.29000000,2045.00000000,1821.95000000,1968.14000000,918612.30494000,1624492799999,1817518228.91007080,1141790,462271.19818000,914984412.73121520,0,ETHUSDT,0.009999999999763531,524201.6642,6178261
2021-06-24,1967.95000000,2036.61000000,1884.79000000,1989.52000000,701231.67478000,1624579199999,1377799766.49945500,833337,344155.41659000,676304789.18465590,0,ETHUSDT,0.009999999999763531,524267.4563,6178733
2021-06-25,1989.53000000,2019.99000000,1791.22000000,1808.82000000,858808.54767000,1624665599999,1612556879.10728130,1041338,408120.68053000,766594867.42016600,0,ETHUSDT,0.010000000000218279,524343.5525,6179330
2021-06-26,1808.97000000,1852.80000000,1717.32000000,1829.64000000,832315.14904000,1624751999999,1478550576.56464500,923226,407180.66965000,723391264.73486720,0,ETHUSDT,0.009999999999763531,524365.6783,6179523
2021-06-27,1829.84000000,1984.50000000,1804.26000000,1982.28000000,696055.79307000,1624838399999,1299521992.07179920,1091206,354611.53419000,662881681.77063400,0,ETHUSDT,0.009999999999763531,524461.9453,6179706
2021-06-28,1982.27000000,2145.00000000,1960.52000000,2084.41000000,1044244.68308000,1624924799999,2138998047.87762790,1657087,541464.02542000,1109375130.95630950,0,ETHUSDT,0.010000000000218279,524527.8223,6180148
2021-06-29,2084.42000000,2245.00000000,2073.57000000,2165.33000000,831257.23277000,1625011199999,1804733069.98298930,1536044,421410.27571000,915112793.59543550,0,ETHUSDT,0.010000000000218279,524575.0865,6180510
2021-06-30,2165.46000000,2287.78000000,2087.99000000,2275.68000000,910583.60320000,1625097599999,1973676680.87312690,1464112,455834.94051000,988252389.85378930,0,ETHUSDT,0.009999999999763531,524575.5695,6180649
2021-07-01,2275.68000000,2275.93000000,2073.12000000,2106.41000000,787865.25137000,1625183999999,1688043308.12725720,1414518,384175.37542000,822709363.86298340,0,ETHUSDT,0.010000000000218279,524609.9198,6181421
2021-07-02,2106.41000000,2160.00000000,2018.50000000,2154.13000000,672282.37476000,1625270399999,1397269246.26645640,862561,337006.28168000,700715966.08241900,0,ETHUSDT,0.010000000000218279,524599.4216,6181761
2021-07-03,2153.95000000,2240.00000000,2112.01000000,2226.99000000,569264.80100000,1625356799999,1248888441.25315360,922576,295114.62138000,647377288.84975310,0,ETHUSDT,0.010000000000218279,524618.85,6182344
2021-07-04,2226.99000000,2389.93000000,2189.58000000,2322.69000000,590656.25069000,1625443199999,1365904900.34990690,1204553,301461.36172000,697045137.93735710,0,ETHUSDT,0.009999999999763531,524631.6733,6183086
2021-07-05,2322.69000000,2324.64000000,2157.32000000,2196.53000000,781806.31605000,1625529599999,1753862827.37910470,1264204,376068.64852000,843863080.02800320,0,ETHUSDT,0.010000000000218279,524656.4529,6183896
2021-07-06,2196.85000000,2350.00000000,2193.00000000,2322.50000000,785330.17152000,1625615999999,1803108194.46840940,1326163,394638.45053000,905951763.47152810,0,ETHUSDT,0.010000000000218279,524665.7486,6184589
2021-07-07,2322.51000000,2409.00000000,2291.90000000,2316.57000000,666501.35572000,1625702399999,1570553094.63757130,1113578,341514.34243000,804702677.27470940,0,ETHUSDT,0.009999999999763531,524667.7104,6184735
2021-07-08,2316.25000000,2325.60000000,2084.79000000,2116.33000000,880265.04124000,1625788799999,1926184139.30984800,1234614,430334.02257000,941278322.13075520,0,ETHUSDT,0.010000000000218279,524680.8531,6185230
2021-07-09,2116.32000000,2189.40000000,2046.51000000,2146.99000000,738611.36304000,1625875199999,1568646237.31099510,867603,376374.92640000,799855032.10683950,0,ETHUSDT,0.010000000000218279,524696.8137,6185369
2021-07-10,2146.99000000,2194.82000000,2074.16000000,2110.69000000,499071.85904000,1625961599999,1058023794.51142400,646476,244207.37542000,517802339.24897590,0,ETHUSDT,0.010000000000218279,524707.2351,6185485
2021-07-11,2110.68000000,2174.00000000,2081.02000000,2140.45000000,342294.40302000,1626047999999,727911535.26899800,479138,175830.75143000,374053441.95443570,0,ETHUSDT,0.010000000000218279,524739.7574,6185932
2021-07-12,2140.54000000,2167.83000000,2006.68000000,2031.58000000,540630.10742000,1626134399999,1126108847.37136920,725803,259649.61299000,541195461.20277140,0,ETHUSDT,0.010000000000218279,524783.0099,6186376
2021-07-13,2031.57000000,2047.35000000,1918.00000000,1940.15000000,647388.24969000,1626220799999,1287490852.46149500,902810,316356.56219000,629467223.59503010,0,ETHUSDT,0.010000000000218279,524816.7117,6186734
2021-07-14,1940.44000000,2019.18000000,1865.00000000,1994.58000000,690505.60937000,1626307199999,1342931974.34964650,936438,340257.85670000,661765917.43079320,0,ETHUSDT,0.009999999999763531,524837.7341,6187168
2021-07-15,1994.41000000,2042.88000000,1881.00000000,1919.51000000,645271.32563000,1626393599999,1251834409.94177210,865033,327273.48478000,635240853.68817500,0,ETHUSDT,0.010000000000218279,524526.9372,6186290
2021-07-16,1919.54000000,1965.00000000,1850.00000000,1876.26000000,577068.89724000,1626479999999,1097832472.32213350,721120,281955.46534000,536656638.66655450,0,ETHUSDT,0.010000000000218279,524427.7288,6186310
2021-07-17,1876.47000000,1919.19000000,1844.45000000,1899.59000000,430300.51578000,1626566399999,810628641.25790230,576008,216291.07537000,407705129.43381680,0,ETHUSDT,0.009999999999763531,524455.9702,6186124
2021-07-18,1899.50000000,1993.79000000,1877.10000000,1891.64000000,534837.63654000,1626652799999,1038104997.52201780,768528,265665.55659000,515762272.12334460,0,ETHUSDT,0.010000000000218279,524421.9352,6186233
2021-07-19,1891.65000000,1919.00000000,1805.00000000,1818.73000000,547419.93771000,1626739199999,1011627398.92388260,641063,251885.98865000,465870373.91848700,0,ETHUSDT,0.009999999999763531,524436.4041,6186620
2021-07-20,1818.73000000,1841.34000000,1706.00000000,1786.03000000,786257.27200000,1626825599999,1386498470.34016670,943640,361612.01276000,638066651.10509070,0,ETHUSDT,0.009999999999763531,524444.779,6186636
2021-07-21,1786.03000000,2035.23000000,1747.55000000,1995.50000000,1115949.82033000,1626911999999,2138345813.78544520,1304423,572242.67732000,1096535844.29122840,0,ETHUSDT,0.009999999999763531,524452.1242,6186614
2021-07-22,1995.50000000,2046.00000000,1947.62000000,2024.56000000,768854.36590000,1626998399999,1536669128.52045190,1074800,380631.63083000,760682754.97891000,0,ETHUSDT,0.010000000000218279,524489.1895,6187353
2021-07-23,2024.27000000,2130.90000000,1993.22000000,2124.25000000,708160.91322000,1627084799999,1455496732.05165370,1035643,369453.14045000,759725736.55294710,0,ETHUSDT,0.009999999999763531,524736.6441,6189040
2021-07-24,2124.26000000,2199.50000000,2105.58000000,2184.75000000,633075.18592000,1627171199999,1360667031.98300710,1056670,325598.83875000,699891567.75717780,0,ETHUSDT,0.009999999999763531,524668.0227,6189606
2021-07-25,2184.90000000,2197.41000000,2105.93000000,2189.79000000,535630.27000000,1627257599999,1154562327.65394490,941623,264032.01071000,569308146.37992020,0,ETHUSDT,0.009999999999763531,524699.521,6189741
2021-07-26,2189.82000000,2433.65000000,2171.57000000,2228.08000000,1393738.16300000,1627343999999,3222622416.25672450,2252910,700749.72547000,1620304810.08242410,0,ETHUSDT,0.010000000000218279,525015.2752,6190008
2021-07-27,2227.81000000,2319.26000000,2150.50000000,2299.49000000,906359.23478000,1627430399999,2025582065.41379440,1502763,453060.98840000,1012813193.01872810,0,ETHUSDT,0.010000000000218279,525086.8152,6190185
2021-07-28,2299.47000000,2345.00000000,2243.15000000,2300.90000000,718202.57727000,1627516799999,1649860557.29344960,1287050,354056.40824000,813646516.75851010,0,ETHUSDT,0.010000000000218279,525135.4847,6190695
2021-07-29,2300.90000000,2400.00000000,2266.12000000,2382.92000000,499364.83496000,1627603199999,1157988358.94629320,1036449,256551.90722000,595101393.80372220,0,ETHUSDT,0.009999999999763531,525158.2721,6190893
2021-07-30,2382.93000000,2471.70000000,2315.92000000,2461.81000000,762577.28797000,1627689599999,1824191451.55863100,1428312,392130.06114000,938693364.85985250,0,ETHUSDT,0.009999999999763531,525200.2066,6191116
2021-07-31,2461.77000000,2553.86000000,2420.68000000,2531.05000000,507601.05026000,1627775999999,1253810139.13837080,1007386,260698.67822000,644275659.91790090,0,ETHUSDT,0.010000000000218279,525293.3541,6191883
2021-08-01,2531.10000000,2697.61000000,2511.24000000,2555.69000000,853495.94078000,1627862399999,2217485596.77845390,1810440,424598.26467000,1103204692.34837050,0,ETHUSDT,0.010000000000218279,525321.0382,6192533
2021-08-02,2555.50000000,2666.00000000,2507.00000000,2606.93000000,726701.84952000,1627948799999,1887684672.47104930,1596914,349146.53842000,907116380.71133030,0,ETHUSDT,0.010000000000218279,525339.9515,6192780
2021-08-03,2606.92000000,2632.44000000,2442.32000000,2509.04000000,792960.84375000,1628035199999,1986976146.00415050,1701919,379722.87711000,951417932.12994000,0,ETHUSDT,0.010000000000218279,525359.3829,6193067
2021-08-04,2508.51000000,2772.71000000,2457.68000000,2724.78000000,954590.75360000,1628121599999,2498364633.89465500,1839302,487804.51345000,1277999531.48759380,0,ETHUSDT,0.009999999999763531,525378.601,6193165
2021-08-05,2724.55000000,2843.98000000,2529.91000000,2826.99000000,1307720.20654000,1628207999999,3553456266.77196980,2690052,667954.44340000,1816958298.94569250,0,ETHUSDT,0.009999999999763531,525423.8252,6193817
2021-08-06,2827.01000000,2946.75000000,2720.06000000,2891.58000000,825399.48637000,1628294399999,2334160884.12592920,1873337,414224.32756000,1171841746.72537970,0,ETHUSDT,0.009999999999763531,525425.4257,6193788
2021-08-07,2891.54000000,3171.00000000,2865.50000000,3160.31000000,1205277.10095000,1628380799999,3673732670.31735410,2318608,626027.34275000,1908033758.04634790,0,ETHUSDT,0.010000000000218279,525431.3545,6194338
2021-08-08,3160.48000000,3189.99000000,2949.03000000,3011.85000000,966349.70579000,1628467199999,2979960615.13002620,1771162,483981.14361000,1494356685.81814990,0,ETHUSDT,0.010000000000218279,525457.525,6194620
2021-08-09,3011.84000000,3186.00000000,2893.23000000,3160.52000000,1129584.61614000,1628553599999,3453771928.06033580,2114151,561464.36607000,1719164995.69060490,0,ETHUSDT,0.010000000000218279,525490.908,6194896
2021-08-10,3160.51000000,3233.00000000,3051.22000000,3141.66000000,880675.74443000,1628639999999,2763516346.66778850,1824522,446954.52251000,1403643255.70046900,0,ETHUSDT,0.009999999999763531,525510.6797,6195401
2021-08-11,3141.14000000,3274.00000000,3120.27000000,3160.50000000,732546.60433000,1628726399999,2351996141.79722030,1786853,363763.55938000,1168247882.89532780,0,ETHUSDT,0.010000000000218279,525524.0835,6195998
2021-08-12,3160.40000000,3239.00000000,2979.29000000,3045.96000000,737628.45808000,1628812799999,2283938414.77176200,1587719,349848.69183000,1083322209.19017900,0,ETHUSDT,0.009999999999763531,525582.208,6196154
2021-08-13,3046.11000000,3327.83000000,3033.80000000,3322.32000000,579333.40323000,1628899199999,1867199038.70777630,1311322,302432.48843000,975151109.19485760,0,ETHUSDT,0.009999999999763531,525596.1705,6195973
2021-08-14,3322.33000000,3330.98000000,3200.00000000,3263.16000000,486102.53787000,1628985599999,1587713825.68617880,1014420,237085.55544000,774933248.71536270,0,ETHUSDT,0.009999999999763531,525626.9335,6196965
2021-08-15,3263.16000000,3320.00000000,3111.13000000,3307.09000000,565579.67765000,1629071999999,1813755247.62538600,1224556,278202.49839000,892667696.28928210,0,ETHUSDT,0.009999999999763531,525796.673,6197428
2021-08-16,3307.35000000,3335.00000000,3135.22000000,3146.53000000,635667.05422000,1629158399999,2062860388.39544930,1940766,299737.20397000,973748229.97346400,0,ETHUSDT,0.009999999999763531,525898.6843,6198767
2021-08-17,3147.18000000,3290.00000000,2991.89000000,3011.72000000,804996.06971000,1629244799999,2535149204.53759840,1644472,374586.04818000,1180969163.57111260,0,ETHUSDT,0.010000000000218279,525917.9436,6199294
2021-08-18,3011.73000000,3125.81000000,2950.00000000,3014.55000000,625103.25568000,1629331199999,1902429362.96362430,1093813,312124.66699000,950560051.11965720,0,ETHUSDT,0.009999999999763531,525930.3387,6200089
2021-08-19,3014.18000000,3188.00000000,2958.33000000,3184.12000000,634769.92174000,1629417599999,1931520693.61039600,1297759,323213.07804000,984487319.53926300,0,ETHUSDT,0.009999999999763531,525932.3114,6200640
2021-08-20,3184.11000000,3300.00000000,3177.16000000,3284.82000000,558127.45540000,1629503999999,1809283029.21790640,1137843,279786.28754000,907257350.55308140,0,ETHUSDT,0.009999999999763531,525944.1628,6201108
2021-08-21,3284.81000000,3309.16000000,3207.00000000,3223.43000000,421156.09084000,1629590399999,1375973641.16316310,777622,211442.30870000,691281509.79072030,0,ETHUSDT,0.009999999999763531,526047.7762,6201706
2021-08-22,3223.36000000,3272.00000000,3126.42000000,3238.00000000,406479.07654000,1629676799999,1304347038.57135730,803263,200170.96021000,642534234.45985230,0,ETHUSDT,0.010000000000218279,526044.799,6200930
2021-08-23,3238.00000000,3377.89000000,3230.02000000,3321.28000000,602103.44614000,1629763199999,2000534992.14834860,1520784,307844.29088000,1023003561.24712080,0,ETHUSDT,0.010000000000218279,525706.7311,6199711
2021-08-24,3321.28000000,3357.85000000,3147.31000000,3170.62000000,540480.07853000,1629849599999,1758604481.59984730,984324,255974.71494000,833541906.12324220,0,ETHUSDT,0.010000000000218279,525715.7526,6199725
2021-08-25,3170.63000000,3248.00000000,3080.00000000,3226.87000000,483697.69444000,1629935999999,1534476278.25319960,1031704,237587.76403000,754272690.45619020,0,ETHUSDT,0.010000000000218279,525733.0791,6199504
2021-08-26,3226.88000000,3250.00000000,3053.30000000,3093.20000000,442298.47372000,1630022399999,1382397989.45047040,959232,210645.91040000,658517127.74450490,0,ETHUSDT,0.010000000000218279,525735.9897,6199262
2021-08-27,3093.06000000,3280.00000000,3060.18000000,3273.45000000,451027.80711000,1630108799999,1434311977.24525590,802187,231317.47040000,735958225.36970060,0,ETHUSDT,0.009999999999763531,525752.4367,6198803
2021-08-28,3273.89000000,3287.00000000,3210.31000000,3244.48000000,262360.34921000,1630195199999,850631439.05327950,539377,128912.53425000,418041843.92127730,0,ETHUSDT,0.010000000000218279,525827.0599,6199073
2021-08-29,3244.75000000,3285.00000000,3152.34000000,3223.47000000,335806.78270000,1630281599999,1078681950.90208700,661232,168361.75310000,541070972.50378000,0,ETHUSDT,0.010000000000218279,525805.0373,6199422
2021-08-30,3223.47000000,3347.95000000,3143.00000000,3229.64000000,625347.27541000,1630367999999,2027490192.49738710,1228525,317195.90286000,1029315993.39414610,0,ETHUSDT,0.009999999999763531,525818.7434,6199748
2021-08-31,3229.14000000,3476.00000000,3188.77000000,3429.20000000,863071.13092000,1630454399999,2895209449.70776520,1772849,431197.75023000,1446458670.56606680,0,ETHUSDT,0.010000000000218279,525822.9782,6199537
2021-09-01,3429.19000000,3842.00000000,3382.22000000,3826.82000000,845759.95868000,1630540799999,3038498667.85423990,2022132,445083.48573000,1600713524.73887060,0,ETHUSDT,0.010000000000218279,525801.4414,6199384
2021-09-02,3826.82000000,3836.80000000,3717.04000000,3785.82000000,525165.79960000,1630627199999,1981758437.08575600,1402190,255406.36110000,963939552.29690300,0,ETHUSDT,0.010000000000218279,525809.8669,6199863
2021-09-03,3785.82000000,4027.88000000,3705.05000000,3938.11000000,655903.75739000,1630713599999,2557662974.33001620,1678132,334965.95109000,1306320160.64938360,0,ETHUSDT,0.009999999999763531,525822.2481,6200387
2021-09-04,3938.11000000,3970.00000000,3832.50000000,3885.52000000,364478.11930000,1630799999999,1422981232.23371200,996623,176186.70340000,688072330.17936000,0,ETHUSDT,0.009999999999763531,525793.3774,6200826
2021-09-05,3885.61000000,3980.00000000,3830.00000000,3950.29000000,365759.85970000,1630886399999,1432553302.47684100,1083584,187163.42260000,733284736.18579200,0,ETHUSDT,0.010000000000218279,526366.1201,6202223
2021-09-06,3950.28000000,3970.00000000,3864.30000000,3926.77000000,397768.57830000,1630972799999,1562560096.37577000,865160,199177.05470000,782756030.92282000,0,ETHUSDT,0.010000000000218279,526491.9286,6202274
2021-09-07,3926.67000000,3947.15000000,3005.00000000,3434.57000000,1203536.00209000,1631059199999,4298119218.28275360,2359100,567117.08258000,2025608219.49501760,0,ETHUSDT,0.010000000000218279,526499.027,6202512
2021-09-08,3434.84000000,3560.00000000,3215.16000000,3499.00000000,780611.76570000,1631145599999,2665272033.98010800,1783652,385803.02140000,1318127754.08935500,0,ETHUSDT,0.010000000000218279,526537.3978,6202572
2021-09-09,3499.01000000,3567.06000000,3390.40000000,3424.93000000,628553.88310000,1631231999999,2194182935.33863800,1147283,313804.09190000,1095691059.37289600,0,ETHUSDT,0.010000000000218279,526542.4285,6202188
2021-09-10,3424.94000000,3514.11000000,3150.00000000,3208.86000000,633026.26590000,1631318399999,2107283581.30531000,1128069,312620.07730000,1041506592.91631600,0,ETHUSDT,0.010000000000218279,526879.6768,6203904
2021-09-11,3208.85000000,3348.37000000,3200.00000000,3267.21000000,413524.17610000,1631404799999,1355587141.45379300,833958,207506.73780000,680210107.37741400,0,ETHUSDT,0.009999999999763531,526891.518,6203914
2021-09-12,3267.10000000,3474.16000000,3231.10000000,3404.21000000,408858.95950000,1631491199999,1379322044.69763100,1089138,203397.62820000,686413591.48490200,0,ETHUSDT,0.010000000000218279,526895.5464,6204330
2021-09-13,3404.30000000,3430.30000000,3108.49000000,3285.35000000,647855.71990000,1631577599999,2103663103.06774800,1363198,311994.07200000,1013528553.21259900,0,ETHUSDT,0.010000000000218279,526844.2263,6204408
2021-09-14,3285.09000000,3437.05000000,3269.95000000,3434.37000000,373634.90260000,1631663999999,1249733657.13210300,894664,187175.39870000,626226181.39353200,0,ETHUSDT,0.009999999999763531,526921.2201,6205330
2021-09-15,3434.37000000,3616.16000000,3357.78000000,3613.55000000,428507.52780000,1631750399999,1486156273.79187500,977023,216020.26160000,749354190.41422900,0,ETHUSDT,0.010000000000218279,527016.1536,6205190
2021-09-16,3613.55000000,3676.28000000,3481.14000000,3567.98000000,467985.49190000,1631836799999,1680487713.22446500,1081868,231345.77300000,831073629.50489300,0,ETHUSDT,0.010000000000218279,527058.2674,6205398
2021-09-17,3567.97000000,3594.17000000,3350.07000000,3399.81000000,398888.37050000,1631923199999,1383268101.51788600,867583,195646.99930000,678415330.95295100,0,ETHUSDT,0.010000000000218279,527068.0909,6205481
2021-09-18,3399.89000000,3541.96000000,3368.88000000,3435.64000000,315162.76270000,1632009599999,1090387917.42968900,692204,154824.56140000,535810347.47977900,0,ETHUSDT,0.010000000000218279,527179.9515,6206052
2021-09-19,3435.64000000,3456.53000000,3277.74000000,3328.62000000,312948.00130000,1632095999999,1052980779.84908000,687285,151230.70960000,509076793.30780900,0,ETHUSDT,0.009999999999763531,527209.9069,6206324
2021-09-20,3328.57000000,3347.82000000,2913.39000000,2977.28000000,917939.57849000,1632182399999,2834781758.89261510,1708278,438137.50219000,1353089301.93475500,0,ETHUSDT,0.009999999999763531,527268.0945,6206567
2021-09-21,2977.32000000,3105.83000000,2652.00000000,2765.90000000,971519.88941000,1632268799999,2827179157.43496560,1754962,468088.16275000,1365275107.85533980,0,ETHUSDT,0.009999999999763531,527328.4089,6206854
2021-09-22,2766.72000000,3088.88000000,2737.54000000,3076.92000000,677457.64825000,1632355199999,1993084668.61438400,1200519,356419.52515000,1049114512.68168000,0,ETHUSDT,0.010000000000218279,527378.2151,6207324
2021-09-23,3076.92000000,3174.50000000,3033.85000000,3152.50000000,459293.88580000,1632441599999,1428616217.71812100,885568,230448.39950000,716904113.01181200,0,ETHUSDT,0.009999999999763531,527369.2517,6207402
2021-09-24,3152.41000000,3158.52000000,2733.00000000,2928.53000000,932090.88560000,1632527999999,2715718192.37097600,1607374,447178.16070000,1302897206.37027000,0,ETHUSDT,0.009999999999763531,527386.4917,6207545
2021-09-25,2928.22000000,2967.52000000,2801.57000000,2921.73000000,491974.02260000,1632614399999,1428143403.47811100,934301,245314.60920000,712408056.64592600,0,ETHUSDT,0.009999999999763531,527589.3336,6208322
2021-09-26,2921.84000000,3115.51000000,2738.17000000,3059.37000000,703594.47800000,1632700799999,2062409598.89487600,1347301,346152.90530000,1015957876.59530500,0,ETHUSDT,0.009999999999763531,527574.6956,6207966
2021-09-27,3059.36000000,3164.94000000,2922.71000000,2925.59000000,510130.73190000,1632787199999,1564096695.37296700,1043885,249913.29030000,766484764.13604200,0,ETHUSDT,0.009999999999763531,527627.9305,6208006
2021-09-28,2924.76000000,2970.82000000,2789.00000000,2804.91000000,511325.46430000,1632873599999,1477983245.66970200,928494,250476.15270000,724263328.00296900,0,ETHUSDT,0.010000000000218279,527635.2086,6207998
2021-09-29,2805.15000000,2950.00000000,2782.00000000,2850.45000000,411305.08930000,1632959999999,1180681056.16231400,748804,207837.60360000,596539497.02346000,0,ETHUSDT,0.010000000000218279,527652.7011,6208049
2021-09-30,2850.45000000,3048.42000000,2837.19000000,3000.61000000,506896.76120000,1633046399999,1514341937.30711600,992243,255146.89260000,762091704.42696800,0,ETHUSDT,0.010000000000218279,527655.5392,6207991
2021-10-01,3000.62000000,3330.00000000,2969.07000000,3309.91000000,648714.61510000,1633132799999,2063112280.66779100,1446386,336578.17690000,1070284895.05662900,0,ETHUSDT,0.010000000000218279,527772.9328,6208199
2021-10-02,3309.91000000,3469.00000000,3257.00000000,3387.76000000,422551.18110000,1633219199999,1417055615.81663700,1046194,215469.09750000,722876150.36715000,0,ETHUSDT,0.010000000000218279,527773.7327,6208202
2021-10-03,3387.77000000,3488.00000000,3342.51000000,3417.73000000,360586.89050000,1633305599999,1231536168.31536300,816339,183173.92820000,625701691.95187700,0,ETHUSDT,0.009999999999763531,527780.0873,6208633
2021-10-04,3417.73000000,3437.19000000,3270.00000000,3386.31000000,485204.64200000,1633391999999,1631562261.55497600,1090407,234726.45740000,789540744.90345900,0,ETHUSDT,0.010000000000218279,527825.647,6209795
2021-10-05,3386.31000000,3545.00000000,3363.78000000,3515.27000000,393900.88180000,1633478399999,1355905889.61094700,1025512,198949.77870000,684720843.63256900,0,ETHUSDT,0.010000000000218279,527833.7497,6210046
2021-10-06,3515.48000000,3632.11000000,3342.00000000,3574.89000000,618265.54020000,1633564799999,2172519696.56298500,1444856,309931.14560000,1089939304.81141600,0,ETHUSDT,0.010000000000218279,527947.922,6211215
2021-10-07,3574.88000000,3653.98000000,3470.80000000,3587.47000000,486102.35910000,1633651199999,1736906584.27609000,1252503,243095.03090000,868883834.30190500,0,ETHUSDT,0.010000000000218279,527971.8147,6211512
2021-10-08,3587.47000000,3695.00000000,3532.00000000,3563.13000000,403597.14370000,1633737599999,1455713871.28828300,1084792,199496.51730000,719958341.95691600,0,ETHUSDT,0.009999999999763531,528102.8216,6212551
2021-10-09,3563.13000000,3635.00000000,3538.07000000,3574.82000000,361906.75140000,1633823999999,1299757023.49916300,1175683,181998.68950000,653707840.81271200,0,ETHUSDT,0.010000000000218279,528229.5828,6213611
2021-10-10,3574.83000000,3604.00000000,3405.00000000,3414.22000000,580223.63020000,1633910399999,2049128230.34425900,1765439,283364.09360000,1001342447.91533100,0,ETHUSDT,0.010000000000218279,528237.9993,6214296
2021-10-11,3414.22000000,3623.80000000,3371.00000000,3542.12000000,493521.88200000,1633996799999,1743391083.65880800,1110340,241854.81720000,853789828.78754500,0,ETHUSDT,0.010000000000218279,528284.7029,6215501
2021-10-12,3542.12000000,3547.11000000,3403.21000000,3491.46000000,409377.19180000,1634083199999,1425455761.40661800,925699,201641.41480000,702321739.23206100,0,ETHUSDT,0.010000000000218279,528361.8757,6216520
2021-10-13,3491.43000000,3613.00000000,3412.70000000,3607.42000000,393463.12220000,1634169599999,1376610269.51640800,902525,201681.71820000,706082588.65943100,0,ETHUSDT,0.010000000000218279,528428.696,6217713
2021-10-14,3607.41000000,3824.00000000,3586.04000000,3790.82000000,481894.14730000,1634255999999,1792792932.94418900,1430307,251733.91050000,936783652.88733800,0,ETHUSDT,0.009999999999763531,528432.5254,6218131
2021-10-15,3790.82000000,3907.77000000,3734.10000000,3868.99000000,504321.73200000,1634342399999,1924965953.85849900,1399937,254168.49350000,970514136.64807700,0,ETHUSDT,0.010000000000218279,528478.3542,6218890
2021-10-16,3868.38000000,3971.00000000,3803.56000000,3829.96000000,373727.85490000,1634428799999,1452752901.39764800,1037769,187096.11220000,727596178.47947300,0,ETHUSDT,0.009999999999763531,528526.1302,6219846
2021-10-17,3829.96000000,3919.19000000,3640.00000000,3846.85000000,368898.98310000,1634515199999,1406207658.84076800,1025324,178427.94210000,680830276.47711300,0,ETHUSDT,0.010000000000218279,528837.5983,6221077
2021-10-18,3847.00000000,3893.14000000,3676.00000000,3744.96000000,401819.97340000,1634601599999,1520728621.31032800,994548,195898.47270000,741595496.94121500,0,ETHUSDT,0.010000000000218279,528783.6285,6221337
2021-10-19,3744.96000000,3886.89000000,3732.00000000,3877.03000000,341268.37230000,1634687999999,1300066269.93314200,925015,174324.56080000,664357630.01236900,0,ETHUSDT,0.009999999999763531,528877.7747,6221714
2021-10-20,3876.98000000,4169.00000000,3828.05000000,4161.15000000,537383.09732000,1634774399999,2149449047.36731050,1766454,279381.99444000,1118325109.62068740,0,ETHUSDT,0.009999999999763531,528943.513,6222270
2021-10-21,4161.37000000,4375.00000000,4013.13000000,4052.99000000,798566.55805000,1634860799999,3335123440.99821210,2380751,404846.97680000,1692164862.55764450,0,ETHUSDT,0.009999999999763531,528959.6143,6222092
2021-10-22,4053.00000000,4167.41000000,3888.00000000,3972.20000000,463222.54280000,1634947199999,1872218697.85109700,1133846,222124.19170000,898314133.55409300,0,ETHUSDT,0.010000000000218279,528962.1838,6222109
2021-10-23,3972.19000000,4172.00000000,3937.51000000,4167.12000000,326576.96010000,1635033599999,1323345505.75751700,940891,168280.07490000,682461302.98208100,0,ETHUSDT,0.009999999999763531,529019.4262,6222806
2021-10-24,4167.13000000,4186.57000000,3961.50000000,4082.33000000,350115.83860000,1635119999999,1421627004.33480300,917969,173779.21200000,705808722.83033300,0,ETHUSDT,0.009999999999763531,529030.649,6222896
2021-10-25,4082.33000000,4236.00000000,4067.71000000,4220.37000000,347438.65340000,1635206399999,1445430078.54488000,939963,173328.53060000,721155504.75678500,0,ETHUSDT,0.010000000000218279,529055.4621,6223137
2021-10-26,4220.36000000,4297.00000000,4090.21000000,4131.52000000,414498.15990000,1635292799999,1739912498.46991500,1285913,205853.06890000,864564656.68614400,0,ETHUSDT,0.010000000000218279,529065.6344,6223414
2021-10-27,4131.52000000,4307.00000000,3909.00000000,3922.00000000,704604.25000000,1635379199999,2874313313.39805800,1872190,342946.25220000,1399582259.36861900,0,ETHUSDT,0.009999999999763531,529074.2633,6223724
2021-10-28,3921.99000000,4295.00000000,3890.17000000,4286.02000000,626378.50550000,1635465599999,2587268364.26143900,1711575,331721.67970000,1370287598.12503800,0,ETHUSDT,0.010000000000218279,529082.0075,6224083
2021-10-29,4286.01000000,4460.47000000,4265.97000000,4418.89000000,559231.07691000,1635551999999,2440933126.04865530,1799386,299827.57771000,1309028738.75469020,0,ETHUSDT,0.009999999999763531,529169.2092,6224297
2021-10-30,4418.89000000,4434.06000000,4232.20000000,4322.68000000,340223.06900000,1635638399999,1469664811.93683500,1035476,164985.54250000,712725589.41698300,0,ETHUSDT,0.009999999999763531,529249.8845,6224145
2021-10-31,4322.68000000,4399.14000000,4164.35000000,4287.21000000,412856.28930000,1635724799999,1764886607.68762400,1303438,207029.19300000,885572414.31975300,0,ETHUSDT,0.010000000000218279,529241.1813,6223768
2021-11-01,4287.48000000,4386.58000000,4146.30000000,4319.43000000,417620.70730000,1635811199999,1794319887.30236000,1134036,208433.93650000,895858147.04065500,0,ETHUSDT,0.009999999999763531,529248.2224,6224192
2021-11-02,4319.43000000,4599.60000000,4284.43000000,4589.89000000,468184.79301000,1635897599999,2083371519.80682720,1657233,245450.71120000,1092310373.43047380,0,ETHUSDT,0.009999999999763531,529387.875,6224995
2021-11-03,4589.68000000,4665.87000000,4455.00000000,4603.35000000,448658.35125000,1635983999999,2051737308.01262490,1580640,221693.79026000,1014198753.12205450,0,ETHUSDT,0.010000000000218279,529474.2449,6225759
2021-11-04,4603.35000000,4606.65000000,4420.08000000,4532.32000000,368218.25695000,1636070399999,1663942873.79303600,1019675,180789.48190000,817221755.71732800,0,ETHUSDT,0.010000000000218279,529433.2794,6225416
2021-11-05,4532.31000000,4570.05000000,4438.80000000,4474.24000000,305651.72440000,1636156799999,1375503505.22794700,893068,152155.85650000,684734029.75003900,0,ETHUSDT,0.010000000000218279,529496.3579,6226300
2021-11-06,4474.24000000,4530.00000000,4326.17000000,4518.00000000,322154.09730000,1636243199999,1429791261.31952400,868676,162175.62780000,720042764.54545000,0,ETHUSDT,0.009999999999763531,529531.5467,6227094
2021-11-07,4518.00000000,4637.98000000,4502.37000000,4612.59000000,243596.59520000,1636329599999,1115635571.36518000,834745,124167.19250000,568809173.88006900,0,ETHUSDT,0.010000000000218279,529564.3436,6227405
2021-11-08,4612.59000000,4822.97000000,4612.00000000,4807.98000000,391102.31806000,1636415999999,1850800839.69285740,1344244,202324.49531000,957541306.18508270,0,ETHUSDT,0.009999999999763531,529577.8366,6227843
2021-11-09,4807.98000000,4838.28000000,4713.89000000,4732.33000000,311267.57998000,1636502399999,1489567265.66969130,995668,147968.47588000,708147066.57858830,0,ETHUSDT,0.009999999999763531,529671.5808,6227990
2021-11-10,4732.33000000,4868.00000000,4461.93000000,4628.78000000,553596.99163000,1636588799999,2600175501.16048870,1492374,270065.18221000,1268630239.57158410,0,ETHUSDT,0.009999999999763531,529678.505,6228158
2021-11-11,4628.68000000,4779.00000000,4576.47000000,4719.00000000,303688.97650000,1636675199999,1425610198.74241700,909164,157894.35770000,741000169.59268900,0,ETHUSDT,0.010000000000218279,529705.3121,6228812
2021-11-12,4719.00000000,4809.71000000,4507.85000000,4665.46000000,461580.04150000,1636761599999,2146130116.87176700,1206412,233963.11590000,1088185088.95103700,0,ETHUSDT,0.009999999999763531,529709.8474,6229055
2021-11-13,4665.47000000,4707.60000000,4584.08000000,4644.28000000,220720.66110000,1636847999999,1026142451.54625200,731125,118424.28400000,550635027.19302000,0,ETHUSDT,0.009999999999763531,529715.824,6229330
2021-11-14,4644.27000000,4696.05000000,4514.12000000,4626.50000000,245309.06740000,1636934399999,1126786539.40577800,623491,122672.40610000,563409641.23753000,0,ETHUSDT,0.010000000000218279,529714.2515,6229347
2021-11-15,4626.50000000,4772.01000000,4540.00000000,4563.78000000,375421.66010000,1637020799999,1752738875.79192100,1061676,193844.86310000,905084671.52560700,0,ETHUSDT,0.009999999999763531,529735.1511,6229854
2021-11-16,4563.77000000,4563.77000000,4103.00000000,4209.76000000,735857.06300000,1637107199999,3163788841.06602100,1741259,354749.49630000,1525045237.18724100,0,ETHUSDT,0.009999999999763531,529711.0144,6229715
2021-11-17,4209.59000000,4299.91000000,4063.48000000,4287.80000000,472852.18420000,1637193599999,1980248927.71123100,1146593,230168.38630000,964335338.19465800,0,ETHUSDT,0.009999999999763531,529722.0128,6229747
2021-11-18,4288.07000000,4344.81000000,3956.44000000,3996.90000000,576945.18370000,1637279999999,2387588164.85010800,1319866,271503.55730000,1123646212.60945800,0,ETHUSDT,0.010000000000218279,529821.4515,6230454
2021-11-19,3996.90000000,4308.97000000,3973.01000000,4294.76000000,420045.08970000,1637366399999,1740904041.28399800,984517,220791.40060000,915311333.17228600,0,ETHUSDT,0.010000000000218279,529878.4217,6231194
2021-11-20,4294.75000000,4435.88000000,4199.86000000,4412.17000000,365584.57800000,1637452799999,1577172914.21607600,888090,184875.76260000,797947406.83400700,0,ETHUSDT,0.010000000000218279,529905.6372,6231276
2021-11-21,4412.17000000,4451.00000000,4242.41000000,4258.31000000,340206.32030000,1637539199999,1479842945.95039700,836925,163875.62460000,712849742.98578800,0,ETHUSDT,0.010000000000218279,529909.1402,6231304
2021-11-22,4259.70000000,4320.00000000,4022.74000000,4085.97000000,518501.33380000,1637625599999,2167112891.86573300,1162581,252693.22060000,1055865143.42604800,0,ETHUSDT,0.010000000000218279,529969.9018,6231993
2021-11-23,4086.28000000,4385.59000000,4059.62000000,4339.44000000,502811.79020000,1637711999999,2125825553.22232300,1098270,257182.25770000,1087600936.69782400,0,ETHUSDT,0.009999999999763531,529997.4433,6232226
2021-11-24,4339.45000000,4373.94000000,4167.65000000,4269.36000000,448727.03060000,1637798399999,1913428104.73721400,990018,224088.23620000,955466127.57910800,0,ETHUSDT,0.010000000000218279,530014.2115,6232473
2021-11-25,4270.10000000,4550.00000000,4248.27000000,4524.85000000,445868.24340000,1637884799999,1962939107.44774500,1123629,231824.31930000,1020486293.95909600,0,ETHUSDT,0.010000000000218279,530023.3118,6232773
2021-11-26,4524.48000000,4551.00000000,3913.00000000,4041.20000000,720245.16120000,1637971199999,2994490664.02184400,1654553,348872.86610000,1449711434.44761700,0,ETHUSDT,0.009999999999763531,530017.2748,6232914
2021-11-27,4041.20000000,4183.66000000,4028.34000000,4095.29000000,275326.52020000,1638057599999,1133169071.35039000,723831,136157.34820000,560538419.13348800,0,ETHUSDT,0.009999999999763531,530063.3356,6233263
2021-11-28,4095.29000000,4298.51000000,3964.00000000,4294.78000000,346471.35510000,1638143999999,1421535999.75207900,842343,174386.81870000,716242629.18093700,0,ETHUSDT,0.009999999999763531,530077.3716,6233543
2021-11-29,4294.77000000,4458.92000000,4276.89000000,4444.53000000,406881.22840000,1638230399999,1772611136.39245400,947503,197615.36690000,861297710.05123800,0,ETHUSDT,0.009999999999763531,530030.624,6233568
2021-11-30,4444.54000000,4753.00000000,4346.36000000,4630.26000000,743024.46620000,1638316799999,3391424543.47238300,1808789,382798.46480000,1747000994.59340800,0,ETHUSDT,0.009999999999763531,530049.1833,6233973
2021-12-01,4630.25000000,4778.75000000,4523.99000000,4582.95000000,508198.31050000,1638403199999,2382156066.73727200,1367302,246310.78780000,1154670707.22155900,0,ETHUSDT,0.009999999999763531,530071.2385,6234142
2021-12-02,4582.95000000,4634.83000000,4433.00000000,4511.21000000,451861.95450000,1638489599999,2047468326.80265700,1062149,226209.18630000,1025021244.45682800,0,ETHUSDT,0.009999999999763531,530082.1737,6234040
2021-12-03,4511.35000000,4654.88000000,4032.50000000,4215.73000000,677974.86590000,1638575999999,2972156867.63741200,1516700,333149.37960000,1461878585.38016600,0,ETHUSDT,0.010000000000218279,530074.9296,6234297
2021-12-04,4215.01000000,4238.59000000,3503.68000000,4117.25000000,1111773.14510000,1638662399999,4370074804.51323100,2264288,530635.04640000,2087295412.43094100,0,ETHUSDT,0.010000000000218279,530097.9323,6234371
2021-12-05,4117.25000000,4248.19000000,4031.39000000,4196.44000000,536325.44130000,1638748799999,2224220852.27919700,1088546,267574.18670000,1110245049.71565700,0,ETHUSDT,0.009999999999763531,530108.9236,6234873
2021-12-06,4196.44000000,4376.15000000,3921.00000000,4347.59000000,726742.96380000,1638835199999,2991267298.82173000,1447061,359456.36730000,1481368763.44850800,0,ETHUSDT,0.010000000000218279,530137.148,6235282
2021-12-07,4347.57000000,4425.00000000,4255.92000000,4306.40000000,420749.75100000,1638921599999,1830621575.42694400,986492,209138.13490000,910268147.82094800,0,ETHUSDT,0.010000000000218279,530160.0434,6235604
2021-12-08,4306.40000000,4450.49000000,4222.95000000,4436.91000000,429403.93510000,1639007999999,1868281437.56538800,991178,218029.74870000,949111222.93175100,0,ETHUSDT,0.009999999999763531,530166.5663,6235740
2021-12-09,4436.91000000,4488.00000000,4076.16000000,4105.64000000,462173.71100000,1639094399999,1970732612.69448700,1038790,220095.15640000,939705730.52576300,0,ETHUSDT,0.010000000000218279,530174.1184,6236030
2021-12-10,4105.64000000,4231.08000000,3887.37000000,3897.94000000,563236.56710000,1639180799999,2287155262.15631300,1098758,275875.29480000,1121490841.65874500,0,ETHUSDT,0.009999999999763531,530210.1815,6236373
2021-12-11,3898.31000000,4097.08000000,3828.22000000,4089.37000000,427853.43430000,1639267199999,1711893271.97486100,831899,219400.09650000,877920201.04463700,0,ETHUSDT,0.009999999999763531,530240.747,6236469
2021-12-12,4089.68000000,4173.63000000,3986.25000000,4130.00000000,260535.51570000,1639353599999,1061361793.04127200,591319,132750.98300000,540996287.57490200,0,ETHUSDT,0.010000000000218279,530262.1502,6236491
2021-12-13,4130.00000000,4142.75000000,3671.45000000,3781.93000000,533467.23070000,1639439999999,2068534029.55110500,1144882,254674.95840000,987547550.40395800,0,ETHUSDT,0.009999999999763531,530422.6537,6236901
2021-12-14,3781.92000000,3882.74000000,3685.00000000,3858.99000000,395145.74620000,1639526399999,1499985094.81369200,915721,201941.92710000,767055531.29376400,0,ETHUSDT,0.009999999999763531,530445.9926,6236998
2021-12-15,3858.99000000,4092.22000000,3643.73000000,4019.08000000,542068.05730000,1639612799999,2102151850.11458500,1238234,279106.54900000,1083422761.69731000,0,ETHUSDT,0.009999999999763531,530450.7512,6237070
2021-12-16,4019.54000000,4113.43000000,3942.11000000,3958.11000000,368780.03100000,1639699199999,1489983161.88879600,848885,183514.68270000,741663724.89647500,0,ETHUSDT,0.010000000000218279,530507.9446,6237362
2021-12-17,3959.11000000,3994.10000000,3700.00000000,3875.42000000,463370.92250000,1639785599999,1789265513.24297500,1052871,229084.73180000,885680674.00929500,0,ETHUSDT,0.010000000000218279,530471.144,6237462
2021-12-18,3875.43000000,3996.93000000,3767.01000000,3959.93000000,339593.25430000,1639871999999,1326617546.27658800,740899,169241.78770000,661219380.08375500,0,ETHUSDT,0.009999999999763531,530479.6044,6237923
2021-12-19,3959.93000000,4032.43000000,3884.00000000,3924.14000000,306006.32300000,1639958399999,1208752533.59506500,688078,155815.06050000,615474823.43392400,0,ETHUSDT,0.010000000000218279,530557.3269,6238531
2021-12-20,3924.14000000,3983.37000000,3753.00000000,3944.73000000,366916.47710000,1640044799999,1416566980.69100100,844070,174604.91080000,674073059.62183100,0,ETHUSDT,0.010000000000218279,530558.1478,6238567
2021-12-21,3944.72000000,4063.00000000,3913.21000000,4014.15000000,340826.35530000,1640131199999,1364232642.48810800,799127,166855.95990000,668028914.55813700,0,ETHUSDT,0.010000000000218279,530694.1283,6239240
2021-12-22,4014.41000000,4074.87000000,3933.40000000,3979.51000000,303191.80760000,1640217599999,1215914916.52593700,675826,145269.31360000,582537202.28892700,0,ETHUSDT,0.010000000000218279,530692.6783,6239169
2021-12-23,3979.51000000,4150.00000000,3893.23000000,4111.41000000,380207.81660000,1640303999999,1525274496.50604700,911905,194409.23590000,780346994.88613200,0,ETHUSDT,0.010000000000218279,530690.8394,6238814
2021-12-24,4111.41000000,4134.84000000,4017.17000000,4046.36000000,230833.16610000,1640390399999,943702137.85492300,593513,108806.89750000,444971527.99616500,0,ETHUSDT,0.010000000000218279,530697.8943,6238606
2021-12-25,4046.35000000,4137.91000000,4018.62000000,4094.83000000,208126.88050000,1640476799999,846912042.12908200,515115,100652.69260000,409702072.86923400,0,ETHUSDT,0.009999999999763531,530699.6707,6238556
2021-12-26,4094.36000000,4105.00000000,4000.00000000,4063.56000000,189309.25500000,1640563199999,767315615.26886600,496076,88120.23950000,357288552.81829400,0,ETHUSDT,0.009999999999763531,530738.8983,6239111
2021-12-27,4063.57000000,4127.46000000,4031.00000000,4037.23000000,222225.37610000,1640649599999,905682624.77677600,557367,105491.26560000,430072907.83534800,0,ETHUSDT,0.010000000000218279,530728.0599,6238936
2021-12-28,4037.22000000,4037.23000000,3759.36000000,3792.75000000,358064.71630000,1640735999999,1393962041.50167800,846780,163464.61810000,636073474.34198300,0,ETHUSDT,0.010000000000218279,530669.4692,6238746
2021-12-29,3792.75000000,3827.78000000,3604.20000000,3630.19000000,302753.63750000,1640822399999,1136202240.43121300,719559,138893.58860000,521509292.19041500,0,ETHUSDT,0.010000000000218279,530676.8689,6238905
2021-12-30,3630.18000000,3769.10000000,3585.00000000,3709.27000000,249263.73050000,1640908799999,921537785.38688100,583361,125440.99110000,463883545.33237300,0,ETHUSDT,0.010000000000218279,530682.6837,6239016
2021-12-31,3709.27000000,3815.00000000,3622.29000000,3676.23000000,268014.29420000,1640995199999,1001765030.13814100,617370,131438.17710000,491454123.81056800,0,ETHUSDT,0.009999999999763531,530652.6616,6238657
2022-01-01,3676.22000000,3776.45000000,3673.46000000,3765.54000000,154143.89680000,1641081599999,574718328.45274400,408666,76937.97980000,286855413.58892400,0,ETHUSDT,0.009999999999763531,529753.2517,6238030
2022-01-02,3765.54000000,3857.44000000,3717.30000000,3828.27000000,154791.42630000,1641167999999,585374957.73046000,450610,81170.50530000,307056603.74279000,0,ETHUSDT,0.009999999999763531,529799.7197,6237986
2022-01-03,3828.11000000,3853.09000000,3680.00000000,3765.89000000,236245.85860000,1641254399999,892944105.55299400,594541,114525.62990000,433084435.77665600,0,ETHUSDT,0.010000000000218279,529797.1044,6237755
2022-01-04,3765.89000000,3900.73000000,3713.11000000,3785.11000000,288258.55490000,1641340799999,1098182607.92572600,676651,147451.42850000,561958201.76209900,0,ETHUSDT,0.009999999999763531,529789.8374,6237284
2022-01-05,3785.10000000,3848.00000000,3415.00000000,3540.63000000,397942.03630000,1641427199999,1464819255.09351100,962670,183641.11340000,676663293.71856000,0,ETHUSDT,0.010000000000218279,529746.0239,6236932
2022-01-06,3539.82000000,3550.43000000,3300.00000000,3406.81000000,496745.74130000,1641513599999,1698727637.36502600,1006279,250536.48280000,856938730.30054800,0,ETHUSDT,0.010000000000218279,529751.0029,6237008
2022-01-07,3406.81000000,3416.76000000,3064.42000000,3199.24000000,669631.72620000,1641599999999,2149562773.32925700,1307591,329420.13210000,1057683053.11407800,0,ETHUSDT,0.010000000000218279,529806.9534,6237405
2022-01-08,3198.68000000,3250.00000000,3000.00000000,3080.95000000,400692.10610000,1641686399999,1252795163.48626900,814600,192818.05440000,602863815.60123800,0,ETHUSDT,0.009999999999763531,529810.2369,6237417
2022-01-09,3080.98000000,3211.72000000,3057.35000000,3151.97000000,275874.16430000,1641772799999,864505480.88173800,591523,140931.03840000,441833198.21992800,0,ETHUSDT,0.009999999999763531,529808.7345,6237111
2022-01-10,3151.97000000,3185.00000000,2928.83000000,3082.68000000,529818.38660000,1641859199999,1616550523.09720100,935157,259668.24160000,792807641.84642400,0,ETHUSDT,0.009999999999763531,529807.2165,6237211
2022-01-11,3082.87000000,3263.54000000,3051.80000000,3239.72000000,362446.70870000,1641945599999,1145852583.62298000,668961,184190.57790000,582792200.29890900,0,ETHUSDT,0.010000000000218279,529846.3923,6237246
2022-01-12,3239.73000000,3411.43000000,3206.20000000,3371.26000000,370465.80150000,1642031999999,1226038697.47290200,737196,193929.25700000,641836657.47843500,0,ETHUSDT,0.009999999999763531,529863.5674,6237351
2022-01-13,3371.60000000,3410.00000000,3233.43000000,3240.61000000,336234.87990000,1642118399999,1116293607.68792400,666486,160295.73880000,532448245.94264900,0,ETHUSDT,0.010000000000218279,529777.2087,6237489
2022-01-14,3240.61000000,3342.79000000,3188.00000000,3307.42000000,285326.35050000,1642204799999,931347172.76288100,572125,138986.64420000,453872875.29387700,0,ETHUSDT,0.009999999999763531,529786.681,6237860
2022-01-15,3307.42000000,3371.64000000,3261.00000000,3326.04000000,203100.37780000,1642291199999,675484534.65694900,444485,97533.11760000,324387118.02970900,0,ETHUSDT,0.009999999999763531,529784.49,6238198
2022-01-16,3326.51000000,3393.60000000,3269.62000000,3346.88000000,210782.22770000,1642377599999,701885138.83374000,495317,105304.53980000,350817972.66829800,0,ETHUSDT,0.010000000000218279,529950.9564,6238138
2022-01-17,3346.89000000,3357.57000000,3141.10000000,3209.67000000,284063.65480000,1642463999999,922568646.92376300,646419,138706.97600000,450497992.46288800,0,ETHUSDT,0.010000000000218279,529952.9595,6238146
2022-01-18,3209.68000000,3243.87000000,3082.00000000,3159.85000000,299134.27280000,1642550399999,943140782.38992400,579484,147919.80850000,466359496.76258600,0,ETHUSDT,0.009999999999763531,529941.7864,6238047
2022-01-19,3159.85000000,3174.87000000,3000.00000000,3084.02000000,332996.57030000,1642636799999,1035249881.47359300,647383,166361.98900000,517513738.78952900,0,ETHUSDT,0.010000000000218279,529928.2785,6237672
2022-01-20,3084.02000000,3273.37000000,2987.15000000,3001.48000000,357596.70620000,1642723199999,1124982397.81013400,718946,178166.99190000,561491222.66494300,0,ETHUSDT,0.009999999999763531,529944.6916,6237747
2022-01-21,3001.48000000,3034.12000000,2403.00000000,2568.15000000,1022021.70024000,1642809599999,2828122722.88316470,1723216,492708.32186000,1364832200.32905200,0,ETHUSDT,0.010000000000218279,529976.338,6238087
2022-01-22,2567.47000000,2626.00000000,2300.00000000,2412.18000000,1081357.54893000,1642895999999,2652383041.99918560,1994513,527287.46361000,1293783666.72144000,0,ETHUSDT,0.010000000000218279,529864.4962,6237534
2022-01-23,2412.18000000,2556.78000000,2370.80000000,2539.01000000,580497.76130000,1642982399999,1431696375.61506600,1053655,300885.43100000,742655338.31451900,0,ETHUSDT,0.009999999999763531,529863.8421,6237519
2022-01-24,2539.00000000,2539.75000000,2159.00000000,2439.29000000,1123134.70389000,1643068799999,2592832133.20020060,1848889,556098.73488000,1284560488.68608120,0,ETHUSDT,0.009999999999763531,529836.8399,6237322
2022-01-25,2439.56000000,2506.55000000,2348.96000000,2458.83000000,510152.95400000,1643155199999,1237051148.43090000,946366,261026.42880000,633004042.49761300,0,ETHUSDT,0.010000000000218279,529840.3743,6237441
2022-01-26,2459.04000000,2722.00000000,2402.03000000,2462.99000000,806441.62289000,1643241599999,2058599145.34197230,1384921,405477.92029000,1034936471.49658330,0,ETHUSDT,0.009999999999763531,529861.7062,6237798
2022-01-27,2463.00000000,2521.00000000,2316.43000000,2424.25000000,599481.71590000,1643327999999,1448742950.45855600,1029204,308517.35700000,745718418.79699000,0,ETHUSDT,0.010000000000218279,529881.8706,6238286
2022-01-28,2424.02000000,2558.98000000,2357.88000000,2544.99000000,485149.80650000,1643414399999,1183543182.40824400,884305,243890.02150000,595442818.15709400,0,ETHUSDT,0.010000000000218279,529874.8863,6237912
2022-01-29,2544.99000000,2636.66000000,2520.01000000,2601.43000000,376666.82460000,1643500799999,966725225.78299500,656017,196742.39660000,504979471.31049200,0,ETHUSDT,0.010000000000218279,529966.5437,6238571
2022-01-30,2601.43000000,2640.00000000,2542.50000000,2601.68000000,290770.08590000,1643587199999,755039834.56512100,564478,147074.18890000,381845687.59660100,0,ETHUSDT,0.009999999999763531,529982.4124,6238805
2022-01-31,2601.67000000,2706.77000000,2476.07000000,2686.94000000,444584.85100000,1643673599999,1154488527.57942900,814997,226655.55320000,589826074.93944200,0,ETHUSDT,0.010000000000218279,530005.2551,6239331
2022-02-01,2686.94000000,2813.00000000,2673.52000000,2787.23000000,390034.27362000,1643759999999,1075341490.80335900,790343,199367.04362000,549663013.50423100,0,ETHUSDT,0.010000000000218279,530174.0582,6239978
2022-02-02,2787.48000000,2810.88000000,2612.72000000,2680.67000000,447852.12280000,1643846399999,1215958780.12261400,819863,225815.12340000,613110822.30080800,0,ETHUSDT,0.010000000000218279,530295.0918,6240718
2022-02-03,2680.25000000,2726.64000000,2576.05000000,2695.46000000,405043.39310000,1643932799999,1068724165.62182300,726013,207767.13680000,548363711.87962100,0,ETHUSDT,0.010000000000218279,530344.1589,6241281
2022-02-04,2695.21000000,2995.00000000,2671.40000000,2994.99000000,664002.93280000,1644019199999,1889746043.71504900,1235215,338287.35350000,962701411.48376900,0,ETHUSDT,0.009999999999763531,530389.4081,6241954
2022-02-05,2994.99000000,3060.47000000,2958.01000000,3012.65000000,356803.30710000,1644105599999,1073972573.34867300,730502,184328.56850000,554943551.86347100,0,ETHUSDT,0.010000000000218279,530402.7316,6242418
2022-02-06,3012.64000000,3074.56000000,2950.21000000,3054.99000000,249394.59660000,1644191999999,749957614.96860900,522276,125512.02740000,377549134.73321600,0,ETHUSDT,0.010000000000218279,530401.4681,6243095
2022-02-07,3055.00000000,3186.00000000,2991.80000000,3139.77000000,455070.25290000,1644278399999,1410603197.75688200,898923,236657.10490000,733764574.03392500,0,ETHUSDT,0.010000000000218279,530423.0519,6243461
2022-02-08,3139.77000000,3232.87000000,3025.21000000,3116.69000000,514773.58370000,1644364799999,1602652876.88149500,910882,258325.72810000,804657758.05028700,0,ETHUSDT,0.010000000000218279,530440.0166,6243814
2022-02-09,3116.69000000,3269.70000000,3055.00000000,3243.94000000,370267.89130000,1644451199999,1171445663.96422200,738015,200069.27190000,633521333.36843100,0,ETHUSDT,0.009999999999763531,530468.7092,6244394
2022-02-10,3243.60000000,3283.66000000,3056.74000000,3072.49000000,578212.83830000,1644537599999,1839815885.63563900,1039160,294389.95080000,937496491.53853800,0,ETHUSDT,0.009999999999763531,530437.5354,6244505
2022-02-11,3072.36000000,3138.62000000,2879.00000000,2927.54000000,462025.87510000,1644623999999,1404238408.51784200,912879,225347.51910000,685621003.99661200,0,ETHUSDT,0.010000000000218279,530415.4934,6244208
2022-02-12,2927.54000000,2985.98000000,2858.30000000,2918.88000000,336250.31310000,1644710399999,981432045.70335400,608416,165039.91860000,481542585.22478100,0,ETHUSDT,0.009999999999763531,530425.2668,6244463
2022-02-13,2918.58000000,2954.40000000,2836.70000000,2871.13000000,242751.35470000,1644796799999,705260941.48303700,444540,120559.55780000,350481622.86180700,0,ETHUSDT,0.010000000000218279,530429.8982,6244622
2022-02-14,2871.14000000,2964.97000000,2829.01000000,2929.75000000,381778.23800000,1644883199999,1107566192.88965800,607853,194221.87810000,563663360.65153900,0,ETHUSDT,0.010000000000218279,530431.9729,6244740
2022-02-15,2929.75000000,3196.19000000,2912.06000000,3183.52000000,448971.75400000,1644969599999,1381094746.21081100,795924,237944.87240000,732387823.95689200,0,ETHUSDT,0.010000000000218279,530434.8953,6244903
2022-02-16,3183.53000000,3186.77000000,3044.03000000,3122.30000000,319997.62440000,1645055999999,999219896.16878700,633447,155323.14930000,485323462.45579500,0,ETHUSDT,0.010000000000218279,530445.1993,6244967
2022-02-17,3122.31000000,3160.00000000,2851.55000000,2891.87000000,488693.26240000,1645142399999,1467352492.88789700,840552,233828.04280000,702011907.69001700,0,ETHUSDT,0.009999999999763531,530455.8386,6245219
2022-02-18,2891.88000000,2943.97000000,2750.00000000,2779.48000000,502977.40690000,1645228799999,1428246802.95318600,742459,249635.46510000,708728873.88638900,0,ETHUSDT,0.009999999999763531,530460.0363,6245262
2022-02-19,2779.30000000,2830.96000000,2694.45000000,2763.63000000,293838.00250000,1645315199999,812399991.55453000,474447,141892.30220000,392252672.87432300,0,ETHUSDT,0.010000000000218279,530457.1339,6245139
2022-02-20,2763.63000000,2764.64000000,2576.00000000,2621.99000000,386384.90400000,1645401599999,1023095361.85772400,615990,179982.38540000,476410884.46124000,0,ETHUSDT,0.010000000000218279,530466.8439,6245370
2022-02-21,2621.99000000,2759.51000000,2558.00000000,2568.02000000,761838.98580000,1645487999999,2030019705.14723700,1116485,375450.93580000,1001341576.75808700,0,ETHUSDT,0.009999999999763531,530481.9779,6245834
2022-02-22,2568.03000000,2665.74000000,2500.00000000,2636.29000000,692639.49420000,1645574399999,1787436157.60826700,1047915,350929.30360000,905871370.40048600,0,ETHUSDT,0.010000000000218279,530505.4518,6245977
2022-02-23,2636.28000000,2753.55000000,2575.83000000,2579.71000000,504470.14120000,1645660799999,1347740672.08534400,839481,248657.17450000,664765649.80641000,0,ETHUSDT,0.010000000000218279,530543.4576,6246225
2022-02-24,2579.70000000,2740.00000000,2300.00000000,2596.20000000,1395732.77530000,1645747199999,3417715584.18702500,1774038,707050.41890000,1732942191.41394700,0,ETHUSDT,0.010000000000218279,530503.8666,6246002
2022-02-25,2596.26000000,2834.97000000,2571.72000000,2768.49000000,679394.17620000,1645833599999,1818778014.60361100,1102014,360732.96760000,966041209.40969700,0,ETHUSDT,0.010000000000218279,530532.921,6246141
2022-02-26,2768.05000000,2878.00000000,2727.50000000,2779.47000000,418485.25290000,1645919999999,1169315477.80950000,781683,216251.69420000,604354686.84196400,0,ETHUSDT,0.010000000000218279,530524.3017,6246155
2022-02-27,2779.47000000,2836.33000000,2557.98000000,2616.79000000,650198.77850000,1646006399999,1757950720.80378100,1149184,318022.38750000,860366198.54340800,0,ETHUSDT,0.010000000000218279,530546.1462,6246097
2022-02-28,2616.79000000,2951.60000000,2568.62000000,2920.95000000,733794.44880000,1646092799999,2004492152.83827400,1203874,382192.18650000,1045287838.38604200,0,ETHUSDT,0.009999999999763531,530547.8308,6246109
2022-03-01,2920.83000000,3037.94000000,2854.09000000,2976.33000000,673901.69760000,1646179199999,1983738648.09162700,1237486,336703.76360000,991272629.43551100,0,ETHUSDT,0.010000000000218279,530595.3025,6245922
2022-03-02,2976.33000000,3043.91000000,2914.21000000,2947.30000000,614623.74610000,1646265599999,1828572588.46125600,1050193,307323.43190000,914601548.81006200,0,ETHUSDT,0.009999999999763531,530597.7661,6245963
2022-03-03,2947.31000000,2970.97000000,2785.00000000,2833.99000000,446192.23530000,1646351999999,1282099960.45834900,770738,215583.30990000,619536616.12240700,0,ETHUSDT,0.010000000000218279,530593.1637,6245916
2022-03-04,2834.00000000,2836.17000000,2573.00000000,2622.10000000,556178.75880000,1646438399999,1499282207.48279400,934846,272794.99110000,735559329.81133600,0,ETHUSDT,0.010000000000218279,530621.8911,6246196
2022-03-05,2622.11000000,2685.12000000,2589.38000000,2665.15000000,268730.30360000,1646524799999,709708518.86246400,531829,132344.54470000,349622255.23209900,0,ETHUSDT,0.009999999999763531,530624.2098,6246436
2022-03-06,2665.16000000,2676.29000000,2535.00000000,2551.29000000,336487.90990000,1646611199999,881200532.28550900,528787,158089.67630000,414180880.67566700,0,ETHUSDT,0.009999999999763531,530503.3909,6245969
2022-03-07,2551.30000000,2649.00000000,2445.00000000,2491.12000000,620171.67870000,1646697599999,1575658962.13564200,870430,311464.49960000,791626717.89508300,0,ETHUSDT,0.009999999999763531,530486.2742,6245877
2022-03-08,2491.12000000,2624.00000000,2480.15000000,2575.97000000,561659.74210000,1646783999999,1438848034.00870400,812094,282902.63710000,724775308.20674900,0,ETHUSDT,0.009999999999763531,530486.9482,6246256
2022-03-09,2575.98000000,2775.85000000,2567.70000000,2726.98000000,562771.74030000,1646870399999,1524779168.02215300,840331,296746.75950000,803535349.96780500,0,ETHUSDT,0.009999999999763531,530437.1133,6246049
2022-03-10,2726.98000000,2733.25000000,2550.27000000,2606.70000000,559029.93770000,1646956799999,1460470256.47573600,740676,264792.32850000,691745592.30044700,0,ETHUSDT,0.010000000000218279,530442.7491,6246369
2022-03-11,2606.69000000,2676.78000000,2522.57000000,2556.86000000,494583.65680000,1647043199999,1281060913.83551800,684407,248108.10420000,642646386.10719800,0,ETHUSDT,0.010000000000218279,530441.1336,6246597
2022-03-12,2556.86000000,2616.79000000,2553.39000000,2568.80000000,219236.57110000,1647129599999,567134036.89667600,327122,114440.83840000,296103645.66004400,0,ETHUSDT,0.010000000000218279,530382.9252,6246507
2022-03-13,2568.80000000,2603.32000000,2493.00000000,2515.65000000,316942.16010000,1647215999999,811775081.55799400,444352,148692.89640000,381067370.58215400,0,ETHUSDT,0.010000000000218279,530386.8943,6246708
2022-03-14,2515.66000000,2609.60000000,2498.67000000,2589.41000000,386630.19120000,1647302399999,991479973.09149400,609122,201825.46630000,517653965.18489200,0,ETHUSDT,0.010000000000218279,530380.1113,6246584
2022-03-15,2589.42000000,2669.00000000,2507.00000000,2617.73000000,461202.30140000,1647388799999,1189436494.53553700,686797,235635.14250000,608109166.51166900,0,ETHUSDT,0.010000000000218279,530353.3278,6246665
2022-03-16,2617.74000000,2788.00000000,2603.38000000,2773.81000000,666224.72170000,1647475199999,1792497068.36131000,1055171,338488.83880000,911512672.56937300,0,ETHUSDT,0.009999999999763531,530359.4805,6246920
2022-03-17,2773.80000000,2836.00000000,2746.42000000,2811.92000000,379312.54100000,1647561599999,1058301299.03375700,597885,192019.32120000,535967207.35133500,0,ETHUSDT,0.009999999999763531,530362.7283,6246960
2022-03-18,2811.91000000,2984.00000000,2765.59000000,2938.92000000,556535.79660000,1647647999999,1590887965.76135000,794774,295262.32630000,844515701.62729900,0,ETHUSDT,0.010000000000218279,530357.1042,6247000
2022-03-19,2938.84000000,2987.70000000,2890.86000000,2950.84000000,325971.53980000,1647734399999,961244629.51111800,556406,167607.07650000,494412072.82747500,0,ETHUSDT,0.010000000000218279,530361.9368,6247865
2022-03-20,2950.85000000,2964.17000000,2817.21000000,2861.38000000,377608.82140000,1647820799999,1089196046.05268500,651827,187345.61270000,540409984.01952800,0,ETHUSDT,0.010000000000218279,530369.2113,6247945
2022-03-21,2861.39000000,2960.57000000,2829.81000000,2890.03000000,450223.90730000,1647907199999,1305282353.58549500,690648,231550.14530000,671432670.69618500,0,ETHUSDT,0.010000000000218279,530343.1175,6247991
2022-03-22,2890.03000000,3052.85000000,2886.43000000,2969.64000000,564868.98390000,1647993599999,1692559175.06605500,920670,295987.28680000,886799022.42523300,0,ETHUSDT,0.009999999999763531,530370.079,6248270
2022-03-23,2969.64000000,3045.20000000,2920.65000000,3036.00000000,453962.72980000,1648079999999,1350911495.41666200,813052,226895.04740000,675451952.82377600,0,ETHUSDT,0.009999999999763531,530370.6559,6248385
2022-03-24,3035.99000000,3129.11000000,2999.11000000,3110.76000000,577171.52390000,1648166399999,1768485489.44613600,853822,298092.17100000,913674092.59510200,0,ETHUSDT,0.009999999999763531,530325.6585,6248036
2022-03-25,3110.75000000,3193.28000000,3076.00000000,3102.14000000,489099.55720000,1648252799999,1532535177.91705200,745999,245720.49730000,770253604.02914100,0,ETHUSDT,0.010000000000218279,530351.1747,6248212
2022-03-26,3102.13000000,3153.20000000,3084.90000000,3145.00000000,207134.84700000,1648339199999,646551585.68224700,403089,103598.49350000,323415530.75414600,0,ETHUSDT,0.010000000000218279,530343.786,6248368
2022-03-27,3145.01000000,3299.37000000,3126.02000000,3295.65000000,335467.41450000,1648425599999,1072163952.32208400,645675,181361.85620000,579807710.28581200,0,ETHUSDT,0.009999999999763531,530345.9984,6248644
2022-03-28,3295.65000000,3431.15000000,3275.01000000,3332.92000000,527237.11330000,1648511999999,1766636914.05138400,964079,270854.19570000,907605017.55763000,0,ETHUSDT,0.010000000000218279,530336.4009,6247659
2022-03-29,3332.91000000,3481.87000000,3329.68000000,3400.51000000,465899.82260000,1648598399999,1590016971.38855800,884317,231156.95700000,789137059.00101900,0,ETHUSDT,0.009999999999763531,530325.7909,6247420
2022-03-30,3400.51000000,3446.90000000,3331.84000000,3385.79000000,356082.52310000,1648684799999,1206555998.56790400,675015,181916.41480000,616519459.51942800,0,ETHUSDT,0.009999999999763531,530330.5001,6247585
2022-03-31,3385.80000000,3444.83000000,3261.35000000,3281.51000000,455091.23950000,1648771199999,1526047563.60251500,770564,216602.75050000,726452427.30871800,0,ETHUSDT,0.010000000000218279,530407.2052,6247530
2022-04-01,3281.51000000,3481.29000000,3210.68000000,3455.21000000,532169.23920000,1648857599999,1780259682.53293600,883079,268660.50140000,899094037.96239300,0,ETHUSDT,0.009999999999763531,530383.3333,6247766
2022-04-02,3455.20000000,3532.20000000,3433.14000000,3443.77000000,499893.29000000,1648943999999,1740311567.80643700,763785,245277.94430000,854137231.65821900,0,ETHUSDT,0.009999999999763531,530384.38,6247748
2022-04-03,3443.77000000,3580.34000000,3412.11000000,3521.91000000,381581.76830000,1649030399999,1334671716.89223800,619758,194051.93780000,678865118.43544500,0,ETHUSDT,0.009999999999763531,530393.9537,6247846
2022-04-04,3521.90000000,3547.00000000,3405.97000000,3519.50000000,449984.15860000,1649116799999,1564866359.68671600,810677,227537.10610000,791274569.73638800,0,ETHUSDT,0.010000000000218279,530456.5193,6248102
2022-04-05,3519.50000000,3555.00000000,3400.00000000,3406.99000000,397782.74370000,1649203199999,1383264215.87424500,674184,191093.89070000,665052981.21613200,0,ETHUSDT,0.010000000000218279,530458.998,6248154
2022-04-06,3407.00000000,3407.50000000,3162.39000000,3168.51000000,736273.10470000,1649289599999,2411228209.98698500,1098773,348042.46290000,1140287731.80204400,0,ETHUSDT,0.010000000000218279,530459.5395,6248105
2022-04-07,3168.52000000,3268.98000000,3143.15000000,3227.19000000,458179.32720000,1649375999999,1470465124.58207000,706382,233162.87130000,748511375.24814500,0,ETHUSDT,0.010000000000218279,530481.4809,6248396
2022-04-08,3227.20000000,3314.02000000,3173.52000000,3192.39000000,502422.50480000,1649462399999,1634901495.64532200,810752,250684.54440000,816205996.87171500,0,ETHUSDT,0.009999999999763531,530475.8001,6248138
2022-04-09,3192.39000000,3268.40000000,3181.28000000,3258.57000000,212444.25660000,1649548799999,683630508.15903500,386154,112210.74280000,361094272.72425500,0,ETHUSDT,0.009999999999763531,530550.1976,6248312
2022-04-10,3258.57000000,3307.22000000,3193.00000000,3203.04000000,232303.23260000,1649635199999,756032282.61413500,439811,110649.57410000,360491570.06600200,0,ETHUSDT,0.009999999999763531,530579.604,6248751
2022-04-11,3203.04000000,3213.63000000,2950.00000000,2979.74000000,693394.29120000,1649721599999,2127486125.62208000,969832,330445.60210000,1013511043.00733400,0,ETHUSDT,0.009999999999763531,530607.8732,6249427
2022-04-12,2979.75000000,3085.00000000,2950.00000000,3027.66000000,579522.95050000,1649807999999,1750871209.72000500,742214,295005.65580000,891311086.89011000,0,ETHUSDT,0.010000000000218279,530620.4847,6249899
2022-04-13,3027.65000000,3128.97000000,2996.86000000,3118.28000000,419101.49400000,1649894399999,1285303924.97881300,623328,215591.54890000,661284289.12581200,0,ETHUSDT,0.010000000000218279,530618.8452,6249682
2022-04-14,3118.28000000,3145.00000000,2976.30000000,3021.98000000,408382.55720000,1649980799999,1249759777.27142600,540399,195917.48960000,599778999.05239300,0,ETHUSDT,0.010000000000218279,530643.7368,6250350
2022-04-15,3021.98000000,3060.92000000,2993.13000000,3040.56000000,249626.29810000,1650067199999,755644733.73426600,388136,127112.38080000,384893733.16373100,0,ETHUSDT,0.010000000000218279,530647.4612,6250600
2022-04-16,3040.57000000,3086.10000000,3010.03000000,3059.30000000,176352.41650000,1650153599999,536234354.29734400,298000,91002.45950000,276791716.29839200,0,ETHUSDT,0.009999999999763531,530647.7542,6250853
2022-04-17,3059.30000000,3083.00000000,2981.70000000,2988.06000000,243772.07400000,1650239999999,742151590.62193300,389959,117250.93100000,357193639.07514600,0,ETHUSDT,0.009999999999763531,530646.4489,6250663
2022-04-18,2988.07000000,3069.60000000,2883.22000000,3055.56000000,510251.65360000,1650326399999,1508168472.86729800,703622,251979.41190000,745071559.38988800,0,ETHUSDT,0.010000000000218279,530654.1458,6250763
2022-04-19,3055.56000000,3131.00000000,3030.34000000,3101.77000000,359375.00380000,1650412799999,1106468538.11709800,521060,187636.84950000,577702948.84160700,0,ETHUSDT,0.009999999999763531,530652.3689,6250892
2022-04-20,3101.74000000,3166.50000000,3036.45000000,3076.04000000,415000.06850000,1650499199999,1285353922.30361200,571292,206446.81300000,639549546.68222200,0,ETHUSDT,0.010000000000218279,530661.0401,6250892
2022-04-21,3076.03000000,3180.00000000,2942.31000000,2983.58000000,562699.69700000,1650585599999,1736496193.47397300,719659,281522.19400000,869855348.79311700,0,ETHUSDT,0.010000000000218279,530661.4073,6251157
2022-04-22,2983.57000000,3034.32000000,2930.35000000,2962.39000000,452433.08200000,1650671999999,1350044345.25031500,604084,216294.73130000,645524337.46046900,0,ETHUSDT,0.009999999999763531,530667.0291,6251236
2022-04-23,2962.39000000,2978.03000000,2913.89000000,2933.03000000,187576.73240000,1650758399999,554261385.85153000,348435,89693.74550000,265012367.48111400,0,ETHUSDT,0.009999999999763531,530686.573,6251383
2022-04-24,2933.04000000,2967.06000000,2912.09000000,2921.00000000,218957.02220000,1650844799999,643702920.89106000,354013,106460.84050000,312977989.10013300,0,ETHUSDT,0.010000000000218279,530703.8244,6251791
2022-04-25,2920.99000000,3025.65000000,2797.01000000,3006.62000000,619198.36160000,1650931199999,1789151245.67650500,804935,304457.35790000,880321348.20941800,0,ETHUSDT,0.009999999999763531,530708.0233,6251940
2022-04-26,3006.63000000,3039.54000000,2767.00000000,2809.67000000,531184.35040000,1651017599999,1544470478.04639000,775652,259112.99560000,754001908.13238000,0,ETHUSDT,0.009999999999763531,530713.7646,6252175
2022-04-27,2809.68000000,2919.87000000,2794.46000000,2888.96000000,488951.24160000,1651103999999,1401317315.55232400,669916,246670.35190000,706994610.70957500,0,ETHUSDT,0.009999999999763531,530716.4089,6252454
2022-04-28,2888.95000000,2980.00000000,2853.83000000,2936.93000000,537392.99780000,1651190399999,1567476627.90868300,736818,273351.80610000,797420928.34863700,0,ETHUSDT,0.010000000000218279,530711.3835,6252365
2022-04-29,2936.92000000,2946.46000000,2776.63000000,2817.13000000,525978.14700000,1651276799999,1503869186.33302400,678273,255390.64620000,730762583.36202400,0,ETHUSDT,0.010000000000218279,530709.8962,6252279
2022-04-30,2817.13000000,2841.63000000,2709.26000000,2726.66000000,367757.24690000,1651363199999,1028113961.63270600,577285,171690.83770000,480105516.79256600,0,ETHUSDT,0.010000000000218279,530674.7687,6252374
2022-05-01,2726.67000000,2849.90000000,2716.13000000,2824.81000000,442544.87920000,1651449599999,1230927404.40615100,539462,228341.69930000,635079254.45912400,0,ETHUSDT,0.009999999999763531,530672.397,6252260
2022-05-02,2824.81000000,2894.22000000,2778.78000000,2856.54000000,521706.85670000,1651535999999,1476062750.21617700,625431,269834.12990000,763609796.90306100,0,ETHUSDT,0.009999999999763531,530683.1148,6252594
2022-05-03,2856.54000000,2861.47000000,2755.19000000,2781.70000000,371331.17960000,1651622399999,1046307600.93890600,490176,184363.89920000,519353347.81720400,0,ETHUSDT,0.010000000000218279,530670.7973,6252494
2022-05-04,2781.70000000,2965.85000000,2771.74000000,2940.64000000,548738.06680000,1651708799999,1572901182.25039100,742950,288893.94020000,828312420.07860900,0,ETHUSDT,0.009999999999763531,530681.5977,6252780
2022-05-05,2940.65000000,2954.65000000,2683.00000000,2747.97000000,734845.31940000,1651795199999,2055752498.21656700,935371,350520.42610000,980883294.22692500,0,ETHUSDT,0.010000000000218279,530632.405,6252586
2022-05-06,2747.96000000,2758.18000000,2632.95000000,2692.85000000,711449.32340000,1651881599999,1918267933.16530200,813458,349985.06580000,943463874.26934000,0,ETHUSDT,0.010000000000218279,530670.586,6252612
2022-05-07,2692.86000000,2704.36000000,2584.75000000,2635.34000000,371271.45320000,1651967999999,987464053.43056400,505005,178447.74790000,475117134.01016100,0,ETHUSDT,0.009999999999763531,530664.6381,6252565
2022-05-08,2635.35000000,2642.00000000,2484.00000000,2519.71000000,757615.34150000,1652054399999,1930282594.65906900,867730,369624.70960000,942238867.84091500,0,ETHUSDT,0.010000000000218279,530675.2838,6252447
2022-05-09,2519.71000000,2530.78000000,2225.00000000,2228.55000000,1574924.97930000,1652140799999,3725676633.13629700,1758980,785287.22220000,1857342023.71899500,0,ETHUSDT,0.009999999999763531,530691.4555,6252397
2022-05-10,2229.00000000,2457.34000000,2200.00000000,2342.05000000,1550626.13870000,1652227199999,3650912006.06274800,1851225,770089.06950000,1814101732.74985400,0,ETHUSDT,0.010000000000218279,530669.4466,6252223
2022-05-11,2342.04000000,2451.37000000,2005.00000000,2084.99000000,2022864.83806000,1652313599999,4605757119.99809900,2825340,1003328.68581000,2287433514.67404760,0,ETHUSDT,0.010000000000218279,530674.0462,6252489
2022-05-12,2084.99000000,2195.00000000,1800.00000000,1960.22000000,2305192.90836000,1652399999999,4485518775.57388500,2958830,1149413.56735000,2239195361.55537730,0,ETHUSDT,0.009999999999763531,530641.6926,6252656
2022-05-13,1960.22000000,2147.54000000,1940.23000000,2009.69000000,1134042.33870000,1652486399999,2355144482.31406800,1380079,571173.28610000,1185879372.00475000,0,ETHUSDT,0.009999999999763531,530645.5561,6252742
2022-05-14,2009.69000000,2070.06000000,1951.21000000,2056.48000000,563788.30780000,1652572799999,1136170835.74581700,794510,281099.51590000,566477120.58152200,0,ETHUSDT,0.009999999999763531,530664.2784,6253082
2022-05-15,2056.47000000,2167.00000000,2000.68000000,2145.29000000,514398.25870000,1652659199999,1067795595.55243200,677163,262025.17550000,544140622.26138300,0,ETHUSDT,0.009999999999763531,530667.6778,6253383
2022-05-16,2145.29000000,2145.29000000,1979.12000000,2023.66000000,822070.85310000,1652745599999,1672324751.61264400,1046115,408849.65760000,831576415.58978000,0,ETHUSDT,0.009999999999763531,530663.9794,6252752
2022-05-17,2023.66000000,2122.42000000,2008.00000000,2090.72000000,568249.04480000,1652831999999,1175068276.03826100,820184,285532.64930000,590471647.47291300,0,ETHUSDT,0.009999999999763531,530789.9461,6252946
2022-05-18,2090.72000000,2110.72000000,1908.00000000,1915.11000000,631577.23410000,1652918399999,1262292139.41420300,803676,312760.98210000,625432646.67021500,0,ETHUSDT,0.010000000000218279,530786.7352,6252767
2022-05-19,1915.11000000,2040.39000000,1903.18000000,2019.55000000,741476.97940000,1653004799999,1461787984.39102600,946509,379142.02800000,747524577.44186600,0,ETHUSDT,0.010000000000218279,530807.1286,6252801
2022-05-20,2019.55000000,2064.00000000,1923.00000000,1959.08000000,576981.53710000,1653091199999,1151839844.60796700,840589,288229.01470000,575366153.01031500,0,ETHUSDT,0.010000000000218279,530780.1455,6252592
2022-05-21,1959.08000000,1990.86000000,1937.36000000,1975.07000000,238869.76320000,1653177599999,470714672.58474200,417873,118346.04770000,233248483.57794000,0,ETHUSDT,0.010000000000218279,530797.2852,6252840
2022-05-22,1975.06000000,2056.41000000,1966.33000000,2043.19000000,355735.19270000,1653263999999,715445185.62783900,540257,183171.20670000,368425687.06190900,0,ETHUSDT,0.010000000000218279,530794.9334,6253093
2022-05-23,2043.19000000,2088.50000000,1957.12000000,1973.32000000,636085.02240000,1653350399999,1296599784.11331100,809254,302465.52840000,616921358.81748600,0,ETHUSDT,0.010000000000218279,530778.8141,6253080
2022-05-24,1973.33000000,1993.83000000,1913.02000000,1979.41000000,534096.97200000,1653436799999,1047864199.93236900,598082,266945.81460000,523855302.58501800,0,ETHUSDT,0.009999999999763531,530783.3837,6253226
2022-05-25,1979.40000000,2022.34000000,1934.61000000,1942.63000000,524786.30910000,1653523199999,1034922798.42268500,600224,262403.82460000,517508625.29000500,0,ETHUSDT,0.009999999999763531,530786.8344,6253346
2022-05-26,1942.64000000,1966.01000000,1735.00000000,1792.23000000,1168740.57514000,1653609599999,2157585473.51541430,1124028,568892.07240000,1050063563.94716820,0,ETHUSDT,0.009999999999763531,530816.9544,6253375
2022-05-27,1792.24000000,1822.26000000,1703.00000000,1727.27000000,1296693.28537000,1653695999999,2284866824.03757490,1226454,636298.35366000,1121310214.67693910,0,ETHUSDT,0.009999999999763531,530919.3847,6253666
2022-05-28,1727.26000000,1808.98000000,1722.26000000,1792.22000000,558271.18180000,1653782399999,988074924.55108900,645423,274929.08930000,486689625.02569900,0,ETHUSDT,0.009999999999763531,530920.1373,6253724
2022-05-29,1792.21000000,1827.40000000,1759.96000000,1813.64000000,432430.61100000,1653868799999,776046677.05792900,447003,220130.26830000,394977604.09088200,0,ETHUSDT,0.009999999999763531,530916.2059,6253795
2022-05-30,1813.64000000,2013.00000000,1803.18000000,1998.78000000,814922.83590000,1653955199999,1557925971.04764400,848129,429356.60230000,820387228.00402300,0,ETHUSDT,0.009999999999763531,530921.7348,6253791
2022-05-31,1998.78000000,2016.45000000,1925.00000000,1941.90000000,751103.42260000,1654041599999,1477853073.76775400,791367,372240.65660000,732469031.32057200,0,ETHUSDT,0.009999999999763531,530920.8136,6253740
2022-06-01,1941.90000000,1972.58000000,1763.75000000,1817.95000000,1037841.27060000,1654127999999,1954005475.23042100,973159,502588.51500000,947207203.23910800,0,ETHUSDT,0.009999999999763531,530926.8578,6253825
2022-06-02,1817.96000000,1853.05000000,1782.42000000,1834.08000000,788784.40170000,1654214399999,1434781730.18475400,793304,393723.50950000,716261889.85137800,0,ETHUSDT,0.009999999999763531,530936.09,6253531
2022-06-03,1834.09000000,1843.91000000,1737.00000000,1775.12000000,741282.53460000,1654300799999,1319239612.46290700,807046,359074.79910000,639037260.33993100,0,ETHUSDT,0.010000000000218279,530968.2172,6254250
2022-06-04,1775.13000000,1816.00000000,1748.43000000,1804.58000000,388279.45790000,1654387199999,689062742.98128400,402734,193658.90130000,343739405.01021200,0,ETHUSDT,0.010000000000218279,530977.6144,6254323
2022-06-05,1804.58000000,1830.17000000,1773.05000000,1806.23000000,371974.50610000,1654473599999,670583716.95639100,403935,186891.69890000,336909023.97925500,0,ETHUSDT,0.009999999999763531,531004.9684,6254572
2022-06-06,1806.22000000,1920.00000000,1804.35000000,1859.84000000,804250.35670000,1654559999999,1509754495.64725000,817039,405327.29790000,760750310.59494900,0,ETHUSDT,0.009999999999763531,531009.9855,6254700
2022-06-07,1859.84000000,1874.98000000,1725.13000000,1813.33000000,1397598.22880000,1654646399999,2491786694.53408700,1225296,693368.69970000,1236307195.99848100,0,ETHUSDT,0.010000000000218279,531375.0859,6255903
2022-06-08,1813.33000000,1838.77000000,1765.28000000,1791.88000000,941510.13730000,1654732799999,1696874614.38434800,820627,480434.18030000,865687999.82586600,0,ETHUSDT,0.009999999999763531,531485.3208,6255877
2022-06-09,1791.88000000,1833.00000000,1777.33000000,1788.81000000,535310.96180000,1654819199999,963245550.84315900,528098,264221.15780000,475519035.76369300,0,ETHUSDT,0.009999999999763531,531509.2481,6255819
2022-06-10,1788.80000000,1804.32000000,1655.93000000,1662.91000000,955035.79239000,1654905599999,1648304410.44631530,990969,456629.31930000,788205272.28778300,0,ETHUSDT,0.009999999999763531,531607.1958,6256343
2022-06-11,1662.91000000,1682.21000000,1496.74000000,1532.89000000,1220325.25420000,1654991999999,1914818053.83375830,1030360,584721.52941000,917977346.68339640,0,ETHUSDT,0.010000000000218279,531796.1092,6256436
2022-06-12,1532.89000000,1547.00000000,1423.00000000,1434.84000000,1563225.37018000,1655078399999,2311178755.26947200,1192382,770513.07795000,1139403038.69692290,0,ETHUSDT,0.009999999999763531,531840.4968,6256727
2022-06-13,1434.84000000,1455.00000000,1165.45000000,1209.82000000,3626351.66536000,1655164799999,4611744120.81747040,3047112,1791798.24942000,2278239124.08762710,0,ETHUSDT,0.010000000000218279,531931.4163,6257205
2022-06-14,1209.35000000,1268.45000000,1075.80000000,1208.90000000,2716493.80131000,1655251199999,3217818700.12419390,2225812,1348790.33831000,1598488294.15623550,0,ETHUSDT,0.009999999999763531,532132.7128,6257599
2022-06-15,1208.90000000,1250.00000000,1014.40000000,1237.52000000,3114823.13621000,1655337599999,3493040697.13765710,2868796,1545969.74767000,1735187764.94102600,0,ETHUSDT,0.010000000000218279,532317.084,6258413
2022-06-16,1237.53000000,1257.85000000,1051.55000000,1068.50000000,1447386.83040000,1655423999999,1649596819.73423900,1443117,712044.85730000,812156334.52252500,0,ETHUSDT,0.010000000000218279,532492.343,6259296
2022-06-17,1068.50000000,1118.00000000,1051.11000000,1086.94000000,1220677.94910000,1655510399999,1329091114.65008900,1118997,612161.03450000,666616721.78004100,0,ETHUSDT,0.009999999999763531,532602.9059,6259186
2022-06-18,1086.93000000,1097.58000000,881.56000000,995.13000000,2308983.51870000,1655596799999,2263399396.75372080,1911260,1101942.26213000,1080171003.60525850,0,ETHUSDT,0.009999999999763531,532629.4556,6259520
2022-06-19,995.12000000,1158.62000000,936.15000000,1128.53000000,2018599.44990000,1655683199999,2092850317.95139700,1796154,1026357.87190000,1064868109.35083900,0,ETHUSDT,0.010000000000218279,532653.1615,6259356
2022-06-20,1128.53000000,1170.00000000,1053.00000000,1128.24000000,1721772.91320000,1655769599999,1910020862.81368700,1585055,867678.58670000,962585144.22085500,0,ETHUSDT,0.010000000000218279,532653.4037,6259370
2022-06-21,1128.24000000,1194.00000000,1109.23000000,1125.85000000,1306095.37570000,1655855999999,1500605189.57253900,1295971,655284.85320000,752977829.69317200,0,ETHUSDT,0.010000000000218279,532651.2799,6259570
2022-06-22,1125.86000000,1127.33000000,1043.65000000,1050.19000000,1306959.85930000,1655942399999,1420433701.91995000,1132300,646031.57130000,702291074.91117800,0,ETHUSDT,0.009999999999763531,532654.2143,6259613
2022-06-23,1050.19000000,1155.00000000,1045.30000000,1144.72000000,1278257.08990000,1656028799999,1415452039.24151700,1031001,641656.73560000,710456786.56692500,0,ETHUSDT,0.010000000000218279,532670.6034,6259960
2022-06-24,1144.71000000,1245.43000000,1132.00000000,1225.02000000,1337137.48300000,1656115199999,1589113478.22871900,1232149,673998.32590000,800669596.49053300,0,ETHUSDT,0.009999999999763531,532688.6745,6260041
2022-06-25,1225.02000000,1256.77000000,1180.00000000,1242.36000000,861986.61770000,1656201599999,1048516642.21945900,824872,437886.33500000,532658837.55574500,0,ETHUSDT,0.010000000000218279,532713.7339,6260166
2022-06-26,1242.31000000,1280.00000000,1194.60000000,1197.79000000,884184.27300000,1656287999999,1094067725.45347500,812743,437940.25640000,542178116.01099300,0,ETHUSDT,0.010000000000218279,532834.9812,6260393
2022-06-27,1197.79000000,1238.93000000,1172.49000000,1192.51000000,868734.20610000,1656374399999,1047407117.87767200,794157,420783.44430000,507473498.50435900,0,ETHUSDT,0.009999999999763531,532837.1697,6260421
2022-06-28,1192.51000000,1237.99000000,1136.32000000,1144.05000000,1104065.22110000,1656460799999,1314982778.26740500,952584,533645.74870000,636188942.64082400,0,ETHUSDT,0.009999999999763531,533039.7585,6260783
2022-06-29,1144.05000000,1156.80000000,1087.42000000,1100.21000000,1295517.79600000,1656547199999,1449586742.87225400,1145867,652377.66080000,730169240.79728200,0,ETHUSDT,0.009999999999763531,533277.9876,6260638
2022-06-30,1100.21000000,1106.62000000,998.00000000,1071.01000000,1420670.36560000,1656633599999,1481000138.96328900,1180758,701019.92390000,730542636.47479400,0,ETHUSDT,0.010000000000218279,533282.3556,6260678
2022-07-01,1071.02000000,1117.00000000,1033.44000000,1059.73000000,1562255.14390000,1656719999999,1669000120.55004800,1218279,783385.86560000,837102080.57003500,0,ETHUSDT,0.009999999999763531,533323.5193,6260661
2022-07-02,1059.73000000,1078.88000000,1028.29000000,1067.01000000,714812.08040000,1656806399999,752813687.02771000,608900,360116.71870000,379291428.47776400,0,ETHUSDT,0.010000000000218279,533550.6772,6261650
2022-07-03,1067.01000000,1088.34000000,1040.78000000,1074.26000000,644746.33370000,1656892799999,686056543.19520600,562962,329544.21860000,350649880.77100900,0,ETHUSDT,0.010000000000218279,533779.6238,6263164
2022-07-04,1074.26000000,1160.90000000,1045.37000000,1151.00000000,1150108.98610000,1656979199999,1266934953.32642400,842895,572056.10280000,630242868.39746700,0,ETHUSDT,0.009999999999763531,533970.2944,6263976
2022-07-05,1151.01000000,1174.90000000,1076.34000000,1132.50000000,1398961.44950000,1657065599999,1578654373.51001800,1130646,711600.69880000,802654486.56543100,0,ETHUSDT,0.009999999999763531,534272.5361,6264773
2022-07-06,1132.51000000,1205.00000000,1111.44000000,1186.57000000,1211768.07570000,1657151999999,1388074909.87499100,1040498,610078.35130000,699225684.14221600,0,ETHUSDT,0.010000000000218279,534300.7445,6265481
2022-07-07,1186.57000000,1254.29000000,1163.18000000,1237.49000000,1001316.07900000,1657238399999,1208160386.33831300,877397,503991.63850000,608408627.11503000,0,ETHUSDT,0.009999999999763531,534306.1636,6265670
2022-07-08,1237.49000000,1276.46000000,1193.15000000,1214.04000000,1189518.36310000,1657324799999,1466331923.65061300,1233964,605091.03490000,746050709.07684300,0,ETHUSDT,0.009999999999763531,534465.761,6266563
2022-07-09,1214.03000000,1235.40000000,1204.67000000,1217.02000000,576337.18090000,1657411199999,702039918.54690500,716361,285933.88440000,348309048.79504600,0,ETHUSDT,0.010000000000218279,534478.269,6266991
2022-07-10,1217.02000000,1219.95000000,1153.00000000,1168.36000000,1018038.65060000,1657497599999,1200593502.21575100,680105,491394.20490000,579379645.60199100,0,ETHUSDT,0.010000000000218279,534492.5746,6267080
2022-07-11,1168.37000000,1171.29000000,1091.71000000,1096.40000000,1201652.30480000,1657583999999,1370709630.79611000,1165044,597646.03630000,681716660.92129400,0,ETHUSDT,0.009999999999763531,534531.7599,6267697
2022-07-12,1096.37000000,1098.26000000,1033.46000000,1038.58000000,1261349.63210000,1657670399999,1347752238.27462100,1142194,614931.85250000,657086240.91913500,0,ETHUSDT,0.009999999999763531,534448.7096,6267784
2022-07-13,1038.58000000,1119.18000000,1006.32000000,1115.00000000,2035605.82990000,1657756799999,2158672347.75807800,1423956,1030606.45230000,1093421247.31383200,0,ETHUSDT,0.009999999999763531,534434.8881,6268154
2022-07-14,1115.01000000,1214.65000000,1072.11000000,1193.42000000,1605101.92620000,1657843199999,1816929082.73288200,1611421,819667.26470000,928967444.42180800,0,ETHUSDT,0.010000000000218279,534437.4371,6267992
2022-07-15,1193.42000000,1287.82000000,1181.05000000,1231.25000000,1466037.25840000,1657929599999,1794058728.78452100,1170632,730397.20750000,894408671.96577700,0,ETHUSDT,0.009999999999763531,534461.0916,6268191
2022-07-16,1231.25000000,1422.91000000,1191.23000000,1355.85000000,1493809.92260000,1658015999999,1936527899.32549100,1678529,777667.41010000,1007657142.35450700,0,ETHUSDT,0.010000000000218279,534464.2897,6268573
2022-07-17,1355.84000000,1387.00000000,1319.04000000,1338.65000000,1246202.87950000,1658102399999,1687064377.69842000,1163593,626408.87920000,848289552.86427000,0,ETHUSDT,0.009999999999763531,534455.7496,6268906
2022-07-18,1338.65000000,1597.47000000,1336.07000000,1581.04000000,2029918.76521000,1658188799999,2980357374.79268500,1750043,1068091.40221000,1567562752.76841900,0,ETHUSDT,0.009999999999763531,534476.5524,6269261
2022-07-19,1581.03000000,1631.00000000,1493.11000000,1542.32000000,1846048.68160000,1658275199999,2856463586.86090900,1818358,918478.72300000,1421417593.98607100,0,ETHUSDT,0.009999999999763531,534479.809,6269471
2022-07-20,1542.33000000,1620.40000000,1484.23000000,1521.58000000,1351177.42470000,1658361599999,2109332407.42685600,1506300,672453.94770000,1050414631.78879800,0,ETHUSDT,0.009999999999763531,534476.1129,6269753
2022-07-21,1521.63000000,1605.98000000,1463.56000000,1575.45000000,1247327.49630000,1658447999999,1897833300.99776300,1282430,635917.62960000,968139590.42153100,0,ETHUSDT,0.009999999999763531,534645.5755,6270252
2022-07-22,1575.45000000,1650.05000000,1516.11000000,1535.27000000,1170723.08730000,1658534399999,1865036182.28467000,1295899,590259.75730000,941037922.80644000,0,ETHUSDT,0.009999999999763531,534759.5339,6270577
2022-07-23,1535.27000000,1596.51000000,1488.00000000,1548.67000000,851284.73390000,1658620799999,1310964570.18947800,950665,423093.99080000,651712229.25243900,0,ETHUSDT,0.010000000000218279,534779.1616,6270618
2022-07-24,1548.66000000,1664.34000000,1545.67000000,1597.70000000,1009935.89970000,1658707199999,1616289077.62887500,1238522,511819.24610000,819430645.34264000,0,ETHUSDT,0.009999999999763531,534785.296,6271036
2022-07-25,1597.70000000,1609.55000000,1435.58000000,1440.79000000,1418390.98090000,1658793599999,2151224738.81666100,1407648,690797.69360000,1048000398.97279300,0,ETHUSDT,0.009999999999763531,534860.9867,6271229
2022-07-26,1440.79000000,1454.11000000,1356.17000000,1449.12000000,1199643.74080000,1658879999999,1684928509.39957800,1175787,589360.89660000,827885085.88465100,0,ETHUSDT,0.010000000000218279,534863.2544,6271208
2022-07-27,1449.12000000,1644.44000000,1420.83000000,1635.74000000,1513426.04130000,1658966399999,2305847817.81058200,1547390,786958.50560000,1199839217.82687100,0,ETHUSDT,0.010000000000218279,534878.1758,6271525
2022-07-28,1635.74000000,1784.79000000,1593.27000000,1724.52000000,1578145.07555000,1659052799999,2644280824.31078100,1719118,801669.85615000,1343890731.51436100,0,ETHUSDT,0.010000000000218279,534991.2841,6271723
2022-07-29,1724.52000000,1765.99000000,1655.02000000,1721.68000000,1205266.57030000,1659139199999,2061258807.22678700,1439533,607250.68250000,1038603690.65321500,0,ETHUSDT,0.009999999999763531,535004.3355,6271975
2022-07-30,1721.68000000,1744.85000000,1673.01000000,1697.00000000,735132.52860000,1659225599999,1257726968.66585400,1028313,359773.17580000,615777525.20892200,0,ETHUSDT,0.009999999999763531,535021.4776,6271993
2022-07-31,1697.00000000,1754.69000000,1666.00000000,1678.12000000,696326.80790000,1659311999999,1186613538.12166500,886708,355783.34790000,606331297.18940200,0,ETHUSDT,0.009999999999763531,535054.0584,6272561
2022-08-01,1678.12000000,1704.68000000,1606.12000000,1630.28000000,801566.56480000,1659398399999,1328136208.95945400,1029570,392775.08480000,650859068.17517400,0,ETHUSDT,0.010000000000218279,535057.1818,6272873
2022-08-02,1630.28000000,1678.00000000,1559.28000000,1630.91000000,1081964.51040000,1659484799999,1745550410.99894500,1458878,533311.86440000,859848287.88463400,0,ETHUSDT,0.009999999999763531,535064.3077,6273194
2022-08-03,1630.91000000,1685.03000000,1589.71000000,1618.16000000,777724.74130000,1659571199999,1276328467.02225400,1112406,389458.73700000,639185361.89003400,0,ETHUSDT,0.009999999999763531,534960.6781,6272197
2022-08-04,1618.16000000,1662.79000000,1580.39000000,1607.96000000,735552.18100000,1659657599999,1190650505.14894600,1051634,364491.90280000,590046389.12159300,0,ETHUSDT,0.009999999999763531,535106.986,6272362
2022-08-05,1607.97000000,1742.07000000,1605.64000000,1736.81000000,1005846.47120000,1659743999999,1688798692.30733100,1404516,512103.18260000,860464588.37445400,0,ETHUSDT,0.009999999999763531,535123.9984,6272114
2022-08-06,1736.81000000,1749.93000000,1685.26000000,1690.60000000,523314.64440000,1659830399999,899479880.98720900,752873,273243.84840000,469642311.61818300,0,ETHUSDT,0.009999999999763531,535126.6236,6272127
2022-08-07,1690.60000000,1729.79000000,1668.00000000,1700.19000000,439904.76400000,1659916799999,745750151.38208700,692491,226220.14160000,383519031.53658200,0,ETHUSDT,0.009999999999763531,535133.7327,6272158
2022-08-08,1700.20000000,1818.00000000,1693.87000000,1777.05000000,781620.54430000,1660003199999,1379905145.70302100,987727,403146.57800000,711839570.83093400,0,ETHUSDT,0.010000000000218279,535136.1345,6272294
2022-08-09,1777.05000000,1790.83000000,1667.93000000,1702.76000000,818171.10190000,1660089599999,1406671817.08567300,1062267,398475.05390000,684898876.00059700,0,ETHUSDT,0.010000000000218279,535158.1492,6272464
2022-08-10,1702.76000000,1885.00000000,1656.78000000,1853.57000000,1317767.51270000,1660175999999,2346974815.06705600,1590681,685632.88560000,1223921617.95825900,0,ETHUSDT,0.010000000000218279,535251.2315,6272617
2022-08-11,1853.58000000,1942.00000000,1850.32000000,1880.19000000,1105261.90090000,1660262399999,2093718964.80063200,1324999,571243.89190000,1082235762.98020600,0,ETHUSDT,0.010000000000218279,535246.5651,6272117
2022-08-12,1880.19000000,1964.71000000,1853.06000000,1958.28000000,717628.10150000,1660348799999,1363895150.81011300,1027178,365935.01700000,695903467.37316700,0,ETHUSDT,0.010000000000218279,535265.015,6272304
2022-08-13,1958.28000000,2020.00000000,1946.50000000,1983.55000000,695876.02930000,1660435199999,1382235354.29249100,940869,359352.47120000,713880075.11279600,0,ETHUSDT,0.010000000000218279,535247.5803,6272133
2022-08-14,1983.55000000,2030.00000000,1906.00000000,1935.31000000,569583.48520000,1660521599999,1122186881.22395100,856767,284978.81080000,561687887.38430400,0,ETHUSDT,0.010000000000218279,535315.938,6272639
2022-08-15,1935.32000000,2012.47000000,1872.31000000,1899.06000000,949162.33050000,1660607999999,1824203091.99566700,1295615,470951.53290000,905389296.66333500,0,ETHUSDT,0.009999999999763531,535339.4212,6272951
2022-08-16,1899.05000000,1915.00000000,1853.00000000,1876.67000000,622729.14990000,1660694399999,1173013843.33804800,908578,305961.05570000,576443560.66698500,0,ETHUSDT,0.010000000000218279,535388.9929,6273160
2022-08-17,1876.67000000,1959.43000000,1818.74000000,1834.25000000,951824.89750000,1660780799999,1781033503.42342600,1179058,470464.10070000,880482286.43105400,0,ETHUSDT,0.009999999999763531,535467.932,6273327
2022-08-18,1834.24000000,1882.37000000,1821.25000000,1846.39000000,606254.02400000,1660867199999,1126844899.60774600,848806,296464.27380000,551092134.36411300,0,ETHUSDT,0.010000000000218279,535762.6168,6274062
2022-08-19,1846.39000000,1848.00000000,1602.37000000,1609.01000000,1419826.95150000,1660953599999,2447147973.00589100,1681256,675272.29330000,1163737621.67823500,0,ETHUSDT,0.009999999999763531,535849.2873,6274524
2022-08-20,1609.00000000,1657.08000000,1523.67000000,1576.04000000,914615.92260000,1661039999999,1468671141.09012200,1130991,454267.11050000,729678631.79778400,0,ETHUSDT,0.010000000000218279,535869.2658,6274748
2022-08-21,1576.03000000,1646.52000000,1562.34000000,1618.13000000,780662.60620000,1661126399999,1255041865.22443500,1000876,396587.44190000,637725950.43034600,0,ETHUSDT,0.009999999999763531,535874.5535,6274812
2022-08-22,1618.13000000,1629.72000000,1529.92000000,1624.66000000,941192.89540000,1661212799999,1483442567.23626500,1193059,468265.27690000,738188886.42197700,0,ETHUSDT,0.010000000000218279,535881.5201,6275171
2022-08-23,1624.65000000,1676.07000000,1563.76000000,1665.41000000,940246.93200000,1661299199999,1528222432.85183100,1195279,466987.52630000,758906669.97707500,0,ETHUSDT,0.010000000000218279,535882.0552,6274979
2022-08-24,1665.40000000,1694.13000000,1604.92000000,1656.56000000,744667.60780000,1661385599999,1228169659.88739400,993324,371514.76370000,612965815.58277700,0,ETHUSDT,0.010000000000218279,535907.8869,6275822
2022-08-25,1656.56000000,1722.00000000,1653.68000000,1695.11000000,603090.71300000,1661471999999,1023691864.19043900,869479,309268.84510000,524945702.12819200,0,ETHUSDT,0.009999999999763531,535976.9834,6275651
2022-08-26,1695.11000000,1706.45000000,1486.85000000,1508.18000000,1149912.82920000,1661558399999,1862598061.31820100,1488212,555637.49780000,900512150.99704700,0,ETHUSDT,0.009999999999763531,535980.008,6276394
2022-08-27,1508.18000000,1518.42000000,1447.52000000,1491.06000000,756136.67680000,1661644799999,1125859038.15453700,1015752,379636.67540000,565279624.96326200,0,ETHUSDT,0.010000000000218279,535983.4149,6276605
2022-08-28,1491.06000000,1511.00000000,1424.00000000,1426.76000000,544846.44860000,1661731199999,805616000.73922600,756843,264538.03770000,391369191.90600000,0,ETHUSDT,0.009999999999763531,535984.611,6276635
2022-08-29,1426.76000000,1559.99000000,1422.08000000,1551.80000000,826252.08310000,1661817599999,1230281044.88016900,1099487,418910.98200000,623872432.45436800,0,ETHUSDT,0.010000000000218279,535998.4725,6277129
2022-08-30,1551.79000000,1606.13000000,1473.61000000,1524.59000000,1003075.01720000,1661903999999,1551625838.93832400,1292499,498318.37380000,770988003.18958400,0,ETHUSDT,0.009999999999763531,536020.3882,6277577
2022-08-31,1524.59000000,1619.78000000,1524.59000000,1554.10000000,949227.67750000,1661990399999,1497596316.30099300,1471691,472367.89000000,745430154.40216300,0,ETHUSDT,0.009999999999763531,536056.6761,6277989
2022-09-01,1554.11000000,1599.00000000,1512.77000000,1586.16000000,728710.48200000,1662076799999,1133222116.03277200,1195229,362696.09540000,564116804.89093900,0,ETHUSDT,0.009999999999763531,536059.273,6278066
2022-09-02,1586.17000000,1650.00000000,1546.41000000,1575.35000000,919009.65980000,1662163199999,1471855448.35992600,1160858,465535.56940000,745690939.30661300,0,ETHUSDT,0.009999999999763531,536069.9369,6278274
2022-09-03,1575.35000000,1582.71000000,1534.28000000,1557.46000000,321397.21890000,1662249599999,500057144.51821700,562893,160362.00600000,249541318.09215600,0,ETHUSDT,0.009999999999763531,536070.2661,6278289
2022-09-04,1557.45000000,1583.66000000,1540.66000000,1579.28000000,296591.11660000,1662335999999,463177013.87598800,520856,151649.79120000,236891872.14548200,0,ETHUSDT,0.009999999999763531,536077.9607,6278742
2022-09-05,1579.29000000,1631.99000000,1556.56000000,1617.80000000,503492.93700000,1662422399999,797702531.39904600,718867,254761.82420000,403686557.44029700,0,ETHUSDT,0.009999999999763531,536084.5489,6278953
2022-09-06,1617.80000000,1687.40000000,1555.00000000,1559.01000000,1010722.85780000,1662508799999,1650513284.85284800,1294086,496027.97470000,810065371.43627600,0,ETHUSDT,0.010000000000218279,536084.8756,6279087
2022-09-07,1559.01000000,1657.50000000,1490.66000000,1630.00000000,850991.42430000,1662595199999,1326011621.85375200,1132986,430249.01930000,670977086.97062500,0,ETHUSDT,0.010000000000218279,536090.4403,6279608
2022-09-08,1630.00000000,1663.56000000,1595.06000000,1635.37000000,645124.00850000,1662681599999,1050551822.40818000,1015658,319059.83080000,519752582.70505600,0,ETHUSDT,0.010000000000218279,536080.858,6279509
2022-09-09,1635.37000000,1746.13000000,1630.51000000,1718.23000000,837458.21260000,1662767999999,1425281242.15555000,1066278,438441.49350000,746145541.10216100,0,ETHUSDT,0.010000000000218279,536054.5638,6279324
2022-09-10,1718.24000000,1789.00000000,1706.03000000,1774.12000000,411046.24660000,1662854399999,713890164.18250100,687951,212635.62140000,369484697.57283000,0,ETHUSDT,0.010000000000218279,536059.6704,6279554
2022-09-11,1774.12000000,1789.00000000,1720.10000000,1766.11000000,409287.72630000,1662940799999,720937620.96340100,645729,206627.71000000,364024270.15320600,0,ETHUSDT,0.009999999999763531,536062.3979,6279581
2022-09-12,1766.12000000,1783.00000000,1693.00000000,1716.37000000,630774.60320000,1663027199999,1093457780.48450000,979874,317746.06070000,551004112.61020100,0,ETHUSDT,0.010000000000218279,536069.4458,6280022
2022-09-13,1716.37000000,1760.51000000,1560.54000000,1574.40000000,1134549.72560000,1663113599999,1871967439.64955300,1337439,577750.73210000,953904597.54297500,0,ETHUSDT,0.010000000000218279,536128.5242,6279817
2022-09-14,1574.40000000,1647.01000000,1552.38000000,1638.39000000,764562.53930000,1663199999999,1222499363.04636600,1088561,401130.51880000,641555247.03558200,0,ETHUSDT,0.009999999999763531,536125.5675,6279881
2022-09-15,1638.40000000,1655.20000000,1458.00000000,1472.75000000,1335499.80470000,1663286399999,2095367507.33233400,1748683,677767.22230000,1065686121.99748000,0,ETHUSDT,0.010000000000218279,536136.5222,6280133
2022-09-16,1472.76000000,1483.35000000,1405.52000000,1433.90000000,693597.24250000,1663372799999,1006033555.19748100,1111984,339284.67190000,492281156.22353200,0,ETHUSDT,0.010000000000218279,536137.7548,6280146
2022-09-17,1433.90000000,1476.13000000,1409.12000000,1468.83000000,421391.37430000,1663459199999,608805593.71431500,694945,214030.86210000,309280515.75244900,0,ETHUSDT,0.009999999999763531,536145.9505,6279835
2022-09-18,1468.82000000,1469.63000000,1325.55000000,1334.51000000,804113.46800000,1663545599999,1118416540.56069700,990605,389497.83390000,541430482.23444900,0,ETHUSDT,0.009999999999763531,536155.5113,6280050
2022-09-19,1334.51000000,1393.35000000,1280.00000000,1375.98000000,974855.19800000,1663631999999,1293086590.94143200,1235360,490443.56970000,650755506.31086900,0,ETHUSDT,0.009999999999763531,536220.3229,6280261
2022-09-20,1375.98000000,1384.78000000,1312.71000000,1322.93000000,658027.14650000,1663718399999,889324871.23618300,981235,328109.05550000,443453372.52589700,0,ETHUSDT,0.010000000000218279,536233.1976,6280183
2022-09-21,1322.94000000,1408.90000000,1220.00000000,1245.78000000,1192266.73790000,1663804799999,1582450799.93747100,1445950,590492.76280000,785040538.00796300,0,ETHUSDT,0.009999999999763531,536239.2781,6280448
2022-09-22,1245.79000000,1350.08000000,1237.32000000,1326.46000000,904282.27250000,1663891199999,1165151398.83009600,1094636,459643.71830000,592453362.29720600,0,ETHUSDT,0.009999999999763531,536242.0564,6279718
2022-09-23,1326.47000000,1360.00000000,1262.15000000,1327.25000000,974052.36440000,1663977599999,1273403019.69252200,1233506,491489.01790000,642697282.13104800,0,ETHUSDT,0.010000000000218279,536256.8077,6279853
2022-09-24,1327.24000000,1349.33000000,1306.52000000,1317.13000000,517557.34970000,1664063999999,687931980.00860200,616390,260952.67880000,346899354.44723000,0,ETHUSDT,0.010000000000218279,536279.1801,6279742
2022-09-25,1317.13000000,1337.00000000,1269.27000000,1294.63000000,515533.84090000,1664150399999,674560079.18233900,640687,259096.29470000,339189179.21814500,0,ETHUSDT,0.009999999999763531,536278.0978,6279590
2022-09-26,1294.62000000,1340.42000000,1277.85000000,1336.17000000,799166.43330000,1664236799999,1048795559.35885700,934159,397345.20680000,521651019.46882400,0,ETHUSDT,0.010000000000218279,536267.0754,6279656
2022-09-27,1336.17000000,1400.00000000,1303.75000000,1328.02000000,860584.89440000,1664323199999,1170630640.62662500,1055212,433444.45410000,589596662.45611500,0,ETHUSDT,0.010000000000218279,536268.2645,6279600
2022-09-28,1328.01000000,1355.70000000,1253.20000000,1337.20000000,919314.91310000,1664409599999,1199743172.38530100,1075441,459746.47550000,600240588.08746700,0,ETHUSDT,0.010000000000218279,536257.9419,6279225
2022-09-29,1337.20000000,1352.02000000,1288.52000000,1335.70000000,770591.68950000,1664495999999,1022673511.08671100,950476,387626.09980000,514512068.21962200,0,ETHUSDT,0.009999999999763531,536268.7861,6279281
2022-09-30,1335.69000000,1373.19000000,1313.35000000,1328.72000000,740753.61100000,1664582399999,991505362.26530700,926935,376839.88640000,504471719.51146900,0,ETHUSDT,0.010000000000218279,536269.7346,6279307
2022-10-01,1328.71000000,1333.69000000,1302.68000000,1311.79000000,252081.90560000,1664668799999,332930112.02541200,347396,124307.81840000,164175871.43778200,0,ETHUSDT,0.010000000000218279,536264.5906,6279385
2022-10-02,1311.79000000,1317.93000000,1270.00000000,1276.72000000,371740.04070000,1664755199999,482595051.28171700,462476,180185.67300000,233988020.30947200,0,ETHUSDT,0.009999999999763531,536306.8437,6279311
2022-10-03,1276.72000000,1329.90000000,1263.04000000,1323.09000000,483775.24350000,1664841599999,631178676.53561100,598748,243945.53770000,318341465.18777200,0,ETHUSDT,0.009999999999763531,536328.7302,6279060
2022-10-04,1323.10000000,1369.55000000,1318.66000000,1361.49000000,476207.67020000,1664927999999,641511283.39828800,771766,246811.62940000,332479666.04073700,0,ETHUSDT,0.009999999999763531,536366.0818,6279159
2022-10-05,1361.50000000,1364.77000000,1316.29000000,1352.20000000,483508.77820000,1665014399999,649745323.36814600,695638,242935.04590000,326501048.61234200,0,ETHUSDT,0.010000000000218279,536430.7669,6279381
2022-10-06,1352.20000000,1383.99000000,1345.01000000,1352.06000000,573975.32400000,1665100799999,783638743.15570200,789673,282964.40590000,386401468.22593200,0,ETHUSDT,0.010000000000218279,536441.4095,6279171
2022-10-07,1352.07000000,1361.75000000,1317.26000000,1331.10000000,491999.87760000,1665187199999,659508723.35405300,679464,247253.62570000,331432604.80185800,0,ETHUSDT,0.009999999999763531,536536.9033,6279367
2022-10-08,1331.10000000,1337.35000000,1303.51000000,1315.48000000,203391.66120000,1665273599999,269448439.33934800,383251,98609.88930000,130665491.90867100,0,ETHUSDT,0.010000000000218279,536543.4778,6279434
2022-10-09,1315.48000000,1329.00000000,1307.26000000,1323.13000000,186201.91850000,1665359999999,245547831.32053100,328378,95721.42730000,126231603.56677100,0,ETHUSDT,0.010000000000218279,536542.545,6279420
2022-10-10,1323.13000000,1338.00000000,1288.00000000,1290.03000000,393663.01140000,1665446399999,515800751.33841500,587314,193142.13320000,253142658.79481100,0,ETHUSDT,0.010000000000218279,536542.134,6279117
2022-10-11,1290.03000000,1298.00000000,1267.01000000,1280.11000000,429430.39410000,1665532799999,550448836.80929700,583107,206198.46960000,264371667.44046400,0,ETHUSDT,0.010000000000218279,536542.1664,6279104
2022-10-12,1280.11000000,1306.87000000,1275.25000000,1294.44000000,369712.57590000,1665619199999,478797824.54198200,477911,185886.24430000,240749511.84766400,0,ETHUSDT,0.009999999999763531,536556.3158,6278970
2022-10-13,1294.44000000,1301.58000000,1190.00000000,1287.08000000,945618.31630000,1665705599999,1183462907.93014500,1135833,465364.41550000,582668649.54800400,0,ETHUSDT,0.009999999999763531,536776.1806,6279731
2022-10-14,1287.08000000,1343.12000000,1283.39000000,1296.27000000,669742.80930000,1665791999999,883059208.71446400,788710,329632.53400000,434825344.15272900,0,ETHUSDT,0.009999999999763531,536800.7962,6279754
2022-10-15,1296.26000000,1301.69000000,1263.64000000,1274.92000000,287100.95290000,1665878399999,368914560.65821300,396464,138436.05960000,177899205.22279400,0,ETHUSDT,0.010000000000218279,536816.0797,6280214
2022-10-16,1274.93000000,1315.35000000,1274.67000000,1305.95000000,293321.36320000,1665964799999,379290237.63945800,397092,149695.15230000,193561709.41425100,0,ETHUSDT,0.010000000000218279,536816.5667,6280144
2022-10-17,1305.96000000,1338.57000000,1295.64000000,1331.40000000,459848.49410000,1666051199999,606979972.11902400,553275,230951.51060000,304878458.69521700,0,ETHUSDT,0.009999999999763531,536835.3437,6280484
2022-10-18,1331.39000000,1341.73000000,1286.72000000,1310.71000000,572728.91890000,1666137599999,755297911.29191000,603600,277789.79160000,366388382.88029700,0,ETHUSDT,0.009999999999763531,536850.4561,6280484
2022-10-19,1310.71000000,1313.50000000,1280.31000000,1285.09000000,368637.51050000,1666223999999,478516630.18702300,472022,180735.50010000,234645769.59913900,0,ETHUSDT,0.009999999999763531,536853.194,6280638
2022-10-20,1285.09000000,1310.87000000,1270.36000000,1282.57000000,428531.61030000,1666310399999,552593958.21273500,558080,209367.63060000,270050670.66826200,0,ETHUSDT,0.010000000000218279,536858.4702,6281031
2022-10-21,1282.57000000,1306.97000000,1252.65000000,1299.75000000,468076.79860000,1666396799999,600999941.10653300,572819,234959.21240000,301708822.64696400,0,ETHUSDT,0.010000000000218279,536853.7788,6281037
2022-10-22,1299.76000000,1320.20000000,1294.32000000,1313.61000000,221776.70070000,1666483199999,290111447.62808100,323066,116471.68980000,152357813.95302600,0,ETHUSDT,0.010000000000218279,536842.1761,6281327
2022-10-23,1313.62000000,1371.55000000,1299.44000000,1364.20000000,432269.46000000,1666569599999,576212623.60030400,496386,223572.87720000,298246827.05337500,0,ETHUSDT,0.010000000000218279,536823.4124,6280920
2022-10-24,1364.19000000,1370.60000000,1324.17000000,1343.61000000,611830.79700000,1666655999999,822740466.67339600,698241,299655.75890000,402885161.80432200,0,ETHUSDT,0.010000000000218279,536836.8426,6281003
2022-10-25,1343.61000000,1525.16000000,1334.94000000,1459.74000000,1127932.90120000,1666742399999,1612140846.30515700,1205998,576939.59230000,824866579.46419200,0,ETHUSDT,0.010000000000218279,536838.0339,6280929
2022-10-26,1459.74000000,1594.99000000,1457.44000000,1566.10000000,1236044.70230000,1666828799999,1896388070.24978500,1357864,638243.45630000,979231645.53733300,0,ETHUSDT,0.010000000000218279,536854.0523,6280893
2022-10-27,1566.11000000,1578.58000000,1503.20000000,1514.05000000,869454.48510000,1666915199999,1345399838.03733400,1122874,434901.72380000,673225442.60934900,0,ETHUSDT,0.009999999999763531,536859.7699,6280967
2022-10-28,1514.04000000,1574.90000000,1479.82000000,1554.41000000,858954.44250000,1667001599999,1309517416.24114100,999855,446580.48910000,680822022.30675900,0,ETHUSDT,0.010000000000218279,536869.547,6281571
2022-10-29,1554.40000000,1663.06000000,1547.66000000,1619.55000000,914161.08460000,1667087999999,1477815830.63917300,1094332,466874.54720000,754548207.57711100,0,ETHUSDT,0.010000000000218279,536830.6441,6281263
2022-10-30,1619.55000000,1640.06000000,1576.56000000,1590.44000000,476036.42430000,1667174399999,762732547.09158300,705583,237790.30560000,381025931.90976300,0,ETHUSDT,0.010000000000218279,536841.3173,6281183
2022-10-31,1590.45000000,1635.80000000,1545.43000000,1572.69000000,810334.24140000,1667260799999,1283098004.76573700,1024808,404153.87750000,640094838.12187600,0,ETHUSDT,0.010000000000218279,536839.8139,6281087
2022-11-01,1572.69000000,1612.92000000,1563.69000000,1578.48000000,527539.29650000,1667347199999,836251567.42464300,702747,266946.89610000,423274271.09232400,0,ETHUSDT,0.009999999999763531,536885.7118,6281196
2022-11-02,1578.47000000,1621.68000000,1502.32000000,1518.34000000,981395.36480000,1667433599999,1534786415.43920700,1171091,491587.14030000,769273458.58991700,0,ETHUSDT,0.009999999999763531,536886.1302,6281048
2022-11-03,1518.33000000,1559.01000000,1515.17000000,1531.01000000,560202.88130000,1667519999999,863253444.76684000,678608,272210.54040000,419476842.24071800,0,ETHUSDT,0.009999999999763531,536886.5743,6280979
2022-11-04,1531.01000000,1680.00000000,1528.40000000,1644.78000000,935531.47810000,1667606399999,1503427052.72076800,1072186,476524.16780000,765537531.05385000,0,ETHUSDT,0.010000000000218279,536897.1126,6281244
2022-11-05,1644.78000000,1666.97000000,1621.42000000,1626.98000000,351385.53620000,1667692799999,577061606.73372800,480888,181908.96990000,298805281.16278100,0,ETHUSDT,0.010000000000218279,536895.3318,6281192
2022-11-06,1626.98000000,1639.02000000,1564.39000000,1568.29000000,414863.95250000,1667779199999,668569491.57751300,545053,202922.14920000,327166389.68117700,0,ETHUSDT,0.010000000000218279,536823.4936,6281353
2022-11-07,1568.25000000,1608.04000000,1545.03000000,1568.10000000,642409.44940000,1667865599999,1013046543.98043900,851962,324994.20630000,512801340.08884400,0,ETHUSDT,0.010000000000218279,536780.0305,6281140
2022-11-08,1568.09000000,1579.98000000,1233.00000000,1334.77000000,2339916.50890000,1667951999999,3356475001.54590500,2874276,1149464.09710000,1650334828.22093900,0,ETHUSDT,0.010000000000218279,536771.4139,6281209
2022-11-09,1334.78000000,1337.16000000,1073.53000000,1102.73000000,2494797.93570000,1668038399999,3021176147.39616100,3172468,1226565.31670000,1486145674.66708400,0,ETHUSDT,0.009999999999763531,536759.5299,6280398
2022-11-10,1102.73000000,1350.00000000,1085.93000000,1299.28000000,1975955.67670000,1668124799999,2443394252.53036600,2800795,981919.00470000,1215403138.07268200,0,ETHUSDT,0.009999999999763531,536761.0827,6280318
2022-11-11,1299.28000000,1310.00000000,1201.26000000,1289.28000000,1308087.14980000,1668211199999,1652414528.52089100,2118330,666760.44290000,842409276.36576000,0,ETHUSDT,0.009999999999763531,536768.0536,6280426
2022-11-12,1289.35000000,1292.16000000,1238.70000000,1257.25000000,547772.91720000,1668297599999,693031301.59888900,933438,272855.74000000,345185291.20607200,0,ETHUSDT,0.010000000000218279,536781.1381,6280631
2022-11-13,1257.25000000,1274.23000000,1200.66000000,1221.49000000,547410.53040000,1668383999999,676891239.24415900,896665,265237.61420000,327948706.75412400,0,ETHUSDT,0.010000000000218279,536771.7008,6280720
2022-11-14,1221.50000000,1291.20000000,1171.13000000,1243.28000000,934742.00590000,1668470399999,1152982945.60203200,1471485,456733.10980000,563900777.05335800,0,ETHUSDT,0.009999999999763531,536773.2946,6280835
2022-11-15,1243.29000000,1291.00000000,1234.01000000,1253.23000000,632825.56800000,1668556799999,798023541.20805200,961779,314465.00080000,396586172.90633900,0,ETHUSDT,0.009999999999763531,536760.7502,6281498
2022-11-16,1253.22000000,1268.67000000,1187.06000000,1216.17000000,673339.72150000,1668643199999,826025937.83629100,969295,317652.45540000,389344092.72058400,0,ETHUSDT,0.010000000000218279,536713.3406,6281197
2022-11-17,1216.16000000,1228.22000000,1181.05000000,1200.43000000,530537.34880000,1668729599999,638342419.85593100,719509,262166.34080000,315405113.08700900,0,ETHUSDT,0.009999999999763531,536717.0193,6281190
2022-11-18,1200.42000000,1234.00000000,1199.18000000,1212.58000000,360218.53370000,1668815999999,437658373.67435900,493436,172730.68590000,209826940.05066700,0,ETHUSDT,0.009999999999763531,536725.7922,6281199
2022-11-19,1212.58000000,1235.00000000,1197.67000000,1217.67000000,209789.58880000,1668902399999,254211466.15160900,330573,102589.38830000,124372124.37579200,0,ETHUSDT,0.009999999999763531,536731.168,6281084
2022-11-20,1217.67000000,1227.07000000,1132.65000000,1142.21000000,531108.76070000,1668988799999,625008081.79912000,693003,255481.62770000,300661282.06958700,0,ETHUSDT,0.010000000000218279,536756.3222,6281397
2022-11-21,1142.21000000,1146.99000000,1079.76000000,1107.34000000,922647.94540000,1669075199999,1031424505.49832800,1063296,456812.34790000,510689566.36272000,0,ETHUSDT,0.009999999999763531,536756.7033,6281402
2022-11-22,1107.34000000,1146.13000000,1075.00000000,1139.60000000,748884.57910000,1669161599999,831782462.69652700,899796,369543.43580000,410610955.80970000,0,ETHUSDT,0.009999999999763531,536753.784,6281315
2022-11-23,1139.59000000,1190.00000000,1127.75000000,1184.52000000,636927.15940000,1669247999999,741271142.43009800,767861,315676.49720000,367379226.82662300,0,ETHUSDT,0.009999999999763531,536796.1243,6281527
2022-11-24,1184.52000000,1217.71000000,1180.60000000,1203.73000000,486080.61230000,1669334399999,583303022.42364200,616769,248655.77130000,298296381.13111600,0,ETHUSDT,0.010000000000218279,536901.5223,6281999
2022-11-25,1203.72000000,1207.77000000,1171.20000000,1199.30000000,391430.16580000,1669420799999,465159072.75730500,581961,204292.82130000,242755084.31180800,0,ETHUSDT,0.009999999999763531,536902.7351,6282157
2022-11-26,1199.29000000,1235.66000000,1196.20000000,1205.60000000,379840.81160000,1669507199999,461938380.00420100,566155,181365.63550000,220556616.55439000,0,ETHUSDT,0.009999999999763531,536979.9138,6282777
2022-11-27,1205.61000000,1223.33000000,1188.65000000,1193.88000000,286386.79860000,1669593599999,347218857.86797600,458378,141119.93160000,171104378.52927700,0,ETHUSDT,0.010000000000218279,536994.9812,6282948
2022-11-28,1193.88000000,1199.25000000,1151.02000000,1167.77000000,478795.60930000,1669679999999,560568777.56025100,708380,230574.25190000,269886004.46599700,0,ETHUSDT,0.010000000000218279,536988.1486,6283029
2022-11-29,1167.77000000,1228.37000000,1158.27000000,1216.49000000,512143.58610000,1669766399999,617963786.60191500,789552,269667.32260000,325456756.06384300,0,ETHUSDT,0.010000000000218279,536949.1042,6282823
2022-11-30,1216.49000000,1309.77000000,1212.50000000,1294.46000000,815679.27170000,1669852799999,1038748742.50375800,985173,429518.05030000,546961764.68672600,0,ETHUSDT,0.010000000000218279,536949.2552,6282811
2022-12-01,1294.46000000,1299.90000000,1262.77000000,1276.41000000,430018.73910000,1669939199999,550769676.04408400,587711,223232.55670000,286025115.77239600,0,ETHUSDT,0.009999999999763531,536981.5518,6282798
2022-12-02,1276.40000000,1297.18000000,1265.24000000,1295.59000000,371559.58500000,1670025599999,475691291.45506300,547512,185493.87190000,237530991.33100200,0,ETHUSDT,0.009999999999763531,536973.5759,6282733
2022-12-03,1295.58000000,1309.00000000,1236.26000000,1240.51000000,347148.25880000,1670111999999,441457418.33191900,594082,156776.87260000,199497713.81143500,0,ETHUSDT,0.010000000000218279,536987.4645,6282774
2022-12-04,1240.50000000,1287.19000000,1240.10000000,1279.41000000,324129.54660000,1670198399999,409404653.04847500,498321,160510.72050000,202806342.47493300,0,ETHUSDT,0.010000000000218279,536993.0323,6283297
2022-12-05,1279.40000000,1305.11000000,1246.61000000,1259.41000000,391628.51660000,1670284799999,501560285.69950900,612914,188633.40440000,241637874.93423300,0,ETHUSDT,0.010000000000218279,536994.4886,6283026
2022-12-06,1259.41000000,1274.76000000,1241.56000000,1271.32000000,301631.83900000,1670371199999,379095106.35530500,471097,149004.53140000,187290980.77594100,0,ETHUSDT,0.010000000000218279,536950.5262,6282515
2022-12-07,1271.31000000,1278.69000000,1218.01000000,1231.18000000,398559.51660000,1670457599999,492706380.52673400,530298,199333.71620000,246456887.45924200,0,ETHUSDT,0.009999999999763531,536955.9831,6282884
2022-12-08,1231.18000000,1292.58000000,1222.01000000,1280.18000000,406653.54470000,1670543999999,509776313.42383900,559884,205497.44070000,257709787.50456100,0,ETHUSDT,0.010000000000218279,536962.506,6283137
2022-12-09,1280.18000000,1296.64000000,1250.00000000,1263.10000000,406008.00320000,1670630399999,518804946.77146900,540078,203800.26180000,260457302.28889800,0,ETHUSDT,0.009999999999763531,536969.7831,6283380
2022-12-10,1263.11000000,1283.61000000,1259.60000000,1266.35000000,182278.63960000,1670716799999,231301933.59019100,322453,92997.35720000,118041863.78333400,0,ETHUSDT,0.009999999999763531,536979.8485,6283542
2022-12-11,1266.35000000,1284.75000000,1255.85000000,1263.01000000,180494.90200000,1670803199999,229443304.73303100,314531,87913.71110000,111776911.34862300,0,ETHUSDT,0.009999999999763531,536932.0879,6282847
2022-12-12,1263.00000000,1278.90000000,1240.03000000,1275.40000000,363750.54810000,1670889599999,456347758.27784300,489887,186055.40560000,233526613.59840100,0,ETHUSDT,0.010000000000218279,536928.5553,6282977
2022-12-13,1275.41000000,1349.00000000,1255.10000000,1320.69000000,659393.88250000,1670975999999,859595295.37889500,813791,332861.67270000,433540760.59346500,0,ETHUSDT,0.010000000000218279,536910.1705,6282848
2022-12-14,1320.69000000,1352.72000000,1301.00000000,1307.44000000,554465.57170000,1671062399999,734778540.99399600,548806,274178.37890000,363405616.85823100,0,ETHUSDT,0.010000000000218279,536920.3018,6283031
2022-12-15,1307.45000000,1311.14000000,1259.27000000,1266.54000000,390051.24470000,1671148799999,499233719.98567900,445162,182051.35450000,233047939.21844900,0,ETHUSDT,0.009999999999763531,536920.8102,6283216
2022-12-16,1266.53000000,1280.06000000,1155.32000000,1166.83000000,751422.27790000,1671235199999,907833696.28801300,883071,363283.56300000,438474640.41697300,0,ETHUSDT,0.010000000000218279,536914.7066,6283011
2022-12-17,1166.82000000,1190.03000000,1161.92000000,1187.16000000,328881.62810000,1671321599999,387145994.35297400,443309,163631.63230000,192633850.85448200,0,ETHUSDT,0.009999999999763531,536919.6106,6283107
2022-12-18,1187.16000000,1199.54000000,1170.32000000,1183.06000000,252260.14400000,1671407999999,298608427.35278700,385205,124008.68710000,146847301.70368800,0,ETHUSDT,0.009999999999763531,536943.8252,6283497
2022-12-19,1183.06000000,1195.00000000,1150.51000000,1167.82000000,296832.72280000,1671494399999,349312990.37441400,443756,141432.17400000,166469165.02225500,0,ETHUSDT,0.009999999999763531,536945.7452,6283515
2022-12-20,1167.82000000,1230.47000000,1163.12000000,1216.94000000,465184.19430000,1671580799999,561079146.68002500,624202,242142.52980000,292031275.38844100,0,ETHUSDT,0.009999999999763531,536947.5438,6283633
2022-12-21,1216.95000000,1223.39000000,1203.02000000,1213.78000000,245723.83770000,1671667199999,297776619.12634300,413931,124553.68370000,150934466.64586600,0,ETHUSDT,0.009999999999763531,536947.8727,6283432
2022-12-22,1213.78000000,1237.99000000,1182.54000000,1217.71000000,336761.65980000,1671753599999,406520096.76670900,488758,171017.80890000,206458932.22352400,0,ETHUSDT,0.010000000000218279,536949.0528,6283436
2022-12-23,1217.72000000,1231.99000000,1210.00000000,1219.99000000,278604.28820000,1671839999999,340146608.67751000,439410,139743.61830000,170624401.90260800,0,ETHUSDT,0.010000000000218279,536971.952,6284383
2022-12-24,1219.98000000,1227.99000000,1214.69000000,1220.41000000,123701.53010000,1671926399999,150864338.67347900,296993,61777.47840000,75339103.82417200,0,ETHUSDT,0.009999999999763531,536960.4604,6284430
2022-12-25,1220.42000000,1225.00000000,1193.18000000,1218.51000000,231652.06120000,1672012799999,280833354.71144900,379422,115203.35560000,139649666.45309600,0,ETHUSDT,0.010000000000218279,536962.4973,6284485
2022-12-26,1218.52000000,1231.09000000,1211.67000000,1228.11000000,162723.08570000,1672099199999,198389481.17989500,308520,79649.39150000,97114950.56207400,0,ETHUSDT,0.009999999999763531,536974.9048,6284355
2022-12-27,1228.12000000,1233.73000000,1200.58000000,1211.55000000,262437.63980000,1672185599999,319100139.54270900,372190,129218.28390000,157132571.23897200,0,ETHUSDT,0.010000000000218279,536981.664,6284640
2022-12-28,1211.55000000,1215.78000000,1181.06000000,1190.15000000,367828.89140000,1672271999999,439875906.99219500,474792,178354.66000000,213269645.02540200,0,ETHUSDT,0.009999999999763531,536997.7269,6284610
2022-12-29,1190.15000000,1206.57000000,1186.77000000,1200.49000000,249130.48690000,1672358399999,298245107.21298000,377201,123380.91020000,147692321.90730000,0,ETHUSDT,0.009999999999763531,537078.5155,6284765
2022-12-30,1200.48000000,1202.15000000,1181.08000000,1199.99000000,266014.21150000,1672444799999,317524824.57778700,364383,130580.93890000,155866697.38757200,0,ETHUSDT,0.010000000000218279,537084.4281,6285034
2022-12-31,1199.98000000,1208.46000000,1191.66000000,1196.13000000,139379.28110000,1672531199999,167161720.78087000,261569,70227.53650000,84226208.30299400,0,ETHUSDT,0.010000000000218279,537133.624,6285314
2023-01-01,1196.13000000,1204.67000000,1190.57000000,1200.34000000,117762.06850000,1672617599999,141014996.65570800,233151,60055.50070000,71918680.42880500,0,ETHUSDT,0.010000000000218279,537143.1106,6285090
2023-01-02,1200.33000000,1224.29000000,1193.00000000,1214.00000000,252794.14000000,1672703999999,306657437.52747900,330000,123469.94340000,149737175.61059500,0,ETHUSDT,0.010000000000218279,537146.8948,6285232
2023-01-03,1213.99000000,1219.89000000,1204.93000000,1214.55000000,205519.49440000,1672790399999,249325343.25224500,296709,97873.35150000,118760573.01080900,0,ETHUSDT,0.009999999999763531,537147.3659,6285538
2023-01-04,1214.56000000,1272.60000000,1212.71000000,1256.90000000,457799.66480000,1672876799999,571805761.15805500,526420,236858.34270000,295758154.62116400,0,ETHUSDT,0.010000000000218279,537158.4721,6286590
2023-01-05,1256.91000000,1259.95000000,1242.81000000,1251.24000000,272805.33000000,1672963199999,341379819.27811000,339445,137396.56290000,171968288.82744000,0,ETHUSDT,0.009999999999763531,537107.1379,6286364
2023-01-06,1251.25000000,1276.70000000,1236.00000000,1269.14000000,342344.20230000,1673049599999,429648347.11260300,444840,172277.49220000,216252876.92283600,0,ETHUSDT,0.009999999999763531,537107.67,6286301
2023-01-07,1269.13000000,1271.09000000,1261.30000000,1264.07000000,129474.28840000,1673135999999,163760550.01165600,242794,64457.87490000,81530432.00582300,0,ETHUSDT,0.010000000000218279,537101.7241,6286448
2023-01-08,1264.06000000,1296.00000000,1257.77000000,1290.16000000,213636.78480000,1673222399999,271373377.53005800,341498,113501.53300000,144256844.74656900,0,ETHUSDT,0.010000000000218279,537103.6126,6286127
2023-01-09,1290.15000000,1344.91000000,1285.44000000,1320.39000000,581727.69680000,1673308799999,766640085.93039700,667559,290264.29760000,382393990.07095700,0,ETHUSDT,0.010000000000218279,537107.1436,6286006
2023-01-10,1320.40000000,1347.69000000,1316.80000000,1335.62000000,459660.23070000,1673395199999,611680590.74133200,467419,223763.89260000,297762851.61172400,0,ETHUSDT,0.010000000000218279,537084.9335,6285491
2023-01-11,1335.63000000,1398.00000000,1321.04000000,1389.39000000,472465.95560000,1673481599999,635118946.42952100,534745,235594.22370000,316751892.10134100,0,ETHUSDT,0.010000000000218279,537171.9078,6285747
2023-01-12,1389.40000000,1438.00000000,1361.92000000,1415.92000000,877712.44920000,1673567999999,1231660847.86824900,873540,438919.38830000,616089439.70055400,0,ETHUSDT,0.010000000000218279,537174.4679,6285825
2023-01-13,1415.91000000,1464.00000000,1401.03000000,1451.20000000,499377.86490000,1673654399999,709963291.54162900,670535,259443.25480000,368821974.14258700,0,ETHUSDT,0.009999999999763531,537175.6547,6286054
2023-01-14,1451.21000000,1599.98000000,1449.14000000,1549.90000000,940691.77740000,1673740799999,1444283818.18917100,1187799,482842.22190000,741178178.57722300,0,ETHUSDT,0.010000000000218279,537183.287,6286313
2023-01-15,1549.91000000,1566.66000000,1516.03000000,1552.52000000,387832.71380000,1673827199999,596626752.29784300,590180,192499.68890000,296178077.15000100,0,ETHUSDT,0.010000000000218279,537167.5449,6286190
2023-01-16,1552.52000000,1604.50000000,1521.31000000,1576.94000000,574622.89530000,1673913599999,897953752.92998400,802443,283353.43660000,442958606.02847900,0,ETHUSDT,0.010000000000218279,537186.9908,6286343
2023-01-17,1576.94000000,1609.00000000,1541.15000000,1565.57000000,506771.72190000,1673999999999,797552620.18733700,703325,253800.46180000,399512238.70172100,0,ETHUSDT,0.009999999999763531,537250.2384,6286633
2023-01-18,1565.56000000,1610.00000000,1501.39000000,1511.43000000,752534.88570000,1674086399999,1172243167.72986300,913587,379449.34650000,591240910.36448200,0,ETHUSDT,0.009999999999763531,537256.5629,6286683
2023-01-19,1511.44000000,1564.43000000,1509.15000000,1551.09000000,308679.46450000,1674172799999,473220810.93493000,477203,157860.33640000,242038742.95130500,0,ETHUSDT,0.010000000000218279,537271.0227,6286947
2023-01-20,1551.09000000,1669.90000000,1542.02000000,1658.52000000,440570.99740000,1674259199999,702227917.87066300,710633,230258.02140000,367212821.33223700,0,ETHUSDT,0.010000000000218279,537297.4698,6286874
2023-01-21,1658.53000000,1679.26000000,1616.21000000,1626.66000000,494248.60090000,1674345599999,815990095.34685100,648695,242585.29460000,400675000.35025500,0,ETHUSDT,0.010000000000218279,537301.5359,6287129
2023-01-22,1626.65000000,1663.89000000,1604.00000000,1627.44000000,431729.69090000,1674431999999,703883818.61740500,550009,216146.21790000,352401960.26031500,0,ETHUSDT,0.010000000000218279,537314.6108,6287263
2023-01-23,1627.43000000,1648.09000000,1585.29000000,1626.29000000,407267.11560000,1674518399999,662442276.00664200,602844,203026.46690000,330314516.70695300,0,ETHUSDT,0.010000000000218279,537309.7125,6286959
2023-01-24,1626.28000000,1641.46000000,1535.00000000,1555.97000000,462275.32430000,1674604799999,742483248.77844800,664260,219529.25860000,352794905.89212400,0,ETHUSDT,0.010000000000218279,537301.5427,6286964
2023-01-25,1555.97000000,1641.00000000,1518.00000000,1611.94000000,646474.91660000,1674691199999,1010958308.52325900,832576,336800.33510000,527017728.01554900,0,ETHUSDT,0.010000000000218279,537300.0001,6286600
2023-01-26,1611.95000000,1632.84000000,1577.43000000,1601.09000000,532777.84660000,1674777599999,856294452.54907200,661710,255584.49690000,410800055.45538000,0,ETHUSDT,0.009999999999763531,537292.8964,6286181
2023-01-27,1601.08000000,1621.00000000,1552.54000000,1597.62000000,512093.38750000,1674863999999,810894459.59281200,721339,271725.69000000,430230772.25918000,0,ETHUSDT,0.009999999999763531,537301.0718,6286737
2023-01-28,1597.61000000,1606.83000000,1555.99000000,1572.10000000,313675.65740000,1674950399999,496009423.63276900,461988,159807.55300000,252625590.62853900,0,ETHUSDT,0.010000000000218279,537303.0748,6286506
2023-01-29,1572.10000000,1660.00000000,1566.33000000,1644.72000000,551767.91340000,1675036799999,892135111.02851000,747055,281776.01770000,455478541.95457700,0,ETHUSDT,0.010000000000218279,537278.7099,6286296
2023-01-30,1644.73000000,1647.53000000,1535.00000000,1566.20000000,595055.32810000,1675123199999,945663093.91811700,783703,287321.04070000,456477684.32953700,0,ETHUSDT,0.010000000000218279,537307.1566,6286506
2023-01-31,1566.21000000,1605.18000000,1561.63000000,1585.33000000,348856.67510000,1675209599999,550862274.14769300,565125,173798.96670000,274479554.84606200,0,ETHUSDT,0.010000000000218279,537307.6736,6286491
2023-02-01,1585.32000000,1647.77000000,1555.18000000,1641.68000000,474617.17090000,1675295999999,757974339.88815100,795274,246070.22170000,393191559.89692000,0,ETHUSDT,0.010000000000218279,537312.1268,6286714
2023-02-02,1641.67000000,1714.68000000,1626.85000000,1643.12000000,629188.88740000,1675382399999,1052104526.87265700,939545,314689.80730000,526350550.18805000,0,ETHUSDT,0.009999999999763531,537323.5817,6287131
2023-02-03,1643.12000000,1676.00000000,1625.93000000,1663.52000000,464815.03200000,1675468799999,766949169.43042200,714675,229573.04490000,378846983.90134100,0,ETHUSDT,0.010000000000218279,537306.4748,6286933
2023-02-04,1663.52000000,1695.29000000,1645.43000000,1666.38000000,308227.12950000,1675555199999,514857995.98579800,559308,153457.14200000,256353550.30522300,0,ETHUSDT,0.009999999999763531,537351.9183,6286946
2023-02-05,1666.39000000,1673.81000000,1609.30000000,1629.02000000,413579.67480000,1675641599999,680127291.92674400,680427,198540.87760000,326481458.83642700,0,ETHUSDT,0.010000000000218279,537352.8442,6287259
2023-02-06,1629.01000000,1658.56000000,1605.01000000,1614.29000000,384119.41970000,1675727999999,626831152.68758600,636588,191802.79320000,313101318.53959700,0,ETHUSDT,0.010000000000218279,537309.0898,6287125
2023-02-07,1614.28000000,1678.37000000,1613.14000000,1671.03000000,451922.40000000,1675814399999,743635216.72855200,746572,234924.05250000,386597449.58271800,0,ETHUSDT,0.009999999999763531,537215.3188,6287131
2023-02-08,1671.03000000,1697.91000000,1630.47000000,1650.43000000,417966.25390000,1675900799999,695793337.57743500,671033,205938.12070000,342878805.53836600,0,ETHUSDT,0.010000000000218279,537215.6664,6287138
2023-02-09,1650.42000000,1656.17000000,1524.40000000,1545.35000000,658011.69640000,1675987199999,1054014372.58339200,973879,317244.93660000,508466128.35203400,0,ETHUSDT,0.009999999999763531,537226.4754,6287312
2023-02-10,1545.35000000,1555.01000000,1490.00000000,1513.06000000,484654.21990000,1676073599999,743164643.51149900,682215,220852.49580000,338760669.12876300,0,ETHUSDT,0.05999999999994543,537239.201,6287406
2023-02-11,1513.05000000,1543.00000000,1505.00000000,1538.51000000,289691.57080000,1676159999999,440657107.72833800,440506,141579.89910000,215368016.23377700,0,ETHUSDT,0.009999999999763531,537241.6689,6287455
2023-02-12,1538.50000000,1548.02000000,1493.08000000,1514.83000000,286758.37400000,1676246399999,438014692.30803400,490609,134744.97650000,205825023.57418200,0,ETHUSDT,0.009999999999763531,537253.8627,6287684
2023-02-13,1514.82000000,1526.10000000,1461.93000000,1505.24000000,643152.39040000,1676332799999,959644223.33507300,788402,306701.29950000,457512045.48224700,0,ETHUSDT,0.010000000000218279,537291.0242,6287975
2023-02-14,1505.25000000,1569.00000000,1482.66000000,1555.71000000,668964.37680000,1676419199999,1021642935.31397500,861338,329786.21830000,503918880.17247300,0,ETHUSDT,0.010000000000218279,537273.9302,6287697
2023-02-15,1555.70000000,1680.00000000,1542.55000000,1674.92000000,581207.85860000,1676505599999,928452953.94504900,852734,303747.75900000,485366943.87712100,0,ETHUSDT,0.010000000000218279,537027.1913,6286812
2023-02-16,1674.92000000,1742.97000000,1633.72000000,1637.84000000,832723.67310000,1676591999999,1408096156.86621600,1220762,422120.24950000,714045600.34428200,0,ETHUSDT,0.009999999999763531,536973.5715,6286874
2023-02-17,1637.83000000,1722.00000000,1630.51000000,1693.87000000,579934.66300000,1676678399999,970891863.05829500,940022,298275.53360000,499403199.62122200,0,ETHUSDT,0.010000000000218279,536975.5919,6286997
2023-02-18,1693.81000000,1713.13000000,1679.77000000,1691.62000000,267305.78130000,1676764799999,452969773.61025000,457982,131392.36670000,222669375.87025800,0,ETHUSDT,0.010000000000218279,536937.7218,6286495
2023-02-19,1691.62000000,1726.59000000,1666.14000000,1679.75000000,401023.04770000,1676851199999,680092027.33129800,634114,198379.91000000,336553647.75458700,0,ETHUSDT,0.010000000000218279,536935.1704,6286220
2023-02-20,1679.74000000,1719.89000000,1650.56000000,1703.27000000,451314.83350000,1676937599999,765198951.96357700,752116,233136.76100000,395372679.44045500,0,ETHUSDT,0.009999999999763531,536935.9409,6286239
2023-02-21,1703.27000000,1716.66000000,1636.30000000,1659.76000000,520354.46880000,1677023999999,874136698.28459100,837901,261067.83410000,438651496.24860200,0,ETHUSDT,0.010000000000218279,536847.9766,6286204
2023-02-22,1659.77000000,1666.95000000,1595.07000000,1643.14000000,528875.48090000,1677110399999,861982489.01657100,887617,261477.29490000,426091167.73571900,0,ETHUSDT,0.010000000000218279,536853.2805,6286495
2023-02-23,1643.15000000,1679.00000000,1628.75000000,1650.53000000,501305.97170000,1677196799999,829754759.56551500,849095,250058.09520000,413918144.47803300,0,ETHUSDT,0.010000000000218279,536843.1475,6286308
2023-02-24,1650.52000000,1664.66000000,1575.64000000,1607.80000000,512515.49820000,1677283199999,831164574.11824000,829249,244939.45620000,397377091.02658000,0,ETHUSDT,0.010000000000218279,536838.866,6285891
2023-02-25,1607.80000000,1608.98000000,1557.33000000,1594.58000000,290188.03910000,1677369599999,462128193.10439300,532834,144096.23470000,229488719.31488000,0,ETHUSDT,0.009999999999763531,536839.4137,6285918
2023-02-26,1594.58000000,1651.26000000,1587.76000000,1641.36000000,308607.99410000,1677455999999,499002379.52012900,544008,153077.93880000,247588746.29951300,0,ETHUSDT,0.009999999999763531,536871.6629,6286282
2023-02-27,1641.37000000,1665.22000000,1608.00000000,1633.45000000,431861.41290000,1677542399999,707841123.05760700,679771,215202.89280000,352736478.15414300,0,ETHUSDT,0.009999999999763531,536889.7072,6286454
2023-02-28,1633.45000000,1647.52000000,1596.66000000,1605.23000000,393523.16470000,1677628799999,640150766.31120500,626287,192261.47580000,312879269.16716000,0,ETHUSDT,0.010000000000218279,536907.1959,6286835
2023-03-01,1605.24000000,1669.72000000,1595.00000000,1665.22000000,474456.82350000,1677715199999,780632253.60636600,725546,233810.69930000,384611475.60208200,0,ETHUSDT,0.010000000000218279,536930.891,6286969
2023-03-02,1665.23000000,1677.86000000,1619.18000000,1647.86000000,423023.80820000,1677801599999,694364877.50440800,644400,209908.34800000,344522660.65260200,0,ETHUSDT,0.010000000000218279,536957.7336,6287279
2023-03-03,1647.86000000,1649.25000000,1544.39000000,1569.45000000,742816.59760000,1677887999999,1166573996.74423600,1008133,356042.86570000,558918754.56633500,0,ETHUSDT,0.010000000000218279,536965.2609,6287459
2023-03-04,1569.45000000,1577.53000000,1549.12000000,1566.73000000,237640.26060000,1677974399999,371865636.79445600,442158,114523.63960000,179242456.92659000,0,ETHUSDT,0.010000000000218279,536975.7761,6287250
2023-03-05,1566.74000000,1588.77000000,1553.05000000,1564.58000000,299240.74150000,1678060799999,469729098.46273800,505034,146252.85710000,229586295.58138200,0,ETHUSDT,0.010000000000218279,536964.2917,6286976
2023-03-06,1564.57000000,1583.49000000,1554.44000000,1565.84000000,307709.30110000,1678147199999,482146763.96639700,495130,151429.26660000,237315661.18363600,0,ETHUSDT,0.009999999999763531,536973.8266,6287389
2023-03-07,1565.84000000,1584.49000000,1536.14000000,1561.96000000,437947.90320000,1678233599999,682865640.74441200,601157,222838.17140000,347497907.93612200,0,ETHUSDT,0.009999999999763531,536969.5047,6287195
2023-03-08,1561.95000000,1570.89000000,1523.61000000,1532.38000000,460101.76580000,1678319999999,714552395.99327900,647197,227125.84140000,352776402.72266000,0,ETHUSDT,0.010000000000218279,536974.1151,6287292
2023-03-09,1532.38000000,1546.45000000,1408.00000000,1437.32000000,718485.13640000,1678406399999,1072396877.90757800,914935,340420.81590000,508749569.09481200,0,ETHUSDT,0.009999999999763531,537039.5759,6287709
2023-03-10,1437.32000000,1439.43000000,1368.39000000,1426.44000000,960262.45090000,1678492799999,1353741388.82725900,1155209,462418.62320000,651918990.29194400,0,ETHUSDT,0.009999999999763531,537059.9902,6287781
2023-03-11,1426.43000000,1478.07000000,1408.40000000,1471.97000000,1374859.62010000,1678579199999,1987926852.34837400,1467256,674055.15040000,975054688.50936100,0,ETHUSDT,0.009999999999763531,537077.3111,6288495
2023-03-12,1471.93000000,1594.19000000,1448.30000000,1580.33000000,1002355.09290000,1678665599999,1506839740.46965400,1253899,507616.32810000,763938923.68304300,0,ETHUSDT,0.010000000000218279,537082.8087,6288826
2023-03-13,1580.33000000,1693.49000000,1565.00000000,1673.45000000,1228063.60530000,1678751999999,1992277884.79634100,1671283,631386.30580000,1024622574.37087000,0,ETHUSDT,0.010000000000218279,537096.7004,6289320
2023-03-14,1673.44000000,1780.02000000,1655.24000000,1699.40000000,1283321.23550000,1678838399999,2195733827.91012200,1750035,666065.68120000,1139199433.36359000,0,ETHUSDT,0.010000000000218279,537111.899,6289158
2023-03-15,1699.41000000,1716.90000000,1611.00000000,1649.96000000,963142.48330000,1678924799999,1602460705.89569500,1388384,463785.20990000,771970600.26940200,0,ETHUSDT,0.010000000000218279,537114.9594,6289324
2023-03-16,1649.95000000,1691.42000000,1632.18000000,1673.73000000,627985.61190000,1679011199999,1040043241.14028500,1004406,325261.19930000,538689586.43263500,0,ETHUSDT,0.009999999999763531,537119.84,6289259
2023-03-17,1673.73000000,1800.00000000,1662.65000000,1789.27000000,907528.28250000,1679097599999,1569265196.45290500,1293055,476255.49480000,824016896.56973400,0,ETHUSDT,0.009999999999763531,537131.2644,6289650
2023-03-18,1789.26000000,1841.00000000,1747.47000000,1758.84000000,711614.73100000,1679183999999,1280189359.42454900,1115890,353131.96710000,635373026.20256500,0,ETHUSDT,0.010000000000218279,537192.0686,6290162
2023-03-19,1758.84000000,1841.36000000,1757.92000000,1780.68000000,541131.89080000,1679270399999,972006261.58020900,919093,275030.17560000,494016367.25881900,0,ETHUSDT,0.009999999999763531,537193.7622,6290194
2023-03-20,1780.67000000,1803.05000000,1722.00000000,1732.78000000,682848.12480000,1679356799999,1205036446.95122100,1083767,346231.46580000,611012606.17270500,0,ETHUSDT,0.010000000000218279,537195.3048,6290199
2023-03-21,1732.77000000,1835.00000000,1717.01000000,1801.23000000,742348.49990000,1679443199999,1324018564.21103500,1166036,399394.24600000,712603682.26002500,0,ETHUSDT,0.009999999999763531,537212.2266,6291071
2023-03-22,1801.23000000,1819.98000000,1710.12000000,1734.33000000,891287.60090000,1679529599999,1581074700.20938000,1286030,432312.72670000,767322678.06559900,0,ETHUSDT,0.009999999999763531,537184.3025,6290852
2023-03-23,1734.34000000,1857.16000000,1729.35000000,1813.79000000,732061.10300000,1679615999999,1312199315.57750500,1074713,388644.19100000,697106769.81296200,0,ETHUSDT,0.009999999999763531,537194.285,6290858
2023-03-24,1813.78000000,1818.99000000,1726.40000000,1749.57000000,564770.14170000,1679702399999,1001546184.53213500,855600,283157.34940000,502222091.71024700,0,ETHUSDT,0.010000000000218279,537196.3895,6290815
2023-03-25,1749.57000000,1763.23000000,1713.09000000,1741.88000000,355679.37430000,1679788799999,620341997.18351200,620651,174749.28340000,304837439.68175700,0,ETHUSDT,0.010000000000218279,537253.3237,6292036
2023-03-26,1741.88000000,1801.00000000,1739.31000000,1773.88000000,354933.23720000,1679875199999,627660488.27267000,592618,178518.26690000,315691892.31925400,0,ETHUSDT,0.010000000000218279,537294.0717,6292320
2023-03-27,1773.88000000,1780.48000000,1686.13000000,1715.22000000,570563.50230000,1679961599999,987197970.21984000,810253,274628.43020000,475175903.71022400,0,ETHUSDT,0.010000000000218279,537389.2219,6292564
2023-03-28,1715.21000000,1795.73000000,1701.13000000,1772.99000000,536511.39730000,1680047999999,935507384.14967800,766887,286377.21640000,499476096.82435700,0,ETHUSDT,0.010000000000218279,537520.1064,6292566
2023-03-29,1773.00000000,1827.99000000,1772.48000000,1793.07000000,536865.59720000,1680134399999,967342311.08223400,810500,283946.54590000,511607922.31168300,0,ETHUSDT,0.009999999999763531,537598.0442,6292685
2023-03-30,1793.06000000,1829.69000000,1763.00000000,1793.61000000,579690.03940000,1680220799999,1039397383.78040000,876484,299825.65610000,537640857.62762200,0,ETHUSDT,0.010000000000218279,537654.6003,6293064
2023-03-31,1793.60000000,1847.28000000,1777.91000000,1821.52000000,554525.47620000,1680307199999,1006896937.02525400,902956,289189.75500000,525237162.94212700,0,ETHUSDT,0.010000000000218279,537678.8368,6293555
2023-04-01,1821.52000000,1842.83000000,1807.81000000,1820.79000000,272904.96740000,1680393599999,497460628.07619100,579259,138942.81390000,253278130.99517100,0,ETHUSDT,0.010000000000218279,537677.9789,6293404
2023-04-02,1820.80000000,1824.81000000,1771.70000000,1794.51000000,322122.93850000,1680479999999,580909276.16417100,637705,162593.22360000,293256522.06304200,0,ETHUSDT,0.010000000000218279,537730.1155,6293686
2023-04-03,1794.51000000,1839.99000000,1762.77000000,1810.51000000,628503.66190000,1680566399999,1131436800.43707300,1098681,318256.91810000,573104096.04297000,0,ETHUSDT,0.009999999999763531,537875.7191,6294667
2023-04-04,1810.51000000,1891.91000000,1802.01000000,1870.37000000,622208.64110000,1680652799999,1151551698.65326800,1087425,324318.04740000,599946499.35902300,0,ETHUSDT,0.009999999999763531,537902.1177,6295072
2023-04-05,1870.38000000,1942.98000000,1864.58000000,1908.69000000,548595.51550000,1680739199999,1045846831.79156300,1077031,281338.72500000,536320635.93476500,0,ETHUSDT,0.010000000000218279,537923.5824,6295114
2023-04-06,1908.68000000,1909.91000000,1853.70000000,1872.41000000,396241.43520000,1680825599999,743618300.02400000,916688,190334.89780000,357167485.35243600,0,ETHUSDT,0.010000000000218279,537946.1381,6295398
2023-04-07,1872.41000000,1882.61000000,1841.46000000,1863.72000000,284256.48730000,1680911999999,528718750.37856600,829061,143802.12850000,267474497.28292800,0,ETHUSDT,0.010000000000218279,537947.9415,6295698
2023-04-08,1863.73000000,1879.38000000,1847.00000000,1848.82000000,197905.54070000,1680998399999,368792680.92965800,902787,97213.28820000,181198387.33443300,0,ETHUSDT,0.010000000000218279,537948.5992,6295673
2023-04-09,1848.82000000,1873.99000000,1824.01000000,1858.92000000,287131.30790000,1681084799999,529878494.84037300,953458,146393.82950000,270125898.84310500,0,ETHUSDT,0.009999999999763531,537953.3986,6295720
2023-04-10,1858.91000000,1918.79000000,1846.40000000,1910.20000000,434739.79840000,1681171199999,816212712.86294700,586284,218877.85860000,410947350.79718000,0,ETHUSDT,0.010000000000218279,537955.3703,6295795
2023-04-11,1910.21000000,1937.37000000,1881.11000000,1889.86000000,405203.48920000,1681257599999,774389695.84593200,590527,209441.71720000,400266668.51136100,0,ETHUSDT,0.009999999999763531,537952.406,6296404
2023-04-12,1889.86000000,1933.00000000,1852.65000000,1917.39000000,630844.41860000,1681343999999,1195663632.07873200,801456,318566.11280000,603818547.58289400,0,ETHUSDT,0.010000000000218279,537956.9292,6296403
2023-04-13,1917.40000000,2023.00000000,1899.55000000,2012.01000000,676164.51880000,1681430399999,1333377092.12459100,911569,358627.74440000,706952043.88310200,0,ETHUSDT,0.009999999999763531,538026.168,6297230
2023-04-14,2012.00000000,2128.76000000,2009.22000000,2099.99000000,896307.39340000,1681516799999,1877719501.12373200,1182309,463960.15560000,971826170.99483100,0,ETHUSDT,0.010000000000218279,538056.7698,6297863
2023-04-15,2099.99000000,2111.85000000,2071.13000000,2090.60000000,321823.78510000,1681603199999,674260851.49151000,505299,159120.98000000,333402759.03928600,0,ETHUSDT,0.010000000000218279,538056.1518,6297834
2023-04-16,2090.61000000,2141.54000000,2072.72000000,2118.67000000,319880.43930000,1681689599999,673034613.41583500,529231,162518.13280000,341954921.31303200,0,ETHUSDT,0.010000000000218279,538057.8326,6297484
2023-04-17,2118.66000000,2120.51000000,2056.25000000,2074.00000000,426972.70710000,1681775999999,889433328.78650800,674817,206218.47990000,429616895.54751100,0,ETHUSDT,0.010000000000218279,538067.8832,6297690
2023-04-18,2073.99000000,2125.00000000,2051.00000000,2103.50000000,414244.61350000,1681862399999,867291463.56982800,636801,205943.01880000,431182409.02291400,0,ETHUSDT,0.009999999999763531,538085.057,6298194
2023-04-19,2103.51000000,2104.60000000,1923.03000000,1933.73000000,775389.06020000,1681948799999,1547934187.85902000,1116849,381226.96410000,760478525.51605500,0,ETHUSDT,0.009999999999763531,538103.7042,6298483
2023-04-20,1933.74000000,1982.99000000,1914.43000000,1942.98000000,625336.24950000,1682035199999,1218184973.29939600,869619,307551.80710000,598986977.59446400,0,ETHUSDT,0.009999999999763531,538089.6214,6297922
2023-04-21,1942.98000000,1957.27000000,1825.00000000,1848.78000000,688876.61860000,1682121599999,1306179482.09194200,868887,339964.18250000,644708261.74439500,0,ETHUSDT,0.010000000000218279,538111.6688,6298066
2023-04-22,1848.77000000,1887.31000000,1841.64000000,1874.16000000,331007.58790000,1682207999999,616579601.31176500,451499,168125.14090000,313147831.35700900,0,ETHUSDT,0.009999999999763531,538110.9403,6297670
2023-04-23,1874.17000000,1882.01000000,1836.37000000,1862.00000000,344514.34440000,1682294399999,641362428.68936600,463928,180537.42010000,336129438.63123800,0,ETHUSDT,0.010000000000218279,538141.1182,6297961
2023-04-24,1862.01000000,1890.00000000,1806.00000000,1841.84000000,447864.05170000,1682380799999,826968889.24123200,682824,216968.96130000,400599962.39540300,0,ETHUSDT,0.010000000000218279,538164.3053,6297831
2023-04-25,1841.84000000,1877.86000000,1801.66000000,1866.10000000,457870.60470000,1682467199999,839226421.37824600,631766,238370.89710000,436940670.14806300,0,ETHUSDT,0.010000000000218279,538174.2471,6297452
2023-04-26,1866.10000000,1964.72000000,1785.00000000,1866.01000000,897709.72980000,1682553599999,1695903568.96090300,1182620,445589.98610000,842104509.42400100,0,ETHUSDT,0.010000000000218279,538173.6225,6297347
2023-04-27,1866.01000000,1940.96000000,1861.19000000,1908.68000000,727472.94660000,1682639999999,1383094120.67767000,959609,378523.29340000,719109759.95745500,0,ETHUSDT,0.009999999999763531,538150.277,6297014
2023-04-28,1908.68000000,1923.88000000,1873.94000000,1890.94000000,387630.77910000,1682726399999,736203306.61415600,574483,201390.05560000,382298834.01980900,0,ETHUSDT,0.010000000000218279,538169.9087,6297136
2023-04-29,1890.93000000,1918.00000000,1883.05000000,1907.80000000,182046.14060000,1682812799999,346028241.29573700,335962,90910.25440000,172785540.85637000,0,ETHUSDT,0.010000000000218279,538017.8475,6296788
2023-04-30,1907.79000000,1939.00000000,1866.16000000,1870.09000000,355336.48880000,1682899199999,677913240.81466200,552933,176787.43370000,337334018.00262500,0,ETHUSDT,0.010000000000218279,538032.6665,6297556
2023-05-01,1870.08000000,1886.49000000,1806.12000000,1830.73000000,445519.17790000,1682985599999,818821593.69484900,647788,220514.81130000,405281273.92910800,0,ETHUSDT,0.009999999999763531,538037.9214,6297891
2023-05-02,1830.73000000,1881.87000000,1822.94000000,1870.08000000,373753.20270000,1683071999999,690907892.11045500,563768,184439.10310000,340877324.21815800,0,ETHUSDT,0.010000000000218279,538028.5585,6297904
2023-05-03,1870.09000000,1916.52000000,1842.64000000,1905.12000000,465185.25010000,1683158399999,871222153.95979200,751579,239749.08060000,449104177.86407200,0,ETHUSDT,0.010000000000218279,538018.5132,6298182
2023-05-04,1905.12000000,1918.26000000,1866.71000000,1877.07000000,354528.61440000,1683244799999,670584503.65961900,525802,172127.95090000,325526383.58993200,0,ETHUSDT,0.010000000000218279,538009.7799,6297806
2023-05-05,1877.07000000,1998.36000000,1875.65000000,1993.30000000,546608.87500000,1683331199999,1061183389.06811200,803612,281818.21880000,546945491.99312300,0,ETHUSDT,0.010000000000218279,538024.1427,6298297
2023-05-06,1993.30000000,2019.00000000,1860.00000000,1896.33000000,608106.99150000,1683417599999,1169939393.31277700,868626,309602.22270000,595756528.40079700,0,ETHUSDT,0.010000000000218279,538039.0208,6298839
2023-05-07,1896.33000000,1933.33000000,1867.59000000,1870.40000000,413268.83570000,1683503999999,787566158.19845600,625667,198046.18760000,377209171.37210500,0,ETHUSDT,0.009999999999763531,538046.4319,6299112
2023-05-08,1870.41000000,1883.97000000,1810.73000000,1847.56000000,625316.61680000,1683590399999,1157603209.76185400,885693,308193.85070000,570302849.74666500,0,ETHUSDT,0.009999999999763531,538051.0906,6299328
2023-05-09,1847.55000000,1861.88000000,1830.99000000,1846.52000000,304396.18600000,1683676799999,561440259.79089500,517737,154195.20710000,284409845.64507900,0,ETHUSDT,0.009999999999763531,538083.0703,6299724
2023-05-10,1846.53000000,1887.47000000,1790.51000000,1840.84000000,639933.38550000,1683763199999,1182254717.03221500,802140,315762.39530000,583244341.86798100,0,ETHUSDT,0.009999999999763531,538130.2859,6300568
2023-05-11,1840.83000000,1842.02000000,1772.68000000,1794.30000000,522096.07250000,1683849599999,944525427.02794200,679625,256341.50350000,463715175.20427200,0,ETHUSDT,0.009999999999763531,538134.4502,6300639
2023-05-12,1794.31000000,1818.63000000,1740.00000000,1807.45000000,565539.83090000,1683935999999,1002104362.59441100,696930,272766.58150000,483569848.95791600,0,ETHUSDT,0.010000000000218279,538142.063,6300842
2023-05-13,1807.45000000,1817.03000000,1785.23000000,1795.11000000,212895.43730000,1684022399999,383397322.74478100,342566,107960.56180000,194416969.77728900,0,ETHUSDT,0.010000000000218279,538144.6423,6301171
2023-05-14,1795.12000000,1824.00000000,1789.82000000,1799.21000000,218101.09770000,1684108799999,393557662.80186000,348092,112091.49980000,202267370.36955800,0,ETHUSDT,0.010000000000218279,538171.8387,6301388
2023-05-15,1799.20000000,1846.70000000,1785.05000000,1816.20000000,388171.92610000,1684195199999,708011632.17470900,503728,200878.52120000,366433193.42835400,0,ETHUSDT,0.010000000000218279,538199.1811,6301674
2023-05-16,1816.21000000,1832.64000000,1796.20000000,1824.21000000,311238.67860000,1684281599999,565367254.10677700,466058,145796.26840000,264839999.72631800,0,ETHUSDT,0.010000000000218279,538232.5519,6301826
2023-05-17,1824.21000000,1837.50000000,1783.68000000,1822.12000000,352097.99130000,1684367999999,637776970.83385500,524718,174614.82380000,316362266.89123300,0,ETHUSDT,0.010000000000218279,538527.0037,6302904
2023-05-18,1822.12000000,1831.92000000,1771.12000000,1800.56000000,293755.31100000,1684454399999,531357170.82715200,480171,142539.40530000,257898809.71807600,0,ETHUSDT,0.010000000000218279,538562.9511,6302915
2023-05-19,1800.56000000,1829.54000000,1796.81000000,1812.32000000,243116.46760000,1684540799999,440291732.35087900,390917,125305.64520000,226950073.64205800,0,ETHUSDT,0.010000000000218279,538617.5955,6303480
2023-05-20,1812.31000000,1828.87000000,1807.06000000,1819.42000000,127754.43490000,1684627199999,232010582.30662800,272744,67168.56350000,122004402.44592800,0,ETHUSDT,0.009999999999763531,538321.3326,6304038
2023-05-21,1819.42000000,1828.98000000,1797.21000000,1804.91000000,161517.80530000,1684713599999,292535613.87812400,308391,76815.25180000,139145313.56843900,0,ETHUSDT,0.009999999999763531,538210.6957,6304774
2023-05-22,1804.91000000,1828.27000000,1792.01000000,1817.35000000,237498.94230000,1684799999999,430673377.91665300,411867,123914.68840000,224774189.86708500,0,ETHUSDT,0.009999999999763531,538177.3475,6305125
2023-05-23,1817.36000000,1872.50000000,1815.24000000,1854.05000000,396869.60970000,1684886399999,734581474.72246600,548587,222549.77690000,411731244.57850600,0,ETHUSDT,0.010000000000218279,538180.4658,6305013
2023-05-24,1854.06000000,1854.09000000,1777.60000000,1799.89000000,420846.14450000,1684972799999,761360360.59788700,554307,193455.11130000,349797434.17615900,0,ETHUSDT,0.009999999999763531,538186.7712,6305750
2023-05-25,1799.89000000,1818.81000000,1761.41000000,1805.60000000,350633.00890000,1685059199999,628769352.44257100,482899,164410.16270000,294794104.35496200,0,ETHUSDT,0.010000000000218279,538188.4293,6305960
2023-05-26,1805.61000000,1838.20000000,1796.99000000,1827.79000000,275690.68540000,1685145599999,501773973.87993700,375854,140633.10750000,255923842.59407100,0,ETHUSDT,0.009999999999763531,538138.7331,6305888
2023-05-27,1827.80000000,1836.12000000,1812.18000000,1829.89000000,138824.94060000,1685231999999,253710138.25056300,276383,69580.64790000,127156321.87459000,0,ETHUSDT,0.009999999999763531,538142.1995,6306131
2023-05-28,1829.89000000,1918.65000000,1823.60000000,1908.64000000,378392.43710000,1685318399999,705699886.22948800,549727,194805.86070000,363152161.53674800,0,ETHUSDT,0.010000000000218279,538145.2044,6306232
2023-05-29,1908.64000000,1927.62000000,1873.65000000,1892.60000000,313593.49420000,1685404799999,596236148.90988500,445895,158390.34480000,301175186.43959400,0,ETHUSDT,0.010000000000218279,538127.0204,6306398
2023-05-30,1892.60000000,1917.00000000,1881.19000000,1900.59000000,272665.84020000,1685491199999,519059196.24741600,422249,134288.16090000,255644547.73762700,0,ETHUSDT,0.009999999999763531,538143.5631,6307035
2023-05-31,1900.58000000,1907.13000000,1846.95000000,1873.63000000,319255.56810000,1685577599999,597360395.54403400,451133,149451.08700000,279624016.04226000,0,ETHUSDT,0.010000000000218279,538130.2124,6306884
2023-06-01,1873.63000000,1889.20000000,1840.00000000,1861.78000000,270496.60970000,1685663999999,504448237.27338000,422899,132786.93240000,247622735.20923100,0,ETHUSDT,0.009999999999763531,538132.669,6307001
2023-06-02,1861.78000000,1910.00000000,1847.51000000,1906.68000000,313004.06580000,1685750399999,591169483.09944700,456788,157874.04030000,298230534.99306600,0,ETHUSDT,0.010000000000218279,538143.2243,6307193
2023-06-03,1906.69000000,1907.92000000,1881.60000000,1892.06000000,148818.24270000,1685836799999,282550389.94668800,292512,71248.10150000,135269927.94934600,0,ETHUSDT,0.009999999999763531,538150.9893,6307329
2023-06-04,1892.05000000,1914.63000000,1884.22000000,1890.01000000,172683.01190000,1685923199999,328166899.06235400,289973,85783.12010000,163026354.23802600,0,ETHUSDT,0.010000000000218279,538159.791,6307603
2023-06-05,1890.00000000,1890.63000000,1778.00000000,1810.50000000,555361.26830000,1686009599999,1017689609.36225600,688879,253634.64500000,464638835.75944900,0,ETHUSDT,0.009999999999763531,538164.8024,6308133
2023-06-06,1810.49000000,1898.29000000,1797.18000000,1884.64000000,491407.21740000,1686095999999,907660359.42596600,616201,254098.02440000,469823908.55393200,0,ETHUSDT,0.010000000000218279,538168.7103,6308401
2023-06-07,1884.65000000,1897.80000000,1821.18000000,1832.13000000,429196.70640000,1686182399999,796856688.86671300,594071,201074.79930000,373411267.73444600,0,ETHUSDT,0.009999999999763531,538191.0351,6308310
2023-06-08,1832.12000000,1861.28000000,1828.31000000,1845.64000000,189270.48530000,1686268799999,349160385.10498000,347990,89218.13060000,164597259.31850700,0,ETHUSDT,0.010000000000218279,538214.7063,6309037
2023-06-09,1845.65000000,1855.00000000,1827.00000000,1840.37000000,198324.32520000,1686355199999,365037779.74288700,354623,92841.28830000,170881394.31631400,0,ETHUSDT,0.009999999999763531,538218.4528,6309085
2023-06-10,1840.37000000,1844.99000000,1715.03000000,1751.53000000,652324.66950000,1686441599999,1148312156.52559600,877410,298962.65330000,525884490.13860500,0,ETHUSDT,0.009999999999763531,538216.383,6308849
2023-06-11,1751.52000000,1778.25000000,1738.72000000,1752.76000000,219956.24340000,1686527999999,385656545.95023800,378921,104970.10390000,184058191.29345500,0,ETHUSDT,0.010000000000218279,538222.5672,6309124
2023-06-12,1752.77000000,1759.33000000,1720.00000000,1742.57000000,302132.48190000,1686614399999,525467514.61960900,467392,154579.04660000,268848228.17760000,0,ETHUSDT,0.009999999999763531,538220.3114,6309264
2023-06-13,1742.57000000,1770.13000000,1724.22000000,1740.12000000,284268.00180000,1686700799999,495907901.66849300,498880,147060.37350000,256562479.93400000,0,ETHUSDT,0.009999999999763531,538230.6305,6309427
2023-06-14,1740.12000000,1750.03000000,1630.43000000,1650.95000000,415847.32700000,1686787199999,705586390.23398100,572996,198035.00600000,335772562.74237700,0,ETHUSDT,0.010000000000218279,538233.6157,6309787
2023-06-15,1650.95000000,1680.91000000,1626.01000000,1666.96000000,370774.76960000,1686873599999,611499814.54217600,458568,192425.51560000,317419943.08694800,0,ETHUSDT,0.010000000000218279,538252.1282,6309822
2023-06-16,1666.96000000,1729.50000000,1649.86000000,1717.92000000,311734.59040000,1686959999999,525393264.96220100,408176,158600.07400000,267168521.19164600,0,ETHUSDT,0.010000000000218279,538256.9347,6310226
2023-06-17,1717.91000000,1770.00000000,1714.26000000,1727.76000000,210914.92160000,1687046399999,366944179.32063700,359758,107260.84850000,186631806.83369700,0,ETHUSDT,0.009999999999763531,538259.6676,6310350
2023-06-18,1727.75000000,1747.84000000,1712.00000000,1720.95000000,156535.01280000,1687132799999,270948973.41748400,273858,79223.60390000,137159225.73341200,0,ETHUSDT,0.009999999999763531,538268.7,6310680
2023-06-19,1720.95000000,1752.19000000,1698.00000000,1737.11000000,245162.75890000,1687219199999,422827205.77548900,366143,120432.59420000,207735564.79235500,0,ETHUSDT,0.010000000000218279,538269.7479,6310295
2023-06-20,1737.10000000,1796.99000000,1714.72000000,1791.99000000,328855.68460000,1687305599999,577529266.78921700,459724,168345.97910000,295848851.47750900,0,ETHUSDT,0.009999999999763531,538313.6286,6310653
2023-06-21,1791.99000000,1901.00000000,1787.38000000,1889.11000000,613755.88690000,1687391999999,1132377905.48890200,699689,301882.53500000,557089886.05291200,0,ETHUSDT,0.009999999999763531,538317.908,6310941
2023-06-22,1889.10000000,1933.17000000,1865.98000000,1872.01000000,416714.57190000,1687478399999,791056016.14617600,536410,196874.68600000,373931527.58078600,0,ETHUSDT,0.010000000000218279,538330.1454,6311173
2023-06-23,1872.00000000,1936.42000000,1861.01000000,1892.63000000,401147.93240000,1687564799999,760352485.33668100,531784,196520.65020000,372600003.36950400,0,ETHUSDT,0.010000000000218279,538357.944,6311835
2023-06-24,1892.63000000,1906.00000000,1864.77000000,1874.96000000,226910.29410000,1687651199999,427721477.76198000,356654,108047.87640000,203668990.45857100,0,ETHUSDT,0.010000000000218279,538358.4326,6311880
2023-06-25,1874.95000000,1930.00000000,1868.83000000,1898.80000000,338757.61580000,1687737599999,644415530.04061600,482753,170334.26420000,323870595.29258300,0,ETHUSDT,0.010000000000218279,538363.7246,6311900
2023-06-26,1898.80000000,1909.10000000,1837.18000000,1858.97000000,458743.86100000,1687823999999,859537162.35561400,518009,221834.27490000,415653994.57101500,0,ETHUSDT,0.010000000000218279,538362.8547,6311898
2023-06-27,1858.97000000,1912.53000000,1855.19000000,1889.58000000,366634.57070000,1687910399999,690855987.04133200,437184,195382.36640000,368354695.94773100,0,ETHUSDT,0.009999999999763531,538363.8464,6311900
2023-06-28,1889.58000000,1890.19000000,1816.56000000,1828.02000000,337836.57920000,1687996799999,626358502.58848000,437585,160645.26760000,297804857.12545500,0,ETHUSDT,0.010000000000218279,538329.5962,6311802
2023-06-29,1828.03000000,1880.00000000,1827.84000000,1851.99000000,241844.82810000,1688083199999,448678322.17682200,350823,123194.61910000,228587452.24364900,0,ETHUSDT,0.010000000000218279,538346.1986,6312345
2023-06-30,1851.99000000,1948.60000000,1825.01000000,1933.79000000,716538.10350000,1688169599999,1353630452.61544500,824889,345435.65260000,653049175.24502700,0,ETHUSDT,0.010000000000218279,538360.9329,6312414
2023-07-01,1933.80000000,1944.56000000,1909.44000000,1924.50000000,178373.36880000,1688255999999,343093755.61273600,307019,88294.47030000,169850518.15340400,0,ETHUSDT,0.010000000000218279,538375.2539,6312393
2023-07-02,1924.50000000,1959.20000000,1885.75000000,1937.48000000,255852.78320000,1688342399999,491981842.96013900,381133,127341.96230000,244921036.01352000,0,ETHUSDT,0.010000000000218279,538395.2507,6312904
2023-07-03,1937.49000000,1976.16000000,1933.55000000,1955.54000000,322102.42950000,1688428799999,631158998.81141600,404084,156608.64050000,306826484.73680200,0,ETHUSDT,0.010000000000218279,538404.1456,6313096
2023-07-04,1955.55000000,1967.08000000,1931.58000000,1936.20000000,205525.09840000,1688515199999,401186997.24983800,307691,93898.54220000,183304067.88205800,0,ETHUSDT,0.009999999999763531,538406.3237,6313116
2023-07-05,1936.19000000,1942.50000000,1894.51000000,1910.36000000,267633.47830000,1688601599999,512774138.21894900,362985,128057.05960000,245340739.07556300,0,ETHUSDT,0.009999999999763531,538448.8324,6314065
2023-07-06,1910.35000000,1958.00000000,1846.00000000,1846.17000000,456362.74100000,1688687999999,868009586.22327000,519031,225559.18200000,429043301.00454300,0,ETHUSDT,0.009999999999763531,538452.9488,6314382
2023-07-07,1846.17000000,1878.00000000,1826.00000000,1870.91000000,232944.34660000,1688774399999,432733381.05496700,355260,115143.08730000,213926654.20575500,0,ETHUSDT,0.010000000000218279,538457.0683,6314463
2023-07-08,1870.92000000,1876.00000000,1842.80000000,1865.24000000,125819.82730000,1688860799999,234001180.80462500,228589,62592.51970000,116432999.11736000,0,ETHUSDT,0.010000000000218279,538472.1199,6314510
2023-07-09,1865.24000000,1879.36000000,1856.15000000,1862.80000000,135046.37430000,1688947199999,252189550.05161000,234925,67977.91700000,126943043.66060800,0,ETHUSDT,0.009999999999763531,538472.3872,6315233
2023-07-10,1862.81000000,1905.50000000,1846.63000000,1880.40000000,247868.14940000,1689033599999,464186441.16338200,338462,123964.15400000,232197400.11132800,0,ETHUSDT,0.010000000000218279,538487.3031,6315592
2023-07-11,1880.41000000,1891.99000000,1862.38000000,1878.30000000,177771.61170000,1689119999999,333339876.93269600,256360,85214.33010000,159785569.13999600,0,ETHUSDT,0.009999999999763531,538495.1623,6315556
2023-07-12,1878.31000000,1902.00000000,1864.37000000,1871.82000000,264406.86730000,1689206399999,498567734.55913300,338468,127657.95260000,240728674.89619800,0,ETHUSDT,0.009999999999763531,538531.1309,6315915
2023-07-13,1871.82000000,2012.63000000,1862.59000000,2004.49000000,548861.42070000,1689292799999,1069502144.02619400,618276,275375.01890000,536826200.18952200,0,ETHUSDT,0.009999999999763531,538538.0037,6316189
2023-07-14,2004.49000000,2029.11000000,1898.39000000,1937.83000000,498724.03590000,1689379199999,982369872.01990000,604687,233071.08200000,459199490.67721600,0,ETHUSDT,0.010000000000218279,538544.8506,6316428
2023-07-15,1937.82000000,1946.37000000,1926.23000000,1931.41000000,135181.76630000,1689465599999,261553961.16751500,242818,65759.39380000,127241697.85754400,0,ETHUSDT,0.04999999999972715,538566.3697,6316964
2023-07-16,1931.41000000,1943.55000000,1914.00000000,1922.11000000,148667.10510000,1689551999999,286787440.45690100,253770,69691.91530000,134478359.19064900,0,ETHUSDT,0.010000000000218279,538567.3812,6317133
2023-07-17,1922.12000000,1936.18000000,1873.26000000,1911.20000000,277159.03490000,1689638399999,528662412.29765800,391391,134997.43870000,257602038.11976900,0,ETHUSDT,0.009999999999763531,538567.3724,6317076
2023-07-18,1911.21000000,1917.19000000,1875.73000000,1897.21000000,215780.50060000,1689724799999,409583830.87633300,315100,104433.40230000,198241004.72850600,0,ETHUSDT,0.010000000000218279,538578.0897,6317249
2023-07-19,1897.21000000,1922.04000000,1882.17000000,1888.63000000,218045.00050000,1689811199999,415268112.54340100,266831,108435.73970000,206536797.50756000,0,ETHUSDT,0.010000000000218279,538600.4019,6318034
2023-07-20,1888.64000000,1929.05000000,1878.00000000,1891.59000000,292907.51640000,1689897599999,556981450.45530100,353180,146238.33710000,278124518.64556500,0,ETHUSDT,0.010000000000218279,538610.1125,6318081
2023-07-21,1891.59000000,1905.74000000,1884.64000000,1891.73000000,165554.04280000,1689983999999,313414135.89511100,260385,80526.66420000,152465025.97191100,0,ETHUSDT,0.009999999999763531,538611.8165,6318176
2023-07-22,1891.73000000,1897.35000000,1851.18000000,1866.52000000,131901.64870000,1690070399999,247820592.76861300,240897,63386.28070000,119075556.07967700,0,ETHUSDT,0.009999999999763531,538624.3027,6318255
2023-07-23,1866.52000000,1905.25000000,1857.82000000,1888.73000000,153501.01780000,1690156799999,288736391.86133800,254227,77750.79530000,146207958.76945200,0,ETHUSDT,0.009999999999763531,538635.8089,6318617
2023-07-24,1888.74000000,1890.86000000,1833.19000000,1850.00000000,276504.55470000,1690243199999,512402907.45784500,336366,132903.49640000,246198594.77742200,0,ETHUSDT,0.009999999999763531,538629.2558,6318727
2023-07-25,1850.00000000,1868.71000000,1845.45000000,1857.66000000,152251.21000000,1690329599999,282696600.92125700,248856,74772.69460000,138842172.88567400,0,ETHUSDT,0.009999999999763531,538631.5049,6318999
2023-07-26,1857.66000000,1888.00000000,1848.35000000,1872.00000000,272090.53330000,1690415999999,507049348.71731100,319851,148093.90820000,275939339.56717600,0,ETHUSDT,0.009999999999763531,538631.9189,6318971
2023-07-27,1871.99000000,1886.11000000,1854.84000000,1861.28000000,163766.42590000,1690502399999,306463587.40202000,252294,80701.93000000,151048244.46030900,0,ETHUSDT,0.010000000000218279,538626.2898,6319167
2023-07-28,1861.29000000,1883.39000000,1856.52000000,1874.19000000,138695.71470000,1690588799999,259228467.50226200,219389,70493.20350000,131768046.05069400,0,ETHUSDT,0.010000000000218279,538628.1541,6319190
2023-07-29,1874.20000000,1886.58000000,1869.54000000,1880.46000000,72867.02690000,1690675199999,136676328.67955000,166385,35883.35010000,67306690.35157900,0,ETHUSDT,0.010000000000218279,538756.6501,6319714
2023-07-30,1880.45000000,1885.30000000,1848.17000000,1861.79000000,158657.59020000,1690761599999,296504225.22149700,247858,82527.46300000,154244296.26924400,0,ETHUSDT,0.009999999999763531,538757.5258,6319602
2023-07-31,1861.79000000,1877.40000000,1851.02000000,1856.14000000,168204.45340000,1690847999999,313517086.16175500,246487,81667.85240000,152228050.61514500,0,ETHUSDT,0.009999999999763531,538759.885,6319640
2023-08-01,1856.13000000,1875.62000000,1813.80000000,1873.47000000,358476.09660000,1690934399999,659100582.10844800,411508,170424.36490000,313392733.79441200,0,ETHUSDT,0.009999999999763531,538788.9286,6319764
2023-08-02,1873.48000000,1879.74000000,1821.21000000,1839.90000000,254213.05530000,1691020799999,470466371.26278600,331270,122977.56270000,227628401.25795600,0,ETHUSDT,0.009999999999763531,538906.8527,6320058
2023-08-03,1839.90000000,1859.12000000,1826.00000000,1835.81000000,171148.05200000,1691107199999,315081750.38648000,254918,84099.07300000,154854420.42163900,0,ETHUSDT,0.010000000000218279,538917.9349,6320335
2023-08-04,1835.81000000,1851.31000000,1815.74000000,1830.23000000,187699.45520000,1691193599999,344687096.60203800,256002,90965.14430000,167095446.03822700,0,ETHUSDT,0.010000000000218279,538931.0163,6320606
2023-08-05,1830.24000000,1839.00000000,1827.50000000,1836.48000000,93657.32550000,1691279999999,171683574.02264300,174254,46888.39410000,85951801.63235300,0,ETHUSDT,0.010000000000218279,538941.5269,6320323
2023-08-06,1836.48000000,1838.58000000,1825.86000000,1830.28000000,90403.99150000,1691366399999,165701947.01934500,169928,43827.85150000,80334895.42593000,0,ETHUSDT,0.010000000000218279,538946.5469,6320540
2023-08-07,1830.28000000,1847.00000000,1802.00000000,1829.10000000,224092.90590000,1691452799999,409166592.89164900,289161,109927.11500000,200686537.15538600,0,ETHUSDT,0.010000000000218279,538953.692,6320632
2023-08-08,1829.10000000,1876.51000000,1826.33000000,1856.30000000,236336.03000000,1691539199999,436891258.63485800,322607,121075.13870000,223753000.41018600,0,ETHUSDT,0.010000000000218279,538954.8231,6320581
2023-08-09,1856.30000000,1871.99000000,1846.28000000,1855.35000000,191926.83430000,1691625599999,356559464.88331800,266834,93172.68950000,173114071.77023500,0,ETHUSDT,0.010000000000218279,538978.9654,6320785
2023-08-10,1855.36000000,1865.95000000,1845.38000000,1852.47000000,127321.45530000,1691711999999,236043286.65635100,208017,62527.36150000,115937584.65664400,0,ETHUSDT,0.010000000000218279,538993.3231,6320979
2023-08-11,1852.47000000,1857.26000000,1838.05000000,1848.84000000,113209.31030000,1691798399999,209237745.63836000,197546,54665.68090000,101048972.22795800,0,ETHUSDT,0.010000000000218279,539005.3269,6321280
2023-08-12,1848.84000000,1854.01000000,1846.08000000,1849.93000000,63292.64760000,1691884799999,117106742.56984400,154110,32218.95280000,59615440.05243700,0,ETHUSDT,0.010000000000218279,539009.2732,6321432
2023-08-13,1849.94000000,1862.00000000,1834.51000000,1840.73000000,120674.13640000,1691971199999,222956657.34742800,211874,69109.15080000,127637208.70224500,0,ETHUSDT,0.010000000000218279,539029.0185,6321963
2023-08-14,1840.73000000,1856.50000000,1835.00000000,1845.50000000,150196.12030000,1692057599999,277387603.67740300,244296,69702.79570000,128731746.13751300,0,ETHUSDT,0.010000000000218279,539043.7198,6322247
2023-08-15,1845.50000000,1847.36000000,1814.00000000,1828.98000000,186081.69890000,1692143999999,341622741.95627100,264314,85927.31880000,157737206.70205100,0,ETHUSDT,0.010000000000218279,539025.2142,6321851
2023-08-16,1828.98000000,1831.52000000,1798.17000000,1807.81000000,205430.73680000,1692230399999,373631455.89955800,311372,94619.39960000,172094672.81802700,0,ETHUSDT,0.010000000000218279,539027.0372,6321990
2023-08-17,1807.81000000,1809.99000000,1550.00000000,1681.49000000,812138.21590000,1692316799999,1390504308.00338100,906515,389817.18110000,666353412.64305200,0,ETHUSDT,0.010000000000218279,539026.8219,6321895
2023-08-18,1681.49000000,1699.40000000,1641.02000000,1661.59000000,538083.10180000,1692403199999,901117750.71732300,597838,256018.67180000,428794110.08938600,0,ETHUSDT,0.010000000000218279,539034.6929,6322308
2023-08-19,1661.60000000,1696.72000000,1654.31000000,1669.67000000,231919.04850000,1692489599999,387407573.38040000,312174,116535.73010000,194692011.36082900,0,ETHUSDT,0.010000000000218279,539052.2957,6322745
2023-08-20,1669.68000000,1694.75000000,1662.03000000,1685.24000000,195623.52630000,1692575999999,327342264.94863000,275035,94917.00420000,158824704.09947200,0,ETHUSDT,0.009999999999763531,539096.1068,6322868
2023-08-21,1685.23000000,1688.59000000,1649.40000000,1667.55000000,250835.15180000,1692662399999,418860905.06739700,297843,117136.71800000,195605713.14389800,0,ETHUSDT,0.010000000000218279,539099.612,6322910
2023-08-22,1667.56000000,1669.38000000,1580.00000000,1634.99000000,402012.04500000,1692748799999,657589420.92301800,484314,187447.18470000,306584459.75679800,0,ETHUSDT,0.010000000000218279,539104.225,6323510
2023-08-23,1635.00000000,1702.11000000,1629.05000000,1679.61000000,374761.10880000,1692835199999,622717740.76397000,472134,180299.08850000,299569404.88600100,0,ETHUSDT,0.010000000000218279,539105.8168,6323292
2023-08-24,1679.61000000,1683.37000000,1635.28000000,1661.16000000,231539.78050000,1692921599999,383948287.50042600,287178,111082.65850000,184136212.63221900,0,ETHUSDT,0.009999999999763531,539113.0758,6323425
2023-08-25,1661.16000000,1677.22000000,1635.51000000,1653.80000000,236261.68980000,1693007999999,390502520.58229600,307211,114825.18610000,189795100.57487400,0,ETHUSDT,0.010000000000218279,539115.3505,6323495
2023-08-26,1653.79000000,1655.59000000,1644.00000000,1647.04000000,79175.42500000,1693094399999,130634757.64833300,157980,36874.95360000,60839314.57102100,0,ETHUSDT,0.009999999999763531,539114.9735,6323394
2023-08-27,1647.03000000,1660.24000000,1646.32000000,1658.33000000,87789.91960000,1693180799999,145109143.68383600,163046,45374.45330000,75003594.93871500,0,ETHUSDT,0.009999999999763531,539166.6589,6323594
2023-08-28,1658.33000000,1664.34000000,1621.75000000,1653.08000000,214351.01430000,1693267199999,352868062.83225000,274580,103654.50890000,170648261.33481400,0,ETHUSDT,0.010000000000218279,539169.8461,6323640
2023-08-29,1653.08000000,1745.84000000,1640.00000000,1729.42000000,494371.08230000,1693353599999,842464924.52209200,504683,251594.26520000,428870082.85715900,0,ETHUSDT,0.010000000000218279,539184.168,6323852
2023-08-30,1729.41000000,1730.93000000,1694.34000000,1705.23000000,202841.44020000,1693439999999,347291135.28552000,308391,97462.27280000,166837724.68315700,0,ETHUSDT,0.010000000000218279,539172.2801,6324037
2023-08-31,1705.23000000,1729.00000000,1630.00000000,1645.76000000,330518.26680000,1693526399999,554219312.09431100,396774,158776.94210000,266221239.02103800,0,ETHUSDT,0.009999999999763531,539179.1473,6324331
2023-09-01,1645.77000000,1654.53000000,1602.33000000,1629.12000000,302406.16860000,1693612799999,493457144.93884900,368740,152891.86550000,249490726.90606900,0,ETHUSDT,0.010000000000218279,539191.6697,6324604
2023-09-02,1629.13000000,1645.00000000,1628.03000000,1637.03000000,102145.94760000,1693699199999,166937240.93397200,208209,50845.85580000,83098703.76918300,0,ETHUSDT,0.010000000000218279,539190.4805,6324527
2023-09-03,1637.02000000,1647.50000000,1625.14000000,1635.84000000,116767.28620000,1693785599999,190979647.35331100,216339,58997.60720000,96501876.14426800,0,ETHUSDT,0.010000000000218279,539180.7307,6324723
2023-09-04,1635.84000000,1644.82000000,1616.32000000,1630.51000000,168010.90560000,1693871999999,274049115.41792200,275381,79390.44060000,129501176.24789900,0,ETHUSDT,0.010000000000218279,539182.3212,6324979
2023-09-05,1630.52000000,1648.02000000,1609.69000000,1634.45000000,204365.49070000,1693958399999,333010633.96395500,299045,92320.42680000,150498646.09196400,0,ETHUSDT,0.009999999999763531,539182.2171,6324951
2023-09-06,1634.46000000,1670.00000000,1609.20000000,1633.15000000,219541.01930000,1694044799999,358419121.47431900,331227,106351.46940000,173671492.35316100,0,ETHUSDT,0.010000000000218279,539187.6823,6324962
2023-09-07,1633.15000000,1660.00000000,1623.40000000,1648.11000000,228558.27820000,1694131199999,374542954.19473200,319517,108679.21550000,178109929.79143400,0,ETHUSDT,0.010000000000218279,539192.5709,6325493
2023-09-08,1648.11000000,1658.93000000,1616.21000000,1636.44000000,221570.04580000,1694217599999,362938822.78561800,312966,109915.19530000,180061629.98089300,0,ETHUSDT,0.009999999999763531,539195.6353,6325718
2023-09-09,1636.43000000,1637.52000000,1629.74000000,1635.54000000,58519.62290000,1694303999999,95627623.41755600,156305,26774.70470000,43756923.41116400,0,ETHUSDT,0.009999999999763531,539201.7032,6325641
2023-09-10,1635.53000000,1635.70000000,1600.00000000,1617.42000000,207957.84280000,1694390399999,336517904.44357200,292581,100039.46380000,161887440.95607500,0,ETHUSDT,0.009999999999763531,539196.0511,6324849
2023-09-11,1617.42000000,1619.00000000,1531.01000000,1551.85000000,417424.81890000,1694476799999,657137141.34232000,470056,202066.27300000,318051411.66556500,0,ETHUSDT,0.010000000000218279,539198.0563,6324960
2023-09-12,1551.84000000,1626.00000000,1549.67000000,1592.97000000,329739.96850000,1694563199999,525392019.74439200,444268,163861.72240000,260938398.99068400,0,ETHUSDT,0.010000000000218279,539198.1237,6325178
2023-09-13,1592.97000000,1619.30000000,1581.88000000,1607.62000000,223409.28890000,1694649599999,357304191.67390100,349327,107880.37120000,172522864.73323100,0,ETHUSDT,0.009999999999763531,539204.1248,6325613
2023-09-14,1607.61000000,1644.29000000,1607.05000000,1626.47000000,275301.15050000,1694735999999,447913522.75155000,414952,138634.91200000,225589264.49306300,0,ETHUSDT,0.009999999999763531,539224.6769,6325971
2023-09-15,1626.48000000,1654.08000000,1611.42000000,1641.29000000,181340.02400000,1694822399999,295616593.10786500,313776,88087.76060000,143641063.63150800,0,ETHUSDT,0.009999999999763531,539223.9143,6326178
2023-09-16,1641.30000000,1653.17000000,1631.31000000,1634.40000000,99555.46710000,1694908799999,163144495.69107900,245713,43821.93810000,71819073.48656100,0,ETHUSDT,0.009999999999763531,539221.4163,6326145
2023-09-17,1634.40000000,1635.00000000,1612.00000000,1622.48000000,120227.41170000,1694995199999,195464805.89100300,264713,53504.64230000,86960701.56543400,0,ETHUSDT,0.010000000000218279,539227.865,6326150
2023-09-18,1622.48000000,1669.50000000,1603.88000000,1636.66000000,279041.69780000,1695081599999,458235380.24668600,453410,138512.84180000,227475377.92370300,0,ETHUSDT,0.010000000000218279,539255.3598,6326305
2023-09-19,1636.66000000,1661.04000000,1626.32000000,1643.12000000,184282.42580000,1695167999999,302910996.59182800,350549,87617.88890000,144020378.48103300,0,ETHUSDT,0.010000000000218279,539240.1761,6326388
2023-09-20,1643.13000000,1649.34000000,1604.51000000,1622.26000000,232844.23470000,1695254399999,379255954.95170500,382581,110068.56250000,179266382.86945100,0,ETHUSDT,0.010000000000218279,539251.9487,6326569
2023-09-21,1622.27000000,1625.30000000,1567.77000000,1583.94000000,240627.54400000,1695340799999,384503484.65584100,368163,113477.52690000,181209870.85890900,0,ETHUSDT,0.009999999999763531,539251.394,6326765
2023-09-22,1583.94000000,1602.68000000,1576.58000000,1593.08000000,124886.09100000,1695427199999,198987470.05588800,267398,59931.03820000,95501097.43361500,0,ETHUSDT,0.010000000000218279,539252.1937,6326468
2023-09-23,1593.07000000,1598.24000000,1587.45000000,1593.86000000,64537.13410000,1695513599999,102806906.08343100,217950,29897.50660000,47624962.92926800,0,ETHUSDT,0.010000000000218279,539258.4932,6326446
2023-09-24,1593.85000000,1601.12000000,1570.01000000,1580.71000000,137517.85330000,1695599999999,218549215.97400900,307377,69567.52880000,110560825.81027300,0,ETHUSDT,0.009999999999763531,539266.8476,6326603
2023-09-25,1580.71000000,1597.50000000,1563.01000000,1588.33000000,176706.92770000,1695686399999,279294486.72266100,405042,86242.67550000,136326196.38298200,0,ETHUSDT,0.010000000000218279,539293.7304,6327030
2023-09-26,1588.34000000,1599.78000000,1580.05000000,1594.01000000,125583.01610000,1695772799999,199551097.28954800,317309,60123.62820000,95545795.23509700,0,ETHUSDT,0.010000000000218279,539296.2383,6326919
2023-09-27,1594.02000000,1634.10000000,1583.50000000,1598.64000000,274404.43280000,1695859199999,440883556.96005400,478489,130309.72470000,209389151.24377600,0,ETHUSDT,0.010000000000218279,539342.6703,6327225
2023-09-28,1598.63000000,1668.21000000,1598.14000000,1652.99000000,331409.70150000,1695945599999,541873730.29669800,567825,161317.02190000,263716289.47712900,0,ETHUSDT,0.010000000000218279,539351.1125,6327002
2023-09-29,1653.00000000,1688.00000000,1648.37000000,1667.45000000,251975.67280000,1696031999999,420335662.09662800,494615,119324.55780000,199086852.66872900,0,ETHUSDT,0.010000000000218279,539351.1208,6327012
2023-09-30,1667.45000000,1694.32000000,1666.19000000,1670.89000000,136924.91410000,1696118399999,229630339.53543700,342315,74748.05190000,125347764.51287300,0,ETHUSDT,0.010000000000218279,539395.9023,6327304
2023-10-01,1670.89000000,1751.00000000,1668.00000000,1733.79000000,225611.58680000,1696204799999,383793846.18348800,495195,113996.16590000,194000592.08668800,0,ETHUSDT,0.010000000000218279,539397.6752,6327291
2023-10-02,1733.80000000,1744.00000000,1636.79000000,1662.40000000,378575.68980000,1696291199999,643680600.09260300,773990,181099.22020000,308057405.92135800,0,ETHUSDT,0.009999999999763531,539398.849,6327308
2023-10-03,1662.41000000,1670.65000000,1643.00000000,1656.88000000,198287.11640000,1696377599999,328606758.39861700,530016,93742.61540000,155357300.32174700,0,ETHUSDT,0.010000000000218279,539375.1716,6327271
2023-10-04,1656.88000000,1657.66000000,1625.00000000,1646.58000000,222861.71670000,1696463999999,365919693.07999000,553269,105410.57680000,173086611.24806600,0,ETHUSDT,0.010000000000218279,539380.3072,6327148
2023-10-05,1646.58000000,1655.47000000,1606.73000000,1611.79000000,237378.74490000,1696550399999,386770321.77235200,545845,110822.14590000,180526551.03047100,0,ETHUSDT,0.010000000000218279,539389.7039,6327524
2023-10-06,1611.79000000,1662.00000000,1611.68000000,1645.03000000,220507.92860000,1696636799999,360565723.57884400,539488,109623.00060000,179235720.66966800,0,ETHUSDT,0.009999999999763531,539393.9328,6327066
2023-10-07,1645.03000000,1647.71000000,1630.03000000,1633.57000000,101241.57320000,1696723199999,165907550.80901300,288695,47002.98120000,77028514.72954500,0,ETHUSDT,0.009999999999763531,539421.3341,6327219
2023-10-08,1633.56000000,1641.40000000,1616.17000000,1632.84000000,149424.66350000,1696809599999,243516204.38871700,372636,72838.61570000,118698298.92276700,0,ETHUSDT,0.010000000000218279,539467.6508,6327599
2023-10-09,1632.85000000,1636.00000000,1546.00000000,1580.13000000,340141.09880000,1696895999999,540588837.45958900,646240,167250.98390000,265609380.01829500,0,ETHUSDT,0.010000000000218279,539494.4653,6327994
2023-10-10,1580.13000000,1594.90000000,1550.55000000,1567.63000000,240659.32870000,1696982399999,378967575.34008300,613660,122514.98030000,192965581.78925500,0,ETHUSDT,0.009999999999763531,539574.5916,6328488
2023-10-11,1567.62000000,1578.43000000,1544.26000000,1566.87000000,260253.96710000,1697068799999,406667649.14402200,605321,134785.48640000,210618804.52340000,0,ETHUSDT,0.010000000000218279,539576.7346,6328594
2023-10-12,1566.86000000,1568.56000000,1521.00000000,1539.61000000,237221.49770000,1697155199999,366335747.01366700,510960,110863.92500000,171195520.91783800,0,ETHUSDT,0.010000000000218279,539581.7373,6328657
2023-10-13,1539.61000000,1575.36000000,1537.76000000,1552.16000000,192205.87360000,1697241599999,297929349.18692500,520123,92439.20410000,143291580.64583900,0,ETHUSDT,0.010000000000218279,539581.4987,6328620
2023-10-14,1552.16000000,1561.72000000,1544.55000000,1554.94000000,100314.67540000,1697327999999,155648012.90784400,281561,41626.75670000,64617045.02605300,0,ETHUSDT,0.010000000000218279,539583.031,6328654
2023-10-15,1554.94000000,1567.62000000,1547.44000000,1557.77000000,120311.27380000,1697414399999,187266232.06238600,316951,57789.47240000,89957330.73435300,0,ETHUSDT,0.010000000000218279,539595.9132,6328694
2023-10-16,1557.78000000,1639.43000000,1555.06000000,1599.42000000,418510.86440000,1697500799999,665124956.25364000,729569,215767.08560000,342929071.44598200,0,ETHUSDT,0.010000000000218279,539621.7003,6328572
2023-10-17,1599.41000000,1600.53000000,1551.08000000,1565.01000000,234817.06990000,1697587199999,370032208.15675400,475213,106364.46260000,167596650.46421400,0,ETHUSDT,0.009999999999763531,539629.4032,6328421
2023-10-18,1565.01000000,1585.42000000,1555.88000000,1563.44000000,177750.22530000,1697673599999,279357949.45458000,440577,87939.03430000,138219607.96215800,0,ETHUSDT,0.010000000000218279,539618.4204,6328410
2023-10-19,1563.45000000,1574.45000000,1541.61000000,1566.57000000,216217.66750000,1697759999999,336684246.04449600,469598,101807.26510000,158534910.77649600,0,ETHUSDT,0.010000000000218279,539622.6388,6328399
2023-10-20,1566.57000000,1630.40000000,1561.19000000,1603.89000000,315995.79200000,1697846399999,506065182.98231400,651738,158954.72470000,254549257.17093600,0,ETHUSDT,0.010000000000218279,539628.2724,6328816
2023-10-21,1603.88000000,1644.53000000,1592.36000000,1628.94000000,176419.40920000,1697932799999,285546594.56213000,463033,89419.90930000,144754684.68165700,0,ETHUSDT,0.010000000000218279,539629.3403,6328924
2023-10-22,1628.94000000,1667.80000000,1621.10000000,1663.70000000,228650.92250000,1698019199999,374841495.30439100,580843,108635.98610000,178084510.66694800,0,ETHUSDT,0.010000000000218279,539621.6288,6328758
2023-10-23,1663.69000000,1800.00000000,1657.07000000,1765.46000000,610931.96630000,1698105599999,1044121568.09905400,1167834,302609.53350000,517197485.18685300,0,ETHUSDT,0.010000000000218279,539622.166,6328795
2023-10-24,1765.47000000,1854.38000000,1756.21000000,1784.98000000,674055.13750000,1698191999999,1216867823.89922500,1308532,335960.76130000,606671583.33911700,0,ETHUSDT,0.010000000000218279,539620.7021,6328704
2023-10-25,1784.98000000,1817.69000000,1760.00000000,1787.15000000,354410.82940000,1698278399999,634289515.56577900,774777,177656.30270000,318020760.74040300,0,ETHUSDT,0.010000000000218279,539621.206,6328803
2023-10-26,1787.15000000,1865.54000000,1762.21000000,1803.38000000,431169.04530000,1698364799999,781481904.95969700,901019,216166.78560000,391693373.21916700,0,ETHUSDT,0.009999999999763531,539622.2381,6328820
2023-10-27,1803.39000000,1803.91000000,1744.66000000,1779.40000000,274532.69210000,1698451199999,488398895.21753700,594592,137263.46820000,244249949.51807600,0,ETHUSDT,0.010000000000218279,539628.2002,6328909
2023-10-28,1779.41000000,1803.23000000,1770.00000000,1776.20000000,122919.73820000,1698537599999,219588597.64105000,333711,59590.45430000,106460555.45935900,0,ETHUSDT,0.010000000000218279,539628.2114,6328910
2023-10-29,1776.21000000,1811.30000000,1762.66000000,1795.14000000,144110.65080000,1698623999999,258015412.93155400,371024,68282.97790000,122240383.72822500,0,ETHUSDT,0.010000000000218279,539628.9196,6328914
2023-10-30,1795.14000000,1829.84000000,1777.77000000,1809.04000000,277686.19200000,1698710399999,501228029.31760500,560359,134895.64800000,243576319.80932100,0,ETHUSDT,0.009999999999763531,539677.9875,6329187
2023-10-31,1809.03000000,1819.41000000,1780.99000000,1814.67000000,258074.57960000,1698796799999,464695558.99525400,577888,120112.91540000,216284275.88791600,0,ETHUSDT,0.009999999999763531,539712.4465,6329197
2023-11-01,1814.67000000,1857.66000000,1783.19000000,1846.99000000,471921.61840000,1698883199999,858744655.31150800,862416,234932.89940000,427830377.61923100,0,ETHUSDT,0.009999999999763531,539716.9092,6329101
2023-11-02,1846.99000000,1875.00000000,1785.01000000,1800.80000000,368738.21930000,1698969599999,674522153.76558900,790110,185623.84900000,339696387.31557100,0,ETHUSDT,0.010000000000218279,539703.7853,6328796
2023-11-03,1800.79000000,1834.58000000,1777.11000000,1832.71000000,315000.26780000,1699055999999,568244477.51770300,713592,148670.14460000,268213982.30877700,0,ETHUSDT,0.010000000000218279,539693.3383,6328612
2023-11-04,1832.70000000,1869.90000000,1824.03000000,1855.54000000,171538.03640000,1699142399999,315560482.70251600,463794,90964.88280000,167382926.70823700,0,ETHUSDT,0.010000000000218279,539681.9719,6328502
2023-11-05,1855.54000000,1912.67000000,1846.11000000,1891.71000000,383106.76280000,1699228799999,721508408.94399200,780672,194760.18480000,366825053.12650500,0,ETHUSDT,0.010000000000218279,539772.4185,6329242
2023-11-06,1891.71000000,1914.23000000,1868.48000000,1900.95000000,328746.23940000,1699315199999,622198937.15669200,717293,163547.45760000,309583391.10696100,0,ETHUSDT,0.010000000000218279,539769.4057,6329250
2023-11-07,1900.95000000,1906.99000000,1850.32000000,1885.27000000,332419.44060000,1699401599999,625566317.42704500,760921,157050.09940000,295599094.27211800,0,ETHUSDT,0.010000000000218279,539817.2308,6329735
2023-11-08,1885.26000000,1904.69000000,1872.51000000,1888.12000000,247881.09970000,1699487999999,468144576.74145400,514836,125671.61970000,237346429.60485600,0,ETHUSDT,0.009999999999763531,539822.3884,6329818
2023-11-09,1888.11000000,2132.00000000,1882.07000000,2121.32000000,1100330.32370000,1699574399999,2200484378.92985000,1657379,576184.41160000,1151326154.69537700,0,ETHUSDT,0.009999999999763531,539871.9025,6330127
2023-11-10,2121.33000000,2136.99000000,2064.61000000,2077.72000000,555573.64950000,1699660799999,1167220520.82826100,880646,270796.81850000,569032269.47012900,0,ETHUSDT,0.009999999999763531,539877.1376,6330471
2023-11-11,2077.72000000,2089.60000000,2030.30000000,2053.17000000,370966.03720000,1699747199999,763796737.40937500,675522,177075.17870000,364652650.68236400,0,ETHUSDT,0.009999999999763531,539902.7962,6330788
2023-11-12,2053.16000000,2066.50000000,2012.10000000,2044.68000000,281907.55900000,1699833599999,577153459.51571000,556231,142320.70720000,291430126.46568400,0,ETHUSDT,0.009999999999763531,539912.1228,6330935
2023-11-13,2044.69000000,2118.00000000,2028.49000000,2053.65000000,529143.58150000,1699919999999,1093862454.32137400,1025249,261963.73590000,541622293.08972100,0,ETHUSDT,0.009999999999763531,539877.0996,6331035
2023-11-14,2053.65000000,2064.96000000,1936.60000000,1979.39000000,481909.73300000,1700006399999,972032428.32657300,884487,227697.39860000,459505858.16015600,0,ETHUSDT,0.010000000000218279,539887.7958,6331365
2023-11-15,1979.40000000,2062.40000000,1967.01000000,2058.48000000,421870.80320000,1700092799999,847945999.66400000,731745,214270.80550000,430649792.14313200,0,ETHUSDT,0.010000000000218279,539902.4347,6331569
2023-11-16,2058.49000000,2090.40000000,1939.10000000,1961.77000000,545286.12970000,1700179199999,1101174547.30860900,991673,258249.24060000,521815881.91400900,0,ETHUSDT,0.010000000000218279,539901.8055,6331544
2023-11-17,1961.77000000,1991.50000000,1904.00000000,1960.82000000,401100.50690000,1700265599999,783561858.01188900,788071,190084.30410000,371312547.95541200,0,ETHUSDT,0.010000000000218279,539902.5247,6331563
2023-11-18,1960.82000000,1971.22000000,1916.00000000,1962.60000000,279368.22080000,1700351999999,543924395.73302800,535494,125794.98940000,245020429.99701000,0,ETHUSDT,0.010000000000218279,539884.267,6331319
2023-11-19,1962.59000000,2015.75000000,1942.89000000,2011.47000000,251132.61920000,1700438399999,494600634.89114600,506631,126144.44170000,248644868.45796300,0,ETHUSDT,0.010000000000218279,539875.745,6331074
2023-11-20,2011.47000000,2066.40000000,1990.00000000,2021.40000000,421717.67900000,1700524799999,854002757.45117200,751621,202758.58950000,410688842.47982300,0,ETHUSDT,0.009999999999763531,539875.7698,6331073
2023-11-21,2021.41000000,2034.60000000,1931.43000000,1933.01000000,490163.98630000,1700611199999,974304142.39717400,888864,228457.66450000,454169629.26029600,0,ETHUSDT,0.009999999999763531,539902.85,6331760
2023-11-22,1933.01000000,2092.46000000,1928.41000000,2063.21000000,466120.51090000,1700697599999,943776525.65738000,796700,230629.99370000,466898382.31101400,0,ETHUSDT,0.009999999999763531,539907.1184,6331935
2023-11-23,2063.22000000,2088.94000000,2040.35000000,2062.20000000,250960.69580000,1700783999999,517482313.45225600,527877,125214.91690000,258240481.04709900,0,ETHUSDT,0.009999999999763531,539888.0746,6331930
2023-11-24,2062.21000000,2133.02000000,2059.37000000,2080.84000000,426932.54020000,1700870399999,894370772.51811400,672044,209685.71700000,439269617.03678300,0,ETHUSDT,0.009999999999763531,539914.7702,6332673
2023-11-25,2080.84000000,2090.54000000,2065.30000000,2083.09000000,138847.39300000,1700956799999,288887833.97800400,350920,69009.33430000,143596956.95353100,0,ETHUSDT,0.009999999999763531,539930.098,6333047
2023-11-26,2083.10000000,2094.99000000,2036.42000000,2062.33000000,241262.91360000,1701043199999,499314260.83391500,510922,118774.15090000,245826217.30275600,0,ETHUSDT,0.010000000000218279,539940.9864,6333226
2023-11-27,2062.34000000,2071.24000000,1985.78000000,2027.50000000,326073.22980000,1701129599999,660673302.74006000,622522,159492.23910000,323207766.23646300,0,ETHUSDT,0.009999999999763531,539944.3225,6333372
2023-11-28,2027.50000000,2075.00000000,1995.15000000,2048.14000000,283775.92790000,1701215999999,578404413.95846800,606358,146633.56520000,298858840.66262700,0,ETHUSDT,0.010000000000218279,539951.0332,6333451
2023-11-29,2048.14000000,2075.70000000,2019.31000000,2028.81000000,254843.73190000,1701302399999,521225853.33225000,503614,125984.04410000,257660016.09729500,0,ETHUSDT,0.010000000000218279,539953.7907,6333552
2023-11-30,2028.80000000,2054.75000000,2020.85000000,2051.96000000,243680.09210000,1701388799999,496360388.66638500,458227,123357.98750000,251301504.63400300,0,ETHUSDT,0.010000000000218279,539961.1527,6333767
2023-12-01,2051.95000000,2110.87000000,2045.04000000,2087.24000000,372645.58600000,1701475199999,778670941.03376000,598646,193580.10240000,404463202.52867400,0,ETHUSDT,0.009999999999763531,539963.345,6333990
2023-12-02,2087.24000000,2186.60000000,2086.25000000,2164.74000000,320979.97680000,1701561599999,684434398.68424500,618401,177507.90650000,378562669.28843400,0,ETHUSDT,0.009999999999763531,539967.6646,6334214
2023-12-03,2164.75000000,2217.27000000,2149.00000000,2192.95000000,257879.11360000,1701647999999,560343820.02850900,556948,135206.30790000,293879684.38655900,0,ETHUSDT,0.009999999999763531,539968.9911,6334447
2023-12-04,2192.96000000,2274.28000000,2191.00000000,2243.37000000,565307.71340000,1701734399999,1263069834.20861200,980117,283090.74670000,632410939.65829000,0,ETHUSDT,0.010000000000218279,539966.6149,6334448
2023-12-05,2243.36000000,2309.72000000,2188.33000000,2293.33000000,529829.72140000,1701820799999,1190597719.19322700,1018557,272102.51620000,611589710.74711000,0,ETHUSDT,0.010000000000218279,539973.9473,6334866
2023-12-06,2293.33000000,2312.23000000,2220.00000000,2232.70000000,408338.90560000,1701907199999,925926168.10934200,842212,201586.64380000,457181711.84181900,0,ETHUSDT,0.010000000000218279,539975.2495,6335054
2023-12-07,2232.70000000,2382.80000000,2222.00000000,2355.73000000,485190.06090000,1701993599999,1115389522.52305300,921917,253392.50300000,582277684.03791300,0,ETHUSDT,0.009999999999763531,539975.2387,6335037
2023-12-08,2355.74000000,2392.00000000,2336.34000000,2358.72000000,378569.81260000,1702079999999,893841920.83732000,713431,188434.41100000,444945340.37882700,0,ETHUSDT,0.009999999999763531,539978.5758,6335156
2023-12-09,2358.71000000,2403.00000000,2328.01000000,2340.49000000,287771.06640000,1702166399999,679437458.93125400,648813,143129.42620000,338059268.85995200,0,ETHUSDT,0.009999999999763531,539982.6479,6335747
2023-12-10,2340.48000000,2377.47000000,2320.00000000,2352.39000000,200037.21020000,1702252799999,469860963.94715300,464455,98846.24030000,232231421.44970500,0,ETHUSDT,0.010000000000218279,540016.6104,6336274
2023-12-11,2352.39000000,2355.00000000,2156.62000000,2225.12000000,640414.91660000,1702339199999,1426910964.96622000,1153316,310376.71830000,691367771.31758400,0,ETHUSDT,0.010000000000218279,540109.748,6336831
2023-12-12,2225.11000000,2244.12000000,2166.00000000,2203.46000000,361588.90870000,1702425599999,799015127.41497400,804062,174479.15720000,385626460.74170900,0,ETHUSDT,0.009999999999763531,540137.0277,6337244
2023-12-13,2203.47000000,2284.02000000,2144.32000000,2260.16000000,418916.61540000,1702511999999,922420273.94725300,897019,208136.21200000,458517097.43953700,0,ETHUSDT,0.009999999999763531,540140.4131,6337461
2023-12-14,2260.16000000,2332.11000000,2228.20000000,2315.32000000,409508.09310000,1702598399999,934716057.65086400,918965,199995.25980000,456684016.25940700,0,ETHUSDT,0.009999999999763531,540143.2189,6337360
2023-12-15,2315.32000000,2317.81000000,2200.00000000,2220.50000000,333552.63280000,1702684799999,754022987.24772200,714102,158002.09790000,357145001.64517100,0,ETHUSDT,0.009999999999763531,540153.251,6338015
2023-12-16,2220.51000000,2263.40000000,2210.00000000,2228.96000000,199285.92300000,1702771199999,446980227.08283500,528692,102517.14940000,229991096.38707800,0,ETHUSDT,0.010000000000218279,540177.7995,6338547
2023-12-17,2228.96000000,2248.68000000,2191.50000000,2196.52000000,225925.76750000,1702857599999,501306718.24280800,531241,110196.73310000,244591673.21800200,0,ETHUSDT,0.010000000000218279,540180.8778,6338554
2023-12-18,2196.53000000,2224.00000000,2116.60000000,2219.43000000,364103.11810000,1702943999999,789100505.03171100,769310,185328.36640000,401777681.85963600,0,ETHUSDT,0.009999999999763531,540207.7729,6338917
2023-12-19,2219.44000000,2255.00000000,2135.55000000,2177.91000000,383551.40490000,1703030399999,847060839.70839800,786067,199184.67690000,440190473.49901500,0,ETHUSDT,0.009999999999763531,540207.2239,6338908
2023-12-20,2177.90000000,2266.00000000,2156.00000000,2202.17000000,416841.62720000,1703116799999,922794580.70340200,867198,217937.72750000,482487428.03181000,0,ETHUSDT,0.009999999999763531,540206.6892,6338756
2023-12-21,2202.17000000,2279.31000000,2182.98000000,2239.61000000,453069.72520000,1703203199999,1010354340.13579900,848508,231043.88830000,515263188.51310800,0,ETHUSDT,0.009999999999763531,540205.2304,6338665
2023-12-22,2239.60000000,2343.15000000,2230.59000000,2324.54000000,591357.48800000,1703289599999,1358322906.95807800,1124820,304284.72800000,698670214.94879500,0,ETHUSDT,0.009999999999763531,540205.2755,6338653
2023-12-23,2324.54000000,2330.65000000,2265.00000000,2308.20000000,255626.93520000,1703375999999,586078143.24207900,588229,125338.90030000,287364940.98055700,0,ETHUSDT,0.009999999999763531,540205.5253,6338686
2023-12-24,2308.20000000,2326.19000000,2245.00000000,2264.05000000,307951.07600000,1703462399999,705420988.78504000,711200,149344.80480000,342167364.79642400,0,ETHUSDT,0.010000000000218279,540244.1207,6338708
2023-12-25,2264.04000000,2304.80000000,2253.10000000,2271.35000000,286277.16160000,1703548799999,652158658.25835100,613108,142610.65470000,324881292.11961500,0,ETHUSDT,0.010000000000218279,540251.5329,6338708
2023-12-26,2271.36000000,2274.99000000,2178.45000000,2230.88000000,410413.15910000,1703635199999,916097827.49845000,701701,204347.73880000,456146429.33845700,0,ETHUSDT,0.009999999999763531,540278.9409,6338870
2023-12-27,2230.88000000,2392.44000000,2211.88000000,2378.35000000,541537.35740000,1703721599999,1250873719.55066100,978666,275739.28200000,637066006.82783400,0,ETHUSDT,0.010000000000218279,540292.3731,6339019
2023-12-28,2378.35000000,2445.80000000,2335.00000000,2344.15000000,580459.98200000,1703807999999,1385456486.28619100,1241094,286686.85360000,684383781.91887600,0,ETHUSDT,0.010000000000218279,540295.2847,6339262
2023-12-29,2344.15000000,2385.41000000,2255.34000000,2299.20000000,450201.20690000,1703894399999,1049566350.12220900,990308,220819.11790000,515080529.83158400,0,ETHUSDT,0.010000000000218279,540309.8876,6339394
2023-12-30,2299.20000000,2322.84000000,2268.00000000,2291.68000000,210539.13270000,1703980799999,483369913.47884600,555932,104439.50030000,239815289.25653100,0,ETHUSDT,0.010000000000218279,540303.5819,6339836
2023-12-31,2291.68000000,2321.34000000,2258.88000000,2281.87000000,222175.87790000,1704067199999,510046689.18739600,548848,109570.80690000,251574412.24206300,0,ETHUSDT,0.009999999999763531,540311.025,6339330
2024-01-01,2281.87000000,2352.37000000,2265.24000000,2352.04000000,216702.69140000,1704153599999,500451219.61280600,536670,112374.43700000,259588575.40024500,0,ETHUSDT,0.009999999999763531,540311.3227,6339055
2024-01-02,2352.05000000,2431.30000000,2341.00000000,2355.34000000,458041.66420000,1704239999999,1090922198.04909100,1028335,223746.24220000,532982278.47975200,0,ETHUSDT,0.009999999999763531,540198.5222,6338422
2024-01-03,2355.35000000,2385.45000000,2100.00000000,2209.72000000,798729.48690000,1704326399999,1797597895.17990400,1351067,401227.76080000,903126257.91575700,0,ETHUSDT,0.009999999999763531,540199.9785,6338513
2024-01-04,2209.72000000,2294.69000000,2201.91000000,2267.11000000,448844.05500000,1704412799999,1009072619.20677300,780771,234794.62830000,527905592.14952300,0,ETHUSDT,0.009999999999763531,540199.518,6338316
2024-01-05,2267.11000000,2277.21000000,2206.17000000,2268.78000000,405568.00060000,1704499199999,910367621.18166200,758963,213615.44270000,479634490.30828000,0,ETHUSDT,0.009999999999763531,540203.4356,6338396
2024-01-06,2268.78000000,2270.00000000,2216.40000000,2240.78000000,194067.86560000,1704585599999,434867515.95915700,450441,96482.41730000,216188633.00675600,0,ETHUSDT,0.009999999999763531,540189.4214,6338016
2024-01-07,2240.77000000,2258.01000000,2203.46000000,2221.42000000,207138.69270000,1704671999999,463525159.25742900,516569,102848.67020000,230218378.95440000,0,ETHUSDT,0.010000000000218279,540187.7231,6338017
2024-01-08,2221.42000000,2358.20000000,2166.38000000,2330.44000000,539407.55470000,1704758399999,1221527410.44082200,1069027,279216.73100000,632217788.55808000,0,ETHUSDT,0.010000000000218279,540199.5805,6338434
2024-01-09,2330.43000000,2371.72000000,2226.78000000,2344.29000000,551454.99310000,1704844799999,1267764132.83607700,1196445,273075.88920000,627991032.60132400,0,ETHUSDT,0.010000000000218279,540208.3753,6338826
2024-01-10,2344.30000000,2643.10000000,2339.59000000,2584.38000000,1038388.66600000,1704931199999,2536320982.38854300,2010707,535126.43720000,1307342421.54056900,0,ETHUSDT,0.010000000000218279,540198.5974,6338642
2024-01-11,2584.37000000,2689.39000000,2566.01000000,2618.01000000,838712.25770000,1705017599999,2194916359.19164600,1693755,422894.05640000,1106947875.84467300,0,ETHUSDT,0.010000000000218279,540303.3086,6338945
2024-01-12,2618.01000000,2717.32000000,2458.00000000,2522.54000000,887457.76270000,1705103999999,2318179618.08691200,1860636,438363.57200000,1145981221.30549400,0,ETHUSDT,0.009999999999763531,540366.2186,6339142
2024-01-13,2522.55000000,2590.00000000,2497.50000000,2578.19000000,422061.23200000,1705190399999,1075466481.72042000,898845,218172.40570000,556065721.44368000,0,ETHUSDT,0.009999999999763531,540400.4074,6339552
2024-01-14,2578.18000000,2578.69000000,2470.00000000,2472.87000000,306207.74630000,1705276799999,774962904.80711700,732294,144164.47900000,364865278.47385700,0,ETHUSDT,0.010000000000218279,540406.6246,6339624
2024-01-15,2472.87000000,2553.82000000,2470.92000000,2511.78000000,315247.88190000,1705363199999,793871974.87160100,789378,159083.43660000,400685806.64176400,0,ETHUSDT,0.009999999999763531,540416.7564,6339774
2024-01-16,2511.79000000,2614.43000000,2500.05000000,2587.40000000,381077.62470000,1705449599999,972060398.77460000,1140088,201471.81520000,514039096.29154800,0,ETHUSDT,0.010000000000218279,540433.0586,6340005
2024-01-17,2587.41000000,2592.97000000,2506.75000000,2530.19000000,366281.34770000,1705535999999,933809190.34820800,1140624,180607.81460000,460417669.70201800,0,ETHUSDT,0.010000000000218279,540431.0855,6340016
2024-01-18,2530.20000000,2550.00000000,2428.56000000,2470.81000000,452090.10740000,1705622399999,1129803152.91478800,894355,213299.17890000,533210494.56816800,0,ETHUSDT,0.009999999999763531,540425.9769,6339663
2024-01-19,2470.81000000,2504.20000000,2415.20000000,2492.00000000,424209.00290000,1705708799999,1047352971.89337000,855044,206802.95850000,510669928.42324200,0,ETHUSDT,0.010000000000218279,540424.1072,6339527
2024-01-20,2491.99000000,2492.00000000,2454.20000000,2472.01000000,136620.95770000,1705795199999,337794603.14760000,418938,64429.72620000,159284530.83930200,0,ETHUSDT,0.010000000000218279,540506.8655,6339713
2024-01-21,2472.02000000,2482.18000000,2452.13000000,2457.05000000,122572.16870000,1705881599999,303022758.72808200,360446,61174.35550000,151252878.97845200,0,ETHUSDT,0.010000000000218279,540503.2132,6339433
2024-01-22,2457.06000000,2466.10000000,2303.59000000,2314.20000000,526337.64920000,1705967999999,1252505758.32290400,933793,245492.64200000,584077487.05425800,0,ETHUSDT,0.010000000000218279,540513.0932,6339397
2024-01-23,2314.19000000,2352.23000000,2168.07000000,2242.60000000,700105.33140000,1706054399999,1568448812.43809000,1204183,342792.23580000,768007673.88793500,0,ETHUSDT,0.010000000000218279,540197.259,6338640
2024-01-24,2242.60000000,2264.60000000,2196.12000000,2235.02000000,359851.14960000,1706140799999,802477123.10851500,801012,175571.10550000,391550218.45457200,0,ETHUSDT,0.010000000000218279,540137.5991,6338448
2024-01-25,2235.02000000,2242.89000000,2171.30000000,2218.64000000,330426.60610000,1706227199999,731016014.38228900,756164,167421.81490000,370422421.76426600,0,ETHUSDT,0.010000000000218279,540112.6694,6338401
2024-01-26,2218.64000000,2282.36000000,2195.84000000,2267.68000000,363566.42550000,1706313599999,815753832.16317100,823603,182453.18340000,409362536.72305900,0,ETHUSDT,0.010000000000218279,540125.6572,6338335
2024-01-27,2267.67000000,2282.94000000,2251.40000000,2267.94000000,145109.38360000,1706399999999,329102144.45981500,416970,71016.41810000,161066722.42544700,0,ETHUSDT,0.01999999999998181,540130.5319,6338555
2024-01-28,2267.94000000,2308.24000000,2239.89000000,2256.90000000,209326.90870000,1706486399999,476534769.15889200,566626,104154.04960000,237191132.09913600,0,ETHUSDT,0.010000000000218279,540134.6097,6338470
2024-01-29,2256.90000000,2322.34000000,2233.80000000,2317.60000000,305528.07760000,1706572799999,696374288.61947300,681798,162757.94930000,370938691.79153600,0,ETHUSDT,0.009999999999763531,540149.0652,6338322
2024-01-30,2317.61000000,2391.98000000,2297.00000000,2343.01000000,372879.57910000,1706659199999,871148737.16665800,770660,183075.94900000,427968852.78869700,0,ETHUSDT,0.010000000000218279,540188.3102,6338539
2024-01-31,2343.00000000,2351.60000000,2263.57000000,2283.14000000,397116.18590000,1706745599999,920131584.29010400,922884,190645.60670000,441780164.05471900,0,ETHUSDT,0.010000000000218279,540188.7343,6338620
2024-02-01,2283.15000000,2311.72000000,2240.00000000,2304.28000000,310997.45380000,1706831999999,708868445.04675500,779472,158219.25580000,360682829.63350700,0,ETHUSDT,0.009999999999763531,540238.5871,6338518
2024-02-02,2304.28000000,2324.74000000,2281.94000000,2309.06000000,238230.51100000,1706918399999,549302201.69764200,574621,124140.55470000,286293198.37916000,0,ETHUSDT,0.010000000000218279,540239.3524,6338481
2024-02-03,2309.07000000,2329.98000000,2292.75000000,2296.49000000,133232.84500000,1707004799999,307866239.18644200,397464,67739.16040000,156542429.20219000,0,ETHUSDT,0.010000000000218279,540258.5099,6338832
2024-02-04,2296.50000000,2311.00000000,2266.00000000,2289.79000000,171232.04440000,1707091199999,393039532.45206800,506684,86355.84790000,198240508.08091100,0,ETHUSDT,0.009999999999763531,540355.9521,6339261
2024-02-05,2289.79000000,2338.41000000,2269.11000000,2301.83000000,236610.41200000,1707177599999,545576620.00256500,730863,119477.20730000,275457076.81283000,0,ETHUSDT,0.009999999999763531,540362.0725,6339152
2024-02-06,2301.84000000,2392.40000000,2299.00000000,2372.64000000,368942.74980000,1707263999999,864113645.78768100,861796,194747.05030000,455966832.43351500,0,ETHUSDT,0.010000000000218279,540394.7992,6339445
2024-02-07,2372.63000000,2444.44000000,2354.00000000,2425.10000000,342791.70130000,1707350399999,820475884.30352100,860357,170845.03340000,409066707.64434600,0,ETHUSDT,0.010000000000218279,540469.2941,6339678
2024-02-08,2425.09000000,2463.15000000,2411.01000000,2419.55000000,338040.05390000,1707436799999,821961943.65209600,894102,171666.22000000,417466887.60629000,0,ETHUSDT,0.009999999999763531,540477.4956,6339605
2024-02-09,2419.56000000,2525.00000000,2419.16000000,2486.56000000,492384.38500000,1707523199999,1222635531.62879300,1134276,267424.63820000,663906268.87270700,0,ETHUSDT,0.009999999999763531,540475.5904,6339528
2024-02-10,2486.56000000,2516.45000000,2471.57000000,2500.24000000,185099.59000000,1707609599999,461966177.39475600,622723,92100.74680000,229916992.53344300,0,ETHUSDT,0.010000000000218279,540474.5624,6339479
2024-02-11,2500.24000000,2539.63000000,2493.45000000,2507.21000000,219975.14710000,1707695999999,553430378.32506900,711081,108625.54970000,273332221.82282900,0,ETHUSDT,0.010000000000218279,540471.3353,6339262
2024-02-12,2507.22000000,2665.58000000,2472.00000000,2659.99000000,449501.77600000,1707782399999,1152087242.12635800,1019390,234514.58820000,600948748.23949700,0,ETHUSDT,0.009999999999763531,540522.5368,6339561
2024-02-13,2659.99000000,2686.12000000,2590.00000000,2639.99000000,502447.74500000,1707868799999,1328138932.92916900,1044885,251035.41080000,663739320.80016200,0,ETHUSDT,0.010000000000218279,540532.911,6339683
2024-02-14,2639.99000000,2786.00000000,2618.40000000,2774.81000000,461670.69440000,1707955199999,1258639954.54766500,1090412,239546.56980000,653095961.20462500,0,ETHUSDT,0.009999999999763531,540576.7079,6339835
2024-02-15,2774.80000000,2867.65000000,2759.25000000,2822.59000000,481689.18740000,1708041599999,1353587492.51477500,1347619,243023.63420000,682988254.22000400,0,ETHUSDT,0.009999999999763531,540587.8914,6339883
2024-02-16,2822.58000000,2857.40000000,2740.00000000,2801.80000000,378070.80370000,1708127999999,1062271564.48786000,1123447,185179.05050000,520346616.72079800,0,ETHUSDT,0.010000000000218279,540584.8995,6339982
2024-02-17,2801.81000000,2804.21000000,2719.01000000,2785.93000000,243302.87590000,1708214399999,673711593.25171300,969157,119901.82840000,332078826.68692700,0,ETHUSDT,0.009999999999763531,540584.0559,6339801
2024-02-18,2785.92000000,2895.00000000,2764.25000000,2881.20000000,367987.88330000,1708300799999,1037802342.59328700,1311570,195921.89910000,552680229.20223500,0,ETHUSDT,0.009999999999763531,540580.3985,6339460
2024-02-19,2881.20000000,2984.52000000,2856.93000000,2944.80000000,446451.04010000,1708387199999,1302430726.12966100,1539410,227406.12000000,663377285.58220500,0,ETHUSDT,0.010000000000218279,540624.8459,6339469
2024-02-20,2944.80000000,3033.09000000,2874.56000000,3014.81000000,634681.74710000,1708473599999,1868745481.64754900,1517960,326652.00620000,962250454.92416700,0,ETHUSDT,0.010000000000218279,540628.8506,6339095
2024-02-21,3014.81000000,3017.15000000,2868.00000000,2967.90000000,595955.00330000,1708559999999,1746960179.79394000,1256455,304412.85950000,892448097.68690600,0,ETHUSDT,0.010000000000218279,540771.0932,6339818
2024-02-22,2967.91000000,3036.02000000,2906.51000000,2971.40000000,563525.99360000,1708646399999,1676206889.45140500,1205856,287462.40820000,855123373.24319600,0,ETHUSDT,0.009999999999763531,540809.822,6340273
2024-02-23,2971.40000000,2993.80000000,2906.05000000,2922.24000000,428826.57870000,1708732799999,1261137725.51195200,1003464,213798.49070000,628768240.52667000,0,ETHUSDT,0.009999999999763531,540870.6719,6340639
2024-02-24,2922.25000000,3007.48000000,2906.40000000,2992.62000000,243854.07830000,1708819199999,721993808.56619300,718718,129344.76130000,382999668.62912800,0,ETHUSDT,0.009999999999763531,540900.6657,6340681
2024-02-25,2992.62000000,3122.00000000,2983.61000000,3112.59000000,412306.22370000,1708905599999,1257766106.54629900,1085332,214481.50730000,654277370.55054800,0,ETHUSDT,0.010000000000218279,540914.0083,6340936
2024-02-26,3112.60000000,3196.00000000,3036.59000000,3175.94000000,546722.77470000,1708991999999,1703165045.24149200,1391934,261235.60850000,814240988.84789700,0,ETHUSDT,0.010000000000218279,540868.0338,6340994
2024-02-27,3175.95000000,3288.14000000,3160.02000000,3242.36000000,625939.12210000,1709078399999,2025805516.97493300,1676466,313778.34230000,1015674724.02560100,0,ETHUSDT,0.009999999999763531,540942.5738,6341758
2024-02-28,3242.35000000,3488.00000000,3176.16000000,3383.10000000,947538.76600000,1709164799999,3153201034.91476300,2442603,475465.52590000,1583075300.15767100,0,ETHUSDT,0.009999999999763531,540960.6653,6341583
2024-02-29,3383.11000000,3522.81000000,3300.00000000,3340.09000000,759698.11230000,1709251199999,2608623102.49017000,2112875,391723.24190000,1346123911.22761600,0,ETHUSDT,0.009999999999763531,540975.4989,6341672
2024-03-01,3340.10000000,3450.00000000,3338.54000000,3433.43000000,412788.57730000,1709337599999,1405295834.57269400,1263130,199773.66220000,680364451.59478500,0,ETHUSDT,0.009999999999763531,540940.2369,6341570
2024-03-02,3433.42000000,3460.04000000,3390.01000000,3421.40000000,283984.94480000,1709423999999,971756920.45120900,926113,138242.27780000,473033589.27969500,0,ETHUSDT,0.009999999999763531,540941.5123,6341478
2024-03-03,3421.39000000,3491.80000000,3360.00000000,3487.81000000,341631.53100000,1709510399999,1172272660.98449000,1116823,168839.16330000,579484704.66524300,0,ETHUSDT,0.010000000000218279,540950.8531,6341959
2024-03-04,3487.80000000,3640.94000000,3423.78000000,3627.76000000,715360.63610000,1709596799999,2526905041.93919000,1953764,355054.02440000,1255112595.62117600,0,ETHUSDT,0.010000000000218279,540963.9656,6342042
2024-03-05,3627.75000000,3822.04000000,3200.00000000,3553.65000000,1392904.86400000,1709683199999,5043847679.68348000,3265582,683199.44230000,2476743374.29051500,0,ETHUSDT,0.010000000000218279,540977.782,6342176
2024-03-06,3553.66000000,3900.00000000,3499.40000000,3818.59000000,969494.71000000,1709769599999,3652250924.27773700,2555462,479721.07800000,1807560970.84809900,0,ETHUSDT,0.010000000000218279,540972.351,6342204
2024-03-07,3818.58000000,3933.81000000,3735.00000000,3868.76000000,540780.67500000,1709855999999,2067607917.44370900,1636716,272250.41110000,1041269288.71933800,0,ETHUSDT,0.010000000000218279,540997.1329,6342271
2024-03-08,3868.76000000,3993.75000000,3820.00000000,3883.36000000,646399.25890000,1709942399999,2534209920.00556500,1657141,322673.29910000,1265164190.07271500,0,ETHUSDT,0.009999999999763531,540950.5296,6341934
2024-03-09,3883.37000000,3942.00000000,3870.01000000,3905.21000000,254839.13860000,1710028799999,995823688.31355300,819335,128650.61440000,502755116.16450300,0,ETHUSDT,0.010000000000218279,540970.0381,6342177
2024-03-10,3905.20000000,3964.67000000,3791.26000000,3878.47000000,356664.68000000,1710115199999,1393415653.98342000,1195480,170475.83890000,666139346.30435300,0,ETHUSDT,0.009999999999763531,540966.8481,6341719
2024-03-11,3878.47000000,4086.23000000,3722.95000000,4064.80000000,721554.51390000,1710201599999,2874119154.30335900,1894504,332359.66550000,1322703936.94677500,0,ETHUSDT,0.009999999999763531,540986.948,6341563
2024-03-12,4064.80000000,4093.92000000,3828.98000000,3979.96000000,632787.39410000,1710287999999,2522475873.08181000,1878541,317065.07300000,1263946890.58018300,0,ETHUSDT,0.009999999999763531,540985.8995,6341590
2024-03-13,3979.97000000,4083.00000000,3932.23000000,4004.79000000,482305.77660000,1710374399999,1933909390.30212400,1536498,246106.07390000,986890622.14806200,0,ETHUSDT,0.009999999999763531,540984.3875,6341922
2024-03-14,4004.79000000,4010.98000000,3723.00000000,3881.70000000,648237.52450000,1710460799999,2520007951.69120000,1919963,314205.63220000,1221942698.65234600,0,ETHUSDT,0.009999999999763531,540982.7921,6341728
2024-03-15,3881.69000000,3934.02000000,3570.00000000,3742.19000000,947537.40710000,1710547199999,3513477459.32044900,2487337,465197.94890000,1725903963.68835700,0,ETHUSDT,0.009999999999763531,540992.6953,6342960
2024-03-16,3742.19000000,3781.12000000,3468.80000000,3523.09000000,548288.15690000,1710633599999,1999176881.31261500,1798939,262005.60190000,956602039.48655800,0,ETHUSDT,0.009999999999763531,541006.3094,6343183
2024-03-17,3523.09000000,3678.68000000,3412.00000000,3644.71000000,517790.99360000,1710719999999,1843487764.62131400,1721355,255961.30400000,911579392.35715800,0,ETHUSDT,0.010000000000218279,540983.3295,6343210
2024-03-18,3644.70000000,3645.02000000,3454.09000000,3520.46000000,570901.28510000,1710806399999,2029690613.72146200,1906387,273425.62550000,972198172.92853300,0,ETHUSDT,0.009999999999763531,540976.3078,6343139
2024-03-19,3520.47000000,3548.09000000,3150.88000000,3158.64000000,1049629.69360000,1710892799999,3474307712.27645600,2647385,486413.34360000,1610306786.63624400,0,ETHUSDT,0.010000000000218279,541035.1298,6343544
2024-03-20,3158.65000000,3535.24000000,3056.56000000,3516.53000000,1207322.82010000,1710979199999,3957251428.89904100,2987953,589456.89720000,1933803131.47832000,0,ETHUSDT,0.009999999999763531,541016.0617,6343400
2024-03-21,3516.53000000,3587.32000000,3412.00000000,3492.85000000,602755.20720000,1711065599999,2114084858.15653500,1791989,295366.00080000,1035991329.66088000,0,ETHUSDT,0.010000000000218279,541011.2646,6343387
2024-03-22,3492.84000000,3542.52000000,3250.00000000,3336.35000000,558848.88800000,1711151999999,1891771641.01900700,1747756,278223.99010000,942265836.84989100,0,ETHUSDT,0.010000000000218279,541022.7614,6343661
2024-03-23,3336.35000000,3435.48000000,3270.08000000,3329.53000000,323675.94480000,1711238399999,1089778379.60122900,1129683,154840.95290000,521336391.12800600,0,ETHUSDT,0.010000000000218279,541066.8906,6343949
2024-03-24,3329.53000000,3471.22000000,3298.76000000,3454.98000000,260824.14080000,1711324799999,879033073.03145400,1090982,131855.25550000,444714434.07356100,0,ETHUSDT,0.009999999999763531,541069.7325,6344073
2024-03-25,3454.99000000,3666.00000000,3420.12000000,3590.42000000,548577.69420000,1711411199999,1945377748.66027000,1610130,294233.11020000,1043376714.76068300,0,ETHUSDT,0.010000000000218279,541088.2341,6344449
2024-03-26,3590.43000000,3678.86000000,3542.62000000,3587.33000000,499013.83840000,1711497599999,1800812035.84622400,1373691,232584.36360000,838803442.55084500,0,ETHUSDT,0.009999999999763531,541093.4794,6344619
2024-03-27,3587.32000000,3665.84000000,3460.02000000,3501.19000000,443195.32970000,1711583999999,1576098628.30797600,1436593,215695.79830000,767206050.83583600,0,ETHUSDT,0.010000000000218279,541094.007,6344327
2024-03-28,3501.20000000,3611.78000000,3465.00000000,3560.49000000,404654.03110000,1711670399999,1436630524.62304300,1158353,206071.37730000,731610238.59360200,0,ETHUSDT,0.009999999999763531,541108.1848,6344262
2024-03-29,3560.49000000,3584.37000000,3445.91000000,3509.74000000,323086.17900000,1711756799999,1138548291.15838700,951744,153989.35510000,543117114.81437500,0,ETHUSDT,0.010000000000218279,541108.8692,6344174
2024-03-30,3509.74000000,3565.81000000,3485.00000000,3505.64000000,216025.26340000,1711843199999,759625521.45189200,750249,113298.41580000,398420911.34965000,0,ETHUSDT,0.010000000000218279,541101.2705,6343382
2024-03-31,3505.65000000,3655.32000000,3505.09000000,3645.29000000,243464.98770000,1711929599999,878141654.34598200,722927,128657.58320000,463986951.49486600,0,ETHUSDT,0.010000000000218279,541106.9277,6343649
2024-04-01,3645.29000000,3645.95000000,3413.71000000,3503.80000000,408854.12250000,1712015999999,1437691729.03231400,1115133,195398.26160000,687310223.77546700,0,ETHUSDT,0.010000000000218279,541130.3096,6343991
2024-04-02,3503.80000000,3505.60000000,3212.00000000,3278.96000000,623264.64760000,1712102399999,2068004456.06282300,1581408,301656.62520000,1000777383.27724900,0,ETHUSDT,0.010000000000218279,541133.3569,6344225
2024-04-03,3278.96000000,3367.40000000,3202.79000000,3310.83000000,410484.19330000,1712188799999,1358993604.79861500,1113644,203085.14790000,672512688.07080700,0,ETHUSDT,0.009999999999763531,541146.5799,6344971
2024-04-04,3310.83000000,3443.93000000,3250.92000000,3327.40000000,356338.57160000,1712275199999,1187792289.21437100,965695,172474.35660000,575142238.42727000,0,ETHUSDT,0.010000000000218279,541160.8826,6344992
2024-04-05,3327.39000000,3350.00000000,3210.00000000,3317.85000000,344556.79830000,1712361599999,1132252495.88912400,854139,170435.77660000,560317623.71712600,0,ETHUSDT,0.009999999999763531,541145.0026,6345487
2024-04-06,3317.85000000,3398.42000000,3306.68000000,3351.59000000,183312.21250000,1712447999999,612681489.14895400,549985,88419.09800000,295511518.81945200,0,ETHUSDT,0.009999999999763531,540794.8951,6343986
2024-04-07,3351.59000000,3459.94000000,3344.08000000,3454.20000000,210459.07520000,1712534399999,715174110.57383500,748530,105736.65480000,359423500.72974000,0,ETHUSDT,0.009999999999763531,540547.6877,6343712
2024-04-08,3454.20000000,3730.71000000,3406.36000000,3694.61000000,496841.35320000,1712620799999,1787240600.80865700,1333378,278914.02330000,1002520506.69926300,0,ETHUSDT,0.010000000000218279,540486.2338,6343371
2024-04-09,3694.61000000,3727.34000000,3450.46000000,3506.39000000,457592.25200000,1712707199999,1643610851.75092000,1046479,220547.08930000,791949096.35967700,0,ETHUSDT,0.010000000000218279,540442.0228,6343244
2024-04-10,3506.40000000,3562.95000000,3411.82000000,3545.64000000,389404.90550000,1712793599999,1361401195.43178500,915957,192647.04400000,673705538.77826900,0,ETHUSDT,0.010000000000218279,540432.1356,6343745
2024-04-11,3545.64000000,3618.30000000,3474.52000000,3502.52000000,338139.55340000,1712879999999,1197654094.44620700,890107,165840.84360000,587427817.31228900,0,ETHUSDT,0.009999999999763531,540423.8566,6343955
2024-04-12,3502.52000000,3552.40000000,3100.00000000,3237.43000000,697327.11740000,1712966399999,2328197177.42049500,1423600,330495.31490000,1105188365.98685800,0,ETHUSDT,0.009999999999763531,540419.079,6343787
2024-04-13,3237.42000000,3301.90000000,2852.00000000,3007.01000000,994971.23540000,1713052799999,3066250202.83582600,2037632,462824.48330000,1424811475.09485000,0,ETHUSDT,0.009999999999763531,540398.6785,6343450
2024-04-14,3007.01000000,3174.23000000,2906.73000000,3155.11000000,737580.46660000,1713139199999,2244354713.13561600,1680666,371070.36530000,1128957864.66517200,0,ETHUSDT,0.010000000000218279,540331.2352,6343234
2024-04-15,3155.11000000,3277.85000000,3023.19000000,3101.99000000,605430.88630000,1713225599999,1911310147.23066300,1540774,291924.74400000,921674901.56819200,0,ETHUSDT,0.009999999999763531,540333.8878,6343883
2024-04-16,3102.00000000,3128.01000000,2986.00000000,3084.22000000,526113.85500000,1713311999999,1610290812.17309500,1461779,253281.27950000,775556508.63804200,0,ETHUSDT,0.009999999999763531,540333.2842,6343758
2024-04-17,3084.21000000,3123.75000000,2914.47000000,2985.41000000,491897.56610000,1713398399999,1483253378.35815800,1348404,251660.72620000,759106689.98242100,0,ETHUSDT,0.010000000000218279,540329.4152,6343574
2024-04-18,2985.41000000,3094.40000000,2950.98000000,3064.40000000,389060.71330000,1713484799999,1177977125.35813900,1168254,205229.85030000,621538711.14050200,0,ETHUSDT,0.009999999999763531,540298.9282,6343348
2024-04-19,3064.40000000,3128.89000000,2865.18000000,3056.46000000,607850.40190000,1713571199999,1843119282.76954900,1465901,307900.17740000,934301492.39758900,0,ETHUSDT,0.010000000000218279,540292.4333,6342624
2024-04-20,3056.45000000,3171.88000000,3018.75000000,3155.79000000,242577.63710000,1713657599999,749727918.39625800,812118,124363.79080000,384439163.55444700,0,ETHUSDT,0.010000000000218279,540313.5319,6342167
2024-04-21,3155.79000000,3197.18000000,3116.49000000,3147.67000000,219970.50720000,1713743999999,694988777.19102400,767260,112675.88850000,356074084.71209300,0,ETHUSDT,0.009999999999763531,540315.8964,6342134
2024-04-22,3147.66000000,3235.00000000,3129.15000000,3200.20000000,290879.95690000,1713830399999,928957385.38023000,993579,154288.59180000,492830847.64483600,0,ETHUSDT,0.009999999999763531,540319.1722,6342204
2024-04-23,3200.19000000,3263.61000000,3152.00000000,3219.46000000,253914.22630000,1713916799999,813798516.32038600,844893,130572.45640000,418614329.14076600,0,ETHUSDT,0.009999999999763531,540152.4912,6341735
2024-04-24,3219.46000000,3293.56000000,3104.90000000,3140.80000000,393314.34140000,1714003199999,1261617674.78529500,1130370,194455.12720000,623756637.15722200,0,ETHUSDT,0.009999999999763531,540152.5796,6341758
2024-04-25,3140.79000000,3191.64000000,3072.20000000,3155.80000000,352288.55020000,1714089599999,1104939534.27499700,861077,181392.80070000,568945918.81937700,0,ETHUSDT,0.010000000000218279,540143.1164,6341622
2024-04-26,3155.81000000,3167.70000000,3102.00000000,3131.30000000,252522.65500000,1714175999999,792255507.86255800,628635,127753.63760000,400872715.70927400,0,ETHUSDT,0.009999999999763531,540081.1586,6341434
2024-04-27,3131.30000000,3285.00000000,3066.74000000,3255.56000000,323811.19190000,1714262399999,1027413859.24945700,734026,174549.39360000,553988783.95665500,0,ETHUSDT,0.010000000000218279,540092.6308,6341482
2024-04-28,3255.55000000,3357.40000000,3250.45000000,3263.45000000,304766.00900000,1714348799999,1006628332.29004500,753239,157192.41940000,519222579.01955400,0,ETHUSDT,0.010000000000218279,540112.4549,6341334
2024-04-29,3263.44000000,3286.95000000,3115.13000000,3216.73000000,421831.29120000,1714435199999,1345237182.55342900,943719,211216.56130000,673542868.96057100,0,ETHUSDT,0.010000000000218279,540122.1844,6341251
2024-04-30,3216.74000000,3250.95000000,2921.00000000,3014.05000000,561717.48660000,1714521599999,1710124473.49570300,1292873,267662.56490000,814867898.87844900,0,ETHUSDT,0.010000000000218279,540126.8002,6341206
2024-05-01,3014.04000000,3023.24000000,2817.00000000,2972.46000000,624963.77730000,1714607999999,1827523436.86029300,1365039,303494.86740000,887304179.09162000,0,ETHUSDT,0.010000000000218279,540122.7127,6341016
2024-05-02,2972.46000000,3016.72000000,2893.26000000,2986.19000000,365939.71910000,1714694399999,1084862887.84794300,880167,200507.61300000,594224560.68736500,0,ETHUSDT,0.009999999999763531,540165.8497,6341023
2024-05-03,2986.19000000,3126.99000000,2958.32000000,3102.61000000,355825.83910000,1714780799999,1081409861.15412300,859542,186728.46230000,567590125.82831100,0,ETHUSDT,0.009999999999763531,540174.0795,6341194
2024-05-04,3102.61000000,3168.00000000,3092.85000000,3117.23000000,196263.94880000,1714867199999,613297368.10061800,575026,100770.98200000,314978702.10546600,0,ETHUSDT,0.010000000000218279,540170.101,6341067
2024-05-05,3117.24000000,3171.93000000,3072.99000000,3136.41000000,218760.26620000,1714953599999,684143592.81457900,600693,115269.44800000,360512833.29317300,0,ETHUSDT,0.009999999999763531,540173.6912,6341422
2024-05-06,3136.40000000,3221.40000000,3046.35000000,3062.60000000,355135.30270000,1715039999999,1111315631.57641400,873200,172864.43340000,541369437.88073600,0,ETHUSDT,0.010000000000218279,540206.5331,6341724
2024-05-07,3062.59000000,3129.85000000,2998.00000000,3005.69000000,298796.68290000,1715126399999,917252045.68820300,815246,139762.85080000,429359938.30876500,0,ETHUSDT,0.010000000000218279,540252.4755,6341722
2024-05-08,3005.69000000,3038.15000000,2936.48000000,2974.21000000,266934.81250000,1715212799999,800460076.63566700,830635,133303.12380000,399808582.39447700,0,ETHUSDT,0.009999999999763531,540263.2658,6341767
2024-05-09,2974.20000000,3059.00000000,2950.77000000,3036.23000000,238561.74620000,1715299199999,715090822.07620500,686147,122805.92150000,368133010.88995100,0,ETHUSDT,0.010000000000218279,540240.588,6341468
2024-05-10,3036.24000000,3053.89000000,2878.03000000,2909.99000000,327855.87580000,1715385599999,972264869.49205000,891040,154417.06720000,458374734.95848200,0,ETHUSDT,0.010000000000218279,540050.3874,6340785
2024-05-11,2909.98000000,2945.67000000,2886.46000000,2912.45000000,138163.10870000,1715471999999,402989065.56622900,466357,68667.22240000,200322136.66970100,0,ETHUSDT,0.010000000000218279,540113.5299,6341690
2024-05-12,2912.45000000,2955.20000000,2901.17000000,2929.29000000,107670.63230000,1715558399999,315212004.62252900,367990,49118.15230000,143794831.49423000,0,ETHUSDT,0.010000000000218279,540091.6535,6341720
2024-05-13,2929.30000000,2996.40000000,2864.76000000,2950.99000000,368664.76480000,1715644799999,1083553488.62321200,925017,186525.36870000,548782383.79362800,0,ETHUSDT,0.009999999999763531,540074.1514,6341778
2024-05-14,2950.99000000,2960.60000000,2862.00000000,2881.93000000,269675.30370000,1715731199999,783471918.25466600,617845,132978.23300000,386314503.84703400,0,ETHUSDT,0.009999999999763531,540123.5151,6342109
2024-05-15,2881.93000000,3041.36000000,2863.75000000,3032.55000000,350254.31880000,1715817599999,1036063008.59966000,760817,175148.41910000,518053714.89865800,0,ETHUSDT,0.009999999999763531,540134.6282,6341761
2024-05-16,3032.55000000,3041.24000000,2922.80000000,2944.70000000,293874.15130000,1715903999999,876706595.65802700,575271,140171.47960000,418208240.56744600,0,ETHUSDT,0.009999999999763531,540132.9318,6341579
2024-05-17,2944.70000000,3120.00000000,2933.06000000,3092.01000000,357724.77310000,1715990399999,1088374622.99119300,754274,180386.21600000,548948430.85819200,0,ETHUSDT,0.009999999999763531,540149.4495,6341943
2024-05-18,3092.00000000,3146.98000000,3083.61000000,3122.94000000,199976.54560000,1716076799999,622730956.33774800,527531,96341.44610000,300062897.67242900,0,ETHUSDT,0.009999999999763531,540137.536,6341845
2024-05-19,3122.94000000,3136.64000000,3053.38000000,3071.19000000,166145.01020000,1716163199999,513790068.69183000,470419,74505.58370000,230359925.23298100,0,ETHUSDT,0.009999999999763531,540131.9,6341668
2024-05-20,3071.20000000,3694.00000000,3047.67000000,3661.78000000,847107.88280000,1716249599999,2853349713.67270100,2226153,442408.94180000,1490710929.53451800,0,ETHUSDT,0.010000000000218279,539848.6306,6340964
2024-05-21,3661.79000000,3841.54000000,3624.28000000,3789.60000000,952437.26940000,1716335999999,3557244460.36325800,2204702,471779.51800000,1762078355.60011000,0,ETHUSDT,0.009999999999763531,539847.7178,6340996
2024-05-22,3789.59000000,3813.69000000,3653.15000000,3737.73000000,574938.30990000,1716422399999,2151256432.12026000,1339940,284002.59130000,1062768583.89509000,0,ETHUSDT,0.009999999999763531,539847.7353,6341205
2024-05-23,3737.72000000,3949.29000000,3498.00000000,3783.61000000,1127866.07600000,1716508799999,4283549690.44118100,2682768,564546.16610000,2145257882.16087900,0,ETHUSDT,0.010000000000218279,539846.9537,6341303
2024-05-24,3783.60000000,3829.61000000,3626.10000000,3728.28000000,479418.43180000,1716595199999,1782983862.21296700,1159074,244045.01040000,907694433.15898100,0,ETHUSDT,0.009999999999763531,539832.9941,6341116
2024-05-25,3728.28000000,3779.43000000,3709.03000000,3749.26000000,158711.89920000,1716681599999,594438275.80513700,503711,81761.11570000,306215084.30222700,0,ETHUSDT,0.009999999999763531,539855.1546,6341429
2024-05-26,3749.25000000,3884.20000000,3731.17000000,3826.47000000,292208.29370000,1716767999999,1115661431.00739700,697286,145205.44390000,554271417.29049900,0,ETHUSDT,0.010000000000218279,539901.156,6341694
2024-05-27,3826.47000000,3977.00000000,3823.37000000,3894.22000000,363717.64730000,1716854399999,1424169372.46594600,971964,183721.86760000,719417955.98062900,0,ETHUSDT,0.009999999999763531,539914.892,6341767
2024-05-28,3894.21000000,3931.09000000,3773.90000000,3844.69000000,416249.83440000,1716940799999,1605074794.24835400,941338,206643.35590000,796958340.18732000,0,ETHUSDT,0.010000000000218279,539899.2311,6341539
2024-05-29,3844.69000000,3888.55000000,3742.59000000,3767.43000000,334759.63480000,1717027199999,1274087642.07224300,883401,170583.44410000,649078378.82904600,0,ETHUSDT,0.010000000000218279,539891.7476,6341413
2024-05-30,3767.44000000,3825.35000000,3702.58000000,3747.91000000,277034.28940000,1717113599999,1042146006.39132000,765716,135950.14980000,511516684.88129400,0,ETHUSDT,0.010000000000218279,539889.9989,6341567
2024-05-31,3747.90000000,3849.94000000,3723.75000000,3762.29000000,273406.76600000,1717199999999,1032174005.21667600,680329,136551.98330000,515577099.53857900,0,ETHUSDT,0.010000000000218279,539843.8401,6341381
2024-06-01,3762.29000000,3833.30000000,3752.67000000,3815.82000000,132687.20060000,1717286399999,503500622.83785600,399377,70367.60980000,267068560.05088300,0,ETHUSDT,0.010000000000218279,539840.4025,6341480
2024-06-02,3815.82000000,3838.59000000,3752.62000000,3780.91000000,210295.44070000,1717372799999,798100737.66375700,579563,105997.65180000,402268605.70398100,0,ETHUSDT,0.010000000000218279,539751.7392,6341287
2024-06-03,3780.92000000,3849.99000000,3758.43000000,3767.06000000,248848.70200000,1717459199999,946239636.29637100,648868,125597.95440000,477669466.68620100,0,ETHUSDT,0.010000000000218279,539763.7232,6341634
2024-06-04,3767.07000000,3831.65000000,3730.00000000,3810.23000000,232063.74680000,1717545599999,878533930.59989000,568514,120842.24990000,457585643.87419900,0,ETHUSDT,0.009999999999763531,539758.8274,6341598
2024-06-05,3810.23000000,3887.47000000,3777.33000000,3865.99000000,273738.60350000,1717631999999,1046373693.42242900,645836,143786.33270000,549824316.32802500,0,ETHUSDT,0.010000000000218279,539765.3816,6341570
2024-06-06,3866.00000000,3878.60000000,3760.00000000,3813.46000000,237504.19050000,1717718399999,910751773.18159200,525050,116926.45290000,448449925.76810700,0,ETHUSDT,0.009999999999763531,539733.8744,6341894
2024-06-07,3813.47000000,3841.39000000,3600.00000000,3678.32000000,362223.35940000,1717804799999,1352307567.23834900,894006,163680.68050000,611499294.84940500,0,ETHUSDT,0.009999999999763531,539758.5175,6342145
2024-06-08,3678.31000000,3709.50000000,3660.08000000,3681.57000000,140550.83940000,1717891199999,518118534.03992200,364485,65014.43920000,239672339.12588400,0,ETHUSDT,0.009999999999763531,539757.5216,6342315
2024-06-09,3681.58000000,3721.52000000,3666.36000000,3706.40000000,103451.10200000,1717977599999,381854484.95566000,287960,48702.62220000,179769963.17597400,0,ETHUSDT,0.009999999999763531,539782.2689,6342847
2024-06-10,3706.40000000,3713.67000000,3642.74000000,3667.85000000,156363.18460000,1718063999999,575211243.30527000,391165,74799.52590000,275223031.29794300,0,ETHUSDT,0.009999999999763531,539767.5837,6343163
2024-06-11,3667.85000000,3673.00000000,3432.00000000,3497.33000000,439568.59780000,1718150399999,1552225947.17115500,1036229,207637.60210000,733338576.38693000,0,ETHUSDT,0.010000000000218279,539748.621,6343039
2024-06-12,3497.33000000,3659.01000000,3462.07000000,3560.12000000,387043.77400000,1718236799999,1384558593.85822000,850527,187121.79170000,669515053.84192500,0,ETHUSDT,0.009999999999763531,539790.9144,6343093
2024-06-13,3560.13000000,3561.65000000,3428.00000000,3469.40000000,300230.82990000,1718323199999,1048214494.75108000,696369,147994.44390000,516749769.17987500,0,ETHUSDT,0.010000000000218279,539810.388,6343613
2024-06-14,3469.40000000,3532.61000000,3362.26000000,3481.80000000,322316.42140000,1718409599999,1116570671.84894500,746613,159447.81450000,552550731.44663600,0,ETHUSDT,0.010000000000218279,539774.8194,6344181
2024-06-15,3481.80000000,3594.39000000,3473.10000000,3568.74000000,246649.58940000,1718495999999,873576137.27908000,500773,122544.60260000,433959818.41832800,0,ETHUSDT,0.010000000000218279,539778.3559,6344276
2024-06-16,3568.75000000,3653.79000000,3541.05000000,3624.41000000,149839.98200000,1718582399999,537492821.64342800,417858,77834.89670000,279215755.24814800,0,ETHUSDT,0.010000000000218279,539785.3004,6344180
2024-06-17,3624.41000000,3638.37000000,3463.39000000,3511.46000000,337805.64020000,1718668799999,1196162530.91905300,774085,166343.20520000,588834718.23454600,0,ETHUSDT,0.009999999999763531,539786.3641,6344195
2024-06-18,3511.47000000,3517.20000000,3355.00000000,3483.42000000,449913.30140000,1718755199999,1541798882.41169500,1062807,217161.58870000,744297791.43354200,0,ETHUSDT,0.009999999999763531,539780.6495,6344229
2024-06-19,3483.42000000,3590.01000000,3465.65000000,3560.51000000,321500.00270000,1718841599999,1138419054.65292700,712501,162762.02380000,576256549.35841500,0,ETHUSDT,0.010000000000218279,539781.0965,6344234
2024-06-20,3560.51000000,3625.96000000,3486.00000000,3513.08000000,329117.84530000,1718927999999,1170597741.25786900,743896,161277.79050000,573660167.60342100,0,ETHUSDT,0.009999999999763531,539793.2528,6343972
2024-06-21,3513.08000000,3547.55000000,3446.82000000,3518.50000000,342155.10200000,1719014399999,1197095546.23396300,746361,176183.03800000,616476628.14976100,0,ETHUSDT,0.010000000000218279,539802.4795,6343898
2024-06-22,3518.50000000,3521.19000000,3475.09000000,3495.75000000,115774.61570000,1719100799999,405045499.42158200,315684,57671.84140000,201786538.36821800,0,ETHUSDT,0.010000000000218279,539798.6907,6343878
2024-06-23,3495.76000000,3521.45000000,3406.38000000,3420.91000000,133411.43040000,1719187199999,463204539.05644000,338679,67467.46860000,234264816.82869500,0,ETHUSDT,0.010000000000218279,539848.3972,6343912
2024-06-24,3420.91000000,3435.76000000,3240.00000000,3352.73000000,543370.42290000,1719273599999,1807046957.96521900,1222789,262600.40520000,873824151.92476300,0,ETHUSDT,0.009999999999763531,539858.1676,6344069
2024-06-25,3352.74000000,3430.88000000,3336.76000000,3394.91000000,240036.22360000,1719359999999,812730026.84420000,654302,122936.19590000,416346006.72290600,0,ETHUSDT,0.010000000000218279,539988.9312,6345194
2024-06-26,3394.91000000,3426.75000000,3325.01000000,3371.44000000,206949.34180000,1719446399999,699375819.27612800,518727,108326.93730000,366024176.14348900,0,ETHUSDT,0.009999999999763531,540060.9076,6345869
2024-06-27,3371.77000000,3477.00000000,3361.74000000,3450.44000000,201041.66090000,1719532799999,687897292.14541400,530697,108386.89200000,370765787.90538400,0,ETHUSDT,0.009999999999763531,540095.5041,6346414
2024-06-28,3450.44000000,3487.70000000,3365.22000000,3380.15000000,221634.34350000,1719619199999,760116781.02950800,934561,117864.76710000,404433441.06101600,0,ETHUSDT,0.010000000000218279,540122.5384,6346287
2024-06-29,3380.15000000,3408.32000000,3371.86000000,3378.80000000,88329.76510000,1719705599999,299468173.24571800,365755,47423.39680000,160794628.30853200,0,ETHUSDT,0.010000000000218279,540124.4399,6346759
2024-06-30,3378.80000000,3460.00000000,3352.66000000,3438.16000000,141221.61850000,1719791999999,480491273.12148200,557070,80177.99650000,272838936.07012400,0,ETHUSDT,0.009999999999763531,540203.0534,6347840
2024-07-01,3438.16000000,3524.94000000,3423.78000000,3442.20000000,224273.21220000,1719878399999,780112100.20822300,854102,121044.94000000,421096637.78815500,0,ETHUSDT,0.010000000000218279,540254.8949,6348246
2024-07-02,3442.20000000,3464.12000000,3402.00000000,3421.35000000,137932.70140000,1719964799999,473853655.52232200,623720,68282.75840000,234617896.70346100,0,ETHUSDT,0.009999999999763531,540249.1422,6348406
2024-07-03,3421.35000000,3432.10000000,3251.00000000,3295.48000000,310408.45100000,1720051199999,1031040642.94824500,1378502,143212.67230000,475477399.86673600,0,ETHUSDT,0.009999999999763531,540262.772,6348685
2024-07-04,3295.49000000,3313.45000000,3050.34000000,3059.70000000,450402.56920000,1720137599999,1425360058.27939900,1898898,202136.36830000,639814934.74680600,0,ETHUSDT,0.010000000000218279,540266.3878,6348767
2024-07-05,3059.70000000,3110.00000000,2810.00000000,2981.78000000,886994.37530000,1720223999999,2602693094.46338400,2967124,404744.53170000,1188081864.61790000,0,ETHUSDT,0.009999999999763531,540280.7403,6348724
2024-07-06,2981.79000000,3081.78000000,2955.06000000,3066.83000000,214487.97130000,1720310399999,646245038.47514500,1055462,112962.82100000,340494854.01142700,0,ETHUSDT,0.010000000000218279,540252.3913,6348633
2024-07-07,3066.83000000,3073.08000000,2922.24000000,2931.00000000,179892.76120000,1720396799999,538755029.45987900,878707,86519.91150000,258997896.83998600,0,ETHUSDT,0.010000000000218279,540252.0308,6348584
2024-07-08,2930.99000000,3097.06000000,2822.80000000,3019.01000000,500445.01050000,1720483199999,1484924133.82865400,2222940,246399.41830000,731702626.90189300,0,ETHUSDT,0.010000000000218279,540280.0569,6349421
2024-07-09,3019.01000000,3115.20000000,3004.00000000,3066.65000000,280358.14240000,1720569599999,859567747.66392700,1377129,148692.14930000,455973139.54195900,0,ETHUSDT,0.010000000000218279,540341.0776,6349734
2024-07-10,3066.65000000,3151.51000000,3024.00000000,3101.05000000,270827.08440000,1720655999999,839730659.37295200,1296218,134603.87130000,417474584.80457600,0,ETHUSDT,0.009999999999763531,540348.9755,6350275
2024-07-11,3101.06000000,3217.24000000,3054.76000000,3099.57000000,289229.32000000,1720742399999,907129989.22209600,1413031,148734.73680000,466509910.14770000,0,ETHUSDT,0.009999999999763531,540367.2167,6350745
2024-07-12,3099.57000000,3157.89000000,3045.58000000,3133.88000000,185745.18250000,1720828799999,575599522.85066300,1094915,95406.12530000,295730714.46365600,0,ETHUSDT,0.009999999999763531,540380.0441,6351221
2024-07-13,3133.89000000,3201.80000000,3113.37000000,3175.93000000,119302.47690000,1720915199999,376336968.78329300,591291,60506.12940000,190893440.61093800,0,ETHUSDT,0.010000000000218279,540382.7015,6351332
2024-07-14,3175.93000000,3268.72000000,3163.67000000,3245.08000000,165430.77160000,1721001599999,530204017.16941100,792858,83179.81420000,266820311.32188600,0,ETHUSDT,0.009999999999763531,540421.5155,6351594
2024-07-15,3245.20000000,3493.63000000,3233.22000000,3483.39000000,314296.84520000,1721087999999,1058747637.28826600,1617276,161760.18580000,544978505.52276800,0,ETHUSDT,0.010000000000218279,540432.1901,6351825
2024-07-16,3483.20000000,3498.59000000,3346.55000000,3444.13000000,376128.78690000,1721174399999,1291412549.93776600,1636557,193947.88230000,665961239.71115500,0,ETHUSDT,0.009999999999763531,540435.8661,6352208
2024-07-17,3444.14000000,3517.00000000,3376.00000000,3387.05000000,297812.51620000,1721260799999,1029558208.63679400,1285615,168234.51870000,581998341.75033700,0,ETHUSDT,0.010000000000218279,540438.1737,6352017
2024-07-18,3387.05000000,3489.98000000,3367.20000000,3426.50000000,241950.34570000,1721347199999,829503482.76701200,1165443,128938.74410000,442179155.87365700,0,ETHUSDT,0.010000000000218279,540440.3565,6352197
2024-07-19,3426.49000000,3540.27000000,3377.00000000,3503.53000000,299511.64220000,1721433599999,1034724329.31929600,1262244,158469.64460000,547637460.46681500,0,ETHUSDT,0.009999999999763531,540437.6883,6352049
2024-07-20,3503.53000000,3539.65000000,3480.00000000,3517.50000000,147510.81650000,1721519999999,516504071.76519900,667108,69139.34330000,242092830.77753000,0,ETHUSDT,0.009999999999763531,540420.9842,6351963
2024-07-21,3517.50000000,3547.00000000,3411.40000000,3535.92000000,218890.96560000,1721606399999,764360242.60117400,961322,103673.58990000,362208133.51128900,0,ETHUSDT,0.009999999999763531,540296.6096,6351520
2024-07-22,3535.93000000,3562.82000000,3422.34000000,3439.60000000,207859.50430000,1721692799999,724117324.16912200,1069762,96899.91880000,337741204.49652000,0,ETHUSDT,0.009999999999763531,540297.5413,6351577
2024-07-23,3439.61000000,3541.00000000,3389.00000000,3482.51000000,500568.78110000,1721779199999,1737977523.02278600,1617621,270658.33240000,940075969.46685700,0,ETHUSDT,0.009999999999763531,540266.8922,6350947
2024-07-24,3482.51000000,3487.82000000,3300.00000000,3335.81000000,275479.05060000,1721865599999,940244066.49779700,980283,135067.10600000,461180607.88713700,0,ETHUSDT,0.010000000000218279,540225.613,6350441
2024-07-25,3335.82000000,3342.50000000,3087.53000000,3175.48000000,494282.63980000,1721951999999,1570457188.18384000,2011527,239121.06120000,759567456.51364500,0,ETHUSDT,0.010000000000218279,540194.5578,6349853
2024-07-26,3175.47000000,3286.36000000,3171.00000000,3274.61000000,260237.46410000,1722038399999,844064770.72481800,1169246,128738.67200000,417477416.18929900,0,ETHUSDT,0.009999999999763531,540183.9781,6349744
2024-07-27,3274.60000000,3327.59000000,3191.01000000,3249.01000000,231991.90370000,1722124799999,757931406.54581500,1076809,118058.31710000,385871810.97083600,0,ETHUSDT,0.009999999999763531,540179.121,6349517
2024-07-28,3249.00000000,3284.30000000,3198.11000000,3270.16000000,103529.83290000,1722211199999,336422802.72238300,682428,52499.47910000,170673348.40827400,0,ETHUSDT,0.009999999999763531,540172.775,6349101
2024-07-29,3270.16000000,3396.77000000,3258.00000000,3317.66000000,318471.50550000,1722297599999,1061016180.07809800,1484898,159686.57070000,532117930.52570200,0,ETHUSDT,0.010000000000218279,540211.8265,6349610
2024-07-30,3317.66000000,3366.40000000,3233.18000000,3279.21000000,197277.16410000,1722383999999,652703227.79650700,1183239,91006.58420000,301189857.21781700,0,ETHUSDT,0.010000000000218279,540207.965,6349448
2024-07-31,3279.20000000,3350.00000000,3213.75000000,3232.74000000,233711.33520000,1722470399999,769347274.94598800,1337992,112910.42490000,371910899.51371900,0,ETHUSDT,0.009999999999763531,540209.6988,6349583
2024-08-01,3232.74000000,3242.57000000,3080.02000000,3203.40000000,323285.61050000,1722556799999,1020921619.45247900,1835455,151515.29100000,478652865.10178800,0,ETHUSDT,0.009999999999763531,540224.0516,6350151
2024-08-02,3203.40000000,3218.60000000,2967.00000000,2989.61000000,385704.03950000,1722643199999,1185594927.51484300,2104725,177842.92770000,547327363.22897600,0,ETHUSDT,0.009999999999763531,540224.3551,6350163
2024-08-03,2989.61000000,3018.02000000,2859.00000000,2903.64000000,344595.31570000,1722729599999,1013020792.75208300,1798017,151541.68820000,445649429.32525000,0,ETHUSDT,0.010000000000218279,540207.7912,6349867
2024-08-04,2903.65000000,2935.46000000,2630.00000000,2688.92000000,512064.26120000,1722815999999,1426784556.44274300,2184760,235563.98230000,656402849.74097500,0,ETHUSDT,0.010000000000218279,540198.6104,6349472
2024-08-05,2688.91000000,2697.44000000,2111.00000000,2419.59000000,2670604.10030000,1722902399999,6243689817.19261800,7064159,1281460.79170000,2994688528.68390600,0,ETHUSDT,0.009999999999763531,540293.0111,6349728
2024-08-06,2419.76000000,2556.23000000,2414.19000000,2461.33000000,642283.80380000,1722988799999,1601879002.76912300,2870150,323805.05300000,808046548.67942800,0,ETHUSDT,0.009999999999763531,540314.5744,6350386
2024-08-07,2461.33000000,2551.32000000,2309.04000000,2342.80000000,630115.42280000,1723075199999,1537271441.49575900,2370148,307617.06650000,750975466.25288000,0,ETHUSDT,0.009999999999763531,540319.689,6350439
2024-08-08,2342.79000000,2724.10000000,2320.40000000,2682.50000000,586502.87540000,1723161599999,1474101815.46942400,2112663,299400.95030000,752709539.42640600,0,ETHUSDT,0.010000000000218279,540321.5111,6350176
2024-08-09,2682.50000000,2707.98000000,2552.61000000,2598.78000000,406739.96110000,1723247999999,1069628608.09830500,1710060,195440.29410000,514507073.99430500,0,ETHUSDT,0.010000000000218279,540358.0602,6350411
2024-08-10,2598.79000000,2644.70000000,2576.49000000,2609.92000000,171012.36190000,1723334399999,446695039.69273400,758863,87017.10450000,227278356.48900000,0,ETHUSDT,0.010000000000218279,540332.9488,6349956
2024-08-11,2609.92000000,2720.00000000,2540.00000000,2555.38000000,297098.91450000,1723420799999,780682452.75452000,1217650,143129.64650000,376123937.07866100,0,ETHUSDT,0.010000000000218279,540336.6052,6350193
2024-08-12,2555.38000000,2750.00000000,2510.05000000,2722.30000000,483414.25060000,1723507199999,1275788778.66051800,1915621,252099.21840000,665331112.59673800,0,ETHUSDT,0.010000000000218279,540329.8077,6350190
2024-08-13,2722.30000000,2738.40000000,2611.37000000,2702.44000000,325668.69640000,1723593599999,872886595.98851800,1547949,165417.05460000,443554807.91132300,0,ETHUSDT,0.010000000000218279,540287.6325,6350120
2024-08-14,2702.44000000,2780.00000000,2632.20000000,2661.45000000,338808.71410000,1723679999999,914805683.89824400,1503315,167827.71990000,453631446.39239700,0,ETHUSDT,0.009999999999763531,540259.2673,6349714
2024-08-15,2661.45000000,2675.60000000,2515.71000000,2569.89000000,356546.80590000,1723766399999,927491377.06139800,1761529,172089.68210000,447789574.12869100,0,ETHUSDT,0.009999999999763531,540157.0708,6348943
2024-08-16,2569.90000000,2630.97000000,2550.04000000,2592.73000000,270684.13730000,1723852799999,702631292.53493100,1602311,127687.39840000,331506251.81562000,0,ETHUSDT,0.010000000000218279,540096.5721,6348343
2024-08-17,2592.72000000,2629.69000000,2587.50000000,2614.51000000,89348.67600000,1723939199999,232787181.52592400,543278,47334.20420000,123329370.60796800,0,ETHUSDT,0.009999999999763531,540104.4584,6348275
2024-08-18,2614.51000000,2689.16000000,2594.53000000,2612.15000000,174074.05850000,1724025599999,459975824.15432300,836384,92214.98720000,243669152.91462400,0,ETHUSDT,0.009999999999763531,540109.765,6348445
2024-08-19,2612.15000000,2648.08000000,2563.58000000,2636.36000000,224867.13360000,1724111999999,585578272.44348200,1156033,112686.52750000,293606287.96500200,0,ETHUSDT,0.009999999999763531,540111.7259,6348721
2024-08-20,2636.36000000,2695.00000000,2555.00000000,2572.82000000,281315.87510000,1724198399999,738361057.60213400,1303349,139599.91330000,366762747.97612900,0,ETHUSDT,0.009999999999763531,539928.3477,6347999
2024-08-21,2572.81000000,2663.74000000,2536.22000000,2630.71000000,245286.62180000,1724284799999,638338169.86214400,1420421,121889.98370000,317338706.90672800,0,ETHUSDT,0.010000000000218279,539920.9934,6348207
2024-08-22,2630.71000000,2644.69000000,2584.20000000,2622.88000000,199063.11960000,1724371199999,521285357.08642300,1064195,98645.80600000,258303739.53123700,0,ETHUSDT,0.009999999999763531,539922.0082,6347825
2024-08-23,2622.89000000,2799.13000000,2621.40000000,2762.48000000,401786.44470000,1724457599999,1082989033.02354700,1747686,210295.50730000,567121017.13849100,0,ETHUSDT,0.010000000000218279,539903.8726,6347755
2024-08-24,2762.49000000,2820.00000000,2731.26000000,2768.00000000,263542.94410000,1724543999999,730370481.13812200,1133872,130086.44910000,360650474.07165400,0,ETHUSDT,0.009999999999763531,539904.9435,6347809
2024-08-25,2768.01000000,2792.28000000,2733.21000000,2746.13000000,154527.23520000,1724630399999,426733399.32663600,1047985,75993.74900000,209910294.01518700,0,ETHUSDT,0.009999999999763531,539918.5932,6348227
2024-08-26,2746.12000000,2762.00000000,2666.66000000,2680.49000000,211708.12470000,1724716799999,575695656.47717900,1453833,102718.22470000,279333306.99040100,0,ETHUSDT,0.009999999999763531,540017.2018,6348249
2024-08-27,2680.49000000,2699.98000000,2392.96000000,2457.33000000,412660.71970000,1724803199999,1058769621.89210300,1898416,187278.07780000,480143744.79680500,0,ETHUSDT,0.009999999999763531,540021.0464,6347951
2024-08-28,2457.33000000,2554.60000000,2418.80000000,2528.33000000,451266.63400000,1724889599999,1124304892.42379500,2272721,222246.91840000,553710617.94950600,0,ETHUSDT,0.010000000000218279,540014.5799,6347914
2024-08-29,2528.33000000,2595.40000000,2505.88000000,2527.61000000,237002.96320000,1724975999999,603867504.22594900,1455668,119563.35910000,304607143.52593600,0,ETHUSDT,0.009999999999763531,540013.7095,6347698
2024-08-30,2527.60000000,2552.17000000,2431.14000000,2526.00000000,338379.19410000,1725062399999,845015735.14941100,1735497,172073.91140000,429842974.52976200,0,ETHUSDT,0.009999999999763531,539898.0086,6347361
2024-08-31,2525.99000000,2533.95000000,2491.92000000,2513.01000000,97946.11470000,1725148799999,246514334.07653000,702529,47410.90720000,119335754.45879400,0,ETHUSDT,0.009999999999763531,539916.1308,6347558
2024-09-01,2513.00000000,2516.28000000,2400.00000000,2425.72000000,223127.77600000,1725235199999,550299930.15344900,1357443,106672.82840000,263071210.85051600,0,ETHUSDT,0.009999999999763531,539926.5377,6347641
2024-09-02,2425.71000000,2564.83000000,2423.52000000,2538.01000000,262632.83850000,1725321599999,654854126.19511100,1452334,134090.70480000,334264683.01748600,0,ETHUSDT,0.010000000000218279,540861.0322,6347776
2024-09-03,2538.00000000,2553.60000000,2411.12000000,2425.29000000,224793.12990000,1725407999999,556674703.35234100,1272909,101487.65070000,251452238.68507400,0,ETHUSDT,0.010000000000218279,540856.9373,6347776
2024-09-04,2425.28000000,2490.00000000,2306.65000000,2450.71000000,384179.38540000,1725494399999,921640300.67465400,2002621,188707.74580000,452757932.49333500,0,ETHUSDT,0.010000000000218279,540813.5282,6347314
2024-09-05,2450.71000000,2466.00000000,2348.04000000,2368.81000000,278549.09690000,1725580799999,667044058.82643400,1862353,131571.92470000,315231080.60793400,0,ETHUSDT,0.010000000000218279,540137.4585,6345377
2024-09-06,2368.81000000,2408.83000000,2150.55000000,2225.23000000,643027.11100000,1725667199999,1467265008.06349300,2980066,303990.16890000,694418877.02475400,0,ETHUSDT,0.010000000000218279,539332.1443,6343569
2024-09-07,2225.24000000,2311.27000000,2220.98000000,2273.58000000,219453.20760000,1725753599999,498662894.23097500,982698,109807.92460000,249593766.45553000,0,ETHUSDT,0.010000000000218279,539083.1093,6342701
2024-09-08,2273.58000000,2333.58000000,2240.94000000,2297.30000000,192775.64930000,1725839999999,440447734.82637300,976672,93305.19370000,213222870.55342400,0,ETHUSDT,0.009999999999763531,539000.3738,6342254
2024-09-09,2297.30000000,2381.41000000,2272.80000000,2359.50000000,321698.99000000,1725926399999,747001776.04653600,1761692,156788.50980000,364223174.14290400,0,ETHUSDT,0.009999999999763531,538964.0042,6342159
2024-09-10,2359.51000000,2400.00000000,2320.41000000,2388.52000000,224382.17290000,1726012799999,528411566.91970200,1210860,105895.41880000,249480052.38138200,0,ETHUSDT,0.010000000000218279,538952.7849,6342002
2024-09-11,2388.52000000,2389.32000000,2277.68000000,2340.55000000,282898.31250000,1726099199999,659291892.32673100,1530070,135125.59650000,314926799.45453100,0,ETHUSDT,0.010000000000218279,538935.4,6341559
2024-09-12,2340.54000000,2391.93000000,2315.39000000,2361.76000000,202611.13080000,1726185599999,476749201.76441900,1093596,102118.09520000,240341157.99811900,0,ETHUSDT,0.009999999999763531,538932.7834,6341553
2024-09-13,2361.75000000,2464.82000000,2337.35000000,2439.19000000,253888.61600000,1726271999999,607650210.70286200,1458878,124124.36760000,297410717.96547000,0,ETHUSDT,0.009999999999763531,538874.0357,6340951
2024-09-14,2439.19000000,2440.60000000,2376.72000000,2417.79000000,122931.23020000,1726358399999,296990460.13007800,754834,57970.96450000,140034806.30787600,0,ETHUSDT,0.009999999999763531,538851.5146,6340729
2024-09-15,2417.80000000,2430.32000000,2283.75000000,2316.10000000,174364.19460000,1726444799999,413278017.27632400,1058493,80610.91460000,191044099.00633000,0,ETHUSDT,0.010000000000218279,538807.2335,6340320
2024-09-16,2316.09000000,2335.70000000,2252.39000000,2295.68000000,330555.23200000,1726531199999,756718235.68223400,2102319,153834.01110000,352253267.83244000,0,ETHUSDT,0.010000000000218279,538793.2447,6340480
2024-09-17,2295.67000000,2393.63000000,2263.29000000,2341.80000000,274206.25880000,1726617599999,640307796.59404200,1813524,134491.63700000,314135444.25581700,0,ETHUSDT,0.009999999999763531,538780.1766,6339761
2024-09-18,2341.79000000,2376.14000000,2277.34000000,2374.75000000,292917.60080000,1726703999999,679856751.17105300,2555639,144167.24010000,334741394.02654900,0,ETHUSDT,0.009999999999763531,538782.4956,6339955
2024-09-19,2374.74000000,2494.95000000,2372.60000000,2465.21000000,326746.03200000,1726790399999,794820680.99505400,2862096,171108.47470000,416132368.00402700,0,ETHUSDT,0.010000000000218279,538804.9754,6340302
2024-09-20,2465.21000000,2571.93000000,2437.31000000,2561.40000000,340754.59120000,1726876799999,864016608.11556300,3241249,173101.71320000,438921107.76329400,0,ETHUSDT,0.010000000000218279,538801.6625,6340215
2024-09-21,2561.40000000,2623.34000000,2528.97000000,2612.40000000,154757.87730000,1726963199999,396953470.51763100,1425778,78964.07040000,202638566.04465200,0,ETHUSDT,0.010000000000218279,538781.9528,6339663
2024-09-22,2612.40000000,2632.57000000,2524.58000000,2581.00000000,214266.32570000,1727049599999,553059849.55339900,2067811,97837.05120000,252636983.57337800,0,ETHUSDT,0.010000000000218279,538780.7994,6339734
2024-09-23,2580.99000000,2702.82000000,2539.49000000,2646.97000000,333282.01490000,1727135999999,883518257.19940700,3492404,161782.11780000,428832914.20111200,0,ETHUSDT,0.010000000000218279,538786.324,6340064
2024-09-24,2646.98000000,2670.96000000,2591.56000000,2653.20000000,288600.04020000,1727222399999,760159619.98153400,2730471,140655.88960000,370558448.96591700,0,ETHUSDT,0.010000000000218279,538783.7354,6339836
2024-09-25,2653.20000000,2673.50000000,2554.05000000,2579.95000000,220343.42930000,1727308799999,576100924.71154600,2446589,103887.87840000,271731602.59947200,0,ETHUSDT,0.010000000000218279,538769.9112,6339499
2024-09-26,2580.09000000,2666.22000000,2559.20000000,2632.26000000,278686.35730000,1727395199999,731881168.91669500,2897463,139205.44730000,365580497.05442400,0,ETHUSDT,0.010000000000218279,538772.6496,6339472
2024-09-27,2632.25000000,2728.60000000,2615.21000000,2694.43000000,281826.97920000,1727481599999,753233859.35867200,2599262,151742.50930000,405576362.61347600,0,ETHUSDT,0.010000000000218279,538775.5427,6338901
2024-09-28,2694.43000000,2704.35000000,2650.00000000,2675.21000000,137230.03420000,1727567999999,367299958.06267600,1192804,65924.22020000,176467262.33616800,0,ETHUSDT,0.010000000000218279,538766.4754,6338925
2024-09-29,2675.21000000,2683.70000000,2629.73000000,2657.62000000,160554.31460000,1727654399999,426486288.27627700,1417045,81486.00610000,216453626.08854400,0,ETHUSDT,0.010000000000218279,538756.1038,6338782
2024-09-30,2657.62000000,2663.50000000,2575.00000000,2602.23000000,282475.79610000,1727740799999,738997897.57908500,2684395,135231.59450000,353834770.00365100,0,ETHUSDT,0.010000000000218279,538771.4092,6339019
2024-10-01,2602.24000000,2659.00000000,2414.00000000,2447.79000000,502828.68040000,1727827199999,1275068045.81654800,4525442,241562.47160000,612727012.04731000,0,ETHUSDT,0.010000000000218279,538729.2569,6338794
2024-10-02,2447.78000000,2499.00000000,2352.00000000,2364.10000000,317484.73500000,1727913599999,772815459.36655100,4299369,155763.84130000,379325012.46359800,0,ETHUSDT,0.010000000000218279,538688.1377,6338373
2024-10-03,2364.09000000,2403.38000000,2310.00000000,2349.80000000,314635.92630000,1727999999999,739732809.48188700,4096011,149299.04360000,351028567.52354300,0,ETHUSDT,0.009999999999763531,538679.2121,6338077
2024-10-04,2349.80000000,2441.64000000,2339.15000000,2414.41000000,239383.01700000,1728086399999,572627417.10536900,2556302,121492.18760000,290635408.17503000,0,ETHUSDT,0.010000000000218279,538713.5737,6338118
2024-10-05,2414.41000000,2428.23000000,2390.05000000,2414.66000000,103740.23160000,1728172799999,250133597.68832200,1147501,49644.85370000,119740244.15091900,0,ETHUSDT,0.009999999999763531,538690.964,6338153
2024-10-06,2414.66000000,2457.80000000,2407.00000000,2440.03000000,105752.70960000,1728259199999,257213775.45288000,1097106,56040.49420000,136283551.47355800,0,ETHUSDT,0.010000000000218279,538702.6988,6338222
2024-10-07,2440.02000000,2521.00000000,2403.00000000,2422.71000000,300459.54070000,1728345599999,742163736.96691100,3081333,147053.19260000,363265506.41464900,0,ETHUSDT,0.009999999999763531,538703.4523,6338218
2024-10-08,2422.70000000,2466.66000000,2401.18000000,2440.89000000,201358.33120000,1728431999999,490043095.02496200,2240640,98699.06950000,240246242.02095800,0,ETHUSDT,0.010000000000218279,538700.9887,6338441
2024-10-09,2440.88000000,2473.61000000,2351.42000000,2370.47000000,242082.27250000,1728518399999,586469983.39352700,2569883,118607.67530000,287392550.52832000,0,ETHUSDT,0.009999999999763531,538717.187,6338480
2024-10-10,2370.47000000,2421.36000000,2330.66000000,2386.49000000,257862.96190000,1728604799999,614182044.94953600,2734517,124649.16980000,296876662.88337700,0,ETHUSDT,0.009999999999763531,538700.87,6338138
2024-10-11,2386.49000000,2471.45000000,2381.86000000,2439.50000000,235441.21970000,1728691199999,572065403.74189800,1913115,120079.05810000,291669006.34268800,0,ETHUSDT,0.009999999999763531,538660.9001,6337937
2024-10-12,2439.49000000,2490.51000000,2434.35000000,2476.40000000,139637.50620000,1728777599999,343538957.82022800,1058123,75635.47220000,186143651.98497400,0,ETHUSDT,0.009999999999763531,538654.0902,6337820
2024-10-13,2476.40000000,2484.92000000,2436.40000000,2468.91000000,120022.81790000,1728863999999,295322793.08412500,1032905,59760.37470000,147082675.32577100,0,ETHUSDT,0.009999999999763531,538616.4851,6337246
2024-10-14,2468.92000000,2654.00000000,2443.39000000,2629.79000000,435900.16190000,1728950399999,1119084230.80793800,2715025,229665.60470000,589781071.81532800,0,ETHUSDT,0.010000000000218279,538627.8275,6337304
2024-10-15,2629.79000000,2688.60000000,2537.36000000,2607.41000000,416285.66630000,1729036799999,1083630113.13970700,3306565,205576.51830000,535279891.16590100,0,ETHUSDT,0.009999999999763531,538676.8985,6337722
2024-10-16,2607.41000000,2647.79000000,2588.67000000,2611.10000000,260322.42420000,1729123199999,681342662.41857000,2813136,127407.66790000,333593643.09779300,0,ETHUSDT,0.010000000000218279,538660.7872,6337735
2024-10-17,2611.10000000,2648.37000000,2575.40000000,2605.80000000,221624.54340000,1729209599999,579597649.92940300,2543113,109682.85890000,286944146.55601100,0,ETHUSDT,0.010000000000218279,538654.6742,6337193
2024-10-18,2605.79000000,2675.58000000,2596.49000000,2642.17000000,292444.11530000,1729295999999,771232214.93516400,2835054,151075.29190000,398486077.84859300,0,ETHUSDT,0.009999999999763531,538653.7998,6337085
2024-10-19,2642.17000000,2663.49000000,2631.02000000,2648.20000000,105413.76460000,1729382399999,278723129.15789400,1145594,52955.70120000,140037162.00516000,0,ETHUSDT,0.009999999999763531,538631.4173,6336816
2024-10-20,2648.20000000,2759.00000000,2635.54000000,2746.91000000,256910.74480000,1729468799999,692550694.44162900,2274845,131315.63210000,354129881.28676600,0,ETHUSDT,0.010000000000218279,538624.6602,6336834
2024-10-21,2746.91000000,2769.48000000,2655.01000000,2666.70000000,310674.72320000,1729555199999,839718870.96762100,2526347,155766.44540000,421099497.59600700,0,ETHUSDT,0.010000000000218279,538598.3917,6336446
2024-10-22,2666.71000000,2671.92000000,2606.56000000,2622.81000000,265747.71300000,1729641599999,699818031.28854000,2153796,129041.05420000,339834310.02414700,0,ETHUSDT,0.010000000000218279,538579.4295,6336734
2024-10-23,2622.81000000,2628.20000000,2450.00000000,2524.61000000,352647.70860000,1729727999999,897683017.74016800,2642127,161673.03630000,411442765.60034200,0,ETHUSDT,0.010000000000218279,538562.5032,6336889
2024-10-24,2524.60000000,2562.65000000,2507.31000000,2535.82000000,290851.78420000,1729814399999,737665762.66614700,2252562,151672.57960000,384697096.34031300,0,ETHUSDT,0.010000000000218279,538560.2141,6336852
2024-10-25,2535.82000000,2566.33000000,2382.59000000,2440.62000000,514799.88220000,1729900799999,1282541014.46980300,3741205,232180.14350000,578647966.53560800,0,ETHUSDT,0.009999999999763531,538554.8604,6336950
2024-10-26,2440.63000000,2508.00000000,2430.12000000,2482.51000000,248724.83130000,1729987199999,612908876.73898300,1985542,132469.85690000,326550515.93420700,0,ETHUSDT,0.010000000000218279,538559.8071,6337373
2024-10-27,2482.51000000,2527.99000000,2464.13000000,2507.80000000,137580.88360000,1730073599999,342704461.29822200,1337190,70648.00530000,176001096.76121000,0,ETHUSDT,0.009999999999763531,538566.4553,6337538
2024-10-28,2507.80000000,2589.67000000,2471.67000000,2567.48000000,360605.32700000,1730159999999,910015100.83083700,2847523,180803.60760000,456316658.78481300,0,ETHUSDT,0.009999999999763531,538545.2654,6337367
2024-10-29,2567.49000000,2681.86000000,2561.20000000,2638.80000000,451915.70250000,1730246399999,1187541746.02171500,3690029,227223.48010000,597159695.53777800,0,ETHUSDT,0.010000000000218279,538543.6041,6337389
2024-10-30,2638.80000000,2722.30000000,2599.66000000,2659.19000000,460627.12600000,1730332799999,1230352880.14265500,3700127,234688.32980000,627072013.72104200,0,ETHUSDT,0.010000000000218279,538544.2493,6337531
2024-10-31,2659.19000000,2669.00000000,2503.00000000,2518.61000000,403427.20170000,1730419199999,1042550364.39079100,3391343,196341.44980000,507552898.63574800,0,ETHUSDT,0.010000000000218279,538534.4011,6337530
2024-11-01,2518.61000000,2586.80000000,2467.67000000,2511.49000000,430249.10730000,1730505599999,1084316033.71191500,3614843,202239.11620000,509869182.30356700,0,ETHUSDT,0.010000000000218279,538509.4539,6337755
2024-11-02,2511.49000000,2523.45000000,2470.00000000,2494.23000000,145961.13000000,1730591999999,364240307.89237700,1228028,68739.22170000,171535490.17364200,0,ETHUSDT,0.009999999999763531,538446.7164,6337644
2024-11-03,2494.23000000,2496.39000000,2411.00000000,2457.73000000,276009.11970000,1730678399999,675516839.24615800,2569553,128755.13020000,315138233.23078100,0,ETHUSDT,0.009999999999763531,538451.2342,6337602
2024-11-04,2457.73000000,2491.39000000,2357.59000000,2398.21000000,306316.96450000,1730764799999,745000696.54959400,3066552,148574.72540000,361660123.21258000,0,ETHUSDT,0.009999999999763531,538450.7131,6337504
2024-11-05,2398.21000000,2480.00000000,2380.74000000,2422.55000000,331619.25450000,1730851199999,807964220.38260700,2878817,164899.72260000,401792814.47828200,0,ETHUSDT,0.009999999999763531,538445.9424,6337354
2024-11-06,2422.60000000,2744.70000000,2420.30000000,2721.87000000,1002141.36180000,1730937599999,2613263657.61569000,5557031,527404.57970000,1375499686.35223600,0,ETHUSDT,0.009999999999763531,538429.7314,6337138
2024-11-07,2721.88000000,2916.11000000,2699.49000000,2895.47000000,730845.95240000,1731023999999,2069602523.37207700,5380366,367745.65060000,1041659729.92273900,0,ETHUSDT,0.010000000000218279,538419.677,6337335
2024-11-08,2895.47000000,2981.69000000,2886.40000000,2961.75000000,568864.43500000,1731110399999,1664276186.36745700,4290252,290136.27340000,849147013.62205100,0,ETHUSDT,0.009999999999763531,538420.0991,6337249
2024-11-09,2961.75000000,3157.40000000,2953.71000000,3126.21000000,526719.42120000,1731196799999,1602480049.88551400,3681905,278109.26380000,846556140.57644800,0,ETHUSDT,0.009999999999763531,538432.5797,6337365
2024-11-10,3126.20000000,3248.52000000,3069.00000000,3183.21000000,865536.73220000,1731283199999,2751696491.35327300,6072418,444231.98530000,1412520566.69655500,0,ETHUSDT,0.009999999999763531,538432.573,6337325
2024-11-11,3183.20000000,3387.61000000,3105.00000000,3371.59000000,1000093.96640000,1731369599999,3248336095.35783400,7802397,512353.65970000,1664789115.81200000,0,ETHUSDT,0.010000000000218279,538432.3309,6337311
2024-11-12,3371.59000000,3442.50000000,3207.67000000,3243.80000000,973215.72850000,1731455999999,3215515065.96685000,7073014,474680.79960000,1569519071.96666300,0,ETHUSDT,0.009999999999763531,538431.9036,6337221
2024-11-13,3243.79000000,3331.00000000,3116.69000000,3187.16000000,919686.37470000,1731542399999,2958494366.71914000,9753402,446483.23990000,1436610189.54269200,0,ETHUSDT,0.010000000000218279,538432.2125,6337173
2024-11-14,3187.16000000,3240.40000000,3028.56000000,3058.82000000,605780.66620000,1731628799999,1909266330.68371800,6204964,291332.14280000,919046552.32491300,0,ETHUSDT,0.009999999999763531,538429.9643,6336994
2024-11-15,3058.81000000,3131.06000000,3014.50000000,3090.01000000,519623.63170000,1731715199999,1593247701.28904900,6118576,256031.96210000,785238977.75679600,0,ETHUSDT,0.010000000000218279,538424.3655,6337374
2024-11-16,3090.01000000,3219.97000000,3072.00000000,3132.87000000,423639.15730000,1731801599999,1332892680.48503800,5079843,221452.09360000,696573570.91146400,0,ETHUSDT,0.009999999999763531,538414.7117,6336977
2024-11-17,3132.88000000,3162.11000000,3034.99000000,3076.00000000,449818.95750000,1731887999999,1393762559.89606500,5832635,219773.82170000,681175947.12536200,0,ETHUSDT,0.009999999999763531,538413.3257,6337048
2024-11-18,3075.99000000,3224.94000000,3050.01000000,3207.80000000,640658.43570000,1731974399999,2006111259.65758600,6541040,335610.63520000,1051440459.59821600,0,ETHUSDT,0.009999999999763531,538404.4644,6336778
2024-11-19,3207.81000000,3221.20000000,3065.40000000,3107.44000000,500112.01940000,1732060799999,1561642778.41815400,5163295,240538.57970000,751285220.16740200,0,ETHUSDT,0.009999999999763531,538414.8238,6336691
2024-11-20,3107.45000000,3159.20000000,3029.41000000,3069.97000000,503607.83360000,1732147199999,1559041767.18546400,6338828,262555.33790000,813254437.22967800,0,ETHUSDT,0.009999999999763531,538415.9293,6336610
2024-11-21,3069.97000000,3386.73000000,3032.59000000,3355.81000000,974923.30350000,1732233599999,3167224819.41876900,8227428,517407.46180000,1678599533.38309400,0,ETHUSDT,0.010000000000218279,538408.5284,6336322
2024-11-22,3355.88000000,3425.92000000,3257.54000000,3327.78000000,603273.70930000,1732319999999,2008464564.86167400,7141711,299228.21600000,996678648.69699500,0,ETHUSDT,0.010000000000218279,538418.7189,6336374
2024-11-23,3327.78000000,3497.51000000,3312.72000000,3393.91000000,721024.00090000,1732406399999,2449223191.45451700,6790558,377413.29840000,1281905367.17223400,0,ETHUSDT,0.009999999999763531,538472.9757,6337250
2024-11-24,3393.91000000,3450.00000000,3281.40000000,3361.20000000,479098.09210000,1732492799999,1608242778.28287200,5919258,229135.64760000,769433365.50576100,0,ETHUSDT,0.010000000000218279,538419.3476,6337074
2024-11-25,3361.21000000,3546.66000000,3300.01000000,3414.49000000,949330.37000000,1732579199999,3272920810.05731100,9876856,473543.93990000,1633463973.64652600,0,ETHUSDT,0.009999999999763531,538383.8234,6336674
2024-11-26,3414.49000000,3462.49000000,3252.00000000,3324.73000000,672367.15030000,1732665599999,2252619301.96427400,7269605,320649.41400000,1076018603.47616000,0,ETHUSDT,0.010000000000218279,538385.7061,6337191
2024-11-27,3324.74000000,3684.92000000,3302.40000000,3653.28000000,754573.64850000,1732751999999,2640023089.76093500,6392173,422777.04850000,1478531171.09609100,0,ETHUSDT,0.010000000000218279,538335.6642,6336777
2024-11-28,3653.27000000,3661.92000000,3529.76000000,3578.79000000,560976.42500000,1732838399999,2014252549.70202200,5393261,281616.14450000,1011307244.12480200,0,ETHUSDT,0.010000000000218279,538313.8809,6336926
2024-11-29,3578.80000000,3647.98000000,3534.28000000,3592.21000000,425493.24490000,1732924799999,1525999121.81963900,4240304,220911.87590000,792537823.50665000,0,ETHUSDT,0.009999999999763531,538310.4931,6336917
2024-11-30,3592.22000000,3738.98000000,3568.40000000,3703.60000000,503684.74850000,1733011199999,1849683070.29735000,4641849,267000.57690000,980789627.35957700,0,ETHUSDT,0.010000000000218279,538317.529,6337204
2024-12-01,3703.59000000,3746.80000000,3659.20000000,3707.61000000,429089.26330000,1733097599999,1589850114.02591500,3667910,212029.40080000,785774029.01285500,0,ETHUSDT,0.010000000000218279,538258.7219,6337133
2024-12-02,3707.61000000,3760.00000000,3554.32000000,3643.42000000,737130.56900000,1733183999999,2685285591.84536500,6825848,368529.34700000,1342985979.58074500,0,ETHUSDT,0.010000000000218279,538258.752,6337130
2024-12-03,3643.43000000,3670.00000000,3500.00000000,3614.51000000,678400.20320000,1733270399999,2439869839.02902100,5200407,376625.93000000,1355330328.94503700,0,ETHUSDT,0.010000000000218279,538271.1699,6337371
2024-12-04,3614.51000000,3887.24000000,3614.51000000,3837.80000000,968744.03990000,1733356799999,3638907449.55176100,8222722,516513.63150000,1939427558.60474000,0,ETHUSDT,0.009999999999763531,538289.5598,6337638
2024-12-05,3837.80000000,3956.00000000,3677.00000000,3785.20000000,946493.27600000,1733443199999,3653558567.75371200,8753645,465065.30160000,1796915310.22586500,0,ETHUSDT,0.009999999999763531,538290.3086,6337927
2024-12-06,3785.21000000,4087.73000000,3777.26000000,3998.87000000,803855.11460000,1733529599999,3174080080.14619300,6677199,410529.41370000,1621071926.72690900,0,ETHUSDT,0.009999999999763531,538285.9745,6338017
2024-12-07,3998.87000000,4024.46000000,3968.00000000,3996.22000000,283920.02000000,1733615999999,1134418058.86617300,2721543,141027.53580000,563531840.24221200,0,ETHUSDT,0.009999999999763531,538273.0893,6337716
2024-12-08,3996.22000000,4015.58000000,3923.50000000,4004.15000000,251362.16850000,1733702399999,1000371580.63835900,2614587,124696.17300000,496407855.45914100,0,ETHUSDT,0.009999999999763531,538273.4889,6337836
2024-12-09,4004.15000000,4006.17000000,3509.00000000,3712.00000000,939642.20010000,1733788799999,3566495804.12810500,8331026,434519.74420000,1650765938.05197400,0,ETHUSDT,0.009999999999763531,538265.0529,6337605
2024-12-10,3712.00000000,3780.76000000,3515.89000000,3628.25000000,942206.03370000,1733875199999,3443114495.27366400,10461668,468842.23620000,1713256933.09975900,0,ETHUSDT,0.009999999999763531,538294.5943,6338056
2024-12-11,3628.24000000,3848.64000000,3562.34000000,3831.81000000,461818.78010000,1733961599999,1722223536.87817700,6195364,248830.10390000,928595809.30058700,0,ETHUSDT,0.010000000000218279,538285.2176,6337999
2024-12-12,3831.82000000,3987.41000000,3796.80000000,3881.61000000,572098.63430000,1734047999999,2239803483.57660700,7005239,284607.15510000,1114554219.24114300,0,ETHUSDT,0.010000000000218279,538284.3927,6338285
2024-12-13,3881.60000000,3968.47000000,3852.94000000,3906.80000000,387765.68730000,1734134399999,1516942852.28518100,5124578,192195.32380000,751955442.54806600,0,ETHUSDT,0.010000000000218279,538293.973,6338665
2024-12-14,3906.80000000,3945.00000000,3825.03000000,3870.29000000,265538.94790000,1734220799999,1031595277.38733700,3407748,131333.82940000,510395698.45593300,0,ETHUSDT,0.010000000000218279,538303.9689,6339015
2024-12-15,3870.30000000,3974.61000000,3831.50000000,3959.09000000,253833.21410000,1734307199999,987865003.12754300,3637695,137576.23630000,535670221.16029300,0,ETHUSDT,0.009999999999763531,538309.4646,6339137
2024-12-16,3959.09000000,4107.80000000,3884.00000000,3986.24000000,673351.07230000,1734393599999,2686550997.11024500,7117624,357970.22610000,1428720574.04516100,0,ETHUSDT,0.009999999999763531,538297.8694,6339035
2024-12-17,3986.24000000,4041.82000000,3847.96000000,3893.01000000,450825.98610000,1734479999999,1788532842.70075700,6874200,212006.09800000,841864072.77054100,0,ETHUSDT,0.009999999999763531,538261.9259,6338761
2024-12-18,3893.01000000,3907.19000000,3617.42000000,3626.80000000,722505.06180000,1734566399999,2735374632.73864100,6584244,338987.74140000,1283903825.65402800,0,ETHUSDT,0.010000000000218279,538275.3516,6338831
2024-12-19,3626.80000000,3720.00000000,3326.80000000,3417.01000000,1078153.48510000,1734652799999,3807975330.68116200,6357638,498105.40580000,1759867070.36279600,0,ETHUSDT,0.009999999999763531,538279.4855,6338687
2024-12-20,3417.01000000,3497.84000000,3101.90000000,3472.21000000,1332783.73100000,1734739199999,4421584295.58089900,7029546,616548.69460000,2043875039.78797600,0,ETHUSDT,0.009999999999763531,538278.9629,6338810
2024-12-21,3472.20000000,3555.18000000,3293.11000000,3338.92000000,475275.82000000,1734825599999,1627460721.69215300,2732677,227433.37900000,779411940.38609500,0,ETHUSDT,0.009999999999763531,538359.0877,6339208
2024-12-22,3338.92000000,3403.00000000,3221.10000000,3281.83000000,361920.24950000,1734911999999,1201895225.01695200,2546556,178324.64420000,592471146.24274100,0,ETHUSDT,0.009999999999763531,538361.6627,6339429
2024-12-23,3281.83000000,3466.99000000,3216.97000000,3422.53000000,488253.41000000,1734998399999,1627069583.87868200,4032824,251606.21720000,838574859.78571200,0,ETHUSDT,0.009999999999763531,538343.2068,6339188
2024-12-24,3422.53000000,3539.65000000,3358.19000000,3493.18000000,315723.67630000,1735084799999,1087476459.25316300,2764397,158218.89880000,544905389.45923000,0,ETHUSDT,0.009999999999763531,538343.2967,6339189
2024-12-25,3493.17000000,3547.95000000,3440.93000000,3497.00000000,219846.04520000,1735171199999,766349902.71321700,2133099,110386.21040000,384894251.07668100,0,ETHUSDT,0.009999999999763531,538343.7518,6339321
2024-12-26,3497.00000000,3514.94000000,3304.63000000,3335.05000000,310170.17190000,1735257599999,1047464157.03218900,2543314,164346.24880000,554727435.33012100,0,ETHUSDT,0.009999999999763531,538405.7724,6339738
2024-12-27,3335.04000000,3444.16000000,3306.60000000,3333.51000000,342529.60380000,1735343999999,1152635224.26543900,3133395,171567.67040000,577327628.47015500,0,ETHUSDT,0.009999999999763531,538412.8353,6339827
2024-12-28,3333.51000000,3428.68000000,3322.23000000,3404.00000000,175963.61300000,1735430399999,592591876.17898600,1445334,88404.95780000,297871890.10946200,0,ETHUSDT,0.009999999999763531,538387.664,6339314
2024-12-29,3404.01000000,3413.78000000,3326.17000000,3356.48000000,156256.88190000,1735516799999,527250656.14570400,1170497,74717.28830000,252109610.01206700,0,ETHUSDT,0.010000000000218279,538388.7687,6339333
2024-12-30,3356.48000000,3437.59000000,3305.00000000,3361.84000000,420794.64760000,1735603199999,1420731724.37256400,2700666,215138.52690000,726878029.72007100,0,ETHUSDT,0.009999999999763531,538383.6168,6339417
2024-12-31,3361.83000000,3451.00000000,3315.59000000,3337.78000000,303053.16850000,1735689599999,1024862944.04619100,2021786,146510.75010000,495460792.49061200,0,ETHUSDT,0.009999999999763531,538380.2663,6339140
2025-01-01,3337.78000000,3374.85000000,3313.88000000,3360.38000000,190238.58610000,1735775999999,636613395.69596500,1182219,99518.02170000,333085258.28746200,0,ETHUSDT,0.009999999999763531,538386.3569,6339193
2025-01-02,3360.39000000,3509.99000000,3354.50000000,3455.67000000,338632.88740000,1735862399999,1166286232.16288200,2373075,169044.36270000,582161055.52196500,0,ETHUSDT,0.009999999999763531,538387.9743,6339180
2025-01-03,3455.68000000,3630.00000000,3423.44000000,3609.01000000,334041.06040000,1735948799999,1179953901.10181400,2293811,169194.07500000,597682226.03096200,0,ETHUSDT,0.009999999999763531,538409.0845,6339253
2025-01-04,3609.00000000,3671.60000000,3572.42000000,3656.88000000,229266.31330000,1736035199999,829864804.85983700,1567855,116823.14830000,422850861.08688600,0,ETHUSDT,0.010000000000218279,538398.2928,6339020
2025-01-05,3656.88000000,3675.25000000,3593.70000000,3635.99000000,155444.17410000,1736121599999,564147572.80066900,1461192,76901.37580000,279135355.27000600,0,ETHUSDT,0.009999999999763531,538387.5825,6338557
2025-01-06,3636.00000000,3744.83000000,3610.63000000,3687.45000000,329642.36480000,1736207999999,1210642823.30206900,2753873,166824.61960000,612822771.95455100,0,ETHUSDT,0.009999999999763531,538391.2591,6338625
2025-01-07,3687.44000000,3700.86000000,3356.31000000,3381.31000000,541543.28740000,1736294399999,1899318756.15801600,3538701,254553.45020000,892893276.02080900,0,ETHUSDT,0.009999999999763531,538384.325,6338626
2025-01-08,3381.31000000,3415.10000000,3208.20000000,3327.29000000,584749.96270000,1736380799999,1944382187.65665900,3766197,275577.22690000,916259778.41837900,0,ETHUSDT,0.010000000000218279,538381.2151,6338447
2025-01-09,3327.29000000,3357.27000000,3158.00000000,3219.20000000,501818.42470000,1736467199999,1638958679.71436800,3685889,237793.73460000,777185110.08267900,0,ETHUSDT,0.010000000000218279,538373.1142,6338570
2025-01-10,3219.20000000,3322.49000000,3193.97000000,3267.04000000,454142.13330000,1736553599999,1482940591.67198800,3199118,222519.18490000,726413490.66837400,0,ETHUSDT,0.009999999999763531,538373.6242,6338530
2025-01-11,3267.05000000,3320.18000000,3217.56000000,3282.83000000,151679.74870000,1736639999999,494933295.35826200,1208777,74202.78760000,242350177.14399100,0,ETHUSDT,0.010000000000218279,538358.929,6338342
2025-01-12,3282.83000000,3300.00000000,3224.49000000,3267.30000000,164879.97090000,1736726399999,538751712.04578700,1151908,78312.53320000,255990007.31399000,0,ETHUSDT,0.010000000000218279,538347.7972,6338567
2025-01-13,3267.30000000,3339.00000000,2920.00000000,3137.51000000,845907.56690000,1736812799999,2614824635.15443900,4900248,410956.80140000,1271030799.21146800,0,ETHUSDT,0.010000000000218279,538347.2432,6338436
2025-01-14,3137.51000000,3256.67000000,3125.65000000,3225.63000000,374308.45170000,1736899199999,1197715520.89902600,2446285,180843.36050000,578754045.67724400,0,ETHUSDT,0.009999999999763531,538359.0049,6338588
2025-01-15,3225.63000000,3473.75000000,3186.36000000,3451.52000000,464188.03400000,1736985599999,1537407357.36677100,2689488,233981.71830000,775803015.40606800,0,ETHUSDT,0.009999999999763531,538376.3961,6338720
2025-01-16,3451.51000000,3460.79000000,3265.44000000,3308.05000000,471282.67870000,1737071999999,1573512574.07485100,2667507,227669.87210000,760336218.42832100,0,ETHUSDT,0.009999999999763531,538386.816,6338683
2025-01-17,3308.04000000,3525.72000000,3307.50000000,3473.63000000,518550.18130000,1737158399999,1773013467.30909300,3165882,269301.51330000,920836504.15644600,0,ETHUSDT,0.009999999999763531,538392.4641,6338728
2025-01-18,3473.64000000,3494.39000000,3227.00000000,3307.71000000,634197.12810000,1737244799999,2100633661.76441900,3931387,309754.32910000,1025970289.51767100,0,ETHUSDT,0.010000000000218279,538391.5908,6338633
2025-01-19,3307.71000000,3448.99000000,3130.48000000,3215.12000000,1342301.52170000,1737331199999,4408659681.01233000,7064813,651932.43120000,2143657478.90028600,0,ETHUSDT,0.010000000000218279,538421.7886,6338087
2025-01-20,3215.20000000,3453.69000000,3142.78000000,3284.00000000,1158354.78140000,1737417599999,3830020315.13160700,7137551,572672.70280000,1895320599.96198600,0,ETHUSDT,0.009999999999763531,538412.0103,6337445
2025-01-21,3283.99000000,3368.00000000,3204.60000000,3327.54000000,548706.05130000,1737503999999,1802317579.66765900,3752957,271093.62780000,890755658.88544800,0,ETHUSDT,0.010000000000218279,538406.4905,6337314
2025-01-22,3327.55000000,3365.99000000,3222.85000000,3242.60000000,349240.74980000,1737590399999,1150648371.19655900,2187671,163482.76000000,538844820.50456300,0,ETHUSDT,0.009999999999763531,538410.3858,6337394
2025-01-23,3242.61000000,3347.97000000,3185.00000000,3338.21000000,605592.72250000,1737676799999,1965307923.08054700,3255920,303294.94180000,984590435.71734800,0,ETHUSDT,0.010000000000218279,538391.2555,6336840
2025-01-24,3338.22000000,3428.00000000,3275.90000000,3310.09000000,451524.27520000,1737763199999,1519379297.69096300,2793569,215008.00350000,723830815.04652300,0,ETHUSDT,0.010000000000218279,538399.9387,6337220
2025-01-25,3310.10000000,3350.68000000,3268.66000000,3318.77000000,208559.04150000,1737849599999,690383485.12544400,1456638,98129.44980000,324799632.12765400,0,ETHUSDT,0.010000000000218279,538424.8089,6337197
2025-01-26,3318.76000000,3362.00000000,3230.00000000,3232.61000000,272165.46900000,1737935999999,899291017.61337400,1416325,116826.27890000,386320687.82792900,0,ETHUSDT,0.010000000000218279,538434.4535,6337536
2025-01-27,3232.61000000,3253.91000000,3020.01000000,3182.44000000,753004.75290000,1738022399999,2349770569.70661100,4888504,345284.58210000,1077195796.13712200,0,ETHUSDT,0.010000000000218279,538336.501,6336882
2025-01-28,3182.44000000,3223.01000000,3040.03000000,3077.72000000,350959.71730000,1738108799999,1107001736.17500500,2936974,170776.72710000,538990208.72344700,0,ETHUSDT,0.010000000000218279,538348.3326,6337207
2025-01-29,3077.72000000,3182.52000000,3054.06000000,3113.90000000,409737.25760000,1738195199999,1278256645.74957000,3277369,200807.92350000,626556500.38162000,0,ETHUSDT,0.009999999999763531,538354.1042,6336857
2025-01-30,3113.90000000,3283.43000000,3091.06000000,3247.39000000,350639.48230000,1738281599999,1130886606.53968200,2410789,180484.13070000,581935263.18457600,0,ETHUSDT,0.009999999999763531,538350.2484,6336644
2025-01-31,3247.38000000,3437.31000000,3213.80000000,3300.99000000,648681.65610000,1738367999999,2158479814.33174300,3802893,343645.01990000,1144000791.64150100,0,ETHUSDT,0.010000000000218279,538370.9487,6337049
2025-02-01,3300.99000000,3331.98000000,3101.70000000,3117.54000000,354065.25250000,1738454399999,1142845926.86590100,2900696,170674.35850000,551595869.39510300,0,ETHUSDT,0.010000000000218279,538357.6212,6336862
2025-02-02,3117.54000000,3163.20000000,2750.71000000,2869.68000000,1050805.93000000,1738540799999,3131430738.39175600,5974563,494989.10690000,1476742890.84230700,0,ETHUSDT,0.010000000000218279,538368.6759,6337084
2025-02-03,2869.68000000,2921.00000000,2125.01000000,2879.90000000,2807979.02100000,1738627199999,7325488963.97464300,10550628,1344253.33180000,3509887592.19632100,0,ETHUSDT,0.009999999999763531,538366.6779,6337132
2025-02-04,2879.89000000,2888.50000000,2632.60000000,2731.19000000,1259594.39190000,1738713599999,3477670143.18934000,4767588,602952.47060000,1664512055.45414100,0,ETHUSDT,0.009999999999763531,538371.7152,6337136
2025-02-05,2731.19000000,2826.95000000,2699.13000000,2788.25000000,686593.04290000,1738799999999,1897054238.49022300,3498289,327991.42560000,906340721.06455900,0,ETHUSDT,0.009999999999763531,538373.8059,6337366
2025-02-06,2788.25000000,2857.64000000,2655.28000000,2686.64000000,719459.95710000,1738886399999,1981674881.32211900,3805682,325809.32920000,897799508.97995700,0,ETHUSDT,0.009999999999763531,538369.8973,6337325
2025-02-07,2686.63000000,2797.50000000,2562.51000000,2622.10000000,695467.36120000,1738972799999,1875060380.33431200,3272698,327218.13880000,882532535.72256600,0,ETHUSDT,0.009999999999763531,538352.0092,6337488
2025-02-08,2622.11000000,2667.30000000,2588.80000000,2632.46000000,379685.15090000,1739059199999,996898803.98491500,1865406,182406.15920000,478945902.37338400,0,ETHUSDT,0.010000000000218279,538363.6959,6337955
2025-02-09,2632.46000000,2698.90000000,2520.02000000,2627.18000000,387166.79110000,1739145599999,1016386052.05048500,2319910,185314.83730000,486833033.68547700,0,ETHUSDT,0.009999999999763531,538372.5302,6338007
2025-02-10,2627.18000000,2693.79000000,2559.85000000,2661.19000000,398173.27160000,1739231999999,1051708232.55688000,2736600,195023.19150000,515093980.36806000,0,ETHUSDT,0.010000000000218279,538368.1519,6337897
2025-02-11,2661.19000000,2725.04000000,2558.24000000,2602.59000000,484196.14350000,1739318399999,1286091770.77380500,2776008,226374.75100000,602010853.06517800,0,ETHUSDT,0.010000000000218279,538364.6586,6337807
2025-02-12,2602.59000000,2795.45000000,2546.92000000,2738.27000000,646295.89590000,1739404799999,1705436939.53312700,4190060,324858.61930000,858009920.21868800,0,ETHUSDT,0.010000000000218279,538364.0161,6337642
2025-02-13,2738.27000000,2757.28000000,2612.76000000,2675.87000000,443769.28530000,1739491199999,1185301387.82442300,3213834,217787.64580000,581683038.43609800,0,ETHUSDT,0.010000000000218279,538359.6821,6337564
2025-02-14,2675.87000000,2791.78000000,2664.46000000,2725.95000000,419895.78620000,1739577599999,1142877818.04390300,2645594,222908.78010000,606858652.13950500,0,ETHUSDT,0.009999999999763531,538357.7998,6337502
2025-02-15,2725.95000000,2739.00000000,2662.28000000,2693.04000000,202971.42950000,1739663999999,548554180.22232300,1678502,90810.31790000,245463912.57346800,0,ETHUSDT,0.009999999999763531,538332.6578,6337196
2025-02-16,2693.04000000,2727.31000000,2651.26000000,2661.41000000,191231.53140000,1739750399999,514482095.17428300,1449884,89433.40550000,240599550.81239200,0,ETHUSDT,0.009999999999763531,538307.304,6336999
2025-02-17,2661.41000000,2849.70000000,2637.71000000,2744.05000000,639739.81970000,1739836799999,1752388687.80560900,3881592,329950.37510000,904399237.60008900,0,ETHUSDT,0.010000000000218279,538307.963,6337281
2025-02-18,2744.05000000,2756.93000000,2605.44000000,2671.99000000,604863.87370000,1739923199999,1616153629.01871700,3898156,285508.86940000,762964442.38585300,0,ETHUSDT,0.010000000000218279,538300.1869,6336912
2025-02-19,2672.00000000,2736.70000000,2656.03000000,2715.50000000,326154.02020000,1740009599999,882047186.13193300,2376004,163604.87670000,442601160.33245900,0,ETHUSDT,0.010000000000218279,538337.7366,6337034
2025-02-20,2715.51000000,2770.59000000,2707.18000000,2738.04000000,336735.25440000,1740095999999,921476439.35493700,2096063,170515.66670000,466756209.20123600,0,ETHUSDT,0.009999999999763531,538340.4507,6337099
2025-02-21,2738.04000000,2845.32000000,2616.72000000,2663.00000000,890440.06040000,1740182399999,2429306635.17723400,3872201,428879.73450000,1170981749.41479300,0,ETHUSDT,0.009999999999763531,538343.2113,6337004
2025-02-22,2663.00000000,2798.07000000,2653.33000000,2763.22000000,444989.66690000,1740268799999,1214059511.89993500,2597168,248387.77720000,677008292.57399600,0,ETHUSDT,0.010000000000218279,538364.6373,6337239
2025-02-23,2763.23000000,2857.34000000,2745.41000000,2819.69000000,611002.12220000,1740355199999,1711849865.81904600,2796506,321625.33770000,901407652.08499300,0,ETHUSDT,0.010000000000218279,538376.9107,6337454
2025-02-24,2819.70000000,2839.95000000,2470.33000000,2513.52000000,876876.37070000,1740441599999,2334572148.66195500,4737903,411575.66580000,1095102528.76310100,0,ETHUSDT,0.010000000000218279,538384.5263,6337503
2025-02-25,2513.52000000,2533.49000000,2313.49000000,2495.70000000,1322016.87180000,1740527999999,3207776114.78246300,7076645,655424.21700000,1590563026.37175900,0,ETHUSDT,0.010000000000218279,538421.9487,6337500
2025-02-26,2495.69000000,2507.50000000,2253.77000000,2336.37000000,863087.21330000,1740614399999,2059160287.05077300,5495972,408608.95600000,975185376.42155500,0,ETHUSDT,0.009999999999763531,538426.1225,6337545
2025-02-27,2336.38000000,2381.60000000,2230.57000000,2307.72000000,637583.91060000,1740700799999,1480849324.54064600,3906903,297736.91540000,691230000.43889100,0,ETHUSDT,0.009999999999763531,538408.6267,6337522
2025-02-28,2307.72000000,2314.18000000,2076.26000000,2237.59000000,1291539.05570000,1740787199999,2794546441.72688400,5708556,625030.52870000,1351940395.76477200,0,ETHUSDT,0.010000000000218279,538411.574,6337477
2025-03-01,2237.59000000,2281.14000000,2142.73000000,2217.39000000,446430.72710000,1740873599999,988941461.43036100,2511839,209196.86050000,463872993.77574900,0,ETHUSDT,0.009999999999763531,538374.7559,6337035
2025-03-02,2217.40000000,2550.58000000,2172.04000000,2518.11000000,1266684.77480000,1740959999999,3001215557.60368700,4977392,627527.30170000,1488652979.40276800,0,ETHUSDT,0.010000000000218279,538380.5374,6336734
2025-03-03,2518.12000000,2523.56000000,2097.91000000,2149.01000000,1109565.20030000,1741046399999,2529346005.90948500,4969357,510488.26520000,1161760907.05315700,0,ETHUSDT,0.009999999999763531,538380.3982,6336586
2025-03-04,2149.02000000,2221.88000000,1993.20000000,2171.51000000,1257822.33720000,1741132799999,2634485208.25977100,5856962,596181.03000000,1248910466.06030300,0,ETHUSDT,0.009999999999763531,538396.1601,6337254
2025-03-05,2171.50000000,2273.51000000,2155.03000000,2241.59000000,687130.78970000,1741219199999,1514537132.80739300,3480893,326604.00720000,720412253.03102700,0,ETHUSDT,0.010000000000218279,538395.0587,6337254
2025-03-06,2241.59000000,2319.99000000,2176.90000000,2202.20000000,596908.39350000,1741305599999,1343407922.35918800,3304973,304201.82560000,684721457.49054600,0,ETHUSDT,0.010000000000218279,538413.2698,6337620
2025-03-07,2202.21000000,2258.47000000,2101.82000000,2141.60000000,782387.26060000,1741391999999,1698459492.23933000,4452265,384442.62820000,834995037.36138600,0,ETHUSDT,0.009999999999763531,538435.8829,6338160
2025-03-08,2141.60000000,2234.93000000,2105.06000000,2203.58000000,328793.09790000,1741478399999,714743022.41034700,2118806,165408.66080000,359616114.81522300,0,ETHUSDT,0.009999999999763531,538332.0818,6338001
2025-03-09,2203.57000000,2212.00000000,1989.66000000,2020.41000000,601671.58820000,1741564799999,1249766628.54494900,2791079,283406.49900000,589074622.73424600,0,ETHUSDT,0.009999999999763531,538332.5848,6338030
2025-03-10,2020.43000000,2152.40000000,1810.01000000,1865.10000000,1248745.35140000,1741651199999,2461512870.77077700,5261040,617411.70940000,1216440716.44610600,0,ETHUSDT,0.010000000000218279,538401.5971,6338614
2025-03-11,1865.11000000,1963.20000000,1754.28000000,1923.43000000,1171427.99950000,1741737599999,2203451540.61138800,4578427,576537.07930000,1085290919.30363300,0,ETHUSDT,0.010000000000218279,538407.4958,6338280
2025-03-12,1923.42000000,1960.00000000,1829.72000000,1908.20000000,788739.67630000,1741823999999,1494384669.01818000,3444921,399364.70410000,756917595.00109500,0,ETHUSDT,0.010000000000218279,538268.3771,6337245
2025-03-13,1908.20000000,1923.09000000,1821.81000000,1864.59000000,569537.26220000,1741910399999,1069629049.44307000,2688683,276728.70200000,519941674.76874300,0,ETHUSDT,0.010000000000218279,538247.8175,6337363
2025-03-14,1864.59000000,1945.64000000,1861.31000000,1911.65000000,375805.73550000,1741996799999,718122712.75367900,1728618,196808.74180000,376032113.70590500,0,ETHUSDT,0.009999999999763531,538245.5683,6337166
2025-03-15,1911.64000000,1957.19000000,1903.75000000,1937.17000000,209545.86750000,1742083199999,404571982.73839400,884429,103183.25480000,199258936.50565500,0,ETHUSDT,0.010000000000218279,538230.269,6337506
2025-03-16,1937.18000000,1940.87000000,1860.38000000,1887.00000000,324766.65640000,1742169599999,616620264.89167500,1466585,147750.61790000,280566280.64947600,0,ETHUSDT,0.010000000000218279,538245.1629,6337895
2025-03-17,1887.01000000,1952.40000000,1879.98000000,1926.31000000,334840.48770000,1742255999999,641484974.27830700,1566024,166794.97820000,319499477.72078500,0,ETHUSDT,0.009999999999763531,538252.2686,6337904
2025-03-18,1926.30000000,1936.20000000,1872.31000000,1931.54000000,332896.01550000,1742342399999,632109997.55131100,1549810,156778.67070000,297667875.79396900,0,ETHUSDT,0.010000000000218279,538255.0948,6337614
2025-03-19,1931.54000000,2069.90000000,1927.58000000,2056.06000000,691809.50340000,1742428799999,1385193898.48161800,2614680,338168.36960000,677189954.26203100,0,ETHUSDT,0.009999999999763531,538285.2136,6338328
2025-03-20,2056.05000000,2067.90000000,1952.17000000,1983.79000000,401518.92820000,1742515199999,800851703.93756900,1885019,185718.33720000,370117787.13141900,0,ETHUSDT,0.009999999999763531,538286.8732,6337483
2025-03-21,1983.79000000,1996.73000000,1937.10000000,1965.75000000,262641.65900000,1742601599999,516587945.85855400,1470569,130673.03910000,256964902.67304100,0,ETHUSDT,0.009999999999763531,538313.9776,6337975
2025-03-22,1965.74000000,2006.61000000,1964.34000000,1980.69000000,170782.95740000,1742687999999,339679365.31931900,833146,83417.24300000,165949750.56443500,0,ETHUSDT,0.010000000000218279,538447.0391,6338674
2025-03-23,1980.68000000,2020.74000000,1976.81000000,2005.99000000,268707.52330000,1742774399999,537810044.75225100,973880,141545.40570000,283218620.57617100,0,ETHUSDT,0.010000000000218279,538424.5016,6338643
2025-03-24,2005.99000000,2104.11000000,1977.67000000,2081.20000000,477912.81540000,1742860799999,985984215.59453300,1804046,241987.67580000,499157615.49160600,0,ETHUSDT,0.009999999999763531,538578.7481,6339015
2025-03-25,2081.20000000,2097.70000000,2037.08000000,2066.15000000,328765.32920000,1742947199999,678919919.78074900,1398034,144848.29280000,299282311.76582700,0,ETHUSDT,0.009999999999763531,538598.996,6339182
2025-03-26,2066.16000000,2079.21000000,1981.60000000,2009.52000000,428975.32860000,1743033599999,872757205.46664500,1468474,181445.07230000,369125581.32051100,0,ETHUSDT,0.010000000000218279,538621.2698,6339224
2025-03-27,2009.52000000,2037.38000000,1987.06000000,2003.66000000,360634.83830000,1743119999999,726385594.53475100,1394730,154040.23270000,310291637.03096800,0,ETHUSDT,0.010000000000218279,538624.1415,6339280
2025-03-28,2003.67000000,2015.93000000,1860.00000000,1896.90000000,626167.58320000,1743206399999,1197329354.05841500,2245087,307332.27690000,587606938.58451500,0,ETHUSDT,0.009999999999763531,538636.5152,6339389
2025-03-29,1896.90000000,1913.60000000,1797.20000000,1828.08000000,409769.75550000,1743292799999,758545295.87177900,1755638,199201.13980000,368752720.35688600,0,ETHUSDT,0.009999999999763531,538652.3895,6339481
2025-03-30,1828.09000000,1849.01000000,1767.69000000,1807.74000000,327843.44760000,1743379199999,595676639.88354800,1523210,164123.14760000,298224370.05484300,0,ETHUSDT,0.009999999999763531,538653.2148,6339520
2025-03-31,1807.74000000,1854.22000000,1776.75000000,1822.43000000,497854.90520000,1743465599999,904456573.01041500,2283021,248408.78650000,451323627.20457800,0,ETHUSDT,0.009999999999763531,538657.1113,6339460
2025-04-01,1822.43000000,1927.90000000,1817.88000000,1904.98000000,452989.09740000,1743551999999,851190042.27337700,2141608,227293.91340000,427068696.66992000,0,ETHUSDT,0.010000000000218279,538658.2162,6339464
2025-04-02,1904.98000000,1957.00000000,1781.53000000,1795.22000000,750840.78230000,1743638399999,1411539014.56212600,3408080,364479.37670000,685797603.62861100,0,ETHUSDT,0.010000000000218279,538648.5072,6339512
2025-04-03,1795.21000000,1845.26000000,1750.00000000,1817.23000000,508075.01800000,1743724799999,912214691.84003600,2579520,253462.44640000,455404696.42755200,0,ETHUSDT,0.010000000000218279,538651.4102,6339391
2025-04-04,1817.23000000,1835.68000000,1758.72000000,1816.87000000,572734.47020000,1743811199999,1030518559.14175400,2647730,277397.81970000,499272616.79746900,0,ETHUSDT,0.010000000000218279,538661.7569,6339460
2025-04-05,1816.88000000,1827.29000000,1764.39000000,1806.01000000,201716.26960000,1743897599999,362822603.99707900,861593,96425.62450000,173484839.30756800,0,ETHUSDT,0.010000000000218279,538662.3684,6339471
2025-04-06,1806.02000000,1817.00000000,1537.50000000,1580.76000000,979847.09580000,1743983999999,1621420911.80354200,3251935,453768.93160000,751319408.63196000,0,ETHUSDT,0.010000000000218279,538665.7929,6339503
2025-04-07,1580.77000000,1639.00000000,1411.01000000,1553.04000000,2168796.00670000,1744070399999,3314200223.32717800,5723226,1076060.06700000,1645270461.50436500,0,ETHUSDT,0.010000000000218279,538666.9149,6339503
2025-04-08,1553.04000000,1618.67000000,1441.30000000,1473.41000000,891846.13270000,1744156799999,1361139288.97793200,3369669,449628.14170000,686762120.76577600,0,ETHUSDT,0.010000000000218279,538595.5771,6339218
2025-04-09,1473.41000000,1689.00000000,1385.05000000,1669.51000000,1968530.91380000,1744243199999,2995077137.62664700,4723847,990740.83630000,1508747907.72777100,0,ETHUSDT,0.010000000000218279,538586.5062,6339172
2025-04-10,1669.51000000,1669.85000000,1471.02000000,1522.25000000,911855.39340000,1744329599999,1425649915.89491900,3007121,454828.25920000,711164539.48715100,0,ETHUSDT,0.009999999999763531,538597.3047,6339236
2025-04-11,1522.24000000,1591.47000000,1504.63000000,1566.85000000,578484.31830000,1744415999999,901210974.60836300,2547292,305707.17480000,476514872.29880400,0,ETHUSDT,0.010000000000218279,538594.9838,6338956
2025-04-12,1566.85000000,1669.59000000,1546.06000000,1644.18000000,501867.90330000,1744502399999,813176435.31397300,2177800,266899.40920000,432987094.82390400,0,ETHUSDT,0.010000000000218279,538586.2358,6338787
2025-04-13,1644.19000000,1649.75000000,1562.01000000,1597.76000000,580136.61450000,1744588799999,931598664.29185500,2597350,281372.53800000,452135764.61108300,0,ETHUSDT,0.010000000000218279,538587.4764,6338314
2025-04-14,1597.76000000,1691.50000000,1595.56000000,1623.77000000,645930.14190000,1744675199999,1062426756.84963600,2975844,332185.12950000,546536662.98174400,0,ETHUSDT,0.010000000000218279,538608.1999,6338668
2025-04-15,1623.78000000,1661.21000000,1583.12000000,1588.78000000,476178.89150000,1744761599999,774210116.71062500,2283302,232389.85030000,377978352.55460700,0,ETHUSDT,0.009999999999763531,538625.2775,6339142
2025-04-16,1588.77000000,1613.66000000,1538.07000000,1577.14000000,611387.86860000,1744847999999,965271509.89318300,2645419,311107.79030000,491272640.36474200,0,ETHUSDT,0.009999999999763531,538524.4401,6338528
2025-04-17,1577.15000000,1616.96000000,1563.20000000,1583.62000000,449870.36280000,1744934399999,716711483.14334500,1871114,226961.42410000,361610704.82123100,0,ETHUSDT,0.010000000000218279,538520.3035,6338193
2025-04-18,1583.63000000,1600.64000000,1573.54000000,1588.60000000,200409.03590000,1745020799999,317931022.83947300,889028,99073.53740000,157166748.96690200,0,ETHUSDT,0.009999999999763531,538521.7716,6338261
2025-04-19,1588.60000000,1631.81000000,1585.01000000,1613.27000000,223096.38990000,1745107199999,358254845.71229400,1762563,119856.30270000,192451022.06704700,0,ETHUSDT,0.010000000000218279,538528.6001,6338200
2025-04-20,1613.26000000,1619.19000000,1565.59000000,1587.36000000,276052.23060000,1745193599999,438377495.97515200,1913811,138393.39470000,219774032.48275600,0,ETHUSDT,0.009999999999763531,538589.09,6338414
2025-04-21,1587.36000000,1658.75000000,1564.07000000,1579.57000000,691486.66670000,1745279999999,1117358203.86859500,4257816,349723.77790000,565324291.15929200,0,ETHUSDT,0.010000000000218279,538585.6767,6338217
2025-04-22,1579.57000000,1778.00000000,1537.26000000,1756.26000000,1103036.95860000,1745366399999,1833852783.08012900,3841594,570956.59690000,949980453.53835200,0,ETHUSDT,0.010000000000218279,538514.9514,6337944
2025-04-23,1756.25000000,1834.86000000,1744.95000000,1795.07000000,887545.63160000,1745452799999,1590311895.51547700,3346263,465865.23670000,834633411.49964400,0,ETHUSDT,0.009999999999763531,538512.0132,6337760
2025-04-24,1795.08000000,1802.82000000,1722.90000000,1769.65000000,483465.03850000,1745539199999,851507192.04646000,2225460,228156.98120000,401904077.51987700,0,ETHUSDT,0.010000000000218279,538534.3076,6338174
2025-04-25,1769.64000000,1827.32000000,1738.60000000,1784.60000000,595610.88940000,1745625599999,1063192910.33905300,2516748,310119.56980000,553732398.65082100,0,ETHUSDT,0.010000000000218279,538514.4426,6337993
2025-04-26,1784.60000000,1841.16000000,1778.94000000,1820.88000000,355068.04420000,1745711999999,640645562.86521600,1907298,184308.07960000,332672166.45517400,0,ETHUSDT,0.010000000000218279,538510.0242,6337869
2025-04-27,1820.87000000,1857.47000000,1781.90000000,1791.29000000,340332.64350000,1745798399999,616122293.30825400,2405764,164744.71280000,298455924.45359300,0,ETHUSDT,0.010000000000218279,538481.0797,6337292
2025-04-28,1791.29000000,1827.98000000,1744.71000000,1799.88000000,587269.74300000,1745884799999,1049690759.15237400,2980656,282424.40210000,504906960.40592800,0,ETHUSDT,0.010000000000218279,538459.0019,6337489
2025-04-29,1799.88000000,1842.99000000,1780.47000000,1797.81000000,480456.38840000,1745971199999,871685371.74914200,2590967,247137.12130000,448518545.93327100,0,ETHUSDT,0.009999999999763531,538464.5198,6337706
2025-04-30,1797.81000000,1816.80000000,1731.70000000,1793.61000000,473523.98770000,1746057599999,843558998.32633200,2468998,224863.77570000,400751136.05107900,0,ETHUSDT,0.010000000000218279,538462.6963,6337998
2025-05-01,1793.62000000,1873.17000000,1792.52000000,1838.11000000,537198.72910000,1746143999999,988206595.82489200,2398765,284534.13820000,523485516.25783300,0,ETHUSDT,0.010000000000218279,538446.3606,6337643
2025-05-02,1838.10000000,1871.00000000,1813.00000000,1842.20000000,410667.87500000,1746230399999,755324594.31892100,2062923,214203.70890000,394103918.03934500,0,ETHUSDT,0.009999999999763531,538450.3421,6337942
2025-05-03,1842.20000000,1848.60000000,1810.00000000,1833.52000000,213751.59790000,1746316799999,391267436.33205700,1135719,102337.22030000,187310371.21118100,0,ETHUSDT,0.009999999999763531,538453.7444,6338393
2025-05-04,1833.52000000,1849.95000000,1803.00000000,1808.86000000,238254.35640000,1746403199999,435999576.56534900,1443996,115191.41150000,210878994.45542400,0,ETHUSDT,0.010000000000218279,538453.4938,6338414
2025-05-05,1808.86000000,1833.55000000,1781.85000000,1820.19000000,342341.00780000,1746489599999,619310042.70500000,1961255,174628.62900000,315946281.03002200,0,ETHUSDT,0.009999999999763531,538456.4158,6338499
2025-05-06,1820.19000000,1820.90000000,1752.00000000,1817.00000000,384584.24510000,1746575999999,687049952.31388500,2333041,187697.54610000,335412217.28663900,0,ETHUSDT,0.010000000000218279,538456.9309,6338675
2025-05-07,1817.00000000,1850.00000000,1787.01000000,1811.11000000,456170.07050000,1746662399999,831394497.73404300,2408512,237181.47550000,432215626.27634500,0,ETHUSDT,0.009999999999763531,538458.621,6338828
2025-05-08,1811.11000000,2226.00000000,1808.71000000,2207.39000000,1473152.68600000,1746748799999,2976074419.32354100,5616063,774940.46430000,1564609175.67303500,0,ETHUSDT,0.010000000000218279,538466.9408,6338511
2025-05-09,2207.39000000,2490.77000000,2184.33000000,2345.04000000,1667041.03820000,1746835199999,3881949928.35172300,6885286,816968.73200000,1901989668.67701100,0,ETHUSDT,0.010000000000218279,538452.609,6338349
2025-05-10,2345.04000000,2600.00000000,2317.00000000,2583.23000000,979350.16060000,1746921599999,2393510879.66520500,4862978,508011.26320000,1242333639.70397500,0,ETHUSDT,0.010000000000218279,538419.5584,6338086
2025-05-11,2583.22000000,2608.13000000,2435.51000000,2514.57000000,831584.38880000,1747007999999,2087255708.68951200,4340859,402700.09720000,1010999635.26973100,0,ETHUSDT,0.009999999999763531,538413.9262,6337960
2025-05-12,2514.58000000,2624.00000000,2406.63000000,2495.47000000,1068680.94330000,1747094399999,2694150708.64276100,5441783,534397.32040000,1347640836.76613100,0,ETHUSDT,0.009999999999763531,538417.0883,6338129
2025-05-13,2495.48000000,2738.50000000,2415.30000000,2679.71000000,1031355.64650000,1747180799999,2653880363.30538100,4666012,569632.76620000,1468803335.98828900,0,ETHUSDT,0.010000000000218279,538419.3216,6338282
2025-05-14,2679.71000000,2725.99000000,2547.26000000,2609.74000000,830047.11220000,1747267199999,2183890526.34022800,4181188,413256.84190000,1088633834.58473200,0,ETHUSDT,0.010000000000218279,538416.1945,6337826
2025-05-15,2609.75000000,2647.03000000,2476.03000000,2548.69000000,768954.03320000,1747353599999,1963827790.23660200,4305508,396304.51570000,1012773316.79760300,0,ETHUSDT,0.009999999999763531,538392.6352,6338089
2025-05-16,2548.70000000,2649.31000000,2529.40000000,2537.12000000,605953.69190000,1747439999999,1568128704.04634500,3310498,323624.70410000,837990689.56693800,0,ETHUSDT,0.009999999999763531,538397.4604,6338440
2025-05-17,2537.13000000,2538.16000000,2446.42000000,2475.08000000,494333.27820000,1747526399999,1227578098.31878000,2950197,227882.84550000,566013389.00904200,0,ETHUSDT,0.009999999999763531,538397.5456,6338614
2025-05-18,2475.09000000,2587.61000000,2323.21000000,2497.78000000,810103.18510000,1747612799999,2001441345.43429700,3416878,400896.36800000,990832542.38212900,0,ETHUSDT,0.009999999999763531,538396.4968,6338654
2025-05-19,2497.78000000,2547.36000000,2348.38000000,2528.14000000,861747.52300000,1747699199999,2109843607.57332400,4757453,431712.84650000,1057907975.58555100,0,ETHUSDT,0.009999999999763531,538393.3778,6338470
2025-05-20,2528.14000000,2588.63000000,2442.40000000,2524.19000000,676989.17470000,1747785599999,1703522806.13044900,3816684,338210.00920000,851893459.66911600,0,ETHUSDT,0.010000000000218279,538390.4058,6338369
2025-05-21,2524.19000000,2615.95000000,2452.20000000,2550.99000000,1095890.29020000,1747871999999,2780015740.83286100,5568312,550624.56040000,1397549396.34974400,0,ETHUSDT,0.010000000000218279,538392.8069,6338722
2025-05-22,2551.00000000,2692.99000000,2544.83000000,2664.82000000,852555.66690000,1747958399999,2246807632.74527100,5196535,448569.10980000,1182067855.83315600,0,ETHUSDT,0.010000000000218279,538394.0043,6338863
2025-05-23,2664.83000000,2734.23000000,2498.30000000,2526.50000000,971442.45320000,1748044799999,2537338702.61574200,5450420,473528.16840000,1237163443.75582900,0,ETHUSDT,0.009999999999763531,538399.4817,6339310
2025-05-24,2526.49000000,2575.85000000,2515.08000000,2530.40000000,257544.23440000,1748131199999,656038924.22051300,2090724,128007.86040000,326091787.48766700,0,ETHUSDT,0.009999999999763531,538400.1346,6338978
2025-05-25,2530.41000000,2554.26000000,2463.00000000,2551.22000000,359890.02990000,1748217599999,901956598.72487400,2556052,170482.18590000,427565947.98883700,0,ETHUSDT,0.009999999999763531,538384.7045,6338873
2025-05-26,2551.22000000,2599.00000000,2525.86000000,2563.70000000,362971.11820000,1748303999999,929347758.92452700,2374458,175269.05960000,448860267.78344500,0,ETHUSDT,0.010000000000218279,538300.4126,6338729
2025-05-27,2563.70000000,2712.36000000,2509.46000000,2660.81000000,798430.88620000,1748390399999,2101748442.52487300,4017588,412557.62560000,1085725214.20204400,0,ETHUSDT,0.010000000000218279,538123.5742,6338601
2025-05-28,2660.81000000,2689.14000000,2608.50000000,2681.60000000,560095.68330000,1748476799999,1480645502.35148400,3160462,273261.38310000,722627732.75787000,0,ETHUSDT,0.010000000000218279,538071.1835,6338231
2025-05-29,2681.61000000,2788.00000000,2619.05000000,2631.39000000,811567.25450000,1748563199999,2189640513.33957300,4254669,405459.37330000,1094147671.84856000,0,ETHUSDT,0.009999999999763531,538071.6261,6338280
2025-05-30,2631.39000000,2649.23000000,2507.35000000,2531.34000000,763045.25640000,1748649599999,1976177953.87944200,4624552,376566.67720000,975743608.33954700,0,ETHUSDT,0.010000000000218279,538042.7126,6338440
2025-05-31,2531.35000000,2550.34000000,2475.33000000,2528.06000000,394537.25210000,1748735999999,994330383.17050800,2792146,197180.28060000,497000872.32481100,0,ETHUSDT,0.010000000000218279,537853.3774,6338232
2025-06-01,2528.06000000,2547.79000000,2468.56000000,2539.21000000,332021.70880000,1748822399999,834842712.27754100,2210246,165557.31400000,416473007.50785100,0,ETHUSDT,0.010000000000218279,537855.0427,6338582
2025-06-02,2539.20000000,2615.00000000,2475.00000000,2607.41000000,468889.97370000,1748908799999,1184963591.47166600,3239230,232758.66580000,588585524.42812800,0,ETHUSDT,0.009999999999763531,537857.8349,6338436
2025-06-03,2607.42000000,2655.38000000,2575.00000000,2593.36000000,454383.04390000,1748995199999,1188862077.10082500,3098351,228172.36000000,597147462.45455600,0,ETHUSDT,0.009999999999763531,537724.3904,6337925
2025-06-04,2593.35000000,2679.88000000,2583.50000000,2607.68000000,502494.82140000,1749081599999,1321537606.68494800,2754319,260366.58980000,685080028.87730700,0,ETHUSDT,0.010000000000218279,537735.1213,6337840
2025-06-05,2607.68000000,2640.86000000,2391.66000000,2414.01000000,808938.03440000,1749167999999,2047572739.90118600,4181206,378086.69130000,958339246.46072700,0,ETHUSDT,0.009999999999763531,537734.6897,6337952
2025-06-06,2414.02000000,2531.36000000,2381.49000000,2476.10000000,578843.49740000,1749254399999,1428256037.77595400,3246760,290586.02100000,717257126.50203100,0,ETHUSDT,0.009999999999763531,537732.4437,6337801
2025-06-07,2476.10000000,2544.36000000,2457.00000000,2524.63000000,264787.67430000,1749340799999,662320802.30528400,1587509,135613.34190000,339037471.97769700,0,ETHUSDT,0.009999999999763531,537739.9688,6337692
2025-06-08,2524.64000000,2548.63000000,2490.58000000,2509.83000000,266474.71390000,1749427199999,670516749.05965500,1401175,135061.78730000,339794332.05044100,0,ETHUSDT,0.009999999999763531,537552.505,6337101
2025-06-09,2509.84000000,2693.99000000,2477.73000000,2680.13000000,568726.30250000,1749513599999,1458505754.33474000,2896758,303579.99580000,779517686.54985700,0,ETHUSDT,0.010000000000218279,537335.9896,6336374
2025-06-10,2680.13000000,2827.00000000,2655.61000000,2816.40000000,1138405.47750000,1749599999999,3115655145.47206800,5277581,605348.55600000,1656990975.32606900,0,ETHUSDT,0.010000000000218279,537336.2492,6336665
2025-06-11,2816.41000000,2879.22000000,2743.75000000,2771.61000000,850210.93240000,1749686399999,2388186204.97776600,4906906,410413.94130000,1153264237.42136600,0,ETHUSDT,0.010000000000218279,537398.8158,6336873
2025-06-12,2771.60000000,2784.83000000,2616.24000000,2642.65000000,699593.37570000,1749772799999,1905633561.09752800,4172997,343802.72940000,937069085.59915800,0,ETHUSDT,0.010000000000218279,537388.246,6336112
2025-06-13,2642.66000000,2645.45000000,2436.98000000,2579.19000000,1202176.29720000,1749859199999,3033896895.56215400,6026303,570084.13540000,1438866069.08929800,0,ETHUSDT,0.010000000000218279,537391.0758,6336135
2025-06-14,2579.19000000,2579.43000000,2488.72000000,2530.76000000,331438.92780000,1749945599999,838399986.46010700,1988958,155289.43720000,393033307.09492600,0,ETHUSDT,0.009999999999763531,537392.4012,6336206
2025-06-15,2530.77000000,2559.51000000,2492.00000000,2547.61000000,299701.66240000,1750031999999,758742736.76762300,1846489,153252.40730000,388090718.36371600,0,ETHUSDT,0.010000000000218279,537387.0444,6335842
2025-06-16,2547.62000000,2680.34000000,2514.85000000,2544.17000000,680429.98800000,1750118399999,1774646762.47170600,3434185,348962.33010000,910684719.14748000,0,ETHUSDT,0.010000000000218279,537314.0271,6335161
2025-06-17,2544.17000000,2618.60000000,2453.80000000,2509.95000000,715930.40810000,1750204799999,1815306987.09381600,4017130,359536.21040000,912037726.66547900,0,ETHUSDT,0.009999999999763531,537295.5394,6335289
2025-06-18,2509.95000000,2548.42000000,2465.78000000,2525.00000000,504532.18180000,1750291199999,1266177014.47092600,3243812,250381.79510000,628614334.11337600,0,ETHUSDT,0.009999999999763531,537289.4676,6335014
2025-06-19,2525.00000000,2546.91000000,2485.03000000,2521.12000000,252646.05900000,1750377599999,636251233.01039300,1667327,122131.81250000,307645921.48036200,0,ETHUSDT,0.010000000000218279,537249.1306,6334612
2025-06-20,2521.13000000,2569.00000000,2367.36000000,2406.49000000,632027.82350000,1750463999999,1559837109.18270900,3175602,283785.50710000,700887886.03660000,0,ETHUSDT,0.010000000000218279,537248.2764,6334565
2025-06-21,2406.49000000,2448.80000000,2216.00000000,2295.73000000,496783.86400000,1750550399999,1167664698.57864400,2825558,223536.01090000,525577801.09342200,0,ETHUSDT,0.010000000000218279,537247.1119,6334348
2025-06-22,2295.72000000,2314.48000000,2111.89000000,2227.70000000,840155.82950000,1750636799999,1865382440.30302800,5203723,410219.46060000,910717903.71948000,0,ETHUSDT,0.010000000000218279,537247.4754,6334398
2025-06-23,2227.70000000,2438.68000000,2188.00000000,2411.66000000,744583.80030000,1750723199999,1707539521.02711300,4477307,367124.34620000,842382247.36326600,0,ETHUSDT,0.010000000000218279,537249.6898,6333611
2025-06-24,2411.66000000,2482.04000000,2376.11000000,2448.45000000,516760.66210000,1750809599999,1252322606.09484200,3133356,255502.68020000,619378004.30776700,0,ETHUSDT,0.010000000000218279,537237.5165,6333676
2025-06-25,2448.46000000,2468.69000000,2389.69000000,2418.49000000,414894.73870000,1750895999999,1007574107.70643100,2776920,206517.99820000,501745009.71973900,0,ETHUSDT,0.010000000000218279,537220.7152,6333627
2025-06-26,2418.50000000,2520.92000000,2394.32000000,2415.96000000,463704.02610000,1750982399999,1138310757.58406500,2978926,234924.02150000,577384294.65855800,0,ETHUSDT,0.009999999999763531,537210.0275,6333809
2025-06-27,2415.96000000,2463.54000000,2382.53000000,2423.17000000,381474.76600000,1751068799999,927024811.54842000,2112477,163666.22800000,397737067.68862700,0,ETHUSDT,0.010000000000218279,537165.9769,6333290
2025-06-28,2423.17000000,2447.80000000,2405.81000000,2435.62000000,155814.98590000,1751155199999,378310903.94894800,855656,75110.01350000,182401886.24414200,0,ETHUSDT,0.010000000000218279,537155.8331,6332910
2025-06-29,2435.62000000,2525.00000000,2412.00000000,2500.09000000,284291.80570000,1751241599999,700329421.97683400,1370707,147274.80330000,363091989.66193300,0,ETHUSDT,0.009999999999763531,537201.7765,6333434
2025-06-30,2500.09000000,2524.30000000,2431.00000000,2485.47000000,440455.71400000,1751327999999,1093515997.92479700,2333352,224857.10160000,558417620.21776300,0,ETHUSDT,0.010000000000218279,537254.0854,6333567
2025-07-01,2485.47000000,2500.80000000,2386.52000000,2405.01000000,351951.08680000,1751414399999,858543228.33426400,1978858,158891.86220000,387699992.14510000,0,ETHUSDT,0.010000000000218279,537270.0147,6334252
2025-07-02,2405.01000000,2619.28000000,2373.00000000,2570.41000000,634967.03370000,1751500799999,1599878809.25388700,2717139,323198.02060000,814743086.67437700,0,ETHUSDT,0.010000000000218279,537279.3477,6334636
2025-07-03,2570.41000000,2635.50000000,2556.12000000,2591.25000000,504943.65920000,1751587199999,1308429372.97278500,2506227,261017.40600000,676592013.25971600,0,ETHUSDT,0.010000000000218279,537315.5562,6334894
2025-07-04,2591.26000000,2603.17000000,2474.24000000,2508.04000000,452593.02000000,1751673599999,1142275937.96820200,1980591,198158.55510000,500628761.72932700,0,ETHUSDT,0.010000000000218279,537339.7838,6334954
2025-07-05,2508.04000000,2529.81000000,2487.95000000,2516.41000000,157198.09580000,1751759999999,394906375.01776600,911950,79575.30020000,199902327.12592900,0,ETHUSDT,0.010000000000218279,537397.3152,6335212
2025-07-06,2516.42000000,2605.00000000,2503.50000000,2570.35000000,277593.63190000,1751846399999,707971625.07080200,1375995,138516.85220000,353423928.29889400,0,ETHUSDT,0.010000000000218279,537416.9731,6335470
2025-07-07,2570.35000000,2590.57000000,2512.00000000,2542.29000000,315707.52720000,1751932799999,805370144.47348500,1985043,155551.56780000,396828929.46014500,0,ETHUSDT,0.009999999999763531,537422.1186,6335640
2025-07-08,2542.30000000,2628.21000000,2523.59000000,2615.25000000,370915.73210000,1752019199999,957180096.78372700,1899797,193484.74210000,499495444.93014900,0,ETHUSDT,0.010000000000218279,537494.4813,6336224
2025-07-09,2615.25000000,2795.74000000,2589.78000000,2768.74000000,686119.37720000,1752105599999,1844561572.90659900,2997546,357355.99720000,961263657.53783400,0,ETHUSDT,0.010000000000218279,537526.9643,6336408
2025-07-10,2768.74000000,3000.00000000,2755.50000000,2951.29000000,951896.07000000,1752191999999,2707997922.26563800,4235042,489489.59430000,1391543272.39458800,0,ETHUSDT,0.010000000000218279,537617.9758,6336605
2025-07-11,2951.29000000,3040.15000000,2913.75000000,2958.22000000,906839.16890000,1752278399999,2704484897.47172300,4434934,446642.84720000,1332154807.31485500,0,ETHUSDT,0.010000000000218279,537624.6344,6336315
2025-07-12,2958.21000000,2979.78000000,2903.85000000,2943.28000000,348884.88770000,1752364799999,1027324169.83148200,1690700,169290.30630000,498560502.19128400,0,ETHUSDT,0.010000000000218279,537641.87,6336593
2025-07-13,2943.29000000,3020.31000000,2936.49000000,2972.03000000,357333.50160000,1752451199999,1063507989.97740500,1778200,181359.79350000,539737375.12212000,0,ETHUSDT,0.010000000000218279,537644.4975,6336964
2025-07-14,2972.03000000,3083.00000000,2962.81000000,3013.62000000,815552.64960000,1752537599999,2470137078.01798600,3706161,386886.22520000,1172067555.15050300,0,ETHUSDT,0.009999999999763531,537648.1852,6337044
2025-07-15,3013.61000000,3144.14000000,2932.46000000,3137.89000000,863583.73770000,1752623999999,2610352115.95314900,4317422,452826.40110000,1369794578.66173300,0,ETHUSDT,0.009999999999763531,537688.4133,6337687
2025-07-16,3137.90000000,3425.00000000,3101.00000000,3371.35000000,1135950.58310000,1752710399999,3699155067.26826700,4381562,586498.64290000,1907885299.31317400,0,ETHUSDT,0.010000000000218279,537732.2301,6338162
2025-07-17,3371.35000000,3523.44000000,3310.77000000,3476.87000000,974065.82640000,1752796799999,3331779733.25500400,5025581,483988.56920000,1656122659.30288300,0,ETHUSDT,0.010000000000218279,537736.1866,6338549
2025-07-18,3476.88000000,3673.84000000,3458.68000000,3546.92000000,1163823.39770000,1752883199999,4180688128.22182400,5566028,568849.47550000,2043472787.03476600,0,ETHUSDT,0.010000000000218279,537773.3376,6338944
2025-07-19,3546.92000000,3608.30000000,3506.79000000,3592.01000000,381791.92130000,1752969599999,1360031951.33707600,2217328,178344.00760000,635470858.67964600,0,ETHUSDT,0.010000000000218279,537775.0659,6339328
2025-07-20,3592.00000000,3824.56000000,3579.13000000,3756.69000000,852356.55330000,1753055999999,3170505338.40009500,3794627,443544.93130000,1649205513.37634200,0,ETHUSDT,0.010000000000218279,537782.6027,6340014
2025-07-21,3756.69000000,3860.00000000,3701.01000000,3762.33000000,812074.05340000,1753142399999,3070256408.91971600,4156350,385711.49860000,1458766820.89545400,0,ETHUSDT,0.009999999999763531,537822.8677,6340301
2025-07-22,3762.32000000,3798.65000000,3616.54000000,3746.21000000,870127.38640000,1753228799999,3216022611.72017900,4455526,418929.48080000,1548480285.71400700,0,ETHUSDT,0.010000000000218279,537848.8971,6340015
2025-07-23,3746.21000000,3764.20000000,3527.00000000,3628.29000000,800259.40250000,1753315199999,2907900644.92029500,3761894,369083.35370000,1341700552.41642800,0,ETHUSDT,0.009999999999763531,537856.6902,6340307
2025-07-24,3628.29000000,3771.00000000,3502.85000000,3706.94000000,749459.49500000,1753401599999,2743326751.98716900,3752613,372725.31770000,1364487144.84527900,0,ETHUSDT,0.010000000000218279,537853.9974,6340264
2025-07-25,3706.95000000,3747.00000000,3573.76000000,3724.96000000,764606.72610000,1753487999999,2799663682.73190600,4083119,370298.00700000,1356082362.39636800,0,ETHUSDT,0.009999999999763531,537872.3157,6340298
2025-07-26,3724.97000000,3793.00000000,3697.66000000,3741.10000000,407259.70240000,1753574399999,1525422085.06614500,1720495,204826.18170000,767464713.63339200,0,ETHUSDT,0.009999999999763531,537888.5178,6340332
2025-07-27,3741.11000000,3879.82000000,3731.00000000,3872.10000000,457352.46050000,1753660799999,1744992440.58552800,2299384,230309.32170000,878880700.37882600,0,ETHUSDT,0.009999999999763531,537890.159,6340387
2025-07-28,3872.11000000,3941.00000000,3754.00000000,3799.00000000,620994.74630000,1753747199999,2387363538.13591300,3161770,304037.60740000,1169796792.11698100,0,ETHUSDT,0.010000000000218279,537887.6676,6340105
2025-07-29,3799.00000000,3886.44000000,3716.04000000,3793.79000000,584210.43930000,1753833599999,2218694085.76780200,3121489,286292.45720000,1088086275.20196100,0,ETHUSDT,0.009999999999763531,537889.1988,6340127
2025-07-30,3793.79000000,3834.03000000,3677.65000000,3810.00000000,525424.90030000,1753919999999,1984744001.48840900,3128399,248999.44820000,941064351.69585500,0,ETHUSDT,0.010000000000218279,537928.9497,6340846
2025-07-31,3810.00000000,3878.67000000,3684.33000000,3698.39000000,516088.45030000,1754006399999,1961880275.40254700,2754480,245555.22930000,934297246.77798700,0,ETHUSDT,0.009999999999763531,537941.7461,6341059
2025-08-01,3698.39000000,3724.02000000,3431.75000000,3488.20000000,783869.15170000,1754092799999,2826423714.23782200,5288678,361738.00530000,1304785660.60106200,0,ETHUSDT,0.009999999999763531,537942.8479,6341120
2025-08-02,3488.21000000,3537.69000000,3368.29000000,3393.94000000,494195.70940000,1754179199999,1709705648.16293100,3703627,231776.95140000,802069751.33339800,0,ETHUSDT,0.009999999999763531,537947.2585,6341299
2025-08-03,3393.94000000,3521.79000000,3354.28000000,3496.74000000,296347.67580000,1754265599999,1026636932.33361000,2428479,156807.23000000,543358817.94711300,0,ETHUSDT,0.010000000000218279,537962.8211,6341784
2025-08-04,3496.75000000,3736.73000000,3490.73000000,3720.99000000,463349.98610000,1754351999999,1677819313.33299800,3316870,241318.70640000,873258522.31127600,0,ETHUSDT,0.009999999999763531,537973.5358,6341948
2025-08-05,3720.99000000,3722.24000000,3546.00000000,3612.00000000,489070.95890000,1754438399999,1772309727.64044400,3721006,230213.28320000,834391670.47438700,0,ETHUSDT,0.010000000000218279,537962.6757,6342232
2025-08-06,3612.01000000,3698.60000000,3564.19000000,3683.31000000,365309.92050000,1754524799999,1326203496.30214000,2912356,186459.27770000,677091112.59610900,0,ETHUSDT,0.010000000000218279,537959.197,6342305
2025-08-07,3683.31000000,3927.77000000,3647.63000000,3910.31000000,631678.98720000,1754611199999,2402252971.43174100,3495451,344602.94900000,1310682080.45414000,0,ETHUSDT,0.010000000000218279,538162.5774,6342904
2025-08-08,3910.30000000,4071.00000000,3880.00000000,4009.50000000,723300.01090000,1754697599999,2868715363.88936900,4175115,389637.01660000,1545604109.31350800,0,ETHUSDT,0.010000000000218279,538181.1584,6343218
2025-08-09,4009.51000000,4326.20000000,4006.63000000,4260.62000000,691932.10480000,1754783999999,2897074775.14015900,3932997,354396.80920000,1482946335.17285800,0,ETHUSDT,0.010000000000218279,538165.619,6343168
2025-08-10,4260.63000000,4332.60000000,4153.07000000,4250.57000000,494843.81050000,1754870399999,2091948332.58911400,3319102,235841.29630000,997589724.68665500,0,ETHUSDT,0.010000000000218279,538153.191,6343062
2025-08-11,4250.58000000,4366.46000000,4166.77000000,4223.22000000,722664.04000000,1754956799999,3089081112.55487400,5162548,360218.29540000,1540350244.42061200,0,ETHUSDT,0.010000000000218279,538153.8196,6342999
2025-08-12,4223.22000000,4639.70000000,4219.04000000,4590.52000000,885288.06520000,1755043199999,3918279210.05392900,5104868,460721.25810000,2038703612.77851900,0,ETHUSDT,0.010000000000218279,538154.0202,6342963
2025-08-13,4590.52000000,4783.85000000,4564.33000000,4749.30000000,925931.49880000,1755129599999,4334944436.91063500,5293034,476639.19460000,2232173733.89773400,0,ETHUSDT,0.010000000000218279,538157.0294,6343116
2025-08-14,4749.31000000,4788.00000000,4451.33000000,4546.84000000,1265449.04530000,1755215999999,5853669749.16580800,6488264,610793.14930000,2824145240.89079600,0,ETHUSDT,0.009999999999763531,538337.0254,6343287
2025-08-15,4546.84000000,4672.67000000,4368.00000000,4439.47000000,880409.25910000,1755302399999,3978902618.05877900,5091385,431967.53780000,1953497546.87203900,0,ETHUSDT,0.010000000000218279,538299.4148,6342442
2025-08-16,4439.47000000,4490.42000000,4372.54000000,4421.99000000,358676.58840000,1755388799999,1587545552.64488400,2446573,172182.48140000,762345533.80651400,0,ETHUSDT,0.010000000000218279,538296.3493,6342880
2025-08-17,4422.00000000,4576.00000000,4393.98000000,4472.33000000,442461.38290000,1755475199999,1990037593.51367000,2844829,216791.68460000,975401417.63345400,0,ETHUSDT,0.009999999999763531,538269.2618,6342255
2025-08-18,4472.34000000,4481.88000000,4225.86000000,4312.99000000,823188.12690000,1755561599999,3561988639.06488000,4938429,406762.54810000,1759665776.66057900,0,ETHUSDT,0.009999999999763531,538262.9762,6341979
2025-08-19,4312.99000000,4355.00000000,4067.34000000,4075.59000000,831222.79510000,1755647999999,3499853674.63769500,4828050,398237.73890000,1679727808.42840300,0,ETHUSDT,0.010000000000218279,538264.1078,6342068
2025-08-20,4075.58000000,4378.00000000,4060.00000000,4336.16000000,728324.89330000,1755734399999,3077553918.18234000,4768196,377599.43360000,1596144868.67702200,0,ETHUSDT,0.009999999999763531,538268.3754,6341875
2025-08-21,4336.16000000,4340.26000000,4204.20000000,4225.30000000,433836.39920000,1755820799999,1854414176.52944700,4202357,215637.33520000,922109670.92633600,0,ETHUSDT,0.010000000000218279,538227.1141,6341901
2025-08-22,4225.30000000,4887.59000000,4207.39000000,4832.07000000,1277976.63526000,1755907199999,5850514269.29654200,6440351,685989.38976000,3139499789.41466900,0,ETHUSDT,0.009999999999763531,538236.5309,6342052
2025-08-23,4832.07000000,4832.07000000,4659.70000000,4778.40000000,512442.08880000,1755993599999,2428561923.41783700,3011610,247002.37200000,1170650191.93899900,0,ETHUSDT,0.010000000000218279,538239.8833,6342068
2025-08-24,4778.40000000,4956.78000000,4711.00000000,4780.15000000,780668.77842000,1756079999999,3755014998.44670220,4316811,393654.81102000,1894436117.27078820,0,ETHUSDT,0.010000000000218279,538222.2148,6341820
2025-08-25,4780.15000000,4797.97000000,4334.13000000,4376.18000000,1043917.16590000,1756166399999,4769033242.72804400,6296796,466034.81590000,2129931225.53078700,0,ETHUSDT,0.010000000000218279,538209.1588,6341706
2025-08-26,4376.17000000,4633.46000000,4311.04000000,4600.63000000,834750.27670000,1756252799999,3739773474.02150600,5640502,401376.30870000,1798486042.55364600,0,ETHUSDT,0.010000000000218279,538306.0123,6342008
2025-08-27,4600.63000000,4663.93000000,4481.53000000,4506.71000000,606669.36110000,1756339199999,2784659238.30170100,3920404,307736.90980000,1412983486.96609100,0,ETHUSDT,0.010000000000218279,538305.3227,6341900
2025-08-28,4506.71000000,4633.97000000,4430.00000000,4511.21000000,485243.40270000,1756425599999,2202472276.64976000,3236156,230509.09270000,1046782923.35748600,0,ETHUSDT,0.010000000000218279,538303.2647,6341572
2025-08-29,4511.20000000,4516.75000000,4265.00000000,4360.18000000,679063.87770000,1756511999999,2969120530.27437700,4406428,324223.36290000,1417503064.20564000,0,ETHUSDT,0.009999999999763531,538319.4102,6341923
2025-08-30,4360.18000000,4415.61000000,4257.20000000,4373.70000000,340319.18260000,1756598399999,1483613909.74936700,2086140,180789.98800000,788720330.98407400,0,ETHUSDT,0.009999999999763531,538281.2697,6341759
2025-08-31,4373.70000000,4498.47000000,4372.63000000,4391.83000000,356586.18610000,1756684799999,1588952837.43226100,2221987,183775.31640000,819127243.58221000,0,ETHUSDT,0.010000000000218279,538280.9025,6341878
2025-09-01,4391.83000000,4491.84000000,4210.61000000,4314.50000000,513830.03950000,1756771199999,2244610986.86617000,4011776,246147.26540000,1075592499.53480800,0,ETHUSDT,0.010000000000218279,538280.2425,6341852
2025-09-02,4314.50000000,4416.78000000,4257.85000000,4326.50000000,524605.05120000,1756857599999,2275752549.70453100,4161006,262315.12980000,1138093049.51054500,0,ETHUSDT,0.010000000000218279,538269.3673,6341522
2025-09-03,4326.49000000,4490.64000000,4283.23000000,4450.46000000,487091.68610000,1756943999999,2146232316.54618200,3491341,260805.13180000,1150952058.93142000,0,ETHUSDT,0.009999999999763531,538272.4594,6341726
2025-09-04,4450.46000000,4482.05000000,4265.33000000,4297.55000000,471795.70960000,1757030399999,2061920365.30679200,4087637,223178.84790000,975391239.95549400,0,ETHUSDT,0.009999999999763531,538266.9071,6341443
2025-09-05,4297.56000000,4490.00000000,4256.03000000,4307.45000000,624169.87540000,1757116799999,2722930703.94995800,4751518,312428.23520000,1364013868.12025600,0,ETHUSDT,0.009999999999763531,538260.0033,6341739
2025-09-06,4307.46000000,4329.30000000,4236.00000000,4273.14000000,191166.06860000,1757203199999,819243725.21230000,1711937,90318.68330000,387096202.23554800,0,ETHUSDT,0.009999999999763531,538248.2326,6341115
2025-09-07,4273.15000000,4336.02000000,4270.81000000,4306.19000000,169620.83720000,1757289599999,729149678.76054200,1450115,88389.91040000,379994466.14712400,0,ETHUSDT,0.009999999999763531,538234.9552,6341303
2025-09-08,4306.19000000,4384.06000000,4279.00000000,4306.37000000,372882.43550000,1757375999999,1611402674.92485900,2889398,185577.50780000,801973160.93579000,0,ETHUSDT,0.010000000000218279,538229.7613,6341203
2025-09-09,4306.36000000,4381.87000000,4276.76000000,4310.09000000,405485.78210000,1757462399999,1751903233.45533400,3068397,197329.24000000,852710674.59124100,0,ETHUSDT,0.010000000000218279,538186.3296,6341121
2025-09-10,4310.08000000,4453.57000000,4285.10000000,4349.32000000,506633.90980000,1757548799999,2207912091.68550800,3221192,275693.69070000,1201067542.57710800,0,ETHUSDT,0.009999999999763531,538167.1368,6340608
2025-09-11,4349.33000000,4481.09000000,4338.82000000,4458.82000000,441259.66490000,1757635199999,1949893256.33512800,3446340,233524.38820000,1032162722.67410200,0,ETHUSDT,0.010000000000218279,538169.3556,6340595
2025-09-12,4458.83000000,4748.40000000,4450.71000000,4712.16000000,510777.54020000,1757721599999,2337299050.09869100,3859691,260127.44640000,1190623320.12000300,0,ETHUSDT,0.010000000000218279,538170.8167,6340612
2025-09-13,4712.16000000,4769.36000000,4605.00000000,4666.53000000,394393.68690000,1757807999999,1850836179.98348300,2711137,194348.83880000,912698240.49633600,0,ETHUSDT,0.009999999999763531,537976.0451,6340616
2025-09-14,4666.54000000,4692.36000000,4576.89000000,4604.49000000,278244.32050000,1757894399999,1287527692.94641300,2561665,119825.80780000,554538161.06943200,0,ETHUSDT,0.010000000000218279,537985.5654,6340825
2025-09-15,4604.48000000,4670.28000000,4466.00000000,4523.74000000,412291.96870000,1757980799999,1874781946.01509900,3889905,203592.76640000,925893860.09543000,0,ETHUSDT,0.010000000000218279,537995.9714,6340662
2025-09-16,4523.74000000,4538.25000000,4424.00000000,4501.29000000,293307.10990000,1758067199999,1315498731.65000400,2967454,149843.52550000,671943724.59703600,0,ETHUSDT,0.010000000000218279,538137.9534,6341371
2025-09-17,4501.30000000,4616.77000000,4412.00000000,4590.53000000,476981.45610000,1758153599999,2149457762.91381600,3859374,239986.82670000,1081954417.39073700,0,ETHUSDT,0.010000000000218279,538068.5118,6341173
2025-09-18,4590.54000000,4644.47000000,4553.70000000,4587.66000000,290660.37700000,1758239999999,1336761563.70499600,2922079,146325.17890000,673188179.99693500,0,ETHUSDT,0.010000000000218279,538057.9404,6340925
2025-09-19,4587.66000000,4620.72000000,4435.70000000,4468.59000000,331611.14820000,1758326399999,1495953132.09977300,2302227,143873.06950000,649024828.89489300,0,ETHUSDT,0.010000000000218279,538058.5881,6340861
2025-09-20,4468.59000000,4508.71000000,4454.45000000,4480.42000000,130781.91300000,1758412799999,585813348.77492400,1094083,65379.03970000,292888970.60094300,0,ETHUSDT,0.009999999999763531,538053.5882,6340864
2025-09-21,4480.41000000,4498.16000000,4443.00000000,4444.97000000,149349.82620000,1758499199999,668077573.11298600,1098813,74558.80410000,333524523.78404600,0,ETHUSDT,0.009999999999763531,538046.6735,6341074
2025-09-22,4444.98000000,4455.76000000,4077.00000000,4199.08000000,708243.23480000,1758585599999,2991392446.13075600,4143966,343579.01760000,1450404524.23435500,0,ETHUSDT,0.010000000000218279,538053.9568,6341083
2025-09-23,4199.09000000,4229.03000000,4114.39000000,4164.26000000,315227.90570000,1758671999999,1318382529.12791200,3449275,157024.33390000,656858840.05195700,0,ETHUSDT,0.009999999999763531,538071.0553,6341360
2025-09-24,4164.25000000,4206.90000000,4073.74000000,4152.81000000,353665.56710000,1758758399999,1472276097.66792100,3119658,166727.33670000,694041084.40574500,0,ETHUSDT,0.009999999999763531,538072.9841,6341346
2025-09-25,4152.81000000,4161.04000000,3815.00000000,3874.36000000,930327.69510000,1758844799999,3702962412.91711400,7611345,441393.55430000,1756048962.79527500,0,ETHUSDT,0.010000000000218279,538070.5384,6341043
2025-09-26,3874.35000000,4068.30000000,3867.65000000,4032.24000000,575711.08590000,1758931199999,2275867014.04683600,5466636,307750.34570000,1216442944.06247000,0,ETHUSDT,0.010000000000218279,538072.6229,6340934
2025-09-27,4032.24000000,4039.01000000,3972.98000000,4018.38000000,172693.26380000,1759017599999,692281857.20758200,1940113,79817.40350000,320025622.51354700,0,ETHUSDT,0.010000000000218279,538069.2798,6340787
2025-09-28,4018.39000000,4144.88000000,3966.00000000,4142.16000000,240331.85890000,1759103999999,972239151.62757900,2500609,140010.73230000,566880552.49907500,0,ETHUSDT,0.010000000000218279,538092.9889,6340856
2025-09-29,4142.16000000,4235.86000000,4082.25000000,4215.07000000,380728.67840000,1759190399999,1580732256.80118700,3612246,199061.71470000,826365235.84284700,0,ETHUSDT,0.010000000000218279,538087.4068,6340724
2025-09-30,4215.07000000,4245.00000000,4092.10000000,4145.15000000,391126.61720000,1759276799999,1625808124.64346200,4118784,181458.99580000,754666917.72757400,0,ETHUSDT,0.010000000000218279,538083.355,6340364
2025-10-01,4145.15000000,4355.46000000,4123.08000000,4348.03000000,507026.38220000,1759363199999,2165739972.37104500,4138481,247673.98910000,1059254829.12700800,0,ETHUSDT,0.010000000000218279,538083.5536,6340447
2025-10-02,4348.03000000,4516.74000000,4332.73000000,4484.35000000,526411.15710000,1759449599999,2322911121.29364600,4441183,270113.99700000,1192562119.64942100,0,ETHUSDT,0.009999999999763531,538075.554,6340050
2025-10-03,4484.35000000,4591.59000000,4428.00000000,4512.87000000,485684.02670000,1759535999999,2184423024.58254500,5149648,234630.14990000,1055644644.39433500,0,ETHUSDT,0.009999999999763531,538078.9977,6340179
2025-10-04,4512.88000000,4517.93000000,4440.00000000,4487.15000000,199732.70880000,1759622399999,895195711.88107900,2252261,90161.81790000,404217765.19663300,0,ETHUSDT,0.009999999999763531,538079.9716,6340284
2025-10-05,4487.16000000,4618.17000000,4467.05000000,4514.32000000,506587.96140000,1759708799999,2305062852.19154900,3791095,265246.90610000,1206877173.08105500,0,ETHUSDT,0.010000000000218279,538107.4941,6340384
2025-10-06,4514.32000000,4735.93000000,4488.25000000,4684.01000000,456200.65280000,1759795199999,2107882753.61472900,4677655,235462.94880000,1087700705.07508600,0,ETHUSDT,0.010000000000218279,538109.3186,6340498
2025-10-07,4684.02000000,4755.00000000,4430.43000000,4447.70000000,640685.93190000,1759881599999,2946435862.40083800,6028668,308407.60860000,1419710155.47706900,0,ETHUSDT,0.009999999999763531,538104.5482,6340171
2025-10-08,4447.70000000,4558.00000000,4410.08000000,4525.72000000,399904.32870000,1759967999999,1791815622.63574500,4771608,205585.76950000,921332896.43583500,0,ETHUSDT,0.009999999999763531,538119.414,6340440
2025-10-09,4525.72000000,4531.52000000,4265.06000000,4368.09000000,515978.18290000,1760054399999,2257574038.66859000,5181361,242773.63840000,1060847514.33513800,0,ETHUSDT,0.009999999999763531,538120.0819,6340443
2025-10-10,4368.09000000,4393.63000000,3435.00000000,3829.72000000,1493971.02440000,1760140799999,5954598988.69031500,12594514,680600.68970000,2723566227.17254300,0,ETHUSDT,0.009999999999763531,538112.3188,6340348
2025-10-11,3829.72000000,3878.30000000,3643.33000000,3746.79000000,789885.65820000,1760227199999,2994511140.40929900,8794145,362107.59010000,1373206442.87708000,0,ETHUSDT,0.010000000000218279,538099.033,6340254
2025-10-12,3746.80000000,4197.70000000,3694.74000000,4152.29000000,811308.15200000,1760313599999,3213401552.27495600,8286691,406500.54870000,1607458765.92029500,0,ETHUSDT,0.010000000000218279,538075.4911,6339932
2025-10-13,4152.29000000,4292.00000000,4042.29000000,4240.85000000,622813.92470000,1760399999999,2590697041.47960500,8321249,302948.00940000,1261092410.08250900,0,ETHUSDT,0.010000000000218279,538063.9986,6339866
2025-10-14,4240.86000000,4263.38000000,3888.74000000,4125.02000000,962996.76580000,1760486399999,3894019260.94604300,10714712,500346.68170000,2021620281.20795500,0,ETHUSDT,0.010000000000218279,538066.4599,6339918
2025-10-15,4125.01000000,4217.60000000,3926.74000000,3985.61000000,626081.69660000,1760572799999,2543782117.97325700,7421801,313175.53890000,1273392874.00212100,0,ETHUSDT,0.010000000000218279,538058.955,6339579
2025-10-16,3985.61000000,4086.49000000,3826.04000000,3894.51000000,643804.61630000,1760659199999,2552218455.01881900,8451902,319663.42660000,1268557283.41115900,0,ETHUSDT,0.010000000000218279,538070.6876,6339712
2025-10-17,3894.50000000,3950.45000000,3674.50000000,3831.57000000,830127.08850000,1760745599999,3147006926.52111000,9412569,421727.04450000,1597875952.21762300,0,ETHUSDT,0.009999999999763531,538074.3081,6339635
2025-10-18,3831.58000000,3927.73000000,3819.07000000,3889.21000000,250710.61210000,1760831999999,971616631.64294300,3174247,123527.72800000,478841122.02979000,0,ETHUSDT,0.009999999999763531,538073.574,6339697
2025-10-19,3889.20000000,4030.94000000,3827.04000000,3982.58000000,408538.25450000,1760918399999,1609546719.15419900,4377250,210770.82900000,830019862.21592500,0,ETHUSDT,0.009999999999763531,538068.1319,6339654
2025-10-20,3982.58000000,4085.30000000,3908.73000000,3979.22000000,511382.33010000,1761004799999,2049366257.29489900,5803391,237126.18510000,950802301.27770800,0,ETHUSDT,0.009999999999763531,538067.0366,6339434
2025-10-21,3979.22000000,4110.00000000,3840.24000000,3873.05000000,590594.13820000,1761091199999,2335723187.67724700,7015049,279785.50530000,1107257090.99576300,0,ETHUSDT,0.009999999999763531,538069.2493,6339513
2025-10-22,3873.04000000,3889.27000000,3710.00000000,3805.53000000,593130.09050000,1761177599999,2268706650.10990400,6834244,263582.81730000,1008334927.99178000,0,ETHUSDT,0.009999999999763531,538059.9481,6338925
2025-10-23,3805.53000000,3934.86000000,3796.54000000,3856.80000000,477231.01810000,1761263999999,1842438997.00686600,4206428,210507.97390000,813180072.00693300,0,ETHUSDT,0.009999999999763531,538080.4059,6338910
2025-10-24,3856.80000000,4026.39000000,3845.86000000,3934.88000000,425926.93830000,1761350399999,1676037250.10021400,4291705,217754.83750000,857155216.56115900,0,ETHUSDT,0.009999999999763531,538060.7458,6339203
2025-10-25,3934.88000000,3969.22000000,3912.40000000,3953.82000000,138526.33380000,1761436799999,545722019.67597500,1476147,67667.27930000,266617187.89066100,0,ETHUSDT,0.009999999999763531,538060.9411,6339280
2025-10-26,3953.81000000,4178.78000000,3919.03000000,4158.46000000,344698.09180000,1761523199999,1396836816.69346500,3249487,173720.18560000,703491084.26207500,0,ETHUSDT,0.009999999999763531,538060.0924,6339294
2025-10-27,4158.46000000,4253.72000000,4095.00000000,4120.15000000,487131.22910000,1761609599999,2035684992.60360700,5081784,248999.97290000,1040497593.80026500,0,ETHUSDT,0.010000000000218279,538070.0055,6339703
2025-10-28,4120.16000000,4175.55000000,3931.33000000,3979.20000000,472965.83770000,1761695999999,1926589295.49168200,5061999,222962.15790000,908763052.71704800,0,ETHUSDT,0.010000000000218279,538105.8918,6340192
2025-10-29,3979.19000000,4036.66000000,3840.37000000,3902.99000000,486452.31270000,1761782399999,1925328091.83401800,5571627,230694.78000000,913403769.32460800,0,ETHUSDT,0.010000000000218279,538106.4349,6340423
2025-10-30,3903.00000000,3948.74000000,3680.00000000,3805.09000000,531455.99230000,1761868799999,2028708564.22221200,6906431,253157.68280000,966915641.09658000,0,ETHUSDT,0.010000000000218279,538116.9567,6340448
2025-10-31,3804.95000000,3906.09000000,3796.36000000,3847.99000000,478636.29950000,1761955199999,1843471240.95085800,5000695,263997.83610000,1017255899.85976600,0,ETHUSDT,0.009999999999763531,538106.2558,6340764
2025-11-01,3848.00000000,3909.39000000,3831.00000000,3873.77000000,152998.16260000,1762041599999,592459458.76156700,1840903,75638.86120000,292912520.17027500,0,ETHUSDT,0.010000000000218279,538085.41,6340833
